"question_id","task","method","verdict","expected","j1"
"0","Distribution Compliance Test","Kendall Correlation Coefficient","NOT_APPLICABLE","NOT_APPLICABLE","correct"
"0","Distribution Compliance Test","Partial Correlation Coefficient","NOT_APPLICABLE","NOT_APPLICABLE","correct"
"0","Distribution Compliance Test","Anderson-Darling Test","NOT_APPLICABLE","APPLICABLE","wrong"
"0","Distribution Compliance Test","Kolmogorov-Smirnov Test for Normality","NOT_APPLICABLE","APPLICABLE","wrong"
"0","Distribution Compliance Test","Lilliefors Test","NOT_APPLICABLE","APPLICABLE","wrong"
"0","Distribution Compliance Test","Shapiro-Wilk Test of Normality","NOT_APPLICABLE","NOT_APPLICABLE","correct"
"0","Distribution Compliance Test","Spearman Correlation Coefficient","NOT_APPLICABLE","NOT_APPLICABLE","correct"
"0","Distribution Compliance Test","Pearson Correlation Coefficient","NOT_APPLICABLE","NOT_APPLICABLE","correct"
"0","Distribution Compliance Test","Kolmogorov-Smirnov Test for Uniform distribution","NOT_APPLICABLE","NOT_APPLICABLE","correct"
"0","Distribution Compliance Test","Kolmogorov-Smirnov Test","NOT_APPLICABLE","NOT_APPLICABLE","correct"
"0","Distribution Compliance Test","Kolmogorov-Smirnov Test for Gamma distribution","NOT_APPLICABLE","NOT_APPLICABLE","correct"
"0","Distribution Compliance Test","Chi-square Independence Test","NOT_APPLICABLE","NOT_APPLICABLE","correct"
"0","Distribution Compliance Test","Kolmogorov-Smirnov Test for Exponential distribution","NOT_APPLICABLE","NOT_APPLICABLE","correct"
"0","Distribution Compliance Test","Fisher Exact Test","NOT_APPLICABLE","NOT_APPLICABLE","correct"
"0","Distribution Compliance Test","Mean","NOT_APPLICABLE","NOT_APPLICABLE","correct"
"0","Distribution Compliance Test","Mantel-Haenszel Test","NOT_APPLICABLE","NOT_APPLICABLE","correct"
"0","Distribution Compliance Test","Range","NOT_APPLICABLE","NOT_APPLICABLE","correct"
"0","Distribution Compliance Test","Median","NOT_APPLICABLE","NOT_APPLICABLE","correct"
"0","Distribution Compliance Test","Mode","NOT_APPLICABLE","NOT_APPLICABLE","correct"
"0","Distribution Compliance Test","Standard Deviation","NOT_APPLICABLE","NOT_APPLICABLE","correct"
"0","Distribution Compliance Test","Quartile","NOT_APPLICABLE","NOT_APPLICABLE","correct"
"0","Distribution Compliance Test","Skewness","NOT_APPLICABLE","NOT_APPLICABLE","correct"
"0","Distribution Compliance Test","Kurtosis","NOT_APPLICABLE","NOT_APPLICABLE","correct"
"0","Distribution Compliance Test","Mood Variance Test","NOT_APPLICABLE","NOT_APPLICABLE","correct"
"0","Distribution Compliance Test","Bartlett Test","NOT_APPLICABLE","NOT_APPLICABLE","correct"
"0","Distribution Compliance Test","Levene Test","NOT_APPLICABLE","NOT_APPLICABLE","correct"
"0","Distribution Compliance Test","F-Test for Variance","NOT_APPLICABLE","NOT_APPLICABLE","correct"
"1","Variance Test","Pearson Correlation Coefficient","NOT_APPLICABLE","NOT_APPLICABLE","correct"
"1","Variance Test","Kendall Correlation Coefficient","NOT_APPLICABLE","NOT_APPLICABLE","correct"
"1","Variance Test","Partial Correlation Coefficient","NOT_APPLICABLE","NOT_APPLICABLE","correct"
"1","Variance Test","Spearman Correlation Coefficient","APPLICABLE","NOT_APPLICABLE","wrong"
"1","Variance Test","Anderson-Darling Test","NOT_APPLICABLE","NOT_APPLICABLE","correct"
"1","Variance Test","Shapiro-Wilk Test of Normality","NOT_APPLICABLE","NOT_APPLICABLE","correct"
"1","Variance Test","Kolmogorov-Smirnov Test for Normality","NOT_APPLICABLE","NOT_APPLICABLE","correct"
"1","Variance Test","Lilliefors Test","NOT_APPLICABLE","NOT_APPLICABLE","correct"
"1","Variance Test","Kolmogorov-Smirnov Test for Uniform distribution","NOT_APPLICABLE","NOT_APPLICABLE","correct"
"1","Variance Test","Kolmogorov-Smirnov Test","NOT_APPLICABLE","NOT_APPLICABLE","correct"
"1","Variance Test","Chi-square Independence Test","NOT_APPLICABLE","NOT_APPLICABLE","correct"
"1","Variance Test","Kolmogorov-Smirnov Test for Exponential distribution","NOT_APPLICABLE","NOT_APPLICABLE","correct"
"1","Variance Test","Kolmogorov-Smirnov Test for Gamma distribution","NOT_APPLICABLE","NOT_APPLICABLE","correct"
"1","Variance Test","Fisher Exact Test","NOT_APPLICABLE","NOT_APPLICABLE","correct"
"1","Variance Test","Mantel-Haenszel Test","NOT_APPLICABLE","NOT_APPLICABLE","correct"
"1","Variance Test","Mean","NOT_APPLICABLE","NOT_APPLICABLE","correct"
"1","Variance Test","Median","NOT_APPLICABLE","NOT_APPLICABLE","correct"
"1","Variance Test","Mode","NOT_APPLICABLE","NOT_APPLICABLE","correct"
"1","Variance Test","Range","NOT_APPLICABLE","NOT_APPLICABLE","correct"
"1","Variance Test","Quartile","NOT_APPLICABLE","NOT_APPLICABLE","correct"
"1","Variance Test","Standard Deviation","NOT_APPLICABLE","NOT_APPLICABLE","correct"
"1","Variance Test","Skewness","NOT_APPLICABLE","NOT_APPLICABLE","correct"
"1","Variance Test","Mood Variance Test","NOT_APPLICABLE","APPLICABLE","wrong"
"1","Variance Test","Kurtosis","NOT_APPLICABLE","NOT_APPLICABLE","correct"
"1","Variance Test","Levene Test","APPLICABLE","APPLICABLE","correct"
"1","Variance Test","F-Test for Variance","NOT_APPLICABLE","NOT_APPLICABLE","correct"
"1","Variance Test","Bartlett Test","NOT_APPLICABLE","NOT_APPLICABLE","correct"
"2","Distribution Compliance Test","Pearson Correlation Coefficient","NOT_APPLICABLE","NOT_APPLICABLE","correct"
"2","Distribution Compliance Test","Anderson-Darling Test","APPLICABLE","APPLICABLE","correct"
"2","Distribution Compliance Test","Kendall Correlation Coefficient","NOT_APPLICABLE","NOT_APPLICABLE","correct"
"2","Distribution Compliance Test","Partial Correlation Coefficient","NOT_APPLICABLE","NOT_APPLICABLE","correct"
"2","Distribution Compliance Test","Spearman Correlation Coefficient","NOT_APPLICABLE","NOT_APPLICABLE","correct"
"2","Distribution Compliance Test","Shapiro-Wilk Test of Normality","NOT_APPLICABLE","NOT_APPLICABLE","correct"
"2","Distribution Compliance Test","Kolmogorov-Smirnov Test for Normality","APPLICABLE","APPLICABLE","correct"
"2","Distribution Compliance Test","Lilliefors Test","APPLICABLE","APPLICABLE","correct"
"2","Distribution Compliance Test","Kolmogorov-Smirnov Test","APPLICABLE","NOT_APPLICABLE","wrong"
"2","Distribution Compliance Test","Kolmogorov-Smirnov Test for Uniform distribution","NOT_APPLICABLE","NOT_APPLICABLE","correct"
"2","Distribution Compliance Test","Kolmogorov-Smirnov Test for Gamma distribution","NOT_APPLICABLE","NOT_APPLICABLE","correct"
"2","Distribution Compliance Test","Kolmogorov-Smirnov Test for Exponential distribution","NOT_APPLICABLE","NOT_APPLICABLE","correct"
"2","Distribution Compliance Test","Chi-square Independence Test","NOT_APPLICABLE","NOT_APPLICABLE","correct"
"2","Distribution Compliance Test","Mean","NOT_APPLICABLE","NOT_APPLICABLE","correct"
"2","Distribution Compliance Test","Mantel-Haenszel Test","NOT_APPLICABLE","NOT_APPLICABLE","correct"
"2","Distribution Compliance Test","Median","NOT_APPLICABLE","NOT_APPLICABLE","correct"
"2","Distribution Compliance Test","Mode","NOT_APPLICABLE","NOT_APPLICABLE","correct"
"2","Distribution Compliance Test","Range","NOT_APPLICABLE","NOT_APPLICABLE","correct"
"2","Distribution Compliance Test","Fisher Exact Test","NOT_APPLICABLE","NOT_APPLICABLE","correct"
"2","Distribution Compliance Test","Quartile","NOT_APPLICABLE","NOT_APPLICABLE","correct"
"2","Distribution Compliance Test","Standard Deviation","NOT_APPLICABLE","NOT_APPLICABLE","correct"
"2","Distribution Compliance Test","Skewness","APPLICABLE","NOT_APPLICABLE","wrong"
"2","Distribution Compliance Test","Mood Variance Test","NOT_APPLICABLE","NOT_APPLICABLE","correct"
"2","Distribution Compliance Test","Kurtosis","NOT_APPLICABLE","NOT_APPLICABLE","correct"
"2","Distribution Compliance Test","Levene Test","NOT_APPLICABLE","NOT_APPLICABLE","correct"
"2","Distribution Compliance Test","Bartlett Test","NOT_APPLICABLE","NOT_APPLICABLE","correct"
"2","Distribution Compliance Test","F-Test for Variance","NOT_APPLICABLE","NOT_APPLICABLE","correct"
"3","Distribution Compliance Test","Pearson Correlation Coefficient","NOT_APPLICABLE","NOT_APPLICABLE","correct"
"3","Distribution Compliance Test","Spearman Correlation Coefficient","APPLICABLE","NOT_APPLICABLE","wrong"
"3","Distribution Compliance Test","Kendall Correlation Coefficient","NOT_APPLICABLE","NOT_APPLICABLE","correct"
"3","Distribution Compliance Test","Anderson-Darling Test","NOT_APPLICABLE","APPLICABLE","wrong"
"3","Distribution Compliance Test","Partial Correlation Coefficient","NOT_APPLICABLE","NOT_APPLICABLE","correct"
"3","Distribution Compliance Test","Kolmogorov-Smirnov Test for Normality","NOT_APPLICABLE","APPLICABLE","wrong"
"3","Distribution Compliance Test","Shapiro-Wilk Test of Normality","NOT_APPLICABLE","NOT_APPLICABLE","correct"
"3","Distribution Compliance Test","Lilliefors Test","NOT_APPLICABLE","APPLICABLE","wrong"
"3","Distribution Compliance Test","Kolmogorov-Smirnov Test for Uniform distribution","NOT_APPLICABLE","NOT_APPLICABLE","correct"
"3","Distribution Compliance Test","Kolmogorov-Smirnov Test","NOT_APPLICABLE","NOT_APPLICABLE","correct"
"3","Distribution Compliance Test","Chi-square Independence Test","NOT_APPLICABLE","NOT_APPLICABLE","correct"
"3","Distribution Compliance Test","Kolmogorov-Smirnov Test for Exponential distribution","NOT_APPLICABLE","NOT_APPLICABLE","correct"
"3","Distribution Compliance Test","Fisher Exact Test","NOT_APPLICABLE","NOT_APPLICABLE","correct"
"3","Distribution Compliance Test","Median","APPLICABLE","NOT_APPLICABLE","wrong"
"3","Distribution Compliance Test","Mantel-Haenszel Test","NOT_APPLICABLE","NOT_APPLICABLE","correct"
"3","Distribution Compliance Test","Mean","NOT_APPLICABLE","NOT_APPLICABLE","correct"
"3","Distribution Compliance Test","Range","NOT_APPLICABLE","NOT_APPLICABLE","correct"
"3","Distribution Compliance Test","Quartile","NOT_APPLICABLE","NOT_APPLICABLE","correct"
"3","Distribution Compliance Test","Mode","NOT_APPLICABLE","NOT_APPLICABLE","correct"
"3","Distribution Compliance Test","Standard Deviation","NOT_APPLICABLE","NOT_APPLICABLE","correct"
"3","Distribution Compliance Test","Skewness","NOT_APPLICABLE","NOT_APPLICABLE","correct"
"3","Distribution Compliance Test","Kurtosis","NOT_APPLICABLE","NOT_APPLICABLE","correct"
"3","Distribution Compliance Test","Mood Variance Test","NOT_APPLICABLE","NOT_APPLICABLE","correct"
"3","Distribution Compliance Test","Bartlett Test","NOT_APPLICABLE","NOT_APPLICABLE","correct"
"3","Distribution Compliance Test","F-Test for Variance","NOT_APPLICABLE","NOT_APPLICABLE","correct"
"3","Distribution Compliance Test","Kolmogorov-Smirnov Test for Gamma distribution","NOT_APPLICABLE","NOT_APPLICABLE","correct"
"3","Distribution Compliance Test","Levene Test","NOT_APPLICABLE","NOT_APPLICABLE","correct"
"4","Distribution Compliance Test","Pearson Correlation Coefficient","NOT_APPLICABLE","NOT_APPLICABLE","correct"
"4","Distribution Compliance Test","Kendall Correlation Coefficient","NOT_APPLICABLE","NOT_APPLICABLE","correct"
"4","Distribution Compliance Test","Spearman Correlation Coefficient","APPLICABLE","NOT_APPLICABLE","wrong"
"4","Distribution Compliance Test","Anderson-Darling Test","NOT_APPLICABLE","APPLICABLE","wrong"
"4","Distribution Compliance Test","Shapiro-Wilk Test of Normality","NOT_APPLICABLE","NOT_APPLICABLE","correct"
"4","Distribution Compliance Test","Partial Correlation Coefficient","NOT_APPLICABLE","NOT_APPLICABLE","correct"
"4","Distribution Compliance Test","Kolmogorov-Smirnov Test for Normality","NOT_APPLICABLE","APPLICABLE","wrong"
"4","Distribution Compliance Test","Lilliefors Test","NOT_APPLICABLE","APPLICABLE","wrong"
"4","Distribution Compliance Test","Kolmogorov-Smirnov Test for Uniform distribution","NOT_APPLICABLE","NOT_APPLICABLE","correct"
"4","Distribution Compliance Test","Kolmogorov-Smirnov Test for Exponential distribution","NOT_APPLICABLE","NOT_APPLICABLE","correct"
"4","Distribution Compliance Test","Kolmogorov-Smirnov Test","NOT_APPLICABLE","NOT_APPLICABLE","correct"
"4","Distribution Compliance Test","Chi-square Independence Test","NOT_APPLICABLE","NOT_APPLICABLE","correct"
"4","Distribution Compliance Test","Kolmogorov-Smirnov Test for Gamma distribution","NOT_APPLICABLE","NOT_APPLICABLE","correct"
"4","Distribution Compliance Test","Mean","NOT_APPLICABLE","NOT_APPLICABLE","correct"
"4","Distribution Compliance Test","Fisher Exact Test","NOT_APPLICABLE","NOT_APPLICABLE","correct"
"4","Distribution Compliance Test","Mantel-Haenszel Test","NOT_APPLICABLE","NOT_APPLICABLE","correct"
"4","Distribution Compliance Test","Median","APPLICABLE","NOT_APPLICABLE","wrong"
"4","Distribution Compliance Test","Mode","NOT_APPLICABLE","NOT_APPLICABLE","correct"
"4","Distribution Compliance Test","Range","NOT_APPLICABLE","NOT_APPLICABLE","correct"
"4","Distribution Compliance Test","Quartile","NOT_APPLICABLE","NOT_APPLICABLE","correct"
"4","Distribution Compliance Test","Skewness","NOT_APPLICABLE","NOT_APPLICABLE","correct"
"4","Distribution Compliance Test","Levene Test","NOT_APPLICABLE","NOT_APPLICABLE","correct"
"4","Distribution Compliance Test","Standard Deviation","NOT_APPLICABLE","NOT_APPLICABLE","correct"
"4","Distribution Compliance Test","Bartlett Test","NOT_APPLICABLE","NOT_APPLICABLE","correct"
"4","Distribution Compliance Test","Kurtosis","NOT_APPLICABLE","NOT_APPLICABLE","correct"
"4","Distribution Compliance Test","Mood Variance Test","NOT_APPLICABLE","NOT_APPLICABLE","correct"
"4","Distribution Compliance Test","F-Test for Variance","NOT_APPLICABLE","NOT_APPLICABLE","correct"
"5","Variance Test","Spearman Correlation Coefficient","APPLICABLE","NOT_APPLICABLE","wrong"
"5","Variance Test","Pearson Correlation Coefficient","NOT_APPLICABLE","NOT_APPLICABLE","correct"
"5","Variance Test","Partial Correlation Coefficient","NOT_APPLICABLE","NOT_APPLICABLE","correct"
"5","Variance Test","Kendall Correlation Coefficient","NOT_APPLICABLE","NOT_APPLICABLE","correct"
"5","Variance Test","Anderson-Darling Test","NOT_APPLICABLE","NOT_APPLICABLE","correct"
"5","Variance Test","Kolmogorov-Smirnov Test for Normality","NOT_APPLICABLE","NOT_APPLICABLE","correct"
"5","Variance Test","Shapiro-Wilk Test of Normality","NOT_APPLICABLE","NOT_APPLICABLE","correct"
"5","Variance Test","Lilliefors Test","NOT_APPLICABLE","NOT_APPLICABLE","correct"
"5","Variance Test","Kolmogorov-Smirnov Test","NOT_APPLICABLE","NOT_APPLICABLE","correct"
"5","Variance Test","Kolmogorov-Smirnov Test for Gamma distribution","NOT_APPLICABLE","NOT_APPLICABLE","correct"
"5","Variance Test","Chi-square Independence Test","NOT_APPLICABLE","NOT_APPLICABLE","correct"
"5","Variance Test","Kolmogorov-Smirnov Test for Exponential distribution","NOT_APPLICABLE","NOT_APPLICABLE","correct"
"5","Variance Test","Fisher Exact Test","NOT_APPLICABLE","NOT_APPLICABLE","correct"
"5","Variance Test","Mean","NOT_APPLICABLE","NOT_APPLICABLE","correct"
"5","Variance Test","Kolmogorov-Smirnov Test for Uniform distribution","NOT_APPLICABLE","NOT_APPLICABLE","correct"
"5","Variance Test","Mantel-Haenszel Test","NOT_APPLICABLE","NOT_APPLICABLE","correct"
"5","Variance Test","Range","NOT_APPLICABLE","NOT_APPLICABLE","correct"
"5","Variance Test","Quartile","NOT_APPLICABLE","NOT_APPLICABLE","correct"
"5","Variance Test","Mode","NOT_APPLICABLE","NOT_APPLICABLE","correct"
"5","Variance Test","Standard Deviation","NOT_APPLICABLE","NOT_APPLICABLE","correct"
"5","Variance Test","Median","NOT_APPLICABLE","NOT_APPLICABLE","correct"
"5","Variance Test","Kurtosis","NOT_APPLICABLE","NOT_APPLICABLE","correct"
"5","Variance Test","Skewness","NOT_APPLICABLE","NOT_APPLICABLE","correct"
"5","Variance Test","Levene Test","NOT_APPLICABLE","APPLICABLE","wrong"
"5","Variance Test","Bartlett Test","NOT_APPLICABLE","NOT_APPLICABLE","correct"
"6","Distribution Compliance Test","Pearson Correlation Coefficient","NOT_APPLICABLE","NOT_APPLICABLE","correct"
"5","Variance Test","Mood Variance Test","NOT_APPLICABLE","APPLICABLE","wrong"
"5","Variance Test","F-Test for Variance","NOT_APPLICABLE","NOT_APPLICABLE","correct"
"6","Distribution Compliance Test","Spearman Correlation Coefficient","APPLICABLE","NOT_APPLICABLE","wrong"
"6","Distribution Compliance Test","Partial Correlation Coefficient","NOT_APPLICABLE","NOT_APPLICABLE","correct"
"6","Distribution Compliance Test","Anderson-Darling Test","NOT_APPLICABLE","APPLICABLE","wrong"
"6","Distribution Compliance Test","Kendall Correlation Coefficient","APPLICABLE","NOT_APPLICABLE","wrong"
"6","Distribution Compliance Test","Shapiro-Wilk Test of Normality","NOT_APPLICABLE","NOT_APPLICABLE","correct"
"6","Distribution Compliance Test","Kolmogorov-Smirnov Test for Uniform distribution","NOT_APPLICABLE","NOT_APPLICABLE","correct"
"6","Distribution Compliance Test","Kolmogorov-Smirnov Test for Normality","NOT_APPLICABLE","APPLICABLE","wrong"
"6","Distribution Compliance Test","Kolmogorov-Smirnov Test","NOT_APPLICABLE","NOT_APPLICABLE","correct"
"6","Distribution Compliance Test","Lilliefors Test","NOT_APPLICABLE","APPLICABLE","wrong"
"6","Distribution Compliance Test","Chi-square Independence Test","NOT_APPLICABLE","NOT_APPLICABLE","correct"
"6","Distribution Compliance Test","Kolmogorov-Smirnov Test for Gamma distribution","NOT_APPLICABLE","NOT_APPLICABLE","correct"
"6","Distribution Compliance Test","Kolmogorov-Smirnov Test for Exponential distribution","NOT_APPLICABLE","NOT_APPLICABLE","correct"
"6","Distribution Compliance Test","Fisher Exact Test","NOT_APPLICABLE","NOT_APPLICABLE","correct"
"6","Distribution Compliance Test","Mean","NOT_APPLICABLE","NOT_APPLICABLE","correct"
"6","Distribution Compliance Test","Range","NOT_APPLICABLE","NOT_APPLICABLE","correct"
"6","Distribution Compliance Test","Median","APPLICABLE","NOT_APPLICABLE","wrong"
"6","Distribution Compliance Test","Mode","NOT_APPLICABLE","NOT_APPLICABLE","correct"
"6","Distribution Compliance Test","Quartile","APPLICABLE","NOT_APPLICABLE","wrong"
"6","Distribution Compliance Test","Standard Deviation","NOT_APPLICABLE","NOT_APPLICABLE","correct"
"6","Distribution Compliance Test","Mantel-Haenszel Test","NOT_APPLICABLE","NOT_APPLICABLE","correct"
"6","Distribution Compliance Test","Kurtosis","NOT_APPLICABLE","NOT_APPLICABLE","correct"
"6","Distribution Compliance Test","Skewness","APPLICABLE","NOT_APPLICABLE","wrong"
"6","Distribution Compliance Test","Mood Variance Test","NOT_APPLICABLE","NOT_APPLICABLE","correct"
"6","Distribution Compliance Test","Bartlett Test","NOT_APPLICABLE","NOT_APPLICABLE","correct"
"6","Distribution Compliance Test","F-Test for Variance","NOT_APPLICABLE","NOT_APPLICABLE","correct"
"6","Distribution Compliance Test","Levene Test","NOT_APPLICABLE","NOT_APPLICABLE","correct"
"7","Variance Test","Kendall Correlation Coefficient","NOT_APPLICABLE","NOT_APPLICABLE","correct"
"7","Variance Test","Spearman Correlation Coefficient","NOT_APPLICABLE","NOT_APPLICABLE","correct"
"7","Variance Test","Anderson-Darling Test","NOT_APPLICABLE","NOT_APPLICABLE","correct"
"7","Variance Test","Partial Correlation Coefficient","NOT_APPLICABLE","NOT_APPLICABLE","correct"
"7","Variance Test","Pearson Correlation Coefficient","NOT_APPLICABLE","NOT_APPLICABLE","correct"
"7","Variance Test","Lilliefors Test","NOT_APPLICABLE","NOT_APPLICABLE","correct"
"7","Variance Test","Kolmogorov-Smirnov Test","NOT_APPLICABLE","NOT_APPLICABLE","correct"
"7","Variance Test","Shapiro-Wilk Test of Normality","NOT_APPLICABLE","NOT_APPLICABLE","correct"
"7","Variance Test","Kolmogorov-Smirnov Test for Normality","NOT_APPLICABLE","NOT_APPLICABLE","correct"
"7","Variance Test","Kolmogorov-Smirnov Test for Uniform distribution","NOT_APPLICABLE","NOT_APPLICABLE","correct"
"7","Variance Test","Chi-square Independence Test","NOT_APPLICABLE","NOT_APPLICABLE","correct"
"7","Variance Test","Kolmogorov-Smirnov Test for Gamma distribution","NOT_APPLICABLE","NOT_APPLICABLE","correct"
"7","Variance Test","Mantel-Haenszel Test","NOT_APPLICABLE","NOT_APPLICABLE","correct"
"7","Variance Test","Fisher Exact Test","NOT_APPLICABLE","NOT_APPLICABLE","correct"
"7","Variance Test","Kolmogorov-Smirnov Test for Exponential distribution","NOT_APPLICABLE","NOT_APPLICABLE","correct"
"7","Variance Test","Mean","NOT_APPLICABLE","NOT_APPLICABLE","correct"
"7","Variance Test","Median","NOT_APPLICABLE","NOT_APPLICABLE","correct"
"7","Variance Test","Range","NOT_APPLICABLE","NOT_APPLICABLE","correct"
"7","Variance Test","Mode","NOT_APPLICABLE","NOT_APPLICABLE","correct"
"7","Variance Test","Quartile","NOT_APPLICABLE","NOT_APPLICABLE","correct"
"7","Variance Test","Standard Deviation","NOT_APPLICABLE","NOT_APPLICABLE","correct"
"7","Variance Test","Kurtosis","NOT_APPLICABLE","NOT_APPLICABLE","correct"
"7","Variance Test","Levene Test","APPLICABLE","APPLICABLE","correct"
"7","Variance Test","Mood Variance Test","NOT_APPLICABLE","APPLICABLE","wrong"
"7","Variance Test","Bartlett Test","NOT_APPLICABLE","NOT_APPLICABLE","correct"
"7","Variance Test","Skewness","NOT_APPLICABLE","NOT_APPLICABLE","correct"
"7","Variance Test","F-Test for Variance","NOT_APPLICABLE","NOT_APPLICABLE","correct"
"8","Distribution Compliance Test","Spearman Correlation Coefficient","APPLICABLE","NOT_APPLICABLE","wrong"
"8","Distribution Compliance Test","Pearson Correlation Coefficient","NOT_APPLICABLE","NOT_APPLICABLE","correct"
"8","Distribution Compliance Test","Kendall Correlation Coefficient","NOT_APPLICABLE","NOT_APPLICABLE","correct"
"8","Distribution Compliance Test","Partial Correlation Coefficient","NOT_APPLICABLE","NOT_APPLICABLE","correct"
"8","Distribution Compliance Test","Anderson-Darling Test","NOT_APPLICABLE","NOT_APPLICABLE","correct"
"8","Distribution Compliance Test","Shapiro-Wilk Test of Normality","NOT_APPLICABLE","NOT_APPLICABLE","correct"
"8","Distribution Compliance Test","Kolmogorov-Smirnov Test for Normality","NOT_APPLICABLE","NOT_APPLICABLE","correct"
"8","Distribution Compliance Test","Lilliefors Test","NOT_APPLICABLE","NOT_APPLICABLE","correct"
"8","Distribution Compliance Test","Kolmogorov-Smirnov Test for Uniform distribution","NOT_APPLICABLE","NOT_APPLICABLE","correct"
"8","Distribution Compliance Test","Kolmogorov-Smirnov Test","NOT_APPLICABLE","APPLICABLE","wrong"
"8","Distribution Compliance Test","Kolmogorov-Smirnov Test for Gamma distribution","NOT_APPLICABLE","NOT_APPLICABLE","correct"
"8","Distribution Compliance Test","Kolmogorov-Smirnov Test for Exponential distribution","NOT_APPLICABLE","NOT_APPLICABLE","correct"
"8","Distribution Compliance Test","Chi-square Independence Test","NOT_APPLICABLE","NOT_APPLICABLE","correct"
"8","Distribution Compliance Test","Fisher Exact Test","NOT_APPLICABLE","NOT_APPLICABLE","correct"
"8","Distribution Compliance Test","Mantel-Haenszel Test","NOT_APPLICABLE","NOT_APPLICABLE","correct"
"8","Distribution Compliance Test","Median","NOT_APPLICABLE","NOT_APPLICABLE","correct"
"8","Distribution Compliance Test","Mean","NOT_APPLICABLE","NOT_APPLICABLE","correct"
"8","Distribution Compliance Test","Range","NOT_APPLICABLE","NOT_APPLICABLE","correct"
"8","Distribution Compliance Test","Mode","NOT_APPLICABLE","NOT_APPLICABLE","correct"
"8","Distribution Compliance Test","Quartile","NOT_APPLICABLE","NOT_APPLICABLE","correct"
"8","Distribution Compliance Test","Standard Deviation","NOT_APPLICABLE","NOT_APPLICABLE","correct"
"8","Distribution Compliance Test","Skewness","NOT_APPLICABLE","NOT_APPLICABLE","correct"
"8","Distribution Compliance Test","Bartlett Test","NOT_APPLICABLE","NOT_APPLICABLE","correct"
"8","Distribution Compliance Test","Kurtosis","NOT_APPLICABLE","NOT_APPLICABLE","correct"
"8","Distribution Compliance Test","Levene Test","NOT_APPLICABLE","NOT_APPLICABLE","correct"
"8","Distribution Compliance Test","Mood Variance Test","NOT_APPLICABLE","NOT_APPLICABLE","correct"
"8","Distribution Compliance Test","F-Test for Variance","NOT_APPLICABLE","NOT_APPLICABLE","correct"
"9","Distribution Compliance Test","Spearman Correlation Coefficient","NOT_APPLICABLE","NOT_APPLICABLE","correct"
"9","Distribution Compliance Test","Pearson Correlation Coefficient","NOT_APPLICABLE","NOT_APPLICABLE","correct"
"9","Distribution Compliance Test","Kendall Correlation Coefficient","NOT_APPLICABLE","NOT_APPLICABLE","correct"
"9","Distribution Compliance Test","Anderson-Darling Test","NOT_APPLICABLE","APPLICABLE","wrong"
"9","Distribution Compliance Test","Shapiro-Wilk Test of Normality","NOT_APPLICABLE","NOT_APPLICABLE","correct"
"9","Distribution Compliance Test","Partial Correlation Coefficient","NOT_APPLICABLE","NOT_APPLICABLE","correct"
"9","Distribution Compliance Test","Lilliefors Test","NOT_APPLICABLE","APPLICABLE","wrong"
"9","Distribution Compliance Test","Kolmogorov-Smirnov Test for Normality","NOT_APPLICABLE","APPLICABLE","wrong"
"9","Distribution Compliance Test","Kolmogorov-Smirnov Test","NOT_APPLICABLE","NOT_APPLICABLE","correct"
"9","Distribution Compliance Test","Kolmogorov-Smirnov Test for Uniform distribution","NOT_APPLICABLE","NOT_APPLICABLE","correct"
"9","Distribution Compliance Test","Chi-square Independence Test","NOT_APPLICABLE","NOT_APPLICABLE","correct"
"9","Distribution Compliance Test","Kolmogorov-Smirnov Test for Gamma distribution","NOT_APPLICABLE","NOT_APPLICABLE","correct"
"9","Distribution Compliance Test","Kolmogorov-Smirnov Test for Exponential distribution","NOT_APPLICABLE","NOT_APPLICABLE","correct"
"9","Distribution Compliance Test","Mean","NOT_APPLICABLE","NOT_APPLICABLE","correct"
"9","Distribution Compliance Test","Mode","NOT_APPLICABLE","NOT_APPLICABLE","correct"
"9","Distribution Compliance Test","Median","APPLICABLE","NOT_APPLICABLE","wrong"
"9","Distribution Compliance Test","Fisher Exact Test","NOT_APPLICABLE","NOT_APPLICABLE","correct"
"9","Distribution Compliance Test","Range","NOT_APPLICABLE","NOT_APPLICABLE","correct"
"9","Distribution Compliance Test","Quartile","NOT_APPLICABLE","NOT_APPLICABLE","correct"
"9","Distribution Compliance Test","Mantel-Haenszel Test","NOT_APPLICABLE","NOT_APPLICABLE","correct"
"9","Distribution Compliance Test","Skewness","NOT_APPLICABLE","NOT_APPLICABLE","correct"
"9","Distribution Compliance Test","Kurtosis","NOT_APPLICABLE","NOT_APPLICABLE","correct"
"9","Distribution Compliance Test","Standard Deviation","NOT_APPLICABLE","NOT_APPLICABLE","correct"
"9","Distribution Compliance Test","Bartlett Test","NOT_APPLICABLE","NOT_APPLICABLE","correct"
"9","Distribution Compliance Test","Mood Variance Test","NOT_APPLICABLE","NOT_APPLICABLE","correct"
"9","Distribution Compliance Test","Levene Test","NOT_APPLICABLE","NOT_APPLICABLE","correct"
"10","Variance Test","Spearman Correlation Coefficient","APPLICABLE","NOT_APPLICABLE","wrong"
"9","Distribution Compliance Test","F-Test for Variance","NOT_APPLICABLE","NOT_APPLICABLE","correct"
"10","Variance Test","Pearson Correlation Coefficient","NOT_APPLICABLE","NOT_APPLICABLE","correct"
"10","Variance Test","Partial Correlation Coefficient","NOT_APPLICABLE","NOT_APPLICABLE","correct"
"10","Variance Test","Anderson-Darling Test","NOT_APPLICABLE","NOT_APPLICABLE","correct"
"10","Variance Test","Kendall Correlation Coefficient","APPLICABLE","NOT_APPLICABLE","wrong"
"10","Variance Test","Kolmogorov-Smirnov Test for Normality","NOT_APPLICABLE","NOT_APPLICABLE","correct"
"10","Variance Test","Shapiro-Wilk Test of Normality","NOT_APPLICABLE","NOT_APPLICABLE","correct"
"10","Variance Test","Lilliefors Test","NOT_APPLICABLE","NOT_APPLICABLE","correct"
"10","Variance Test","Kolmogorov-Smirnov Test","NOT_APPLICABLE","NOT_APPLICABLE","correct"
"10","Variance Test","Chi-square Independence Test","NOT_APPLICABLE","NOT_APPLICABLE","correct"
"10","Variance Test","Kolmogorov-Smirnov Test for Uniform distribution","NOT_APPLICABLE","NOT_APPLICABLE","correct"
"10","Variance Test","Kolmogorov-Smirnov Test for Exponential distribution","NOT_APPLICABLE","NOT_APPLICABLE","correct"
"10","Variance Test","Fisher Exact Test","NOT_APPLICABLE","NOT_APPLICABLE","correct"
"10","Variance Test","Kolmogorov-Smirnov Test for Gamma distribution","NOT_APPLICABLE","NOT_APPLICABLE","correct"
"10","Variance Test","Median","NOT_APPLICABLE","NOT_APPLICABLE","correct"
"10","Variance Test","Mean","NOT_APPLICABLE","NOT_APPLICABLE","correct"
"10","Variance Test","Mantel-Haenszel Test","NOT_APPLICABLE","NOT_APPLICABLE","correct"
"10","Variance Test","Mode","NOT_APPLICABLE","NOT_APPLICABLE","correct"
"10","Variance Test","Standard Deviation","APPLICABLE","NOT_APPLICABLE","wrong"
"10","Variance Test","Range","NOT_APPLICABLE","NOT_APPLICABLE","correct"
"10","Variance Test","Quartile","NOT_APPLICABLE","NOT_APPLICABLE","correct"
"10","Variance Test","Skewness","NOT_APPLICABLE","NOT_APPLICABLE","correct"
"10","Variance Test","Kurtosis","NOT_APPLICABLE","NOT_APPLICABLE","correct"
"10","Variance Test","Levene Test","APPLICABLE","APPLICABLE","correct"
"10","Variance Test","Bartlett Test","NOT_APPLICABLE","NOT_APPLICABLE","correct"
"10","Variance Test","F-Test for Variance","NOT_APPLICABLE","NOT_APPLICABLE","correct"
"10","Variance Test","Mood Variance Test","NOT_APPLICABLE","APPLICABLE","wrong"
"11","Distribution Compliance Test","Pearson Correlation Coefficient","NOT_APPLICABLE","NOT_APPLICABLE","correct"
"11","Distribution Compliance Test","Kendall Correlation Coefficient","NOT_APPLICABLE","NOT_APPLICABLE","correct"
"11","Distribution Compliance Test","Spearman Correlation Coefficient","NOT_APPLICABLE","NOT_APPLICABLE","correct"
"11","Distribution Compliance Test","Anderson-Darling Test","NOT_APPLICABLE","APPLICABLE","wrong"
"11","Distribution Compliance Test","Partial Correlation Coefficient","NOT_APPLICABLE","NOT_APPLICABLE","correct"
"11","Distribution Compliance Test","Lilliefors Test","NOT_APPLICABLE","APPLICABLE","wrong"
"11","Distribution Compliance Test","Kolmogorov-Smirnov Test","APPLICABLE","NOT_APPLICABLE","wrong"
"11","Distribution Compliance Test","Kolmogorov-Smirnov Test for Normality","NOT_APPLICABLE","APPLICABLE","wrong"
"11","Distribution Compliance Test","Shapiro-Wilk Test of Normality","NOT_APPLICABLE","NOT_APPLICABLE","correct"
"11","Distribution Compliance Test","Chi-square Independence Test","NOT_APPLICABLE","NOT_APPLICABLE","correct"
"11","Distribution Compliance Test","Kolmogorov-Smirnov Test for Uniform distribution","NOT_APPLICABLE","NOT_APPLICABLE","correct"
"11","Distribution Compliance Test","Kolmogorov-Smirnov Test for Exponential distribution","NOT_APPLICABLE","NOT_APPLICABLE","correct"
"11","Distribution Compliance Test","Kolmogorov-Smirnov Test for Gamma distribution","NOT_APPLICABLE","NOT_APPLICABLE","correct"
"11","Distribution Compliance Test","Fisher Exact Test","NOT_APPLICABLE","NOT_APPLICABLE","correct"
"11","Distribution Compliance Test","Mean","NOT_APPLICABLE","NOT_APPLICABLE","correct"
"11","Distribution Compliance Test","Median","APPLICABLE","NOT_APPLICABLE","wrong"
"11","Distribution Compliance Test","Mode","NOT_APPLICABLE","NOT_APPLICABLE","correct"
"11","Distribution Compliance Test","Range","NOT_APPLICABLE","NOT_APPLICABLE","correct"
"11","Distribution Compliance Test","Quartile","NOT_APPLICABLE","NOT_APPLICABLE","correct"
"11","Distribution Compliance Test","Standard Deviation","NOT_APPLICABLE","NOT_APPLICABLE","correct"
"11","Distribution Compliance Test","Mantel-Haenszel Test","NOT_APPLICABLE","NOT_APPLICABLE","correct"
"11","Distribution Compliance Test","Skewness","NOT_APPLICABLE","NOT_APPLICABLE","correct"
"11","Distribution Compliance Test","Kurtosis","NOT_APPLICABLE","NOT_APPLICABLE","correct"
"11","Distribution Compliance Test","Mood Variance Test","NOT_APPLICABLE","NOT_APPLICABLE","correct"
"11","Distribution Compliance Test","Bartlett Test","NOT_APPLICABLE","NOT_APPLICABLE","correct"
"12","Distribution Compliance Test","Spearman Correlation Coefficient","NOT_APPLICABLE","NOT_APPLICABLE","correct"
"12","Distribution Compliance Test","Kendall Correlation Coefficient","NOT_APPLICABLE","NOT_APPLICABLE","correct"
"12","Distribution Compliance Test","Pearson Correlation Coefficient","NOT_APPLICABLE","NOT_APPLICABLE","correct"
"11","Distribution Compliance Test","F-Test for Variance","NOT_APPLICABLE","NOT_APPLICABLE","correct"
"11","Distribution Compliance Test","Levene Test","NOT_APPLICABLE","NOT_APPLICABLE","correct"
"12","Distribution Compliance Test","Anderson-Darling Test","APPLICABLE","APPLICABLE","correct"
"12","Distribution Compliance Test","Shapiro-Wilk Test of Normality","APPLICABLE","NOT_APPLICABLE","wrong"
"12","Distribution Compliance Test","Lilliefors Test","APPLICABLE","APPLICABLE","correct"
"12","Distribution Compliance Test","Kolmogorov-Smirnov Test for Normality","APPLICABLE","APPLICABLE","correct"
"12","Distribution Compliance Test","Partial Correlation Coefficient","NOT_APPLICABLE","NOT_APPLICABLE","correct"
"12","Distribution Compliance Test","Kolmogorov-Smirnov Test for Uniform distribution","NOT_APPLICABLE","NOT_APPLICABLE","correct"
"12","Distribution Compliance Test","Kolmogorov-Smirnov Test for Exponential distribution","NOT_APPLICABLE","NOT_APPLICABLE","correct"
"12","Distribution Compliance Test","Kolmogorov-Smirnov Test","APPLICABLE","NOT_APPLICABLE","wrong"
"12","Distribution Compliance Test","Kolmogorov-Smirnov Test for Gamma distribution","NOT_APPLICABLE","NOT_APPLICABLE","correct"
"12","Distribution Compliance Test","Fisher Exact Test","NOT_APPLICABLE","NOT_APPLICABLE","correct"
"12","Distribution Compliance Test","Chi-square Independence Test","NOT_APPLICABLE","NOT_APPLICABLE","correct"
"12","Distribution Compliance Test","Median","NOT_APPLICABLE","NOT_APPLICABLE","correct"
"12","Distribution Compliance Test","Mean","NOT_APPLICABLE","NOT_APPLICABLE","correct"
"12","Distribution Compliance Test","Mantel-Haenszel Test","NOT_APPLICABLE","NOT_APPLICABLE","correct"
"12","Distribution Compliance Test","Mode","NOT_APPLICABLE","NOT_APPLICABLE","correct"
"12","Distribution Compliance Test","Quartile","NOT_APPLICABLE","NOT_APPLICABLE","correct"
"12","Distribution Compliance Test","Range","NOT_APPLICABLE","NOT_APPLICABLE","correct"
"12","Distribution Compliance Test","Standard Deviation","NOT_APPLICABLE","NOT_APPLICABLE","correct"
"12","Distribution Compliance Test","Skewness","APPLICABLE","NOT_APPLICABLE","wrong"
"12","Distribution Compliance Test","Bartlett Test","NOT_APPLICABLE","NOT_APPLICABLE","correct"
"12","Distribution Compliance Test","Mood Variance Test","NOT_APPLICABLE","NOT_APPLICABLE","correct"
"12","Distribution Compliance Test","Kurtosis","NOT_APPLICABLE","NOT_APPLICABLE","correct"
"12","Distribution Compliance Test","Levene Test","NOT_APPLICABLE","NOT_APPLICABLE","correct"
"12","Distribution Compliance Test","F-Test for Variance","NOT_APPLICABLE","NOT_APPLICABLE","correct"
"13","Contingency Table Test","Pearson Correlation Coefficient","NOT_APPLICABLE","NOT_APPLICABLE","correct"
"13","Contingency Table Test","Partial Correlation Coefficient","NOT_APPLICABLE","NOT_APPLICABLE","correct"
"13","Contingency Table Test","Spearman Correlation Coefficient","NOT_APPLICABLE","NOT_APPLICABLE","correct"
"13","Contingency Table Test","Anderson-Darling Test","NOT_APPLICABLE","NOT_APPLICABLE","correct"
"13","Contingency Table Test","Kendall Correlation Coefficient","NOT_APPLICABLE","NOT_APPLICABLE","correct"
"13","Contingency Table Test","Shapiro-Wilk Test of Normality","NOT_APPLICABLE","NOT_APPLICABLE","correct"
"13","Contingency Table Test","Kolmogorov-Smirnov Test for Normality","NOT_APPLICABLE","NOT_APPLICABLE","correct"
"13","Contingency Table Test","Lilliefors Test","NOT_APPLICABLE","NOT_APPLICABLE","correct"
"13","Contingency Table Test","Kolmogorov-Smirnov Test","NOT_APPLICABLE","NOT_APPLICABLE","correct"
"13","Contingency Table Test","Kolmogorov-Smirnov Test for Uniform distribution","NOT_APPLICABLE","NOT_APPLICABLE","correct"
"13","Contingency Table Test","Kolmogorov-Smirnov Test for Gamma distribution","NOT_APPLICABLE","NOT_APPLICABLE","correct"
"13","Contingency Table Test","Kolmogorov-Smirnov Test for Exponential distribution","NOT_APPLICABLE","NOT_APPLICABLE","correct"
"13","Contingency Table Test","Fisher Exact Test","NOT_APPLICABLE","APPLICABLE","wrong"
"13","Contingency Table Test","Chi-square Independence Test","APPLICABLE","APPLICABLE","correct"
"13","Contingency Table Test","Mean","NOT_APPLICABLE","NOT_APPLICABLE","correct"
"13","Contingency Table Test","Median","NOT_APPLICABLE","NOT_APPLICABLE","correct"
"13","Contingency Table Test","Mode","NOT_APPLICABLE","NOT_APPLICABLE","correct"
"13","Contingency Table Test","Range","NOT_APPLICABLE","NOT_APPLICABLE","correct"
"13","Contingency Table Test","Standard Deviation","NOT_APPLICABLE","NOT_APPLICABLE","correct"
"13","Contingency Table Test","Quartile","NOT_APPLICABLE","NOT_APPLICABLE","correct"
"13","Contingency Table Test","Mantel-Haenszel Test","NOT_APPLICABLE","NOT_APPLICABLE","correct"
"13","Contingency Table Test","Skewness","NOT_APPLICABLE","NOT_APPLICABLE","correct"
"13","Contingency Table Test","Kurtosis","NOT_APPLICABLE","NOT_APPLICABLE","correct"
"13","Contingency Table Test","Levene Test","NOT_APPLICABLE","NOT_APPLICABLE","correct"
"13","Contingency Table Test","F-Test for Variance","NOT_APPLICABLE","NOT_APPLICABLE","correct"
"13","Contingency Table Test","Bartlett Test","NOT_APPLICABLE","NOT_APPLICABLE","correct"
"13","Contingency Table Test","Mood Variance Test","NOT_APPLICABLE","NOT_APPLICABLE","correct"
"14","Distribution Compliance Test","Pearson Correlation Coefficient","APPLICABLE","NOT_APPLICABLE","wrong"
"14","Distribution Compliance Test","Spearman Correlation Coefficient","NOT_APPLICABLE","NOT_APPLICABLE","correct"
"14","Distribution Compliance Test","Anderson-Darling Test","APPLICABLE","APPLICABLE","correct"
"14","Distribution Compliance Test","Shapiro-Wilk Test of Normality","APPLICABLE","NOT_APPLICABLE","wrong"
"14","Distribution Compliance Test","Kendall Correlation Coefficient","NOT_APPLICABLE","NOT_APPLICABLE","correct"
"14","Distribution Compliance Test","Partial Correlation Coefficient","NOT_APPLICABLE","NOT_APPLICABLE","correct"
"14","Distribution Compliance Test","Kolmogorov-Smirnov Test for Normality","APPLICABLE","APPLICABLE","correct"
"14","Distribution Compliance Test","Kolmogorov-Smirnov Test","APPLICABLE","NOT_APPLICABLE","wrong"
"14","Distribution Compliance Test","Lilliefors Test","APPLICABLE","APPLICABLE","correct"
"14","Distribution Compliance Test","Kolmogorov-Smirnov Test for Uniform distribution","NOT_APPLICABLE","NOT_APPLICABLE","correct"
"14","Distribution Compliance Test","Kolmogorov-Smirnov Test for Exponential distribution","NOT_APPLICABLE","NOT_APPLICABLE","correct"
"14","Distribution Compliance Test","Kolmogorov-Smirnov Test for Gamma distribution","NOT_APPLICABLE","NOT_APPLICABLE","correct"
"14","Distribution Compliance Test","Mean","APPLICABLE","NOT_APPLICABLE","wrong"
"14","Distribution Compliance Test","Fisher Exact Test","NOT_APPLICABLE","NOT_APPLICABLE","correct"
"14","Distribution Compliance Test","Chi-square Independence Test","NOT_APPLICABLE","NOT_APPLICABLE","correct"
"14","Distribution Compliance Test","Mantel-Haenszel Test","NOT_APPLICABLE","NOT_APPLICABLE","correct"
"14","Distribution Compliance Test","Median","NOT_APPLICABLE","NOT_APPLICABLE","correct"
"14","Distribution Compliance Test","Range","NOT_APPLICABLE","NOT_APPLICABLE","correct"
"14","Distribution Compliance Test","Quartile","NOT_APPLICABLE","NOT_APPLICABLE","correct"
"14","Distribution Compliance Test","Standard Deviation","APPLICABLE","NOT_APPLICABLE","wrong"
"14","Distribution Compliance Test","Mode","NOT_APPLICABLE","NOT_APPLICABLE","correct"
"14","Distribution Compliance Test","Skewness","APPLICABLE","NOT_APPLICABLE","wrong"
"14","Distribution Compliance Test","Kurtosis","NOT_APPLICABLE","NOT_APPLICABLE","correct"
"14","Distribution Compliance Test","Bartlett Test","NOT_APPLICABLE","NOT_APPLICABLE","correct"
"14","Distribution Compliance Test","Levene Test","NOT_APPLICABLE","NOT_APPLICABLE","correct"
"14","Distribution Compliance Test","Mood Variance Test","NOT_APPLICABLE","NOT_APPLICABLE","correct"
"14","Distribution Compliance Test","F-Test for Variance","NOT_APPLICABLE","NOT_APPLICABLE","correct"
"15","Contingency Table Test","Pearson Correlation Coefficient","NOT_APPLICABLE","NOT_APPLICABLE","correct"
"15","Contingency Table Test","Partial Correlation Coefficient","NOT_APPLICABLE","NOT_APPLICABLE","correct"
"15","Contingency Table Test","Kendall Correlation Coefficient","NOT_APPLICABLE","NOT_APPLICABLE","correct"
"15","Contingency Table Test","Anderson-Darling Test","NOT_APPLICABLE","NOT_APPLICABLE","correct"
"15","Contingency Table Test","Spearman Correlation Coefficient","NOT_APPLICABLE","NOT_APPLICABLE","correct"
"15","Contingency Table Test","Shapiro-Wilk Test of Normality","NOT_APPLICABLE","NOT_APPLICABLE","correct"
"15","Contingency Table Test","Lilliefors Test","NOT_APPLICABLE","NOT_APPLICABLE","correct"
"15","Contingency Table Test","Kolmogorov-Smirnov Test","NOT_APPLICABLE","NOT_APPLICABLE","correct"
"15","Contingency Table Test","Kolmogorov-Smirnov Test for Normality","NOT_APPLICABLE","NOT_APPLICABLE","correct"
"15","Contingency Table Test","Kolmogorov-Smirnov Test for Uniform distribution","NOT_APPLICABLE","NOT_APPLICABLE","correct"
"15","Contingency Table Test","Fisher Exact Test","APPLICABLE","APPLICABLE","correct"
"15","Contingency Table Test","Kolmogorov-Smirnov Test for Gamma distribution","NOT_APPLICABLE","NOT_APPLICABLE","correct"
"15","Contingency Table Test","Chi-square Independence Test","APPLICABLE","APPLICABLE","correct"
"15","Contingency Table Test","Mean","NOT_APPLICABLE","NOT_APPLICABLE","correct"
"15","Contingency Table Test","Kolmogorov-Smirnov Test for Exponential distribution","NOT_APPLICABLE","NOT_APPLICABLE","correct"
"15","Contingency Table Test","Mantel-Haenszel Test","NOT_APPLICABLE","NOT_APPLICABLE","correct"
"15","Contingency Table Test","Median","NOT_APPLICABLE","NOT_APPLICABLE","correct"
"15","Contingency Table Test","Mode","NOT_APPLICABLE","NOT_APPLICABLE","correct"
"15","Contingency Table Test","Range","NOT_APPLICABLE","NOT_APPLICABLE","correct"
"15","Contingency Table Test","Quartile","NOT_APPLICABLE","NOT_APPLICABLE","correct"
"15","Contingency Table Test","Standard Deviation","NOT_APPLICABLE","NOT_APPLICABLE","correct"
"15","Contingency Table Test","Skewness","NOT_APPLICABLE","NOT_APPLICABLE","correct"
"15","Contingency Table Test","Kurtosis","NOT_APPLICABLE","NOT_APPLICABLE","correct"
"15","Contingency Table Test","Levene Test","NOT_APPLICABLE","NOT_APPLICABLE","correct"
"15","Contingency Table Test","Bartlett Test","NOT_APPLICABLE","NOT_APPLICABLE","correct"
"15","Contingency Table Test","F-Test for Variance","NOT_APPLICABLE","NOT_APPLICABLE","correct"
"15","Contingency Table Test","Mood Variance Test","NOT_APPLICABLE","NOT_APPLICABLE","correct"
"16","Distribution Compliance Test","Pearson Correlation Coefficient","NOT_APPLICABLE","NOT_APPLICABLE","correct"
"16","Distribution Compliance Test","Kendall Correlation Coefficient","NOT_APPLICABLE","NOT_APPLICABLE","correct"
"16","Distribution Compliance Test","Spearman Correlation Coefficient","NOT_APPLICABLE","NOT_APPLICABLE","correct"
"16","Distribution Compliance Test","Partial Correlation Coefficient","NOT_APPLICABLE","NOT_APPLICABLE","correct"
"16","Distribution Compliance Test","Anderson-Darling Test","NOT_APPLICABLE","APPLICABLE","wrong"
"16","Distribution Compliance Test","Shapiro-Wilk Test of Normality","NOT_APPLICABLE","NOT_APPLICABLE","correct"
"16","Distribution Compliance Test","Kolmogorov-Smirnov Test for Normality","NOT_APPLICABLE","APPLICABLE","wrong"
"16","Distribution Compliance Test","Lilliefors Test","NOT_APPLICABLE","APPLICABLE","wrong"
"16","Distribution Compliance Test","Kolmogorov-Smirnov Test","NOT_APPLICABLE","NOT_APPLICABLE","correct"
"16","Distribution Compliance Test","Kolmogorov-Smirnov Test for Uniform distribution","NOT_APPLICABLE","NOT_APPLICABLE","correct"
"16","Distribution Compliance Test","Chi-square Independence Test","NOT_APPLICABLE","NOT_APPLICABLE","correct"
"16","Distribution Compliance Test","Kolmogorov-Smirnov Test for Exponential distribution","NOT_APPLICABLE","NOT_APPLICABLE","correct"
"16","Distribution Compliance Test","Kolmogorov-Smirnov Test for Gamma distribution","NOT_APPLICABLE","NOT_APPLICABLE","correct"
"16","Distribution Compliance Test","Fisher Exact Test","NOT_APPLICABLE","NOT_APPLICABLE","correct"
"16","Distribution Compliance Test","Mantel-Haenszel Test","NOT_APPLICABLE","NOT_APPLICABLE","correct"
"16","Distribution Compliance Test","Mean","NOT_APPLICABLE","NOT_APPLICABLE","correct"
"16","Distribution Compliance Test","Mode","NOT_APPLICABLE","NOT_APPLICABLE","correct"
"16","Distribution Compliance Test","Range","NOT_APPLICABLE","NOT_APPLICABLE","correct"
"16","Distribution Compliance Test","Median","NOT_APPLICABLE","NOT_APPLICABLE","correct"
"16","Distribution Compliance Test","Standard Deviation","NOT_APPLICABLE","NOT_APPLICABLE","correct"
"16","Distribution Compliance Test","Mood Variance Test","NOT_APPLICABLE","NOT_APPLICABLE","correct"
"16","Distribution Compliance Test","Skewness","NOT_APPLICABLE","NOT_APPLICABLE","correct"
"16","Distribution Compliance Test","Kurtosis","NOT_APPLICABLE","NOT_APPLICABLE","correct"
"16","Distribution Compliance Test","Quartile","NOT_APPLICABLE","NOT_APPLICABLE","correct"
"17","Contingency Table Test","Pearson Correlation Coefficient","NOT_APPLICABLE","NOT_APPLICABLE","correct"
"16","Distribution Compliance Test","F-Test for Variance","NOT_APPLICABLE","NOT_APPLICABLE","correct"
"16","Distribution Compliance Test","Bartlett Test","NOT_APPLICABLE","NOT_APPLICABLE","correct"
"16","Distribution Compliance Test","Levene Test","NOT_APPLICABLE","NOT_APPLICABLE","correct"
"17","Contingency Table Test","Shapiro-Wilk Test of Normality","NOT_APPLICABLE","NOT_APPLICABLE","correct"
"17","Contingency Table Test","Anderson-Darling Test","NOT_APPLICABLE","NOT_APPLICABLE","correct"
"17","Contingency Table Test","Partial Correlation Coefficient","NOT_APPLICABLE","NOT_APPLICABLE","correct"
"17","Contingency Table Test","Kendall Correlation Coefficient","NOT_APPLICABLE","NOT_APPLICABLE","correct"
"17","Contingency Table Test","Spearman Correlation Coefficient","NOT_APPLICABLE","NOT_APPLICABLE","correct"
"17","Contingency Table Test","Kolmogorov-Smirnov Test for Normality","NOT_APPLICABLE","NOT_APPLICABLE","correct"
"17","Contingency Table Test","Lilliefors Test","NOT_APPLICABLE","NOT_APPLICABLE","correct"
"17","Contingency Table Test","Kolmogorov-Smirnov Test for Uniform distribution","NOT_APPLICABLE","NOT_APPLICABLE","correct"
"17","Contingency Table Test","Kolmogorov-Smirnov Test","NOT_APPLICABLE","NOT_APPLICABLE","correct"
"17","Contingency Table Test","Kolmogorov-Smirnov Test for Gamma distribution","NOT_APPLICABLE","NOT_APPLICABLE","correct"
"17","Contingency Table Test","Kolmogorov-Smirnov Test for Exponential distribution","NOT_APPLICABLE","NOT_APPLICABLE","correct"
"17","Contingency Table Test","Chi-square Independence Test","APPLICABLE","APPLICABLE","correct"
"17","Contingency Table Test","Mantel-Haenszel Test","NOT_APPLICABLE","NOT_APPLICABLE","correct"
"17","Contingency Table Test","Fisher Exact Test","NOT_APPLICABLE","NOT_APPLICABLE","correct"
"17","Contingency Table Test","Mean","NOT_APPLICABLE","NOT_APPLICABLE","correct"
"17","Contingency Table Test","Mode","NOT_APPLICABLE","NOT_APPLICABLE","correct"
"17","Contingency Table Test","Median","NOT_APPLICABLE","NOT_APPLICABLE","correct"
"17","Contingency Table Test","Quartile","NOT_APPLICABLE","NOT_APPLICABLE","correct"
"17","Contingency Table Test","Range","NOT_APPLICABLE","NOT_APPLICABLE","correct"
"17","Contingency Table Test","Standard Deviation","NOT_APPLICABLE","NOT_APPLICABLE","correct"
"17","Contingency Table Test","Skewness","NOT_APPLICABLE","NOT_APPLICABLE","correct"
"17","Contingency Table Test","Kurtosis","NOT_APPLICABLE","NOT_APPLICABLE","correct"
"17","Contingency Table Test","Mood Variance Test","NOT_APPLICABLE","NOT_APPLICABLE","correct"
"17","Contingency Table Test","Bartlett Test","NOT_APPLICABLE","NOT_APPLICABLE","correct"
"17","Contingency Table Test","Levene Test","NOT_APPLICABLE","NOT_APPLICABLE","correct"
"17","Contingency Table Test","F-Test for Variance","NOT_APPLICABLE","NOT_APPLICABLE","correct"
"18","Contingency Table Test","Pearson Correlation Coefficient","NOT_APPLICABLE","NOT_APPLICABLE","correct"
"18","Contingency Table Test","Spearman Correlation Coefficient","NOT_APPLICABLE","NOT_APPLICABLE","correct"
"18","Contingency Table Test","Partial Correlation Coefficient","NOT_APPLICABLE","NOT_APPLICABLE","correct"
"18","Contingency Table Test","Kendall Correlation Coefficient","NOT_APPLICABLE","NOT_APPLICABLE","correct"
"18","Contingency Table Test","Anderson-Darling Test","NOT_APPLICABLE","NOT_APPLICABLE","correct"
"18","Contingency Table Test","Shapiro-Wilk Test of Normality","NOT_APPLICABLE","NOT_APPLICABLE","correct"
"18","Contingency Table Test","Kolmogorov-Smirnov Test for Normality","NOT_APPLICABLE","NOT_APPLICABLE","correct"
"18","Contingency Table Test","Lilliefors Test","NOT_APPLICABLE","NOT_APPLICABLE","correct"
"18","Contingency Table Test","Kolmogorov-Smirnov Test","NOT_APPLICABLE","NOT_APPLICABLE","correct"
"18","Contingency Table Test","Kolmogorov-Smirnov Test for Gamma distribution","NOT_APPLICABLE","NOT_APPLICABLE","correct"
"18","Contingency Table Test","Kolmogorov-Smirnov Test for Uniform distribution","NOT_APPLICABLE","NOT_APPLICABLE","correct"
"18","Contingency Table Test","Kolmogorov-Smirnov Test for Exponential distribution","NOT_APPLICABLE","NOT_APPLICABLE","correct"
"18","Contingency Table Test","Fisher Exact Test","NOT_APPLICABLE","NOT_APPLICABLE","correct"
"18","Contingency Table Test","Mean","NOT_APPLICABLE","NOT_APPLICABLE","correct"
"18","Contingency Table Test","Chi-square Independence Test","APPLICABLE","APPLICABLE","correct"
"18","Contingency Table Test","Mantel-Haenszel Test","NOT_APPLICABLE","NOT_APPLICABLE","correct"
"18","Contingency Table Test","Median","NOT_APPLICABLE","NOT_APPLICABLE","correct"
"18","Contingency Table Test","Mode","NOT_APPLICABLE","NOT_APPLICABLE","correct"
"18","Contingency Table Test","Quartile","NOT_APPLICABLE","NOT_APPLICABLE","correct"
"18","Contingency Table Test","Range","NOT_APPLICABLE","NOT_APPLICABLE","correct"
"18","Contingency Table Test","Skewness","NOT_APPLICABLE","NOT_APPLICABLE","correct"
"18","Contingency Table Test","Standard Deviation","NOT_APPLICABLE","NOT_APPLICABLE","correct"
"18","Contingency Table Test","Mood Variance Test","NOT_APPLICABLE","NOT_APPLICABLE","correct"
"18","Contingency Table Test","Kurtosis","NOT_APPLICABLE","NOT_APPLICABLE","correct"
"18","Contingency Table Test","Levene Test","NOT_APPLICABLE","NOT_APPLICABLE","correct"
"18","Contingency Table Test","Bartlett Test","NOT_APPLICABLE","NOT_APPLICABLE","correct"
"19","Variance Test","Spearman Correlation Coefficient","NOT_APPLICABLE","NOT_APPLICABLE","correct"
"19","Variance Test","Pearson Correlation Coefficient","NOT_APPLICABLE","NOT_APPLICABLE","correct"
"19","Variance Test","Kendall Correlation Coefficient","NOT_APPLICABLE","NOT_APPLICABLE","correct"
"19","Variance Test","Partial Correlation Coefficient","NOT_APPLICABLE","NOT_APPLICABLE","correct"
"18","Contingency Table Test","F-Test for Variance","NOT_APPLICABLE","NOT_APPLICABLE","correct"
"19","Variance Test","Anderson-Darling Test","NOT_APPLICABLE","NOT_APPLICABLE","correct"
"19","Variance Test","Shapiro-Wilk Test of Normality","NOT_APPLICABLE","NOT_APPLICABLE","correct"
"19","Variance Test","Kolmogorov-Smirnov Test for Normality","NOT_APPLICABLE","NOT_APPLICABLE","correct"
"19","Variance Test","Kolmogorov-Smirnov Test","NOT_APPLICABLE","NOT_APPLICABLE","correct"
"19","Variance Test","Lilliefors Test","NOT_APPLICABLE","NOT_APPLICABLE","correct"
"19","Variance Test","Kolmogorov-Smirnov Test for Uniform distribution","NOT_APPLICABLE","NOT_APPLICABLE","correct"
"19","Variance Test","Fisher Exact Test","NOT_APPLICABLE","NOT_APPLICABLE","correct"
"19","Variance Test","Kolmogorov-Smirnov Test for Gamma distribution","NOT_APPLICABLE","NOT_APPLICABLE","correct"
"19","Variance Test","Chi-square Independence Test","NOT_APPLICABLE","NOT_APPLICABLE","correct"
"19","Variance Test","Kolmogorov-Smirnov Test for Exponential distribution","NOT_APPLICABLE","NOT_APPLICABLE","correct"
"19","Variance Test","Mean","NOT_APPLICABLE","NOT_APPLICABLE","correct"
"19","Variance Test","Median","NOT_APPLICABLE","NOT_APPLICABLE","correct"
"19","Variance Test","Range","NOT_APPLICABLE","NOT_APPLICABLE","correct"
"19","Variance Test","Mantel-Haenszel Test","NOT_APPLICABLE","NOT_APPLICABLE","correct"
"19","Variance Test","Quartile","NOT_APPLICABLE","NOT_APPLICABLE","correct"
"19","Variance Test","Mode","NOT_APPLICABLE","NOT_APPLICABLE","correct"
"19","Variance Test","Standard Deviation","NOT_APPLICABLE","NOT_APPLICABLE","correct"
"19","Variance Test","Skewness","NOT_APPLICABLE","NOT_APPLICABLE","correct"
"19","Variance Test","Kurtosis","NOT_APPLICABLE","NOT_APPLICABLE","correct"
"19","Variance Test","Bartlett Test","NOT_APPLICABLE","NOT_APPLICABLE","correct"
"19","Variance Test","Levene Test","APPLICABLE","APPLICABLE","correct"
"19","Variance Test","Mood Variance Test","NOT_APPLICABLE","APPLICABLE","wrong"
"20","Correlation Analysis","Pearson Correlation Coefficient","NOT_APPLICABLE","APPLICABLE","wrong"
"20","Correlation Analysis","Spearman Correlation Coefficient","APPLICABLE","APPLICABLE","correct"
"19","Variance Test","F-Test for Variance","NOT_APPLICABLE","NOT_APPLICABLE","correct"
"20","Correlation Analysis","Kendall Correlation Coefficient","APPLICABLE","APPLICABLE","correct"
"20","Correlation Analysis","Partial Correlation Coefficient","NOT_APPLICABLE","NOT_APPLICABLE","correct"
"20","Correlation Analysis","Anderson-Darling Test","NOT_APPLICABLE","NOT_APPLICABLE","correct"
"20","Correlation Analysis","Shapiro-Wilk Test of Normality","NOT_APPLICABLE","NOT_APPLICABLE","correct"
"20","Correlation Analysis","Lilliefors Test","NOT_APPLICABLE","NOT_APPLICABLE","correct"
"20","Correlation Analysis","Kolmogorov-Smirnov Test for Normality","NOT_APPLICABLE","NOT_APPLICABLE","correct"
"20","Correlation Analysis","Kolmogorov-Smirnov Test","NOT_APPLICABLE","NOT_APPLICABLE","correct"
"20","Correlation Analysis","Kolmogorov-Smirnov Test for Uniform distribution","NOT_APPLICABLE","NOT_APPLICABLE","correct"
"20","Correlation Analysis","Chi-square Independence Test","NOT_APPLICABLE","NOT_APPLICABLE","correct"
"20","Correlation Analysis","Kolmogorov-Smirnov Test for Gamma distribution","NOT_APPLICABLE","NOT_APPLICABLE","correct"
"20","Correlation Analysis","Kolmogorov-Smirnov Test for Exponential distribution","NOT_APPLICABLE","NOT_APPLICABLE","correct"
"20","Correlation Analysis","Fisher Exact Test","NOT_APPLICABLE","NOT_APPLICABLE","correct"
"20","Correlation Analysis","Mantel-Haenszel Test","NOT_APPLICABLE","NOT_APPLICABLE","correct"
"20","Correlation Analysis","Mean","NOT_APPLICABLE","NOT_APPLICABLE","correct"
"20","Correlation Analysis","Mode","NOT_APPLICABLE","NOT_APPLICABLE","correct"
"20","Correlation Analysis","Range","NOT_APPLICABLE","NOT_APPLICABLE","correct"
"20","Correlation Analysis","Median","NOT_APPLICABLE","NOT_APPLICABLE","correct"
"20","Correlation Analysis","Standard Deviation","NOT_APPLICABLE","NOT_APPLICABLE","correct"
"20","Correlation Analysis","Quartile","NOT_APPLICABLE","NOT_APPLICABLE","correct"
"20","Correlation Analysis","Mood Variance Test","NOT_APPLICABLE","NOT_APPLICABLE","correct"
"20","Correlation Analysis","Skewness","NOT_APPLICABLE","NOT_APPLICABLE","correct"
"20","Correlation Analysis","Kurtosis","NOT_APPLICABLE","NOT_APPLICABLE","correct"
"20","Correlation Analysis","Bartlett Test","NOT_APPLICABLE","NOT_APPLICABLE","correct"
"20","Correlation Analysis","Levene Test","NOT_APPLICABLE","NOT_APPLICABLE","correct"
"21","Distribution Compliance Test","Pearson Correlation Coefficient","NOT_APPLICABLE","NOT_APPLICABLE","correct"
"20","Correlation Analysis","F-Test for Variance","NOT_APPLICABLE","NOT_APPLICABLE","correct"
"21","Distribution Compliance Test","Spearman Correlation Coefficient","NOT_APPLICABLE","NOT_APPLICABLE","correct"
"21","Distribution Compliance Test","Kendall Correlation Coefficient","NOT_APPLICABLE","NOT_APPLICABLE","correct"
"21","Distribution Compliance Test","Partial Correlation Coefficient","NOT_APPLICABLE","NOT_APPLICABLE","correct"
"21","Distribution Compliance Test","Shapiro-Wilk Test of Normality","NOT_APPLICABLE","NOT_APPLICABLE","correct"
"21","Distribution Compliance Test","Anderson-Darling Test","NOT_APPLICABLE","APPLICABLE","wrong"
"21","Distribution Compliance Test","Kolmogorov-Smirnov Test for Normality","NOT_APPLICABLE","APPLICABLE","wrong"
"21","Distribution Compliance Test","Lilliefors Test","NOT_APPLICABLE","APPLICABLE","wrong"
"21","Distribution Compliance Test","Kolmogorov-Smirnov Test for Uniform distribution","NOT_APPLICABLE","NOT_APPLICABLE","correct"
"21","Distribution Compliance Test","Kolmogorov-Smirnov Test","NOT_APPLICABLE","NOT_APPLICABLE","correct"
"21","Distribution Compliance Test","Kolmogorov-Smirnov Test for Gamma distribution","NOT_APPLICABLE","NOT_APPLICABLE","correct"
"21","Distribution Compliance Test","Kolmogorov-Smirnov Test for Exponential distribution","NOT_APPLICABLE","NOT_APPLICABLE","correct"
"21","Distribution Compliance Test","Chi-square Independence Test","NOT_APPLICABLE","NOT_APPLICABLE","correct"
"21","Distribution Compliance Test","Fisher Exact Test","NOT_APPLICABLE","NOT_APPLICABLE","correct"
"21","Distribution Compliance Test","Mean","NOT_APPLICABLE","NOT_APPLICABLE","correct"
"21","Distribution Compliance Test","Mantel-Haenszel Test","NOT_APPLICABLE","NOT_APPLICABLE","correct"
"21","Distribution Compliance Test","Median","NOT_APPLICABLE","NOT_APPLICABLE","correct"
"21","Distribution Compliance Test","Mode","NOT_APPLICABLE","NOT_APPLICABLE","correct"
"21","Distribution Compliance Test","Range","NOT_APPLICABLE","NOT_APPLICABLE","correct"
"21","Distribution Compliance Test","Standard Deviation","NOT_APPLICABLE","NOT_APPLICABLE","correct"
"21","Distribution Compliance Test","Quartile","NOT_APPLICABLE","NOT_APPLICABLE","correct"
"21","Distribution Compliance Test","Skewness","NOT_APPLICABLE","NOT_APPLICABLE","correct"
"21","Distribution Compliance Test","Kurtosis","NOT_APPLICABLE","NOT_APPLICABLE","correct"
"21","Distribution Compliance Test","Mood Variance Test","NOT_APPLICABLE","NOT_APPLICABLE","correct"
"21","Distribution Compliance Test","Levene Test","NOT_APPLICABLE","NOT_APPLICABLE","correct"
"21","Distribution Compliance Test","Bartlett Test","NOT_APPLICABLE","NOT_APPLICABLE","correct"
"21","Distribution Compliance Test","F-Test for Variance","NOT_APPLICABLE","NOT_APPLICABLE","correct"
"22","Distribution Compliance Test","Pearson Correlation Coefficient","NOT_APPLICABLE","NOT_APPLICABLE","correct"
"22","Distribution Compliance Test","Spearman Correlation Coefficient","NOT_APPLICABLE","NOT_APPLICABLE","correct"
"22","Distribution Compliance Test","Kendall Correlation Coefficient","NOT_APPLICABLE","NOT_APPLICABLE","correct"
"22","Distribution Compliance Test","Partial Correlation Coefficient","NOT_APPLICABLE","NOT_APPLICABLE","correct"
"22","Distribution Compliance Test","Anderson-Darling Test","NOT_APPLICABLE","APPLICABLE","wrong"
"22","Distribution Compliance Test","Kolmogorov-Smirnov Test for Normality","NOT_APPLICABLE","APPLICABLE","wrong"
"22","Distribution Compliance Test","Lilliefors Test","NOT_APPLICABLE","APPLICABLE","wrong"
"22","Distribution Compliance Test","Shapiro-Wilk Test of Normality","NOT_APPLICABLE","NOT_APPLICABLE","correct"
"22","Distribution Compliance Test","Kolmogorov-Smirnov Test for Uniform distribution","NOT_APPLICABLE","NOT_APPLICABLE","correct"
"22","Distribution Compliance Test","Kolmogorov-Smirnov Test for Gamma distribution","NOT_APPLICABLE","NOT_APPLICABLE","correct"
"22","Distribution Compliance Test","Kolmogorov-Smirnov Test for Exponential distribution","NOT_APPLICABLE","NOT_APPLICABLE","correct"
"22","Distribution Compliance Test","Chi-square Independence Test","NOT_APPLICABLE","NOT_APPLICABLE","correct"
"22","Distribution Compliance Test","Kolmogorov-Smirnov Test","NOT_APPLICABLE","NOT_APPLICABLE","correct"
"22","Distribution Compliance Test","Mean","NOT_APPLICABLE","NOT_APPLICABLE","correct"
"22","Distribution Compliance Test","Median","NOT_APPLICABLE","NOT_APPLICABLE","correct"
"22","Distribution Compliance Test","Fisher Exact Test","NOT_APPLICABLE","NOT_APPLICABLE","correct"
"22","Distribution Compliance Test","Mantel-Haenszel Test","NOT_APPLICABLE","NOT_APPLICABLE","correct"
"22","Distribution Compliance Test","Mode","NOT_APPLICABLE","NOT_APPLICABLE","correct"
"22","Distribution Compliance Test","Range","NOT_APPLICABLE","NOT_APPLICABLE","correct"
"22","Distribution Compliance Test","Quartile","NOT_APPLICABLE","NOT_APPLICABLE","correct"
"22","Distribution Compliance Test","Standard Deviation","NOT_APPLICABLE","NOT_APPLICABLE","correct"
"22","Distribution Compliance Test","Skewness","NOT_APPLICABLE","NOT_APPLICABLE","correct"
"22","Distribution Compliance Test","Kurtosis","NOT_APPLICABLE","NOT_APPLICABLE","correct"
"22","Distribution Compliance Test","Mood Variance Test","NOT_APPLICABLE","NOT_APPLICABLE","correct"
"22","Distribution Compliance Test","Levene Test","NOT_APPLICABLE","NOT_APPLICABLE","correct"
"22","Distribution Compliance Test","Bartlett Test","NOT_APPLICABLE","NOT_APPLICABLE","correct"
"23","Variance Test","Pearson Correlation Coefficient","NOT_APPLICABLE","NOT_APPLICABLE","correct"
"22","Distribution Compliance Test","F-Test for Variance","NOT_APPLICABLE","NOT_APPLICABLE","correct"
"23","Variance Test","Kendall Correlation Coefficient","APPLICABLE","NOT_APPLICABLE","wrong"
"23","Variance Test","Spearman Correlation Coefficient","APPLICABLE","NOT_APPLICABLE","wrong"
"23","Variance Test","Partial Correlation Coefficient","NOT_APPLICABLE","NOT_APPLICABLE","correct"
"23","Variance Test","Anderson-Darling Test","NOT_APPLICABLE","NOT_APPLICABLE","correct"
"23","Variance Test","Shapiro-Wilk Test of Normality","NOT_APPLICABLE","NOT_APPLICABLE","correct"
"23","Variance Test","Lilliefors Test","NOT_APPLICABLE","NOT_APPLICABLE","correct"
"23","Variance Test","Kolmogorov-Smirnov Test for Normality","NOT_APPLICABLE","NOT_APPLICABLE","correct"
"23","Variance Test","Kolmogorov-Smirnov Test","NOT_APPLICABLE","NOT_APPLICABLE","correct"
"23","Variance Test","Kolmogorov-Smirnov Test for Gamma distribution","NOT_APPLICABLE","NOT_APPLICABLE","correct"
"23","Variance Test","Chi-square Independence Test","NOT_APPLICABLE","NOT_APPLICABLE","correct"
"23","Variance Test","Kolmogorov-Smirnov Test for Uniform distribution","NOT_APPLICABLE","NOT_APPLICABLE","correct"
"23","Variance Test","Kolmogorov-Smirnov Test for Exponential distribution","NOT_APPLICABLE","NOT_APPLICABLE","correct"
"23","Variance Test","Fisher Exact Test","NOT_APPLICABLE","NOT_APPLICABLE","correct"
"23","Variance Test","Mean","NOT_APPLICABLE","NOT_APPLICABLE","correct"
"23","Variance Test","Median","NOT_APPLICABLE","NOT_APPLICABLE","correct"
"23","Variance Test","Mantel-Haenszel Test","NOT_APPLICABLE","NOT_APPLICABLE","correct"
"23","Variance Test","Mode","NOT_APPLICABLE","NOT_APPLICABLE","correct"
"23","Variance Test","Range","APPLICABLE","NOT_APPLICABLE","wrong"
"23","Variance Test","Standard Deviation","APPLICABLE","NOT_APPLICABLE","wrong"
"23","Variance Test","Skewness","NOT_APPLICABLE","NOT_APPLICABLE","correct"
"23","Variance Test","Quartile","NOT_APPLICABLE","NOT_APPLICABLE","correct"
"23","Variance Test","Kurtosis","NOT_APPLICABLE","NOT_APPLICABLE","correct"
"23","Variance Test","Levene Test","APPLICABLE","APPLICABLE","correct"
"23","Variance Test","Mood Variance Test","NOT_APPLICABLE","APPLICABLE","wrong"
"23","Variance Test","F-Test for Variance","NOT_APPLICABLE","NOT_APPLICABLE","correct"
"23","Variance Test","Bartlett Test","NOT_APPLICABLE","NOT_APPLICABLE","correct"
"24","Distribution Compliance Test","Spearman Correlation Coefficient","APPLICABLE","NOT_APPLICABLE","wrong"
"24","Distribution Compliance Test","Pearson Correlation Coefficient","NOT_APPLICABLE","NOT_APPLICABLE","correct"
"24","Distribution Compliance Test","Partial Correlation Coefficient","NOT_APPLICABLE","NOT_APPLICABLE","correct"
"24","Distribution Compliance Test","Kendall Correlation Coefficient","NOT_APPLICABLE","NOT_APPLICABLE","correct"
"24","Distribution Compliance Test","Anderson-Darling Test","NOT_APPLICABLE","NOT_APPLICABLE","correct"
"24","Distribution Compliance Test","Shapiro-Wilk Test of Normality","NOT_APPLICABLE","NOT_APPLICABLE","correct"
"24","Distribution Compliance Test","Kolmogorov-Smirnov Test for Normality","NOT_APPLICABLE","NOT_APPLICABLE","correct"
"24","Distribution Compliance Test","Lilliefors Test","NOT_APPLICABLE","NOT_APPLICABLE","correct"
"24","Distribution Compliance Test","Kolmogorov-Smirnov Test","NOT_APPLICABLE","APPLICABLE","wrong"
"24","Distribution Compliance Test","Kolmogorov-Smirnov Test for Uniform distribution","NOT_APPLICABLE","NOT_APPLICABLE","correct"
"24","Distribution Compliance Test","Kolmogorov-Smirnov Test for Gamma distribution","NOT_APPLICABLE","NOT_APPLICABLE","correct"
"24","Distribution Compliance Test","Kolmogorov-Smirnov Test for Exponential distribution","NOT_APPLICABLE","NOT_APPLICABLE","correct"
"24","Distribution Compliance Test","Fisher Exact Test","NOT_APPLICABLE","NOT_APPLICABLE","correct"
"24","Distribution Compliance Test","Chi-square Independence Test","NOT_APPLICABLE","NOT_APPLICABLE","correct"
"24","Distribution Compliance Test","Mean","NOT_APPLICABLE","NOT_APPLICABLE","correct"
"24","Distribution Compliance Test","Mantel-Haenszel Test","NOT_APPLICABLE","NOT_APPLICABLE","correct"
"24","Distribution Compliance Test","Mode","NOT_APPLICABLE","NOT_APPLICABLE","correct"
"24","Distribution Compliance Test","Range","NOT_APPLICABLE","NOT_APPLICABLE","correct"
"24","Distribution Compliance Test","Median","NOT_APPLICABLE","NOT_APPLICABLE","correct"
"24","Distribution Compliance Test","Quartile","NOT_APPLICABLE","NOT_APPLICABLE","correct"
"24","Distribution Compliance Test","Skewness","NOT_APPLICABLE","NOT_APPLICABLE","correct"
"24","Distribution Compliance Test","Standard Deviation","NOT_APPLICABLE","NOT_APPLICABLE","correct"
"24","Distribution Compliance Test","Levene Test","NOT_APPLICABLE","NOT_APPLICABLE","correct"
"24","Distribution Compliance Test","Kurtosis","NOT_APPLICABLE","NOT_APPLICABLE","correct"
"24","Distribution Compliance Test","Mood Variance Test","NOT_APPLICABLE","NOT_APPLICABLE","correct"
"24","Distribution Compliance Test","F-Test for Variance","NOT_APPLICABLE","NOT_APPLICABLE","correct"
"24","Distribution Compliance Test","Bartlett Test","NOT_APPLICABLE","NOT_APPLICABLE","correct"
"25","Contingency Table Test","Pearson Correlation Coefficient","NOT_APPLICABLE","NOT_APPLICABLE","correct"
"25","Contingency Table Test","Spearman Correlation Coefficient","NOT_APPLICABLE","NOT_APPLICABLE","correct"
"25","Contingency Table Test","Partial Correlation Coefficient","NOT_APPLICABLE","NOT_APPLICABLE","correct"
"25","Contingency Table Test","Anderson-Darling Test","NOT_APPLICABLE","NOT_APPLICABLE","correct"
"25","Contingency Table Test","Shapiro-Wilk Test of Normality","NOT_APPLICABLE","NOT_APPLICABLE","correct"
"25","Contingency Table Test","Kendall Correlation Coefficient","NOT_APPLICABLE","NOT_APPLICABLE","correct"
"25","Contingency Table Test","Kolmogorov-Smirnov Test for Normality","NOT_APPLICABLE","NOT_APPLICABLE","correct"
"25","Contingency Table Test","Lilliefors Test","NOT_APPLICABLE","NOT_APPLICABLE","correct"
"25","Contingency Table Test","Kolmogorov-Smirnov Test","NOT_APPLICABLE","NOT_APPLICABLE","correct"
"25","Contingency Table Test","Kolmogorov-Smirnov Test for Gamma distribution","NOT_APPLICABLE","NOT_APPLICABLE","correct"
"25","Contingency Table Test","Kolmogorov-Smirnov Test for Uniform distribution","NOT_APPLICABLE","NOT_APPLICABLE","correct"
"25","Contingency Table Test","Kolmogorov-Smirnov Test for Exponential distribution","NOT_APPLICABLE","NOT_APPLICABLE","correct"
"25","Contingency Table Test","Chi-square Independence Test","APPLICABLE","NOT_APPLICABLE","wrong"
"25","Contingency Table Test","Mean","NOT_APPLICABLE","NOT_APPLICABLE","correct"
"25","Contingency Table Test","Fisher Exact Test","NOT_APPLICABLE","APPLICABLE","wrong"
"25","Contingency Table Test","Median","NOT_APPLICABLE","NOT_APPLICABLE","correct"
"25","Contingency Table Test","Mantel-Haenszel Test","NOT_APPLICABLE","NOT_APPLICABLE","correct"
"25","Contingency Table Test","Mode","NOT_APPLICABLE","NOT_APPLICABLE","correct"
"25","Contingency Table Test","Range","NOT_APPLICABLE","NOT_APPLICABLE","correct"
"25","Contingency Table Test","Quartile","NOT_APPLICABLE","NOT_APPLICABLE","correct"
"25","Contingency Table Test","Kurtosis","NOT_APPLICABLE","NOT_APPLICABLE","correct"
"25","Contingency Table Test","Skewness","NOT_APPLICABLE","NOT_APPLICABLE","correct"
"25","Contingency Table Test","Mood Variance Test","NOT_APPLICABLE","NOT_APPLICABLE","correct"
"25","Contingency Table Test","Standard Deviation","NOT_APPLICABLE","NOT_APPLICABLE","correct"
"25","Contingency Table Test","Bartlett Test","NOT_APPLICABLE","NOT_APPLICABLE","correct"
"25","Contingency Table Test","Levene Test","NOT_APPLICABLE","NOT_APPLICABLE","correct"
"25","Contingency Table Test","F-Test for Variance","NOT_APPLICABLE","NOT_APPLICABLE","correct"
"26","Variance Test","Pearson Correlation Coefficient","NOT_APPLICABLE","NOT_APPLICABLE","correct"
"26","Variance Test","Spearman Correlation Coefficient","NOT_APPLICABLE","NOT_APPLICABLE","correct"
"26","Variance Test","Kendall Correlation Coefficient","NOT_APPLICABLE","NOT_APPLICABLE","correct"
"26","Variance Test","Anderson-Darling Test","NOT_APPLICABLE","NOT_APPLICABLE","correct"
"26","Variance Test","Partial Correlation Coefficient","NOT_APPLICABLE","NOT_APPLICABLE","correct"
"26","Variance Test","Kolmogorov-Smirnov Test for Normality","NOT_APPLICABLE","NOT_APPLICABLE","correct"
"26","Variance Test","Lilliefors Test","NOT_APPLICABLE","NOT_APPLICABLE","correct"
"26","Variance Test","Kolmogorov-Smirnov Test for Uniform distribution","NOT_APPLICABLE","NOT_APPLICABLE","correct"
"26","Variance Test","Kolmogorov-Smirnov Test","NOT_APPLICABLE","NOT_APPLICABLE","correct"
"26","Variance Test","Shapiro-Wilk Test of Normality","NOT_APPLICABLE","NOT_APPLICABLE","correct"
"26","Variance Test","Kolmogorov-Smirnov Test for Exponential distribution","NOT_APPLICABLE","NOT_APPLICABLE","correct"
"26","Variance Test","Kolmogorov-Smirnov Test for Gamma distribution","NOT_APPLICABLE","NOT_APPLICABLE","correct"
"26","Variance Test","Chi-square Independence Test","NOT_APPLICABLE","NOT_APPLICABLE","correct"
"26","Variance Test","Fisher Exact Test","NOT_APPLICABLE","NOT_APPLICABLE","correct"
"26","Variance Test","Mantel-Haenszel Test","NOT_APPLICABLE","NOT_APPLICABLE","correct"
"26","Variance Test","Mean","NOT_APPLICABLE","NOT_APPLICABLE","correct"
"26","Variance Test","Median","NOT_APPLICABLE","NOT_APPLICABLE","correct"
"26","Variance Test","Mode","NOT_APPLICABLE","NOT_APPLICABLE","correct"
"26","Variance Test","Range","NOT_APPLICABLE","NOT_APPLICABLE","correct"
"26","Variance Test","Standard Deviation","NOT_APPLICABLE","NOT_APPLICABLE","correct"
"26","Variance Test","Quartile","NOT_APPLICABLE","NOT_APPLICABLE","correct"
"26","Variance Test","Skewness","NOT_APPLICABLE","NOT_APPLICABLE","correct"
"26","Variance Test","Mood Variance Test","NOT_APPLICABLE","APPLICABLE","wrong"
"26","Variance Test","Kurtosis","NOT_APPLICABLE","NOT_APPLICABLE","correct"
"26","Variance Test","F-Test for Variance","NOT_APPLICABLE","NOT_APPLICABLE","correct"
"26","Variance Test","Bartlett Test","NOT_APPLICABLE","NOT_APPLICABLE","correct"
"27","Distribution Compliance Test","Spearman Correlation Coefficient","APPLICABLE","NOT_APPLICABLE","wrong"
"26","Variance Test","Levene Test","APPLICABLE","APPLICABLE","correct"
"27","Distribution Compliance Test","Pearson Correlation Coefficient","NOT_APPLICABLE","NOT_APPLICABLE","correct"
"27","Distribution Compliance Test","Kendall Correlation Coefficient","APPLICABLE","NOT_APPLICABLE","wrong"
"27","Distribution Compliance Test","Partial Correlation Coefficient","NOT_APPLICABLE","NOT_APPLICABLE","correct"
"27","Distribution Compliance Test","Anderson-Darling Test","NOT_APPLICABLE","APPLICABLE","wrong"
"27","Distribution Compliance Test","Shapiro-Wilk Test of Normality","NOT_APPLICABLE","NOT_APPLICABLE","correct"
"27","Distribution Compliance Test","Kolmogorov-Smirnov Test for Normality","NOT_APPLICABLE","APPLICABLE","wrong"
"27","Distribution Compliance Test","Kolmogorov-Smirnov Test","NOT_APPLICABLE","NOT_APPLICABLE","correct"
"27","Distribution Compliance Test","Lilliefors Test","NOT_APPLICABLE","APPLICABLE","wrong"
"27","Distribution Compliance Test","Kolmogorov-Smirnov Test for Gamma distribution","NOT_APPLICABLE","NOT_APPLICABLE","correct"
"27","Distribution Compliance Test","Kolmogorov-Smirnov Test for Uniform distribution","NOT_APPLICABLE","NOT_APPLICABLE","correct"
"27","Distribution Compliance Test","Chi-square Independence Test","NOT_APPLICABLE","NOT_APPLICABLE","correct"
"27","Distribution Compliance Test","Fisher Exact Test","NOT_APPLICABLE","NOT_APPLICABLE","correct"
"27","Distribution Compliance Test","Kolmogorov-Smirnov Test for Exponential distribution","NOT_APPLICABLE","NOT_APPLICABLE","correct"
"27","Distribution Compliance Test","Mean","NOT_APPLICABLE","NOT_APPLICABLE","correct"
"27","Distribution Compliance Test","Mantel-Haenszel Test","NOT_APPLICABLE","NOT_APPLICABLE","correct"
"27","Distribution Compliance Test","Median","APPLICABLE","NOT_APPLICABLE","wrong"
"27","Distribution Compliance Test","Range","NOT_APPLICABLE","NOT_APPLICABLE","correct"
"27","Distribution Compliance Test","Quartile","NOT_APPLICABLE","NOT_APPLICABLE","correct"
"27","Distribution Compliance Test","Standard Deviation","NOT_APPLICABLE","NOT_APPLICABLE","correct"
"27","Distribution Compliance Test","Mode","NOT_APPLICABLE","NOT_APPLICABLE","correct"
"27","Distribution Compliance Test","Skewness","APPLICABLE","NOT_APPLICABLE","wrong"
"27","Distribution Compliance Test","Kurtosis","NOT_APPLICABLE","NOT_APPLICABLE","correct"
"27","Distribution Compliance Test","Mood Variance Test","NOT_APPLICABLE","NOT_APPLICABLE","correct"
"27","Distribution Compliance Test","Levene Test","NOT_APPLICABLE","NOT_APPLICABLE","correct"
"27","Distribution Compliance Test","Bartlett Test","NOT_APPLICABLE","NOT_APPLICABLE","correct"
"27","Distribution Compliance Test","F-Test for Variance","NOT_APPLICABLE","NOT_APPLICABLE","correct"
"28","Distribution Compliance Test","Spearman Correlation Coefficient","APPLICABLE","NOT_APPLICABLE","wrong"
"28","Distribution Compliance Test","Pearson Correlation Coefficient","NOT_APPLICABLE","NOT_APPLICABLE","correct"
"28","Distribution Compliance Test","Partial Correlation Coefficient","NOT_APPLICABLE","NOT_APPLICABLE","correct"
"28","Distribution Compliance Test","Kendall Correlation Coefficient","NOT_APPLICABLE","NOT_APPLICABLE","correct"
"28","Distribution Compliance Test","Anderson-Darling Test","NOT_APPLICABLE","NOT_APPLICABLE","correct"
"28","Distribution Compliance Test","Shapiro-Wilk Test of Normality","NOT_APPLICABLE","NOT_APPLICABLE","correct"
"28","Distribution Compliance Test","Kolmogorov-Smirnov Test for Normality","NOT_APPLICABLE","NOT_APPLICABLE","correct"
"28","Distribution Compliance Test","Lilliefors Test","NOT_APPLICABLE","NOT_APPLICABLE","correct"
"28","Distribution Compliance Test","Kolmogorov-Smirnov Test for Uniform distribution","NOT_APPLICABLE","NOT_APPLICABLE","correct"
"28","Distribution Compliance Test","Kolmogorov-Smirnov Test","NOT_APPLICABLE","APPLICABLE","wrong"
"28","Distribution Compliance Test","Kolmogorov-Smirnov Test for Gamma distribution","NOT_APPLICABLE","NOT_APPLICABLE","correct"
"28","Distribution Compliance Test","Kolmogorov-Smirnov Test for Exponential distribution","NOT_APPLICABLE","NOT_APPLICABLE","correct"
"28","Distribution Compliance Test","Chi-square Independence Test","NOT_APPLICABLE","NOT_APPLICABLE","correct"
"28","Distribution Compliance Test","Mantel-Haenszel Test","NOT_APPLICABLE","NOT_APPLICABLE","correct"
"28","Distribution Compliance Test","Median","NOT_APPLICABLE","NOT_APPLICABLE","correct"
"28","Distribution Compliance Test","Mean","NOT_APPLICABLE","NOT_APPLICABLE","correct"
"28","Distribution Compliance Test","Fisher Exact Test","NOT_APPLICABLE","NOT_APPLICABLE","correct"
"28","Distribution Compliance Test","Mode","NOT_APPLICABLE","NOT_APPLICABLE","correct"
"28","Distribution Compliance Test","Range","NOT_APPLICABLE","NOT_APPLICABLE","correct"
"28","Distribution Compliance Test","Quartile","NOT_APPLICABLE","NOT_APPLICABLE","correct"
"28","Distribution Compliance Test","Standard Deviation","NOT_APPLICABLE","NOT_APPLICABLE","correct"
"28","Distribution Compliance Test","Skewness","NOT_APPLICABLE","NOT_APPLICABLE","correct"
"28","Distribution Compliance Test","Kurtosis","NOT_APPLICABLE","NOT_APPLICABLE","correct"
"28","Distribution Compliance Test","Bartlett Test","NOT_APPLICABLE","NOT_APPLICABLE","correct"
"28","Distribution Compliance Test","F-Test for Variance","NOT_APPLICABLE","NOT_APPLICABLE","correct"
"28","Distribution Compliance Test","Levene Test","NOT_APPLICABLE","NOT_APPLICABLE","correct"
"28","Distribution Compliance Test","Mood Variance Test","NOT_APPLICABLE","NOT_APPLICABLE","correct"
"29","Contingency Table Test","Pearson Correlation Coefficient","NOT_APPLICABLE","NOT_APPLICABLE","correct"
"29","Contingency Table Test","Spearman Correlation Coefficient","NOT_APPLICABLE","NOT_APPLICABLE","correct"
"29","Contingency Table Test","Anderson-Darling Test","NOT_APPLICABLE","NOT_APPLICABLE","correct"
"29","Contingency Table Test","Kendall Correlation Coefficient","NOT_APPLICABLE","NOT_APPLICABLE","correct"
"29","Contingency Table Test","Partial Correlation Coefficient","NOT_APPLICABLE","NOT_APPLICABLE","correct"
"29","Contingency Table Test","Shapiro-Wilk Test of Normality","NOT_APPLICABLE","NOT_APPLICABLE","correct"
"29","Contingency Table Test","Kolmogorov-Smirnov Test for Normality","NOT_APPLICABLE","NOT_APPLICABLE","correct"
"29","Contingency Table Test","Lilliefors Test","NOT_APPLICABLE","NOT_APPLICABLE","correct"
"29","Contingency Table Test","Kolmogorov-Smirnov Test","NOT_APPLICABLE","NOT_APPLICABLE","correct"
"29","Contingency Table Test","Kolmogorov-Smirnov Test for Gamma distribution","NOT_APPLICABLE","NOT_APPLICABLE","correct"
"29","Contingency Table Test","Kolmogorov-Smirnov Test for Uniform distribution","NOT_APPLICABLE","NOT_APPLICABLE","correct"
"29","Contingency Table Test","Kolmogorov-Smirnov Test for Exponential distribution","NOT_APPLICABLE","NOT_APPLICABLE","correct"
"29","Contingency Table Test","Chi-square Independence Test","APPLICABLE","NOT_APPLICABLE","wrong"
"29","Contingency Table Test","Fisher Exact Test","NOT_APPLICABLE","NOT_APPLICABLE","correct"
"29","Contingency Table Test","Mean","NOT_APPLICABLE","NOT_APPLICABLE","correct"
"29","Contingency Table Test","Mantel-Haenszel Test","APPLICABLE","APPLICABLE","correct"
"29","Contingency Table Test","Median","NOT_APPLICABLE","NOT_APPLICABLE","correct"
"29","Contingency Table Test","Mode","NOT_APPLICABLE","NOT_APPLICABLE","correct"
"29","Contingency Table Test","Skewness","NOT_APPLICABLE","NOT_APPLICABLE","correct"
"29","Contingency Table Test","Quartile","NOT_APPLICABLE","NOT_APPLICABLE","correct"
"29","Contingency Table Test","Standard Deviation","NOT_APPLICABLE","NOT_APPLICABLE","correct"
"29","Contingency Table Test","Kurtosis","NOT_APPLICABLE","NOT_APPLICABLE","correct"
"29","Contingency Table Test","Mood Variance Test","NOT_APPLICABLE","NOT_APPLICABLE","correct"
"29","Contingency Table Test","Bartlett Test","NOT_APPLICABLE","NOT_APPLICABLE","correct"
"29","Contingency Table Test","Levene Test","NOT_APPLICABLE","NOT_APPLICABLE","correct"
"29","Contingency Table Test","Range","NOT_APPLICABLE","NOT_APPLICABLE","correct"
"30","Contingency Table Test","Spearman Correlation Coefficient","NOT_APPLICABLE","NOT_APPLICABLE","correct"
"30","Contingency Table Test","Pearson Correlation Coefficient","NOT_APPLICABLE","NOT_APPLICABLE","correct"
"29","Contingency Table Test","F-Test for Variance","NOT_APPLICABLE","NOT_APPLICABLE","correct"
"30","Contingency Table Test","Kendall Correlation Coefficient","NOT_APPLICABLE","NOT_APPLICABLE","correct"
"30","Contingency Table Test","Partial Correlation Coefficient","NOT_APPLICABLE","NOT_APPLICABLE","correct"
"30","Contingency Table Test","Shapiro-Wilk Test of Normality","NOT_APPLICABLE","NOT_APPLICABLE","correct"
"30","Contingency Table Test","Lilliefors Test","NOT_APPLICABLE","NOT_APPLICABLE","correct"
"30","Contingency Table Test","Anderson-Darling Test","NOT_APPLICABLE","NOT_APPLICABLE","correct"
"30","Contingency Table Test","Kolmogorov-Smirnov Test for Normality","NOT_APPLICABLE","NOT_APPLICABLE","correct"
"30","Contingency Table Test","Kolmogorov-Smirnov Test for Exponential distribution","NOT_APPLICABLE","NOT_APPLICABLE","correct"
"30","Contingency Table Test","Chi-square Independence Test","APPLICABLE","APPLICABLE","correct"
"30","Contingency Table Test","Kolmogorov-Smirnov Test","NOT_APPLICABLE","NOT_APPLICABLE","correct"
"30","Contingency Table Test","Kolmogorov-Smirnov Test for Uniform distribution","NOT_APPLICABLE","NOT_APPLICABLE","correct"
"30","Contingency Table Test","Mean","NOT_APPLICABLE","NOT_APPLICABLE","correct"
"30","Contingency Table Test","Fisher Exact Test","NOT_APPLICABLE","NOT_APPLICABLE","correct"
"30","Contingency Table Test","Kolmogorov-Smirnov Test for Gamma distribution","NOT_APPLICABLE","NOT_APPLICABLE","correct"
"30","Contingency Table Test","Median","NOT_APPLICABLE","NOT_APPLICABLE","correct"
"30","Contingency Table Test","Mantel-Haenszel Test","NOT_APPLICABLE","NOT_APPLICABLE","correct"
"30","Contingency Table Test","Quartile","NOT_APPLICABLE","NOT_APPLICABLE","correct"
"30","Contingency Table Test","Range","NOT_APPLICABLE","NOT_APPLICABLE","correct"
"30","Contingency Table Test","Mode","NOT_APPLICABLE","NOT_APPLICABLE","correct"
"30","Contingency Table Test","Standard Deviation","NOT_APPLICABLE","NOT_APPLICABLE","correct"
"30","Contingency Table Test","Skewness","NOT_APPLICABLE","NOT_APPLICABLE","correct"
"30","Contingency Table Test","Levene Test","NOT_APPLICABLE","NOT_APPLICABLE","correct"
"30","Contingency Table Test","Mood Variance Test","NOT_APPLICABLE","NOT_APPLICABLE","correct"
"30","Contingency Table Test","Kurtosis","NOT_APPLICABLE","NOT_APPLICABLE","correct"
"30","Contingency Table Test","Bartlett Test","NOT_APPLICABLE","NOT_APPLICABLE","correct"
"30","Contingency Table Test","F-Test for Variance","NOT_APPLICABLE","NOT_APPLICABLE","correct"
"31","Variance Test","Spearman Correlation Coefficient","APPLICABLE","NOT_APPLICABLE","wrong"
"31","Variance Test","Kendall Correlation Coefficient","APPLICABLE","NOT_APPLICABLE","wrong"
"31","Variance Test","Partial Correlation Coefficient","NOT_APPLICABLE","NOT_APPLICABLE","correct"
"31","Variance Test","Pearson Correlation Coefficient","NOT_APPLICABLE","NOT_APPLICABLE","correct"
"31","Variance Test","Anderson-Darling Test","NOT_APPLICABLE","NOT_APPLICABLE","correct"
"31","Variance Test","Shapiro-Wilk Test of Normality","NOT_APPLICABLE","NOT_APPLICABLE","correct"
"31","Variance Test","Lilliefors Test","NOT_APPLICABLE","NOT_APPLICABLE","correct"
"31","Variance Test","Kolmogorov-Smirnov Test for Normality","NOT_APPLICABLE","NOT_APPLICABLE","correct"
"31","Variance Test","Kolmogorov-Smirnov Test","NOT_APPLICABLE","NOT_APPLICABLE","correct"
"31","Variance Test","Kolmogorov-Smirnov Test for Uniform distribution","NOT_APPLICABLE","NOT_APPLICABLE","correct"
"31","Variance Test","Chi-square Independence Test","NOT_APPLICABLE","NOT_APPLICABLE","correct"
"31","Variance Test","Kolmogorov-Smirnov Test for Gamma distribution","NOT_APPLICABLE","NOT_APPLICABLE","correct"
"31","Variance Test","Kolmogorov-Smirnov Test for Exponential distribution","NOT_APPLICABLE","NOT_APPLICABLE","correct"
"31","Variance Test","Fisher Exact Test","NOT_APPLICABLE","NOT_APPLICABLE","correct"
"31","Variance Test","Mantel-Haenszel Test","NOT_APPLICABLE","NOT_APPLICABLE","correct"
"31","Variance Test","Mean","NOT_APPLICABLE","NOT_APPLICABLE","correct"
"31","Variance Test","Median","APPLICABLE","NOT_APPLICABLE","wrong"
"31","Variance Test","Mode","NOT_APPLICABLE","NOT_APPLICABLE","correct"
"31","Variance Test","Quartile","APPLICABLE","NOT_APPLICABLE","wrong"
"31","Variance Test","Range","APPLICABLE","NOT_APPLICABLE","wrong"
"31","Variance Test","Standard Deviation","APPLICABLE","NOT_APPLICABLE","wrong"
"31","Variance Test","Skewness","NOT_APPLICABLE","NOT_APPLICABLE","correct"
"31","Variance Test","Kurtosis","NOT_APPLICABLE","NOT_APPLICABLE","correct"
"31","Variance Test","Mood Variance Test","NOT_APPLICABLE","APPLICABLE","wrong"
"31","Variance Test","Levene Test","APPLICABLE","APPLICABLE","correct"
"31","Variance Test","Bartlett Test","NOT_APPLICABLE","NOT_APPLICABLE","correct"
"31","Variance Test","F-Test for Variance","NOT_APPLICABLE","NOT_APPLICABLE","correct"
"32","Variance Test","Pearson Correlation Coefficient","NOT_APPLICABLE","NOT_APPLICABLE","correct"
"32","Variance Test","Spearman Correlation Coefficient","NOT_APPLICABLE","NOT_APPLICABLE","correct"
"32","Variance Test","Kendall Correlation Coefficient","NOT_APPLICABLE","NOT_APPLICABLE","correct"
"32","Variance Test","Partial Correlation Coefficient","NOT_APPLICABLE","NOT_APPLICABLE","correct"
"32","Variance Test","Anderson-Darling Test","NOT_APPLICABLE","NOT_APPLICABLE","correct"
"32","Variance Test","Shapiro-Wilk Test of Normality","NOT_APPLICABLE","NOT_APPLICABLE","correct"
"32","Variance Test","Lilliefors Test","NOT_APPLICABLE","NOT_APPLICABLE","correct"
"32","Variance Test","Kolmogorov-Smirnov Test","NOT_APPLICABLE","NOT_APPLICABLE","correct"
"32","Variance Test","Kolmogorov-Smirnov Test for Uniform distribution","NOT_APPLICABLE","NOT_APPLICABLE","correct"
"32","Variance Test","Kolmogorov-Smirnov Test for Exponential distribution","NOT_APPLICABLE","NOT_APPLICABLE","correct"
"32","Variance Test","Kolmogorov-Smirnov Test for Gamma distribution","NOT_APPLICABLE","NOT_APPLICABLE","correct"
"32","Variance Test","Kolmogorov-Smirnov Test for Normality","NOT_APPLICABLE","NOT_APPLICABLE","correct"
"32","Variance Test","Chi-square Independence Test","NOT_APPLICABLE","NOT_APPLICABLE","correct"
"32","Variance Test","Fisher Exact Test","NOT_APPLICABLE","NOT_APPLICABLE","correct"
"32","Variance Test","Mean","NOT_APPLICABLE","NOT_APPLICABLE","correct"
"32","Variance Test","Mantel-Haenszel Test","NOT_APPLICABLE","NOT_APPLICABLE","correct"
"32","Variance Test","Median","NOT_APPLICABLE","NOT_APPLICABLE","correct"
"32","Variance Test","Range","NOT_APPLICABLE","NOT_APPLICABLE","correct"
"32","Variance Test","Mode","NOT_APPLICABLE","NOT_APPLICABLE","correct"
"32","Variance Test","Skewness","NOT_APPLICABLE","NOT_APPLICABLE","correct"
"32","Variance Test","Quartile","NOT_APPLICABLE","NOT_APPLICABLE","correct"
"32","Variance Test","Standard Deviation","NOT_APPLICABLE","NOT_APPLICABLE","correct"
"32","Variance Test","Mood Variance Test","NOT_APPLICABLE","APPLICABLE","wrong"
"32","Variance Test","Kurtosis","NOT_APPLICABLE","NOT_APPLICABLE","correct"
"32","Variance Test","Levene Test","NOT_APPLICABLE","APPLICABLE","wrong"
"32","Variance Test","Bartlett Test","NOT_APPLICABLE","APPLICABLE","wrong"
"32","Variance Test","F-Test for Variance","NOT_APPLICABLE","APPLICABLE","wrong"
"33","Variance Test","Pearson Correlation Coefficient","NOT_APPLICABLE","NOT_APPLICABLE","correct"
"33","Variance Test","Spearman Correlation Coefficient","NOT_APPLICABLE","NOT_APPLICABLE","correct"
"33","Variance Test","Anderson-Darling Test","NOT_APPLICABLE","NOT_APPLICABLE","correct"
"33","Variance Test","Kendall Correlation Coefficient","NOT_APPLICABLE","NOT_APPLICABLE","correct"
"33","Variance Test","Shapiro-Wilk Test of Normality","NOT_APPLICABLE","NOT_APPLICABLE","correct"
"33","Variance Test","Kolmogorov-Smirnov Test for Normality","NOT_APPLICABLE","NOT_APPLICABLE","correct"
"33","Variance Test","Partial Correlation Coefficient","NOT_APPLICABLE","NOT_APPLICABLE","correct"
"33","Variance Test","Kolmogorov-Smirnov Test for Uniform distribution","NOT_APPLICABLE","NOT_APPLICABLE","correct"
"33","Variance Test","Lilliefors Test","NOT_APPLICABLE","NOT_APPLICABLE","correct"
"33","Variance Test","Kolmogorov-Smirnov Test","NOT_APPLICABLE","NOT_APPLICABLE","correct"
"33","Variance Test","Kolmogorov-Smirnov Test for Gamma distribution","NOT_APPLICABLE","NOT_APPLICABLE","correct"
"33","Variance Test","Chi-square Independence Test","NOT_APPLICABLE","NOT_APPLICABLE","correct"
"33","Variance Test","Mantel-Haenszel Test","NOT_APPLICABLE","NOT_APPLICABLE","correct"
"33","Variance Test","Kolmogorov-Smirnov Test for Exponential distribution","NOT_APPLICABLE","NOT_APPLICABLE","correct"
"33","Variance Test","Fisher Exact Test","NOT_APPLICABLE","NOT_APPLICABLE","correct"
"33","Variance Test","Mean","NOT_APPLICABLE","NOT_APPLICABLE","correct"
"33","Variance Test","Median","NOT_APPLICABLE","NOT_APPLICABLE","correct"
"33","Variance Test","Range","NOT_APPLICABLE","NOT_APPLICABLE","correct"
"33","Variance Test","Mode","NOT_APPLICABLE","NOT_APPLICABLE","correct"
"33","Variance Test","Standard Deviation","NOT_APPLICABLE","NOT_APPLICABLE","correct"
"33","Variance Test","Quartile","NOT_APPLICABLE","NOT_APPLICABLE","correct"
"33","Variance Test","Skewness","NOT_APPLICABLE","NOT_APPLICABLE","correct"
"33","Variance Test","Kurtosis","NOT_APPLICABLE","NOT_APPLICABLE","correct"
"33","Variance Test","Mood Variance Test","NOT_APPLICABLE","APPLICABLE","wrong"
"33","Variance Test","Levene Test","NOT_APPLICABLE","APPLICABLE","wrong"
"33","Variance Test","Bartlett Test","NOT_APPLICABLE","APPLICABLE","wrong"
"33","Variance Test","F-Test for Variance","NOT_APPLICABLE","APPLICABLE","wrong"
"34","Correlation Analysis","Pearson Correlation Coefficient","NOT_APPLICABLE","APPLICABLE","wrong"
"34","Correlation Analysis","Spearman Correlation Coefficient","APPLICABLE","APPLICABLE","correct"
"34","Correlation Analysis","Kendall Correlation Coefficient","APPLICABLE","APPLICABLE","correct"
"34","Correlation Analysis","Partial Correlation Coefficient","NOT_APPLICABLE","NOT_APPLICABLE","correct"
"34","Correlation Analysis","Shapiro-Wilk Test of Normality","NOT_APPLICABLE","NOT_APPLICABLE","correct"
"34","Correlation Analysis","Kolmogorov-Smirnov Test for Normality","NOT_APPLICABLE","NOT_APPLICABLE","correct"
"34","Correlation Analysis","Anderson-Darling Test","NOT_APPLICABLE","NOT_APPLICABLE","correct"
"34","Correlation Analysis","Kolmogorov-Smirnov Test for Gamma distribution","NOT_APPLICABLE","NOT_APPLICABLE","correct"
"34","Correlation Analysis","Kolmogorov-Smirnov Test for Exponential distribution","NOT_APPLICABLE","NOT_APPLICABLE","correct"
"34","Correlation Analysis","Kolmogorov-Smirnov Test","NOT_APPLICABLE","NOT_APPLICABLE","correct"
"34","Correlation Analysis","Kolmogorov-Smirnov Test for Uniform distribution","NOT_APPLICABLE","NOT_APPLICABLE","correct"
"34","Correlation Analysis","Chi-square Independence Test","NOT_APPLICABLE","NOT_APPLICABLE","correct"
"34","Correlation Analysis","Lilliefors Test","NOT_APPLICABLE","NOT_APPLICABLE","correct"
"34","Correlation Analysis","Median","NOT_APPLICABLE","NOT_APPLICABLE","correct"
"34","Correlation Analysis","Fisher Exact Test","NOT_APPLICABLE","NOT_APPLICABLE","correct"
"34","Correlation Analysis","Mantel-Haenszel Test","NOT_APPLICABLE","NOT_APPLICABLE","correct"
"34","Correlation Analysis","Mode","NOT_APPLICABLE","NOT_APPLICABLE","correct"
"34","Correlation Analysis","Range","NOT_APPLICABLE","NOT_APPLICABLE","correct"
"34","Correlation Analysis","Quartile","NOT_APPLICABLE","NOT_APPLICABLE","correct"
"34","Correlation Analysis","Standard Deviation","NOT_APPLICABLE","NOT_APPLICABLE","correct"
"34","Correlation Analysis","Mean","NOT_APPLICABLE","NOT_APPLICABLE","correct"
"34","Correlation Analysis","Skewness","NOT_APPLICABLE","NOT_APPLICABLE","correct"
"34","Correlation Analysis","Levene Test","NOT_APPLICABLE","NOT_APPLICABLE","correct"
"34","Correlation Analysis","Bartlett Test","NOT_APPLICABLE","NOT_APPLICABLE","correct"
"34","Correlation Analysis","Kurtosis","NOT_APPLICABLE","NOT_APPLICABLE","correct"
"34","Correlation Analysis","F-Test for Variance","NOT_APPLICABLE","NOT_APPLICABLE","correct"
"35","Contingency Table Test","Pearson Correlation Coefficient","NOT_APPLICABLE","NOT_APPLICABLE","correct"
"35","Contingency Table Test","Spearman Correlation Coefficient","NOT_APPLICABLE","NOT_APPLICABLE","correct"
"34","Correlation Analysis","Mood Variance Test","NOT_APPLICABLE","NOT_APPLICABLE","correct"
"35","Contingency Table Test","Kendall Correlation Coefficient","NOT_APPLICABLE","NOT_APPLICABLE","correct"
"35","Contingency Table Test","Partial Correlation Coefficient","NOT_APPLICABLE","NOT_APPLICABLE","correct"
"35","Contingency Table Test","Shapiro-Wilk Test of Normality","NOT_APPLICABLE","NOT_APPLICABLE","correct"
"35","Contingency Table Test","Anderson-Darling Test","NOT_APPLICABLE","NOT_APPLICABLE","correct"
"35","Contingency Table Test","Lilliefors Test","NOT_APPLICABLE","NOT_APPLICABLE","correct"
"35","Contingency Table Test","Kolmogorov-Smirnov Test for Normality","NOT_APPLICABLE","NOT_APPLICABLE","correct"
"35","Contingency Table Test","Kolmogorov-Smirnov Test","NOT_APPLICABLE","NOT_APPLICABLE","correct"
"35","Contingency Table Test","Kolmogorov-Smirnov Test for Uniform distribution","NOT_APPLICABLE","NOT_APPLICABLE","correct"
"35","Contingency Table Test","Kolmogorov-Smirnov Test for Gamma distribution","NOT_APPLICABLE","NOT_APPLICABLE","correct"
"35","Contingency Table Test","Chi-square Independence Test","APPLICABLE","APPLICABLE","correct"
"35","Contingency Table Test","Kolmogorov-Smirnov Test for Exponential distribution","NOT_APPLICABLE","NOT_APPLICABLE","correct"
"35","Contingency Table Test","Fisher Exact Test","NOT_APPLICABLE","APPLICABLE","wrong"
"35","Contingency Table Test","Mantel-Haenszel Test","NOT_APPLICABLE","NOT_APPLICABLE","correct"
"35","Contingency Table Test","Mean","NOT_APPLICABLE","NOT_APPLICABLE","correct"
"35","Contingency Table Test","Range","NOT_APPLICABLE","NOT_APPLICABLE","correct"
"35","Contingency Table Test","Mode","NOT_APPLICABLE","NOT_APPLICABLE","correct"
"35","Contingency Table Test","Median","NOT_APPLICABLE","NOT_APPLICABLE","correct"
"35","Contingency Table Test","Standard Deviation","NOT_APPLICABLE","NOT_APPLICABLE","correct"
"35","Contingency Table Test","Skewness","NOT_APPLICABLE","NOT_APPLICABLE","correct"
"35","Contingency Table Test","Kurtosis","NOT_APPLICABLE","NOT_APPLICABLE","correct"
"35","Contingency Table Test","Mood Variance Test","NOT_APPLICABLE","NOT_APPLICABLE","correct"
"35","Contingency Table Test","Quartile","NOT_APPLICABLE","NOT_APPLICABLE","correct"
"35","Contingency Table Test","Levene Test","NOT_APPLICABLE","NOT_APPLICABLE","correct"
"35","Contingency Table Test","Bartlett Test","NOT_APPLICABLE","NOT_APPLICABLE","correct"
"35","Contingency Table Test","F-Test for Variance","NOT_APPLICABLE","NOT_APPLICABLE","correct"
"36","Variance Test","Spearman Correlation Coefficient","APPLICABLE","NOT_APPLICABLE","wrong"
"36","Variance Test","Pearson Correlation Coefficient","NOT_APPLICABLE","NOT_APPLICABLE","correct"
"36","Variance Test","Partial Correlation Coefficient","NOT_APPLICABLE","NOT_APPLICABLE","correct"
"36","Variance Test","Anderson-Darling Test","NOT_APPLICABLE","NOT_APPLICABLE","correct"
"36","Variance Test","Shapiro-Wilk Test of Normality","NOT_APPLICABLE","NOT_APPLICABLE","correct"
"36","Variance Test","Kolmogorov-Smirnov Test for Normality","NOT_APPLICABLE","NOT_APPLICABLE","correct"
"36","Variance Test","Kendall Correlation Coefficient","NOT_APPLICABLE","NOT_APPLICABLE","correct"
"36","Variance Test","Kolmogorov-Smirnov Test","NOT_APPLICABLE","NOT_APPLICABLE","correct"
"36","Variance Test","Lilliefors Test","NOT_APPLICABLE","NOT_APPLICABLE","correct"
"36","Variance Test","Kolmogorov-Smirnov Test for Gamma distribution","NOT_APPLICABLE","NOT_APPLICABLE","correct"
"36","Variance Test","Kolmogorov-Smirnov Test for Exponential distribution","NOT_APPLICABLE","NOT_APPLICABLE","correct"
"36","Variance Test","Kolmogorov-Smirnov Test for Uniform distribution","NOT_APPLICABLE","NOT_APPLICABLE","correct"
"36","Variance Test","Fisher Exact Test","NOT_APPLICABLE","NOT_APPLICABLE","correct"
"36","Variance Test","Mantel-Haenszel Test","NOT_APPLICABLE","NOT_APPLICABLE","correct"
"36","Variance Test","Chi-square Independence Test","NOT_APPLICABLE","NOT_APPLICABLE","correct"
"36","Variance Test","Median","NOT_APPLICABLE","NOT_APPLICABLE","correct"
"36","Variance Test","Mode","NOT_APPLICABLE","NOT_APPLICABLE","correct"
"36","Variance Test","Range","NOT_APPLICABLE","NOT_APPLICABLE","correct"
"36","Variance Test","Quartile","NOT_APPLICABLE","NOT_APPLICABLE","correct"
"36","Variance Test","Mean","NOT_APPLICABLE","NOT_APPLICABLE","correct"
"36","Variance Test","Standard Deviation","APPLICABLE","NOT_APPLICABLE","wrong"
"36","Variance Test","Skewness","NOT_APPLICABLE","NOT_APPLICABLE","correct"
"36","Variance Test","Mood Variance Test","NOT_APPLICABLE","APPLICABLE","wrong"
"36","Variance Test","Kurtosis","NOT_APPLICABLE","NOT_APPLICABLE","correct"
"36","Variance Test","F-Test for Variance","NOT_APPLICABLE","NOT_APPLICABLE","correct"
"36","Variance Test","Levene Test","APPLICABLE","APPLICABLE","correct"
"36","Variance Test","Bartlett Test","NOT_APPLICABLE","NOT_APPLICABLE","correct"
"37","Distribution Compliance Test","Pearson Correlation Coefficient","NOT_APPLICABLE","NOT_APPLICABLE","correct"
"37","Distribution Compliance Test","Spearman Correlation Coefficient","APPLICABLE","NOT_APPLICABLE","wrong"
"37","Distribution Compliance Test","Partial Correlation Coefficient","NOT_APPLICABLE","NOT_APPLICABLE","correct"
"37","Distribution Compliance Test","Kolmogorov-Smirnov Test for Normality","NOT_APPLICABLE","APPLICABLE","wrong"
"37","Distribution Compliance Test","Kendall Correlation Coefficient","APPLICABLE","NOT_APPLICABLE","wrong"
"37","Distribution Compliance Test","Shapiro-Wilk Test of Normality","NOT_APPLICABLE","APPLICABLE","wrong"
"37","Distribution Compliance Test","Anderson-Darling Test","NOT_APPLICABLE","APPLICABLE","wrong"
"37","Distribution Compliance Test","Lilliefors Test","NOT_APPLICABLE","NOT_APPLICABLE","correct"
"37","Distribution Compliance Test","Kolmogorov-Smirnov Test","APPLICABLE","NOT_APPLICABLE","wrong"
"37","Distribution Compliance Test","Kolmogorov-Smirnov Test for Uniform distribution","NOT_APPLICABLE","NOT_APPLICABLE","correct"
"37","Distribution Compliance Test","Kolmogorov-Smirnov Test for Exponential distribution","NOT_APPLICABLE","NOT_APPLICABLE","correct"
"37","Distribution Compliance Test","Kolmogorov-Smirnov Test for Gamma distribution","NOT_APPLICABLE","NOT_APPLICABLE","correct"
"37","Distribution Compliance Test","Chi-square Independence Test","NOT_APPLICABLE","NOT_APPLICABLE","correct"
"37","Distribution Compliance Test","Mantel-Haenszel Test","NOT_APPLICABLE","NOT_APPLICABLE","correct"
"37","Distribution Compliance Test","Mean","NOT_APPLICABLE","NOT_APPLICABLE","correct"
"37","Distribution Compliance Test","Fisher Exact Test","NOT_APPLICABLE","NOT_APPLICABLE","correct"
"37","Distribution Compliance Test","Median","APPLICABLE","NOT_APPLICABLE","wrong"
"37","Distribution Compliance Test","Mode","NOT_APPLICABLE","NOT_APPLICABLE","correct"
"37","Distribution Compliance Test","Quartile","APPLICABLE","NOT_APPLICABLE","wrong"
"37","Distribution Compliance Test","Range","APPLICABLE","NOT_APPLICABLE","wrong"
"37","Distribution Compliance Test","Standard Deviation","NOT_APPLICABLE","NOT_APPLICABLE","correct"
"37","Distribution Compliance Test","Skewness","APPLICABLE","NOT_APPLICABLE","wrong"
"37","Distribution Compliance Test","Kurtosis","NOT_APPLICABLE","NOT_APPLICABLE","correct"
"37","Distribution Compliance Test","Levene Test","NOT_APPLICABLE","NOT_APPLICABLE","correct"
"37","Distribution Compliance Test","Mood Variance Test","NOT_APPLICABLE","NOT_APPLICABLE","correct"
"37","Distribution Compliance Test","Bartlett Test","NOT_APPLICABLE","NOT_APPLICABLE","correct"
"37","Distribution Compliance Test","F-Test for Variance","NOT_APPLICABLE","NOT_APPLICABLE","correct"
"38","Distribution Compliance Test","Kendall Correlation Coefficient","APPLICABLE","NOT_APPLICABLE","wrong"
"38","Distribution Compliance Test","Pearson Correlation Coefficient","NOT_APPLICABLE","NOT_APPLICABLE","correct"
"38","Distribution Compliance Test","Anderson-Darling Test","NOT_APPLICABLE","APPLICABLE","wrong"
"38","Distribution Compliance Test","Spearman Correlation Coefficient","APPLICABLE","NOT_APPLICABLE","wrong"
"38","Distribution Compliance Test","Partial Correlation Coefficient","NOT_APPLICABLE","NOT_APPLICABLE","correct"
"38","Distribution Compliance Test","Shapiro-Wilk Test of Normality","NOT_APPLICABLE","NOT_APPLICABLE","correct"
"38","Distribution Compliance Test","Lilliefors Test","NOT_APPLICABLE","APPLICABLE","wrong"
"38","Distribution Compliance Test","Kolmogorov-Smirnov Test for Normality","NOT_APPLICABLE","APPLICABLE","wrong"
"38","Distribution Compliance Test","Kolmogorov-Smirnov Test for Gamma distribution","NOT_APPLICABLE","NOT_APPLICABLE","correct"
"38","Distribution Compliance Test","Kolmogorov-Smirnov Test for Exponential distribution","NOT_APPLICABLE","NOT_APPLICABLE","correct"
"38","Distribution Compliance Test","Chi-square Independence Test","NOT_APPLICABLE","NOT_APPLICABLE","correct"
"38","Distribution Compliance Test","Kolmogorov-Smirnov Test for Uniform distribution","NOT_APPLICABLE","NOT_APPLICABLE","correct"
"38","Distribution Compliance Test","Kolmogorov-Smirnov Test","NOT_APPLICABLE","NOT_APPLICABLE","correct"
"38","Distribution Compliance Test","Median","APPLICABLE","NOT_APPLICABLE","wrong"
"38","Distribution Compliance Test","Mean","NOT_APPLICABLE","NOT_APPLICABLE","correct"
"38","Distribution Compliance Test","Fisher Exact Test","NOT_APPLICABLE","NOT_APPLICABLE","correct"
"38","Distribution Compliance Test","Mantel-Haenszel Test","NOT_APPLICABLE","NOT_APPLICABLE","correct"
"38","Distribution Compliance Test","Mode","NOT_APPLICABLE","NOT_APPLICABLE","correct"
"38","Distribution Compliance Test","Range","APPLICABLE","NOT_APPLICABLE","wrong"
"38","Distribution Compliance Test","Standard Deviation","APPLICABLE","NOT_APPLICABLE","wrong"
"38","Distribution Compliance Test","Quartile","APPLICABLE","NOT_APPLICABLE","wrong"
"38","Distribution Compliance Test","Skewness","APPLICABLE","NOT_APPLICABLE","wrong"
"38","Distribution Compliance Test","Kurtosis","NOT_APPLICABLE","NOT_APPLICABLE","correct"
"38","Distribution Compliance Test","Bartlett Test","NOT_APPLICABLE","NOT_APPLICABLE","correct"
"38","Distribution Compliance Test","Mood Variance Test","NOT_APPLICABLE","NOT_APPLICABLE","correct"
"38","Distribution Compliance Test","Levene Test","APPLICABLE","NOT_APPLICABLE","wrong"
"39","Distribution Compliance Test","Pearson Correlation Coefficient","NOT_APPLICABLE","NOT_APPLICABLE","correct"
"38","Distribution Compliance Test","F-Test for Variance","NOT_APPLICABLE","NOT_APPLICABLE","correct"
"39","Distribution Compliance Test","Spearman Correlation Coefficient","NOT_APPLICABLE","NOT_APPLICABLE","correct"
"39","Distribution Compliance Test","Partial Correlation Coefficient","NOT_APPLICABLE","NOT_APPLICABLE","correct"
"39","Distribution Compliance Test","Shapiro-Wilk Test of Normality","NOT_APPLICABLE","NOT_APPLICABLE","correct"
"39","Distribution Compliance Test","Anderson-Darling Test","NOT_APPLICABLE","APPLICABLE","wrong"
"39","Distribution Compliance Test","Kendall Correlation Coefficient","NOT_APPLICABLE","NOT_APPLICABLE","correct"
"39","Distribution Compliance Test","Kolmogorov-Smirnov Test for Normality","NOT_APPLICABLE","APPLICABLE","wrong"
"39","Distribution Compliance Test","Kolmogorov-Smirnov Test","NOT_APPLICABLE","NOT_APPLICABLE","correct"
"39","Distribution Compliance Test","Kolmogorov-Smirnov Test for Uniform distribution","NOT_APPLICABLE","NOT_APPLICABLE","correct"
"39","Distribution Compliance Test","Lilliefors Test","NOT_APPLICABLE","APPLICABLE","wrong"
"39","Distribution Compliance Test","Kolmogorov-Smirnov Test for Exponential distribution","NOT_APPLICABLE","NOT_APPLICABLE","correct"
"39","Distribution Compliance Test","Kolmogorov-Smirnov Test for Gamma distribution","NOT_APPLICABLE","NOT_APPLICABLE","correct"
"39","Distribution Compliance Test","Chi-square Independence Test","NOT_APPLICABLE","NOT_APPLICABLE","correct"
"39","Distribution Compliance Test","Mantel-Haenszel Test","NOT_APPLICABLE","NOT_APPLICABLE","correct"
"39","Distribution Compliance Test","Fisher Exact Test","NOT_APPLICABLE","NOT_APPLICABLE","correct"
"39","Distribution Compliance Test","Median","NOT_APPLICABLE","NOT_APPLICABLE","correct"
"39","Distribution Compliance Test","Mean","NOT_APPLICABLE","NOT_APPLICABLE","correct"
"39","Distribution Compliance Test","Mode","NOT_APPLICABLE","NOT_APPLICABLE","correct"
"39","Distribution Compliance Test","Range","NOT_APPLICABLE","NOT_APPLICABLE","correct"
"39","Distribution Compliance Test","Skewness","NOT_APPLICABLE","NOT_APPLICABLE","correct"
"39","Distribution Compliance Test","Quartile","NOT_APPLICABLE","NOT_APPLICABLE","correct"
"39","Distribution Compliance Test","Standard Deviation","NOT_APPLICABLE","NOT_APPLICABLE","correct"
"39","Distribution Compliance Test","Kurtosis","NOT_APPLICABLE","NOT_APPLICABLE","correct"
"39","Distribution Compliance Test","F-Test for Variance","NOT_APPLICABLE","NOT_APPLICABLE","correct"
"39","Distribution Compliance Test","Levene Test","NOT_APPLICABLE","NOT_APPLICABLE","correct"
"39","Distribution Compliance Test","Mood Variance Test","NOT_APPLICABLE","NOT_APPLICABLE","correct"
"40","Variance Test","Pearson Correlation Coefficient","NOT_APPLICABLE","NOT_APPLICABLE","correct"
"40","Variance Test","Kendall Correlation Coefficient","NOT_APPLICABLE","NOT_APPLICABLE","correct"
"39","Distribution Compliance Test","Bartlett Test","NOT_APPLICABLE","NOT_APPLICABLE","correct"
"40","Variance Test","Spearman Correlation Coefficient","NOT_APPLICABLE","NOT_APPLICABLE","correct"
"40","Variance Test","Shapiro-Wilk Test of Normality","NOT_APPLICABLE","NOT_APPLICABLE","correct"
"40","Variance Test","Kolmogorov-Smirnov Test for Normality","NOT_APPLICABLE","NOT_APPLICABLE","correct"
"40","Variance Test","Anderson-Darling Test","NOT_APPLICABLE","NOT_APPLICABLE","correct"
"40","Variance Test","Partial Correlation Coefficient","NOT_APPLICABLE","NOT_APPLICABLE","correct"
"40","Variance Test","Lilliefors Test","NOT_APPLICABLE","NOT_APPLICABLE","correct"
"40","Variance Test","Kolmogorov-Smirnov Test","NOT_APPLICABLE","NOT_APPLICABLE","correct"
"40","Variance Test","Kolmogorov-Smirnov Test for Gamma distribution","NOT_APPLICABLE","NOT_APPLICABLE","correct"
"40","Variance Test","Kolmogorov-Smirnov Test for Exponential distribution","NOT_APPLICABLE","NOT_APPLICABLE","correct"
"40","Variance Test","Chi-square Independence Test","NOT_APPLICABLE","NOT_APPLICABLE","correct"
"40","Variance Test","Kolmogorov-Smirnov Test for Uniform distribution","NOT_APPLICABLE","NOT_APPLICABLE","correct"
"40","Variance Test","Fisher Exact Test","NOT_APPLICABLE","NOT_APPLICABLE","correct"
"40","Variance Test","Mantel-Haenszel Test","NOT_APPLICABLE","NOT_APPLICABLE","correct"
"40","Variance Test","Mean","NOT_APPLICABLE","NOT_APPLICABLE","correct"
"40","Variance Test","Median","NOT_APPLICABLE","NOT_APPLICABLE","correct"
"40","Variance Test","Mode","NOT_APPLICABLE","NOT_APPLICABLE","correct"
"40","Variance Test","Quartile","NOT_APPLICABLE","NOT_APPLICABLE","correct"
"40","Variance Test","Range","NOT_APPLICABLE","NOT_APPLICABLE","correct"
"40","Variance Test","Standard Deviation","NOT_APPLICABLE","NOT_APPLICABLE","correct"
"40","Variance Test","Skewness","NOT_APPLICABLE","NOT_APPLICABLE","correct"
"40","Variance Test","Mood Variance Test","NOT_APPLICABLE","APPLICABLE","wrong"
"40","Variance Test","Kurtosis","NOT_APPLICABLE","NOT_APPLICABLE","correct"
"40","Variance Test","F-Test for Variance","NOT_APPLICABLE","APPLICABLE","wrong"
"40","Variance Test","Levene Test","NOT_APPLICABLE","APPLICABLE","wrong"
"41","Correlation Analysis","Pearson Correlation Coefficient","NOT_APPLICABLE","APPLICABLE","wrong"
"40","Variance Test","Bartlett Test","NOT_APPLICABLE","APPLICABLE","wrong"
"41","Correlation Analysis","Spearman Correlation Coefficient","APPLICABLE","APPLICABLE","correct"
"41","Correlation Analysis","Anderson-Darling Test","NOT_APPLICABLE","NOT_APPLICABLE","correct"
"41","Correlation Analysis","Partial Correlation Coefficient","NOT_APPLICABLE","NOT_APPLICABLE","correct"
"41","Correlation Analysis","Shapiro-Wilk Test of Normality","NOT_APPLICABLE","NOT_APPLICABLE","correct"
"41","Correlation Analysis","Kolmogorov-Smirnov Test for Normality","NOT_APPLICABLE","NOT_APPLICABLE","correct"
"41","Correlation Analysis","Kendall Correlation Coefficient","APPLICABLE","APPLICABLE","correct"
"41","Correlation Analysis","Lilliefors Test","NOT_APPLICABLE","NOT_APPLICABLE","correct"
"41","Correlation Analysis","Kolmogorov-Smirnov Test","NOT_APPLICABLE","NOT_APPLICABLE","correct"
"41","Correlation Analysis","Kolmogorov-Smirnov Test for Uniform distribution","NOT_APPLICABLE","NOT_APPLICABLE","correct"
"41","Correlation Analysis","Kolmogorov-Smirnov Test for Gamma distribution","NOT_APPLICABLE","NOT_APPLICABLE","correct"
"41","Correlation Analysis","Chi-square Independence Test","NOT_APPLICABLE","NOT_APPLICABLE","correct"
"41","Correlation Analysis","Kolmogorov-Smirnov Test for Exponential distribution","NOT_APPLICABLE","NOT_APPLICABLE","correct"
"41","Correlation Analysis","Mean","NOT_APPLICABLE","NOT_APPLICABLE","correct"
"41","Correlation Analysis","Fisher Exact Test","NOT_APPLICABLE","NOT_APPLICABLE","correct"
"41","Correlation Analysis","Median","NOT_APPLICABLE","NOT_APPLICABLE","correct"
"41","Correlation Analysis","Mantel-Haenszel Test","NOT_APPLICABLE","NOT_APPLICABLE","correct"
"41","Correlation Analysis","Mode","NOT_APPLICABLE","NOT_APPLICABLE","correct"
"41","Correlation Analysis","Quartile","NOT_APPLICABLE","NOT_APPLICABLE","correct"
"41","Correlation Analysis","Range","NOT_APPLICABLE","NOT_APPLICABLE","correct"
"41","Correlation Analysis","Standard Deviation","NOT_APPLICABLE","NOT_APPLICABLE","correct"
"41","Correlation Analysis","Skewness","NOT_APPLICABLE","NOT_APPLICABLE","correct"
"41","Correlation Analysis","Kurtosis","NOT_APPLICABLE","NOT_APPLICABLE","correct"
"41","Correlation Analysis","Mood Variance Test","NOT_APPLICABLE","NOT_APPLICABLE","correct"
"41","Correlation Analysis","Levene Test","NOT_APPLICABLE","NOT_APPLICABLE","correct"
"41","Correlation Analysis","Bartlett Test","NOT_APPLICABLE","NOT_APPLICABLE","correct"
"41","Correlation Analysis","F-Test for Variance","NOT_APPLICABLE","NOT_APPLICABLE","correct"
"42","Distribution Compliance Test","Spearman Correlation Coefficient","NOT_APPLICABLE","NOT_APPLICABLE","correct"
"42","Distribution Compliance Test","Kendall Correlation Coefficient","NOT_APPLICABLE","NOT_APPLICABLE","correct"
"42","Distribution Compliance Test","Pearson Correlation Coefficient","NOT_APPLICABLE","NOT_APPLICABLE","correct"
"42","Distribution Compliance Test","Partial Correlation Coefficient","NOT_APPLICABLE","NOT_APPLICABLE","correct"
"42","Distribution Compliance Test","Lilliefors Test","APPLICABLE","NOT_APPLICABLE","wrong"
"42","Distribution Compliance Test","Kolmogorov-Smirnov Test for Normality","APPLICABLE","APPLICABLE","correct"
"42","Distribution Compliance Test","Anderson-Darling Test","APPLICABLE","APPLICABLE","correct"
"42","Distribution Compliance Test","Shapiro-Wilk Test of Normality","APPLICABLE","APPLICABLE","correct"
"42","Distribution Compliance Test","Kolmogorov-Smirnov Test","APPLICABLE","NOT_APPLICABLE","wrong"
"42","Distribution Compliance Test","Chi-square Independence Test","NOT_APPLICABLE","NOT_APPLICABLE","correct"
"42","Distribution Compliance Test","Kolmogorov-Smirnov Test for Gamma distribution","NOT_APPLICABLE","NOT_APPLICABLE","correct"
"42","Distribution Compliance Test","Kolmogorov-Smirnov Test for Uniform distribution","NOT_APPLICABLE","NOT_APPLICABLE","correct"
"42","Distribution Compliance Test","Kolmogorov-Smirnov Test for Exponential distribution","NOT_APPLICABLE","NOT_APPLICABLE","correct"
"42","Distribution Compliance Test","Fisher Exact Test","NOT_APPLICABLE","NOT_APPLICABLE","correct"
"42","Distribution Compliance Test","Median","NOT_APPLICABLE","NOT_APPLICABLE","correct"
"42","Distribution Compliance Test","Mean","NOT_APPLICABLE","NOT_APPLICABLE","correct"
"42","Distribution Compliance Test","Mantel-Haenszel Test","NOT_APPLICABLE","NOT_APPLICABLE","correct"
"42","Distribution Compliance Test","Mode","NOT_APPLICABLE","NOT_APPLICABLE","correct"
"42","Distribution Compliance Test","Range","NOT_APPLICABLE","NOT_APPLICABLE","correct"
"42","Distribution Compliance Test","Quartile","NOT_APPLICABLE","NOT_APPLICABLE","correct"
"42","Distribution Compliance Test","Skewness","APPLICABLE","NOT_APPLICABLE","wrong"
"42","Distribution Compliance Test","Standard Deviation","NOT_APPLICABLE","NOT_APPLICABLE","correct"
"42","Distribution Compliance Test","Mood Variance Test","NOT_APPLICABLE","NOT_APPLICABLE","correct"
"42","Distribution Compliance Test","Kurtosis","NOT_APPLICABLE","NOT_APPLICABLE","correct"
"42","Distribution Compliance Test","F-Test for Variance","NOT_APPLICABLE","NOT_APPLICABLE","correct"
"42","Distribution Compliance Test","Levene Test","NOT_APPLICABLE","NOT_APPLICABLE","correct"
"42","Distribution Compliance Test","Bartlett Test","NOT_APPLICABLE","NOT_APPLICABLE","correct"
"43","Variance Test","Kendall Correlation Coefficient","APPLICABLE","NOT_APPLICABLE","wrong"
"43","Variance Test","Spearman Correlation Coefficient","APPLICABLE","NOT_APPLICABLE","wrong"
"43","Variance Test","Pearson Correlation Coefficient","NOT_APPLICABLE","NOT_APPLICABLE","correct"
"43","Variance Test","Partial Correlation Coefficient","NOT_APPLICABLE","NOT_APPLICABLE","correct"
"43","Variance Test","Anderson-Darling Test","NOT_APPLICABLE","NOT_APPLICABLE","correct"
"43","Variance Test","Shapiro-Wilk Test of Normality","NOT_APPLICABLE","NOT_APPLICABLE","correct"
"43","Variance Test","Lilliefors Test","NOT_APPLICABLE","NOT_APPLICABLE","correct"
"43","Variance Test","Kolmogorov-Smirnov Test for Normality","NOT_APPLICABLE","NOT_APPLICABLE","correct"
"43","Variance Test","Kolmogorov-Smirnov Test","NOT_APPLICABLE","NOT_APPLICABLE","correct"
"43","Variance Test","Chi-square Independence Test","NOT_APPLICABLE","NOT_APPLICABLE","correct"
"43","Variance Test","Kolmogorov-Smirnov Test for Uniform distribution","NOT_APPLICABLE","NOT_APPLICABLE","correct"
"43","Variance Test","Kolmogorov-Smirnov Test for Exponential distribution","NOT_APPLICABLE","NOT_APPLICABLE","correct"
"43","Variance Test","Kolmogorov-Smirnov Test for Gamma distribution","NOT_APPLICABLE","NOT_APPLICABLE","correct"
"43","Variance Test","Fisher Exact Test","NOT_APPLICABLE","NOT_APPLICABLE","correct"
"43","Variance Test","Mean","NOT_APPLICABLE","NOT_APPLICABLE","correct"
"43","Variance Test","Mantel-Haenszel Test","NOT_APPLICABLE","NOT_APPLICABLE","correct"
"43","Variance Test","Median","NOT_APPLICABLE","NOT_APPLICABLE","correct"
"43","Variance Test","Range","NOT_APPLICABLE","NOT_APPLICABLE","correct"
"43","Variance Test","Mode","NOT_APPLICABLE","NOT_APPLICABLE","correct"
"43","Variance Test","Standard Deviation","APPLICABLE","NOT_APPLICABLE","wrong"
"43","Variance Test","Skewness","NOT_APPLICABLE","NOT_APPLICABLE","correct"
"43","Variance Test","Quartile","NOT_APPLICABLE","NOT_APPLICABLE","correct"
"43","Variance Test","Mood Variance Test","NOT_APPLICABLE","APPLICABLE","wrong"
"43","Variance Test","F-Test for Variance","NOT_APPLICABLE","NOT_APPLICABLE","correct"
"43","Variance Test","Bartlett Test","NOT_APPLICABLE","NOT_APPLICABLE","correct"
"43","Variance Test","Levene Test","APPLICABLE","APPLICABLE","correct"
"43","Variance Test","Kurtosis","NOT_APPLICABLE","NOT_APPLICABLE","correct"
"44","Contingency Table Test","Partial Correlation Coefficient","NOT_APPLICABLE","NOT_APPLICABLE","correct"
"44","Contingency Table Test","Anderson-Darling Test","NOT_APPLICABLE","NOT_APPLICABLE","correct"
"44","Contingency Table Test","Kendall Correlation Coefficient","NOT_APPLICABLE","NOT_APPLICABLE","correct"
"44","Contingency Table Test","Spearman Correlation Coefficient","NOT_APPLICABLE","NOT_APPLICABLE","correct"
"44","Contingency Table Test","Pearson Correlation Coefficient","NOT_APPLICABLE","NOT_APPLICABLE","correct"
"44","Contingency Table Test","Shapiro-Wilk Test of Normality","NOT_APPLICABLE","NOT_APPLICABLE","correct"
"44","Contingency Table Test","Kolmogorov-Smirnov Test","NOT_APPLICABLE","NOT_APPLICABLE","correct"
"44","Contingency Table Test","Kolmogorov-Smirnov Test for Uniform distribution","NOT_APPLICABLE","NOT_APPLICABLE","correct"
"44","Contingency Table Test","Lilliefors Test","NOT_APPLICABLE","NOT_APPLICABLE","correct"
"44","Contingency Table Test","Kolmogorov-Smirnov Test for Normality","NOT_APPLICABLE","NOT_APPLICABLE","correct"
"44","Contingency Table Test","Fisher Exact Test","NOT_APPLICABLE","NOT_APPLICABLE","correct"
"44","Contingency Table Test","Chi-square Independence Test","APPLICABLE","APPLICABLE","correct"
"44","Contingency Table Test","Kolmogorov-Smirnov Test for Gamma distribution","NOT_APPLICABLE","NOT_APPLICABLE","correct"
"44","Contingency Table Test","Kolmogorov-Smirnov Test for Exponential distribution","NOT_APPLICABLE","NOT_APPLICABLE","correct"
"44","Contingency Table Test","Mantel-Haenszel Test","NOT_APPLICABLE","NOT_APPLICABLE","correct"
"44","Contingency Table Test","Median","NOT_APPLICABLE","NOT_APPLICABLE","correct"
"44","Contingency Table Test","Mean","NOT_APPLICABLE","NOT_APPLICABLE","correct"
"44","Contingency Table Test","Mode","NOT_APPLICABLE","NOT_APPLICABLE","correct"
"44","Contingency Table Test","Range","NOT_APPLICABLE","NOT_APPLICABLE","correct"
"44","Contingency Table Test","Quartile","NOT_APPLICABLE","NOT_APPLICABLE","correct"
"44","Contingency Table Test","Standard Deviation","NOT_APPLICABLE","NOT_APPLICABLE","correct"
"44","Contingency Table Test","Skewness","NOT_APPLICABLE","NOT_APPLICABLE","correct"
"44","Contingency Table Test","Kurtosis","NOT_APPLICABLE","NOT_APPLICABLE","correct"
"44","Contingency Table Test","Levene Test","NOT_APPLICABLE","NOT_APPLICABLE","correct"
"44","Contingency Table Test","Bartlett Test","NOT_APPLICABLE","NOT_APPLICABLE","correct"
"44","Contingency Table Test","F-Test for Variance","NOT_APPLICABLE","NOT_APPLICABLE","correct"
"45","Variance Test","Spearman Correlation Coefficient","NOT_APPLICABLE","NOT_APPLICABLE","correct"
"45","Variance Test","Pearson Correlation Coefficient","NOT_APPLICABLE","NOT_APPLICABLE","correct"
"44","Contingency Table Test","Mood Variance Test","NOT_APPLICABLE","NOT_APPLICABLE","correct"
"45","Variance Test","Kendall Correlation Coefficient","NOT_APPLICABLE","NOT_APPLICABLE","correct"
"45","Variance Test","Partial Correlation Coefficient","NOT_APPLICABLE","NOT_APPLICABLE","correct"
"45","Variance Test","Shapiro-Wilk Test of Normality","NOT_APPLICABLE","NOT_APPLICABLE","correct"
"45","Variance Test","Kolmogorov-Smirnov Test for Normality","NOT_APPLICABLE","NOT_APPLICABLE","correct"
"45","Variance Test","Lilliefors Test","NOT_APPLICABLE","NOT_APPLICABLE","correct"
"45","Variance Test","Anderson-Darling Test","NOT_APPLICABLE","NOT_APPLICABLE","correct"
"45","Variance Test","Kolmogorov-Smirnov Test","NOT_APPLICABLE","NOT_APPLICABLE","correct"
"45","Variance Test","Chi-square Independence Test","NOT_APPLICABLE","NOT_APPLICABLE","correct"
"45","Variance Test","Kolmogorov-Smirnov Test for Uniform distribution","NOT_APPLICABLE","NOT_APPLICABLE","correct"
"45","Variance Test","Kolmogorov-Smirnov Test for Exponential distribution","NOT_APPLICABLE","NOT_APPLICABLE","correct"
"45","Variance Test","Kolmogorov-Smirnov Test for Gamma distribution","NOT_APPLICABLE","NOT_APPLICABLE","correct"
"45","Variance Test","Mean","NOT_APPLICABLE","NOT_APPLICABLE","correct"
"45","Variance Test","Fisher Exact Test","NOT_APPLICABLE","NOT_APPLICABLE","correct"
"45","Variance Test","Mantel-Haenszel Test","NOT_APPLICABLE","NOT_APPLICABLE","correct"
"45","Variance Test","Median","NOT_APPLICABLE","NOT_APPLICABLE","correct"
"45","Variance Test","Mode","NOT_APPLICABLE","NOT_APPLICABLE","correct"
"45","Variance Test","Range","NOT_APPLICABLE","NOT_APPLICABLE","correct"
"45","Variance Test","Standard Deviation","NOT_APPLICABLE","NOT_APPLICABLE","correct"
"45","Variance Test","Skewness","NOT_APPLICABLE","NOT_APPLICABLE","correct"
"45","Variance Test","Quartile","NOT_APPLICABLE","NOT_APPLICABLE","correct"
"45","Variance Test","Kurtosis","NOT_APPLICABLE","NOT_APPLICABLE","correct"
"45","Variance Test","Levene Test","APPLICABLE","APPLICABLE","correct"
"45","Variance Test","Bartlett Test","NOT_APPLICABLE","NOT_APPLICABLE","correct"
"45","Variance Test","F-Test for Variance","NOT_APPLICABLE","NOT_APPLICABLE","correct"
"45","Variance Test","Mood Variance Test","NOT_APPLICABLE","APPLICABLE","wrong"
"46","Variance Test","Pearson Correlation Coefficient","NOT_APPLICABLE","NOT_APPLICABLE","correct"
"46","Variance Test","Spearman Correlation Coefficient","NOT_APPLICABLE","NOT_APPLICABLE","correct"
"46","Variance Test","Partial Correlation Coefficient","NOT_APPLICABLE","NOT_APPLICABLE","correct"
"46","Variance Test","Kendall Correlation Coefficient","NOT_APPLICABLE","NOT_APPLICABLE","correct"
"46","Variance Test","Anderson-Darling Test","NOT_APPLICABLE","NOT_APPLICABLE","correct"
"46","Variance Test","Shapiro-Wilk Test of Normality","NOT_APPLICABLE","NOT_APPLICABLE","correct"
"46","Variance Test","Lilliefors Test","NOT_APPLICABLE","NOT_APPLICABLE","correct"
"46","Variance Test","Kolmogorov-Smirnov Test for Normality","NOT_APPLICABLE","NOT_APPLICABLE","correct"
"46","Variance Test","Kolmogorov-Smirnov Test","NOT_APPLICABLE","NOT_APPLICABLE","correct"
"46","Variance Test","Kolmogorov-Smirnov Test for Uniform distribution","NOT_APPLICABLE","NOT_APPLICABLE","correct"
"46","Variance Test","Chi-square Independence Test","NOT_APPLICABLE","NOT_APPLICABLE","correct"
"46","Variance Test","Kolmogorov-Smirnov Test for Gamma distribution","NOT_APPLICABLE","NOT_APPLICABLE","correct"
"46","Variance Test","Kolmogorov-Smirnov Test for Exponential distribution","NOT_APPLICABLE","NOT_APPLICABLE","correct"
"46","Variance Test","Fisher Exact Test","NOT_APPLICABLE","NOT_APPLICABLE","correct"
"46","Variance Test","Mean","NOT_APPLICABLE","NOT_APPLICABLE","correct"
"46","Variance Test","Mantel-Haenszel Test","NOT_APPLICABLE","NOT_APPLICABLE","correct"
"46","Variance Test","Median","NOT_APPLICABLE","NOT_APPLICABLE","correct"
"46","Variance Test","Range","NOT_APPLICABLE","NOT_APPLICABLE","correct"
"46","Variance Test","Mode","NOT_APPLICABLE","NOT_APPLICABLE","correct"
"46","Variance Test","Standard Deviation","NOT_APPLICABLE","NOT_APPLICABLE","correct"
"46","Variance Test","Quartile","NOT_APPLICABLE","NOT_APPLICABLE","correct"
"46","Variance Test","Skewness","NOT_APPLICABLE","NOT_APPLICABLE","correct"
"46","Variance Test","Mood Variance Test","NOT_APPLICABLE","APPLICABLE","wrong"
"46","Variance Test","Kurtosis","NOT_APPLICABLE","NOT_APPLICABLE","correct"
"46","Variance Test","Bartlett Test","NOT_APPLICABLE","NOT_APPLICABLE","correct"
"46","Variance Test","Levene Test","APPLICABLE","APPLICABLE","correct"
"46","Variance Test","F-Test for Variance","NOT_APPLICABLE","NOT_APPLICABLE","correct"
"47","Correlation Analysis","Spearman Correlation Coefficient","APPLICABLE","NOT_APPLICABLE","wrong"
"47","Correlation Analysis","Pearson Correlation Coefficient","APPLICABLE","NOT_APPLICABLE","wrong"
"47","Correlation Analysis","Kendall Correlation Coefficient","NOT_APPLICABLE","APPLICABLE","wrong"
"47","Correlation Analysis","Anderson-Darling Test","NOT_APPLICABLE","NOT_APPLICABLE","correct"
"47","Correlation Analysis","Partial Correlation Coefficient","NOT_APPLICABLE","NOT_APPLICABLE","correct"
"47","Correlation Analysis","Kolmogorov-Smirnov Test for Normality","NOT_APPLICABLE","NOT_APPLICABLE","correct"
"47","Correlation Analysis","Shapiro-Wilk Test of Normality","NOT_APPLICABLE","NOT_APPLICABLE","correct"
"47","Correlation Analysis","Lilliefors Test","NOT_APPLICABLE","NOT_APPLICABLE","correct"
"47","Correlation Analysis","Kolmogorov-Smirnov Test","NOT_APPLICABLE","NOT_APPLICABLE","correct"
"47","Correlation Analysis","Kolmogorov-Smirnov Test for Uniform distribution","NOT_APPLICABLE","NOT_APPLICABLE","correct"
"47","Correlation Analysis","Kolmogorov-Smirnov Test for Exponential distribution","NOT_APPLICABLE","NOT_APPLICABLE","correct"
"47","Correlation Analysis","Kolmogorov-Smirnov Test for Gamma distribution","NOT_APPLICABLE","NOT_APPLICABLE","correct"
"47","Correlation Analysis","Chi-square Independence Test","NOT_APPLICABLE","NOT_APPLICABLE","correct"
"47","Correlation Analysis","Fisher Exact Test","NOT_APPLICABLE","NOT_APPLICABLE","correct"
"47","Correlation Analysis","Mantel-Haenszel Test","NOT_APPLICABLE","NOT_APPLICABLE","correct"
"47","Correlation Analysis","Median","NOT_APPLICABLE","NOT_APPLICABLE","correct"
"47","Correlation Analysis","Mean","NOT_APPLICABLE","NOT_APPLICABLE","correct"
"47","Correlation Analysis","Mode","NOT_APPLICABLE","NOT_APPLICABLE","correct"
"47","Correlation Analysis","Range","NOT_APPLICABLE","NOT_APPLICABLE","correct"
"47","Correlation Analysis","Skewness","NOT_APPLICABLE","NOT_APPLICABLE","correct"
"47","Correlation Analysis","Quartile","NOT_APPLICABLE","NOT_APPLICABLE","correct"
"47","Correlation Analysis","Standard Deviation","NOT_APPLICABLE","NOT_APPLICABLE","correct"
"47","Correlation Analysis","Kurtosis","NOT_APPLICABLE","NOT_APPLICABLE","correct"
"47","Correlation Analysis","Mood Variance Test","NOT_APPLICABLE","NOT_APPLICABLE","correct"
"47","Correlation Analysis","Levene Test","NOT_APPLICABLE","NOT_APPLICABLE","correct"
"47","Correlation Analysis","Bartlett Test","NOT_APPLICABLE","NOT_APPLICABLE","correct"
"47","Correlation Analysis","F-Test for Variance","NOT_APPLICABLE","NOT_APPLICABLE","correct"
"48","Distribution Compliance Test","Pearson Correlation Coefficient","NOT_APPLICABLE","NOT_APPLICABLE","correct"
"48","Distribution Compliance Test","Spearman Correlation Coefficient","NOT_APPLICABLE","NOT_APPLICABLE","correct"
"48","Distribution Compliance Test","Partial Correlation Coefficient","NOT_APPLICABLE","NOT_APPLICABLE","correct"
"48","Distribution Compliance Test","Kendall Correlation Coefficient","NOT_APPLICABLE","NOT_APPLICABLE","correct"
"48","Distribution Compliance Test","Anderson-Darling Test","NOT_APPLICABLE","APPLICABLE","wrong"
"48","Distribution Compliance Test","Shapiro-Wilk Test of Normality","NOT_APPLICABLE","NOT_APPLICABLE","correct"
"48","Distribution Compliance Test","Kolmogorov-Smirnov Test for Normality","NOT_APPLICABLE","APPLICABLE","wrong"
"48","Distribution Compliance Test","Lilliefors Test","NOT_APPLICABLE","APPLICABLE","wrong"
"48","Distribution Compliance Test","Kolmogorov-Smirnov Test","NOT_APPLICABLE","NOT_APPLICABLE","correct"
"48","Distribution Compliance Test","Kolmogorov-Smirnov Test for Uniform distribution","NOT_APPLICABLE","NOT_APPLICABLE","correct"
"48","Distribution Compliance Test","Kolmogorov-Smirnov Test for Gamma distribution","NOT_APPLICABLE","NOT_APPLICABLE","correct"
"48","Distribution Compliance Test","Kolmogorov-Smirnov Test for Exponential distribution","NOT_APPLICABLE","NOT_APPLICABLE","correct"
"48","Distribution Compliance Test","Chi-square Independence Test","NOT_APPLICABLE","NOT_APPLICABLE","correct"
"48","Distribution Compliance Test","Mean","NOT_APPLICABLE","NOT_APPLICABLE","correct"
"48","Distribution Compliance Test","Mantel-Haenszel Test","NOT_APPLICABLE","NOT_APPLICABLE","correct"
"48","Distribution Compliance Test","Fisher Exact Test","NOT_APPLICABLE","NOT_APPLICABLE","correct"
"48","Distribution Compliance Test","Median","APPLICABLE","NOT_APPLICABLE","wrong"
"48","Distribution Compliance Test","Range","NOT_APPLICABLE","NOT_APPLICABLE","correct"
"48","Distribution Compliance Test","Quartile","NOT_APPLICABLE","NOT_APPLICABLE","correct"
"48","Distribution Compliance Test","Standard Deviation","NOT_APPLICABLE","NOT_APPLICABLE","correct"
"48","Distribution Compliance Test","Skewness","NOT_APPLICABLE","NOT_APPLICABLE","correct"
"48","Distribution Compliance Test","Mode","NOT_APPLICABLE","NOT_APPLICABLE","correct"
"48","Distribution Compliance Test","Kurtosis","NOT_APPLICABLE","NOT_APPLICABLE","correct"
"48","Distribution Compliance Test","Mood Variance Test","NOT_APPLICABLE","NOT_APPLICABLE","correct"
"48","Distribution Compliance Test","Bartlett Test","NOT_APPLICABLE","NOT_APPLICABLE","correct"
"48","Distribution Compliance Test","F-Test for Variance","NOT_APPLICABLE","NOT_APPLICABLE","correct"
"48","Distribution Compliance Test","Levene Test","NOT_APPLICABLE","NOT_APPLICABLE","correct"
"49","Contingency Table Test","Pearson Correlation Coefficient","NOT_APPLICABLE","NOT_APPLICABLE","correct"
"49","Contingency Table Test","Spearman Correlation Coefficient","NOT_APPLICABLE","NOT_APPLICABLE","correct"
"49","Contingency Table Test","Kendall Correlation Coefficient","NOT_APPLICABLE","NOT_APPLICABLE","correct"
"49","Contingency Table Test","Anderson-Darling Test","NOT_APPLICABLE","NOT_APPLICABLE","correct"
"49","Contingency Table Test","Partial Correlation Coefficient","NOT_APPLICABLE","NOT_APPLICABLE","correct"
"49","Contingency Table Test","Lilliefors Test","NOT_APPLICABLE","NOT_APPLICABLE","correct"
"49","Contingency Table Test","Kolmogorov-Smirnov Test for Normality","NOT_APPLICABLE","NOT_APPLICABLE","correct"
"49","Contingency Table Test","Shapiro-Wilk Test of Normality","NOT_APPLICABLE","NOT_APPLICABLE","correct"
"49","Contingency Table Test","Kolmogorov-Smirnov Test","NOT_APPLICABLE","NOT_APPLICABLE","correct"
"49","Contingency Table Test","Kolmogorov-Smirnov Test for Uniform distribution","NOT_APPLICABLE","NOT_APPLICABLE","correct"
"49","Contingency Table Test","Kolmogorov-Smirnov Test for Gamma distribution","NOT_APPLICABLE","NOT_APPLICABLE","correct"
"49","Contingency Table Test","Chi-square Independence Test","APPLICABLE","APPLICABLE","correct"
"49","Contingency Table Test","Kolmogorov-Smirnov Test for Exponential distribution","NOT_APPLICABLE","NOT_APPLICABLE","correct"
"49","Contingency Table Test","Fisher Exact Test","APPLICABLE","APPLICABLE","correct"
"49","Contingency Table Test","Median","NOT_APPLICABLE","NOT_APPLICABLE","correct"
"49","Contingency Table Test","Mantel-Haenszel Test","NOT_APPLICABLE","NOT_APPLICABLE","correct"
"49","Contingency Table Test","Mean","NOT_APPLICABLE","NOT_APPLICABLE","correct"
"49","Contingency Table Test","Range","NOT_APPLICABLE","NOT_APPLICABLE","correct"
"49","Contingency Table Test","Mode","NOT_APPLICABLE","NOT_APPLICABLE","correct"
"49","Contingency Table Test","Quartile","NOT_APPLICABLE","NOT_APPLICABLE","correct"
"49","Contingency Table Test","Skewness","NOT_APPLICABLE","NOT_APPLICABLE","correct"
"49","Contingency Table Test","Mood Variance Test","NOT_APPLICABLE","NOT_APPLICABLE","correct"
"49","Contingency Table Test","Standard Deviation","NOT_APPLICABLE","NOT_APPLICABLE","correct"
"49","Contingency Table Test","Kurtosis","NOT_APPLICABLE","NOT_APPLICABLE","correct"
"49","Contingency Table Test","Levene Test","NOT_APPLICABLE","NOT_APPLICABLE","correct"
"49","Contingency Table Test","F-Test for Variance","NOT_APPLICABLE","NOT_APPLICABLE","correct"
"49","Contingency Table Test","Bartlett Test","NOT_APPLICABLE","NOT_APPLICABLE","correct"
