"question_id","task","method","expected","verdict","j1","response","J2_cites_features","J3_reasons_correct","J4_part1_consistency","annotator_notes"
"10","Descriptive Statistics","Lilliefors Test","NOT_APPLICABLE","NOT_APPLICABLE","correct","NOT APPLICABLE

The Lilliefors test is used to determine if a sample comes from a normally distributed population when the mean and variance of the population are unknown. However, based on the provided column information:

1. The data type for the ""Price"" column is quantitative, which is required for the Lilliefors test.
2. The sample size is large (50,000 rows), which is generally sufficient for the Lilliefors test.
3. The normality status of the ""Price"" column is stated as False, indicating it does not follow a normal distribution.

However, the Lilliefors test is typically applied to a single quantitative variable to test for normality. In this case, the question does not specify which variable to apply the test to, but assuming we would use the ""Price"" column:

- The data meets the requirement of being quantitative.
- The sample size is sufficiently large.
- The test is intended to check for normality, which is indicated as false for the ""Price"" column.

Despite these conditions being met, the primary issue is that the Lilliefors test is not directly relevant to finding the average price. The question asks about the applicability of the Lilliefors test to the problem of determining the average price, which is a different statistical task (calculating a mean). Therefore, the Lilliefors test is NOT APPLICABLE to solving the problem of finding the average price.","","","",""
"44","Variance Test","Median","NOT_APPLICABLE","APPLICABLE","wrong","APPLICABLE

The method ""Median"" is applicable to this problem based on the following data features:

- Data Type: The data for both the Philippines and China is quantitative, which means it consists of numerical values that can be used to calculate the median.
- Normality: The normality status (whether the data follows a normal distribution) does not affect the applicability of the median. The median is a robust measure of central tendency that can be calculated regardless of the distribution shape.
- Sample Size: With 4 rows of data for each country, the sample size is small but sufficient to calculate the median. The median can be computed even with a small dataset.

For each known applicability condition of the median method:
- Requires Quantitative Data: MEETS (the data for both countries is quantitative).
- Distribution Independence: MEETS (the median does not require the data to follow a specific distribution).
- Minimum Sample Size Requirement: MEETS (a minimum of one value is needed to compute the median, and here we have more than one).","","","",""
"27","Descriptive Statistics","Anderson-Darling Test","NOT_APPLICABLE","NOT_APPLICABLE","correct","NOT APPLICABLE

The Anderson-Darling Test is used to test if a sample is from a population with a specified distribution. The key conditions for applying the Anderson-Darling Test include:

1. **Data Type**: The data should be quantitative. In this case, the column `F2010` is quantitative, so this condition is MET.
   
2. **Sample Size**: The Anderson-Darling Test typically requires a minimum sample size to be reliable. While the exact minimum can vary, it generally needs at least 5-20 observations. Here, we have 1186 rows of data, which is well above the typical threshold, so this condition is MET.

3. **Normality Assumption**: The Anderson-Darling Test does not inherently require the data to be normally distributed, but it is often used to test for normality. However, the `is_normality` flag for the `F2010` column is False, indicating that the data is not normally distributed. This does not preclude the use of the test but suggests that the test might be used to confirm non-normality rather than normality. This condition is MET since the test can still be applied regardless of the initial assumption of normality.

Given these points, the primary reason for the NOT APPLICABLE determination is not based on the data characteristics but rather on the context of the question. The question asks specifically about using the Anderson-Darling Test, which is more commonly used to test the fit of a distribution and not directly to calculate standard deviation. Therefore, while the Anderson-Darling Test could technically be applied to the `F2010` data, it is not the appropriate method for calculating the standard deviation of the dataset.","","","",""
"35","Variance Test","Shapiro-Wilk Test of Normality","NOT_APPLICABLE","APPLICABLE","wrong","APPLICABLE

The Shapiro-Wilk Test of Normality is applicable to the given dataset for the following reasons:

1. Data Type: The Shapiro-Wilk test can be applied to quantitative data types, which are present in the dataset (""Number of trees sold"" and ""Average Tree Price"").
2. Sample Size: The Shapiro-Wilk test is typically used for small to medium-sized samples, usually up to around 50 observations. With 14 rows of data, the sample size is within an appropriate range for this test.
3. Normality Check: The Shapiro-Wilk test is designed to check if a sample comes from a normally distributed population, which aligns with the requirement to assess normality for both ""Number of trees sold"" and ""Average Tree Price"".

Specifically addressing the conditions for the Shapiro-Wilk test:
- **Quantitative Data**: Both ""Number of trees sold"" and ""Average Tree Price"" are quantitative data types, MEETING the condition.
- **Sample Size**: The number of rows (14) is within the recommended range for the Shapiro-Wilk test, MEETING the condition.
- **Normality Requirement**: The Shapiro-Wilk test is used to determine normality, and it is being applied to variables where normality is indicated as true, MEETING the condition for applying the test to these variables specifically.","","","",""
"42","Descriptive Statistics","Median","NOT_APPLICABLE","NOT_APPLICABLE","correct","NOT APPLICABLE

The question asks if the method ""Median"" is applicable to finding the range of greenhouse gas emissions values for the year 2014. The median is a measure of central tendency and not a measure of spread or range. Therefore, it is not suitable for determining the range of values.

Specific data features relevant to this assessment include:
- Data type: The column F2014 is quantitative, which means numerical data is available.
- Normality: The normality status is irrelevant for calculating the range but is provided as False.
- Sample size: There are 1186 rows of data, which is sufficient for calculating measures like the median or range.

Applicability conditions for the median:
1. The data must be quantitative - MEETS.
2. The data should ideally be normally distributed for certain interpretations, but this is not strictly necessary for calculating the median - DOES NOT MEET (irrelevant for the purpose of calculating the range).
3. The sample size should be adequate - MEETS.

Since the median does not provide the range of values, the method is NOT APPLICABLE to the stated problem.","","","",""
"5","Variance Test","Median","NOT_APPLICABLE","APPLICABLE","wrong","APPLICABLE

The method ""Median"" is applicable to this problem based on the following data features:

- Data Type: The data for both the Philippines and India is quantitative, which means it consists of numerical values that can be used to calculate the median.
- Normality: The normality status (whether the data follows a normal distribution) does not affect the calculation of the median. The median is a measure of central tendency that is robust to outliers and does not require the assumption of normality.
- Sample Size: Each country's dataset has 4 rows of data, which is sufficient to compute the median. A minimum of one value is required to calculate the median, and more than one value provides a meaningful comparison.

For each known applicability condition of the median method:
- Requires quantitative data: MEETS (the data for both countries is quantitative).
- Does not require normal distribution: MEETS (the normality status is irrelevant for calculating the median).
- Sufficient sample size: MEETS (each dataset contains 4 observations).","","","",""
"43","Descriptive Statistics","Kolmogorov-Smirnov Test for Gamma distribution","NOT_APPLICABLE","NOT_APPLICABLE","correct","NOT APPLICABLE

The Kolmogorov-Smirnov Test for Gamma distribution is not applicable to the given dataset for the following reasons:

1. **Data Type**: The GDP column is quantitative, which is suitable for the test. However, the test assumes that the data follows a Gamma distribution, and there is no indication that GDP values follow such a distribution based on the provided information.

2. **Normality**: The GDP column is specified as not being normally distributed (""is_normality: False""). While this does not directly indicate the distribution, it suggests that the data may not conform to a Gamma distribution either.

3. **Sample Size**: The number of rows (111) is adequate for many statistical tests but does not specifically preclude or necessitate the use of the Kolmogorov-Smirnov Test for Gamma distribution.

4. **Distribution Assumption**: The Kolmogorov-Smirnov Test for Gamma distribution requires that the data be tested against a Gamma distribution. There is no prior knowledge or evidence provided that GDP values follow a Gamma distribution.

Given these points, the data does not meet the necessary conditions for applying the Kolmogorov-Smirnov Test for Gamma distribution. Therefore, the method is NOT APPLICABLE.","","","",""
"24","Distribution Compliance Test","Skewness","NOT_APPLICABLE","APPLICABLE","wrong","APPLICABLE

The method ""Skewness"" is applicable to the problem based on the provided data features. Here's the reasoning:

1. **Data Type**: The column ""reading score"" is quantitative, which means it consists of numerical values. Skewness is a measure used for quantitative data to determine the symmetry of its distribution.

2. **Normality**: The ""is_normality"" attribute for the ""reading score"" column is False, indicating that the distribution is not normal. Skewness is particularly useful when assessing distributions that deviate from normality.

3. **Sample Size**: With 1000 rows of data, the sample size is sufficiently large to reliably estimate skewness.

**Applicability Conditions**:
- **Quantitative Data**: The ""reading score"" is quantitative. This condition is MEETS.
- **Distribution Shape**: Skewness can be calculated regardless of whether the data is normally distributed or not. Since the data is not normal (""is_normality"": False), this condition is MEETS.
- **Sample Size**: A sample size of 1000 is generally considered adequate for calculating skewness. This condition is MEETS.

Therefore, all conditions necessary for applying the skewness method are met.","","","",""
"8","Distribution Compliance Test","F-Test for Variance","NOT_APPLICABLE","NOT_APPLICABLE","correct","NOT APPLICABLE

The F-Test for Variance is not applicable in this scenario due to several reasons based on the provided data features:

1. **Data Type**: The F-Test for Variance requires both variables to be quantitative. While TOEFL Score and SOP are both quantitative, the question asks about comparing their frequency distributions, which implies a comparison of categorical distributions rather than variances of continuous variables.

2. **Normality**: The F-Test assumes that the data is normally distributed. Both TOEFL Score and SOP are specified as not being normally distributed (""is_normality: False""). Therefore, the assumption of normality is not met.

3. **Sample Size**: Although the sample size (400 rows) is adequate for many tests, it does not affect the applicability of the F-Test in this context since the primary issue lies with the nature of the data and the assumptions of the test.

Given these points, the conditions for applying an F-Test for Variance are not met:
- **Quantitative Data**: MEETS (both TOEFL Score and SOP are quantitative).
- **Normal Distribution**: DOES NOT MEET (neither TOEFL Score nor SOP is normally distributed).
- **Comparing Variances**: The question's intent seems to be more about comparing distributions rather than variances, making the use of an F-Test inappropriate even if other conditions were met.","","","",""
"28","Variance Test","Standard Deviation","NOT_APPLICABLE","APPLICABLE","wrong","APPLICABLE

The method ""Standard Deviation"" is applicable to this problem based on the following specific data features:

- Data Type: The data for both Japan and the Philippines is quantitative, which is necessary for calculating standard deviation.
- Normality: While the normality of the data is mentioned for each country, standard deviation can be calculated regardless of whether the data is normally distributed or not.
- Sample Size: Each country has 4 rows of data. Although a larger sample size is generally preferred, standard deviation can still be computed with a smaller sample size.

For each known applicability condition of this method:
1. The data must be quantitative: MEETS.
2. The data does not need to be normally distributed: MEETS (standard deviation can be calculated even if the data is not normally distributed).
3. A minimum sample size is not strictly required, but typically more data provides better estimates: DOES NOT MEET (the sample size is small at 4 observations per country, but the calculation is still possible).

Therefore, despite the small sample size, the method of calculating standard deviation is applicable.","","","",""
"19","Contingency Table Test","Anderson-Darling Test","NOT_APPLICABLE","NOT_APPLICABLE","correct","NOT APPLICABLE

The Anderson-Darling Test is used to test if a sample is from a population with a specified distribution. It is typically applied when you have a single quantitative variable and want to assess its fit to a particular theoretical distribution (like normal, exponential, etc.). In this context, we are interested in examining the relationship between two categorical variables: `ExerciseAngina` and `ST_Slope`.

Specific data features relevant to this decision include:
- Both `ExerciseAngina` and `ST_Slope` are categorical data types.
- The goal is to investigate a relationship between these two categorical variables rather than assessing the distribution of a single quantitative variable.

Applicability conditions for the Anderson-Darling Test:
1. **Single Quantitative Variable**: The test requires a single quantitative variable to be tested against a theoretical distribution. Here, we have two categorical variables, so this condition **DOES NOT MEET**.
2. **Distribution Specification**: The test assumes a specific distribution against which the data will be compared. Since our interest lies in the relationship between categories rather than fitting a distribution, this condition **DOES NOT MEET**.

Given these points, the Anderson-Darling Test is not suitable for analyzing the relationship between `ExerciseAngina` and `ST_Slope`.","","","",""
"35","Variance Test","F-Test for Variance","APPLICABLE","NOT_APPLICABLE","wrong","NOT APPLICABLE

The F-Test for Variance requires certain conditions to be met for its application:

1. **Normality**: Both samples should come from normally distributed populations. According to the provided data, the columns ""Number of trees sold"" and ""Average Tree Price"" are both noted as being normally distributed (is_normality: True). This condition MEETS the requirement.

2. **Independence**: The samples must be independent of each other. There is no explicit information provided about the independence of these two variables, but typically, the number of trees sold and the average price per tree can be considered independent measures. However, without further context, we cannot definitively confirm this condition. Assuming they are independent, this condition would MEET the requirement.

3. **Sample Size**: While not explicitly stated as a strict condition for the F-test, it is generally recommended that the sample sizes are sufficiently large for the Central Limit Theorem to apply if the normality assumption is questionable. Here, the sample size is 14, which is relatively small but acceptable if the normality assumption holds true. This condition MEETS the requirement under the assumption of normality.

However, the primary issue lies with the fact that the F-test for variance assumes that the two samples are from different groups or conditions, whereas here we are comparing the dispersion within the same dataset across two different quantitative variables (""Number of trees sold"" and ""Average Tree Price""). The F-test is typically used to compare variances between two groups rather than between two different variables measured on the same subjects or entities.

Therefore, despite meeting the conditions of normality and potentially independence and sample size, the F-test is NOT APPLICABLE because it is not designed to compare the dispersion of two different variables measured on the same entity.","","","",""
"47","Descriptive Statistics","Kolmogorov-Smirnov Test for Uniform distribution","NOT_APPLICABLE","NOT_APPLICABLE","correct","NOT APPLICABLE

The Kolmogorov-Smirnov Test for Uniform Distribution is not suitable for the given dataset and question. Here's why:

1. **Data Type**: The variable ""International Outlook"" is quantitative, which means it consists of numerical values. However, the Kolmogorov-Smirnov test for uniform distribution is typically used to test if a sample comes from a uniform distribution. While the data type is compatible with the test, the specific application here is inappropriate because the question does not involve testing for uniform distribution but rather calculating the median.

2. **Normality**: The column ""International Outlook"" is marked as non-normal (is_normality: False). This indicates that the data may not follow a normal distribution, but again, the Kolmogorov-Smirnov test for uniform distribution is not relevant to this context.

3. **Sample Size**: With 910 rows, the sample size is sufficiently large for many statistical tests, including the Kolmogorov-Smirnov test. However, the applicability of the test is not about the sample size but about the nature of the hypothesis being tested.

**Applicability Conditions of the Kolmogorov-Smirnov Test for Uniform Distribution**:
- **Condition 1: Data should be quantitative**: MEETS.
- **Condition 2: Hypothesis should be about uniform distribution**: DOES NOT MEET.
- **Condition 3: Sample size should be adequate**: MEETS.

Given these points, the Kolmogorov-Smirnov Test for Uniform Distribution is NOT APPLICABLE to calculate the median for the ""International Outlook"" variable.","","","",""
"7","Distribution Compliance Test","Anderson-Darling Test","NOT_APPLICABLE","APPLICABLE","wrong","APPLICABLE

The Anderson-Darling Test can be used to determine if a dataset follows a specified distribution. In this case, we want to check if the daily water consumption data (CH2O column) is consistent with an Exponential distribution. Here's the breakdown based on the conditions required for applying the Anderson-Darling Test:

1. **Data Type**: The CH2O column is quantitative, which means it contains numerical values. This is necessary for the Anderson-Darling Test since it operates on continuous data.
   - Condition Met: MEETS

2. **Sample Size**: There are 2111 rows of data available for the CH2O column. Generally, the Anderson-Darling Test requires a sufficiently large sample size to provide reliable results. A sample size of 2111 is considered adequate.
   - Condition Met: MEETS

3. **Distribution Assumption**: The test assumes that the hypothesized distribution (in this case, the Exponential distribution) is fully specified. Since we are testing against a known Exponential distribution, this condition is met.
   - Condition Met: MEETS

Given these points, the Anderson-Darling Test is applicable to the daily water consumption data to test its consistency with an Exponential distribution.","","","",""
"36","Correlation Analysis","Lilliefors Test","NOT_APPLICABLE","NOT_APPLICABLE","correct","NOT APPLICABLE

The Lilliefors test is used to determine if a sample comes from a normally distributed population when the mean and variance of the population are unknown. However, the question involves examining the relationship between the use of hostage-taking as an attack method and the number of deaths of individuals aged between 6 and 10, after accounting for the effects of terrorist attacks. This implies a need for regression analysis or similar multivariate techniques rather than a test for normality.

Specific data features relevant to the Lilliefors test include:
- The data types for both variables of interest (""Attack method: Hostage Taking (Kidnapping)"" and ""Death Age : 6-10"") are quantitative.
- The normality status for these variables is indicated as False, suggesting non-normal distributions.
- The sample size is large (10,517 rows).

However, the Lilliefors test conditions are not directly relevant to the posed question. Here are the conditions and their relevance:

1. **Sample Size**: The Lilliefors test can be applied to samples of any size, but it is more powerful with larger samples. The sample size here is large enough, so this condition is met.
2. **Data Type**: The Lilliefors test is designed for continuous data, which is consistent with the quantitative data types provided. This condition is met.
3. **Normality Check Purpose**: The primary purpose of the Lilliefors test is to check for normal distribution, which is not the focus of the question. The question requires understanding the relationship between two variables while controlling for another variable, which is beyond the scope of the Lilliefors test.

Given that the main objective is to understand the relationship between variables rather than testing for normality, the Lilliefors test is not applicable to this problem.","","","",""
"35","Variance Test","Standard Deviation","NOT_APPLICABLE","APPLICABLE","wrong","APPLICABLE

The method ""Standard Deviation"" is applicable to this problem based on the following specific data features:

- The data type for both ""Number of trees sold"" and ""Average Tree Price"" is quantitative.
- Both columns have been assessed for normality and are indicated as normally distributed (""is_normality"": True).

For each known applicability condition of the standard deviation method:

1. Data must be quantitative: MEETS the condition since both ""Number of trees sold"" and ""Average Tree Price"" are quantitative data types.
2. Data should ideally come from a normally distributed population: MEETS the condition since both variables are noted to be normally distributed.

Given these conditions, the use of standard deviation to measure dispersion is appropriate for comparing the variability in the number of trees sold and the average selling price of trees.","","","",""
"48","Contingency Table Test","Median","NOT_APPLICABLE","NOT_APPLICABLE","correct","NOT APPLICABLE

The median is a measure of central tendency typically used for quantitative data. In this dataset, the columns of interest for the question about the association between gender and mode of transportation are:

- **Gender**: Categorical data
- **MTRANS**: Categorical data representing the mode of transportation

Since both variables are categorical, the concept of median does not apply here. The median requires numerical values to determine the middle value when the data points are ordered. 

Specifically:
- **Data Type Condition**: The median is only applicable to quantitative data. Here, the relevant data types are categorical, so this condition is NOT MET.
- **Sample Size Condition**: While the sample size (2111 rows) is large enough for many statistical analyses, it is irrelevant for determining the applicability of the median to categorical data. This condition is NOT RELEVANT since the data type is incorrect.
- **Normality Condition**: Normality is a property of quantitative data distributions and is not applicable to categorical data. This condition is NOT RELEVANT.

Therefore, the method ""Median"" is NOT APPLICABLE to this problem.","","","",""
"44","Variance Test","Skewness","NOT_APPLICABLE","APPLICABLE","wrong","APPLICABLE

The method ""Skewness"" is applicable to this problem based on the following specific data features:

- The data type for both the Philippines and China's annual crop production levels is quantitative.
- Skewness can be calculated for any quantitative data regardless of its distribution shape or sample size.

Applicability conditions for skewness:
1. Data must be quantitative.
   - MEETS: Both columns 'Philippines' and 'China' have quantitative data types.
2. No requirement for normality.
   - MEETS: Normality is not a prerequisite for calculating skewness.
3. Sample size considerations are minimal; skewness can be computed with small samples.
   - MEETS: Although the number of rows (years) is limited to 4, skewness can still be calculated.

Therefore, the method ""Skewness"" is applicable to compare the dispersion characteristics of the annual crop production levels in the Philippines and China.","","","",""
"46","Descriptive Statistics","Mode","NOT_APPLICABLE","NOT_APPLICABLE","correct","NOT APPLICABLE

The mode is a measure of central tendency that is typically used for categorical data or discrete numerical data. In this case, the variable ""Base Special Defense"" (Sp_Def) is quantitative and not categorical. Additionally, the column is described as non-normal, but this does not affect the applicability of the mode directly. The primary issue is the data type:

- Data Type: The data type for Sp_Def is quantitative, which means it is continuous or can be treated as continuous. The mode is not commonly used for continuous variables because there may be many values with the same frequency, making it less informative compared to measures like mean or median.

Therefore, the data does NOT MEET the condition of being categorical or discrete for the use of the mode as a meaningful measure.","","","",""
"23","Variance Test","Standard Deviation","NOT_APPLICABLE","APPLICABLE","wrong","APPLICABLE

The method ""Standard Deviation"" is applicable to the problem based on the provided data features. Here's the reasoning:

1. **Data Type**: The variable `std_satisfaction` is of quantitative data type, which means it consists of numerical values. Standard deviation is a measure used for quantitative data.
   
2. **Sample Size**: There are 111 rows of data, which is generally considered a sufficient sample size for calculating standard deviation.

3. **Normality Requirement**: While normality is not strictly required for calculating standard deviation, it is important to note that `std_satisfaction` is listed as normally distributed (`is_normality: True`). This indicates that the distribution of satisfaction standard deviations is likely appropriate for many statistical analyses that rely on standard deviation.

For each known applicability condition of the standard deviation method:
- **Quantitative Data**: MEETS the condition since `std_satisfaction` is quantitative.
- **Sample Size**: MEETS the condition with 111 observations.
- **Distribution Normality**: Although not necessary for calculating standard deviation, the data MEETS the condition of being normally distributed, which can be beneficial for further inferential statistics using standard deviation.","","","",""
"41","Descriptive Statistics","Quartile","NOT_APPLICABLE","NOT_APPLICABLE","correct","NOT APPLICABLE

The method ""Quartile"" is not applicable to calculate skewness. Skewness is typically calculated using measures such as Pearson's moment coefficient of skewness or other statistical formulas that involve mean, median, and standard deviation. Quartiles are used to divide data into four equal parts but do not provide enough information to determine skewness directly.

Specific data features:
- Data type: Quantitative
- Normality: The data is not normally distributed.
- Sample size: 10517 rows

Applicability conditions for calculating skewness:
1. The data must be quantitative: MEETS
2. The data should have a meaningful order: MEETS
3. The data needs to be summarized using central tendency and spread measures: DOES NOT MEET (quartiles alone do not suffice)

Since quartiles alone cannot be used to calculate skewness, the method ""Quartile"" is not applicable for this purpose.","","","",""
"35","Variance Test","Mood Variance Test","APPLICABLE","NOT_APPLICABLE","wrong","NOT APPLICABLE

The Mood Variance Test is used to compare the variances of two independent samples. Here are the specific conditions for its applicability and how they relate to the provided data:

1. **Data Type**: The test requires quantitative data. Both ""Number of trees sold"" and ""Average Tree Price"" are quantitative, which MEETS this condition.

2. **Normality**: While the test can be somewhat robust to deviations from normality, it is generally recommended that the data be normally distributed. Both ""Number of trees sold"" and ""Average Tree Price"" are listed as normally distributed (is_normality: True), which MEETS this condition.

3. **Independence**: The samples must be independent. There is no explicit information indicating dependence between the number of trees sold and the average tree price, but we cannot assume independence without further context. This condition is unclear based on the provided information.

4. **Sample Size**: The sample size for both variables is 14 rows, which is relatively small. However, the Mood Variance Test can still be applied with smaller sample sizes, so this condition is not strictly a disqualifier.

Despite meeting the primary conditions of data type and normality, the lack of clear independence between the two variables makes it inappropriate to apply the Mood Variance Test here. Therefore, the method is NOT APPLICABLE.","","","",""
"49","Descriptive Statistics","Range","NOT_APPLICABLE","NOT_APPLICABLE","correct","NOT APPLICABLE

The method ""Range"" is not applicable for determining the mode of the players' kit numbers based on the provided data features. The range is a measure of spread used primarily with numerical data, but the question specifically asks about finding the mode of kit numbers, which is a measure of central tendency for categorical or discrete numerical data.

Specific data features supporting this conclusion include:
- Data type: The ""Kit Number"" column is specified as categorical, meaning it consists of distinct categories rather than continuous numerical values.
- Normality: Irrelevant for determining the mode of categorical data.
- Sample size: While the sample size (17,660 rows) is large, it does not affect the applicability of the range method to find the mode.

For the method ""Range"":
1. Requires numerical data - DOES NOT MEET (the data is categorical).
2. Measures spread between minimum and maximum values - IRRELEVANT (we are looking for the most frequent value, not the spread).","","","",""
"14","Variance Test","Standard Deviation","NOT_APPLICABLE","APPLICABLE","wrong","APPLICABLE

The method ""Standard Deviation"" is applicable for comparing the variability in annual crop production between Brazil and Indonesia based on the provided data features. Here's the reasoning:

1. **Data Type**: The data types for both Brazil and Indonesia are quantitative, which is necessary for calculating standard deviation.
2. **Sample Size**: Each country has 4 rows of data, which is sufficient to compute standard deviation, although it is a small sample size.
3. **Normality**: While the normality of the data is mentioned for each country, standard deviation can be calculated regardless of whether the data is normally distributed or not. However, interpreting the results in terms of confidence intervals or other inferential statistics would require normality, which is stated as true for both countries.

**Applicability Conditions**:
- **Quantitative Data**: MEETS - Both Brazil and Indonesia have quantitative data.
- **Sufficient Sample Size**: MEETS - Although small, there are enough observations (4) to calculate standard deviation.
- **Distribution Normality**: MEETS - Standard deviation calculation does not depend on normality, but the data is stated as normally distributed for both countries, which is beneficial for further analysis.

Therefore, the method ""Standard Deviation"" is applicable to compare the variability in annual crop production between Brazil and Indonesia.","","","",""
"37","Contingency Table Test","Mood Variance Test","NOT_APPLICABLE","NOT_APPLICABLE","correct","NOT APPLICABLE

The Mood Variance Test is used to compare the variances of two independent groups when the data does not meet the assumptions of normality. However, for the given problem, we need to assess the relationship between the experience level of employees (categorical) and the size of their employer companies (also categorical). The Mood Variance Test is not designed to evaluate relationships between categorical variables.

Specific data features relevant to the applicability of the Mood Variance Test include:
- Experience level: categorical
- Company size: categorical

Known applicability conditions of the Mood Variance Test and their status with respect to the provided data:
1. Data should be quantitative: The data types for both experience level and company size are categorical, which means they DO NOT MEET this condition.
2. Data should be from at least two independent groups: While the data can be divided into groups based on categories, these categories are not quantitative, so this condition is irrelevant here since the test cannot be applied to categorical data.
3. Data should not necessarily follow a normal distribution: This condition is not relevant because the data types are categorical, not quantitative.

Given these points, the Mood Variance Test is NOT APPLICABLE to the problem.","","","",""
"34","Descriptive Statistics","Quartile","NOT_APPLICABLE","APPLICABLE","wrong","APPLICABLE

The method ""Quartile"" is applicable to finding the median of the Total eMedia Circulation because:

- Data Type: The column ""Total eMedia Circulation"" is quantitative, which means it consists of numerical values that can be ordered and used for statistical calculations like quartiles.
- Normality: The column is not specified as normally distributed but being normally distributed or not does not affect the applicability of calculating quartiles.
- Sample Size: With 72 rows of data, the sample size is sufficient to calculate quartiles accurately.

For each known applicability condition of this method:
- The data must be quantitative: MEETS.
- There should be enough data points to define quartiles: MEETS.","","","",""
"20","Contingency Table Test","Kolmogorov-Smirnov Test for Exponential distribution","NOT_APPLICABLE","NOT_APPLICABLE","correct","NOT APPLICABLE

The Kolmogorov-Smirnov test for exponential distribution is not suitable for the given dataset due to the following reasons:

1. **Data Type**: The variables of interest, ""ALCOHOL CONSUMING"" and ""SHORTNESS OF BREATH"", are both categorical. The Kolmogorov-Smirnov test is used to compare a sample with a reference probability distribution (or to compare two samples), and it assumes continuous data. Therefore, the data type does not meet the requirement for using this test.

2. **Normality**: The normality status provided for all columns is irrelevant here because the Kolmogorov-Smirnov test for exponential distribution does not require checking for normality. However, the fact that these variables are categorical makes the test inapplicable regardless of normality.

3. **Sample Size**: While the sample size (309 rows) might be adequate for some tests, it is not relevant for determining the applicability of the Kolmogorov-Smirnov test when dealing with categorical data.

In summary, the data does not meet the fundamental requirement of being continuous for the application of the Kolmogorov-Smirnov test for exponential distribution.","","","",""
"34","Descriptive Statistics","Shapiro-Wilk Test of Normality","NOT_APPLICABLE","APPLICABLE","wrong","APPLICABLE

The Shapiro-Wilk Test of Normality is applicable to the ""Total eMedia Circulation"" column because it meets the necessary conditions for this test:

1. Data Type: The ""Total eMedia Circulation"" column has a data type of quantitative, which is required for the Shapiro-Wilk test.
2. Sample Size: The column has 72 rows of data. The Shapiro-Wilk test is typically used for small to medium-sized samples, usually up to around 50 observations, but it can still be applied to larger samples like this one with 72 observations.
3. Normality Check: The Shapiro-Wilk test is designed to check for normality, and the column's normality status is listed as True, indicating that it is intended to be tested for normality.

Therefore, the data MEETS all the conditions required for applying the Shapiro-Wilk Test of Normality.","","","",""
"0","Contingency Table Test","Shapiro-Wilk Test of Normality","NOT_APPLICABLE","NOT_APPLICABLE","correct","NOT APPLICABLE

The Shapiro-Wilk Test of Normality is not applicable for the given problem because it is designed to test the normality of a single quantitative variable. The question involves examining the relationship between two categorical variables: ""Gender"" and ""SMOKE"" (smoking status). 

Specific data features supporting this decision include:
- Both ""Gender"" and ""SMOKE"" are categorical data types.
- The Shapiro-Wilk Test is only relevant for quantitative data.

Conditions for the Shapiro-Wilk Test:
1. Data must be quantitative: The data provided for both ""Gender"" and ""SMOKE"" are categorical, so this condition is NOT MET.
2. Sample size should typically be between 3 and 5000: While the sample size (2111 rows) falls within the acceptable range, this condition is irrelevant since the data types do not meet the requirement of being quantitative.","","","",""
"31","Descriptive Statistics","Quartile","NOT_APPLICABLE","APPLICABLE","wrong","APPLICABLE

The method ""Quartile"" is applicable to the problem of calculating the average Catch Rate value based on the provided data features. Here's the reasoning:

1. **Data Type**: The column ""Catch_Rate"" is of quantitative data type, which means it consists of numerical values that can be used for statistical calculations such as quartiles.
   
2. **Sample Size**: There are 721 rows of data, which is a sufficiently large sample size to calculate quartiles accurately.

3. **Normality**: The normality status of the ""Catch_Rate"" column is not relevant for calculating quartiles since quartiles do not require the data to follow a normal distribution.

For each known applicability condition of the quartile method:
- **Quantitative Data**: MEETS - The ""Catch_Rate"" column contains quantitative data.
- **Sample Size Adequacy**: MEETS - With 721 observations, the sample size is adequate for quartile calculation.
- **Distribution Requirement**: DOES NOT APPLY - Quartiles can be calculated regardless of the distribution of the data.","","","",""
"7","Distribution Compliance Test","Spearman Correlation Coefficient","NOT_APPLICABLE","NOT_APPLICABLE","correct","NOT APPLICABLE

The Spearman Correlation Coefficient is used to measure the strength and direction of association between two ranked variables. The applicability of the Spearman Correlation Coefficient depends on the following conditions:

1. **Data Type**: Both variables should be ordinal or continuous but not necessarily normally distributed. In this dataset, the variable of interest for daily water consumption is ""CH2O"", which is quantitative. However, the other variable needs to be specified to determine if it can be ranked. If the other variable is also quantitative or ordinal, then this condition would be met.

2. **Sample Size**: The sample size is 2111, which is sufficiently large for most correlation analyses, including Spearman's correlation.

3. **Normality Requirement**: Unlike Pearson's correlation, Spearman's correlation does not require the data to be normally distributed, which is consistent with the provided information where ""is_normality: False"" for many columns.

Since the question does not specify the second variable to correlate with ""CH2O"", we cannot definitively conclude whether the data meets all necessary conditions for applying the Spearman Correlation Coefficient. Therefore, without knowing the second variable, the method is NOT APPLICABLE based on incomplete information.

- Data Type: MEETS if the second variable is ordinal or continuous.
- Sample Size: MEETS.
- Normality Requirement: MEETS (since Spearman's correlation does not require normality).","","","",""
"21","Variance Test","Standard Deviation","NOT_APPLICABLE","APPLICABLE","wrong","APPLICABLE

The method ""Standard Deviation"" is applicable to the problem based on the following data features:

- The data type for both ""Average Tree Price"" and ""Sales"" is quantitative.
- Both ""Average Tree Price"" and ""Sales"" have been tested for normality and are reported as normally distributed (""is_normality"": True).

For standard deviation to be applicable, the following conditions must be met:
1. The data should be quantitative.
   - MEETS: Both ""Average Tree Price"" and ""Sales"" are quantitative data types.
2. The data should ideally follow a normal distribution for interpretation purposes, although standard deviation can still be calculated for non-normal distributions.
   - MEETS: Both ""Average Tree Price"" and ""Sales"" are reported as normally distributed.

Therefore, the method ""Standard Deviation"" is APPLICABLE to this problem.","","","",""
"9","Contingency Table Test","Median","NOT_APPLICABLE","NOT_APPLICABLE","correct","NOT APPLICABLE

The median is a measure of central tendency used primarily with quantitative data. However, the question involves examining the relationship between students' residential addresses (a categorical variable) and their motivations for selecting the school (which can be inferred from the 'reason' column, also categorical). The median cannot be applied to categorical data.

Specific data features supporting this conclusion:
- The 'address' column is categorical.
- The 'reason' column is categorical and represents motivations for selecting the school.
- Both columns are not quantitative, which is a requirement for calculating the median.

Applicability conditions for the median:
- Data must be quantitative: DOES NOT MEET.
- Data should ideally be normally distributed for certain interpretations, but this is not strictly necessary for calculating the median: IRRELEVANT (since the data type condition is not met).

Therefore, the method ""Median"" is NOT APPLICABLE to this problem.","","","",""
"39","Correlation Analysis","Kendall Correlation Coefficient","NOT_APPLICABLE","APPLICABLE","wrong","APPLICABLE

The Kendall Correlation Coefficient is applicable to this problem based on the following analysis:

1. **Data Type**: The data types for both ""Terrorism deaths"" and ""Death Age : 11-20"" are quantitative, which is suitable for the Kendall Correlation Coefficient since it can be applied to ordinal, interval, or ratio scaled variables.

2. **Sample Size**: With 10,517 rows of data, the sample size is sufficiently large to apply the Kendall Correlation Coefficient, which generally performs well with larger datasets.

3. **Normality**: The normality status of the data is not relevant for the Kendall Correlation Coefficient because this method does not assume any particular distribution of the data. Both ""Terrorism deaths"" and ""Death Age : 11-20"" are noted as non-normal, but this does not affect the applicability of the Kendall Correlation Coefficient.

**Applicability Conditions**:
- **Quantitative Data**: MEETS - Both variables are quantitative.
- **No Distribution Assumption**: MEETS - The Kendall Correlation Coefficient does not require the data to follow a specific distribution.
- **Sample Size**: MEETS - A sample size of 10,517 is adequate for the Kendall Correlation Coefficient.
  
Therefore, the Kendall Correlation Coefficient is applicable to assess the correlation between the number of deaths resulting from terrorist attacks and the number of deaths of individuals aged between 11 and 20 after controlling for the impact of terrorist attacks.","","","",""
"24","Distribution Compliance Test","Fisher Exact Test","NOT_APPLICABLE","NOT_APPLICABLE","correct","NOT APPLICABLE

The Fisher Exact Test is used for categorical data, typically in the context of contingency tables where the relationship between two categorical variables is examined. The specific conditions for applying the Fisher Exact Test include:

1. **Data Type**: The data must be categorical. In this dataset, the 'reading score' column is quantitative, not categorical. Therefore, the data DOES NOT MEET this condition.

2. **Sample Size**: While the Fisher Exact Test can handle small sample sizes, it is generally applied to categorical data. Since our data does not meet the requirement of being categorical, the sample size consideration is irrelevant here. Thus, the data DOES NOT MEET this condition.

Given these points, the Fisher Exact Test is NOT APPLICABLE to determine if the reading score is distributed according to a Gamma distribution.","","","",""
"45","Correlation Analysis","Skewness","NOT_APPLICABLE","APPLICABLE","wrong","APPLICABLE

The method ""Skewness"" is applicable to this problem based on the following data features:

- The dataset contains multiple quantitative variables such as ""Terrorist attacks,"" ""Terrorism deaths,"" and various ""Attack method"" columns which can be used to calculate skewness.
- The data does not indicate normal distribution (""is_normality: False"") for any of the quantitative variables, suggesting that skewness could provide useful information about the shape of these distributions.
- The sample size is sufficiently large with 10,517 rows, which is adequate for calculating skewness accurately.

For each known applicability condition of the skewness method:
1. **Condition**: The variable must be quantitative.
   - **Status**: MEETS
2. **Condition**: The sample size should be sufficient to provide reliable estimates of skewness.
   - **Status**: MEETS
3. **Condition**: Skewness is particularly informative when the data is not normally distributed.
   - **Status**: MEETS","","","",""
"8","Distribution Compliance Test","Mean","NOT_APPLICABLE","NOT_APPLICABLE","correct","NOT APPLICABLE

The method ""Mean"" is not applicable for comparing the frequency distribution of TOEFL scores with SOP. Here's why:

1. **Data Type**: Both TOEFL Score and SOP are quantitative variables. However, the question asks about comparing their frequency distributions, which typically involves non-parametric tests rather than measures of central tendency like mean.
   
2. **Normality**: Neither TOEFL Score nor SOP is normally distributed according to the provided information (""is_normality: False""). The mean is most appropriate when the data is normally distributed. Since the data does not meet this condition, using the mean to compare these distributions would be inappropriate.

3. **Sample Size**: While the sample size (400 rows) is adequate for many statistical analyses, it does not influence the applicability of the mean in this context directly. The key issue here is the nature of the comparison requested.

**Applicability Conditions of Mean**:
- **Condition 1: Data should be quantitative.**
  - **Status**: MEETS (Both TOEFL Score and SOP are quantitative.)
- **Condition 2: Data should be normally distributed.**
  - **Status**: DOES NOT MEET (Neither TOEFL Score nor SOP is normally distributed.)
- **Condition 3: Comparison should focus on central tendency rather than distribution shape.**
  - **Status**: DOES NOT MEET (The question focuses on comparing frequency distributions, not central tendencies.)

Given these points, the mean is not an appropriate measure for comparing the frequency distributions of TOEFL scores and SOP.","","","",""
"28","Variance Test","Bartlett Test","APPLICABLE","NOT_APPLICABLE","wrong","NOT APPLICABLE

The Bartlett test is used to check if variances of two or more groups are equal. The conditions for applying the Bartlett test include having quantitative data, checking for normality within each group, and typically requiring a larger sample size than what is provided here. Here's the breakdown based on the data features:

1. **Data Type**: The data for Japan and the Philippines is quantitative, which meets the requirement for the Bartlett test.
2. **Normality**: Both Japan and the Philippines have data that is normally distributed, which is required for the Bartlett test.
3. **Sample Size**: Each country has only 4 rows of data. The Bartlett test generally requires a larger sample size to be reliable, typically at least 20 observations per group, but ideally more. With only 4 observations per group, the test may not be reliable.

Given these points, while the data types and normality requirements are met, the sample size is insufficient for the Bartlett test to be reliably applied. Therefore, the Bartlett test is NOT APPLICABLE in this scenario.","","","",""
"38","Descriptive Statistics","Fisher Exact Test","NOT_APPLICABLE","NOT_APPLICABLE","correct","NOT APPLICABLE

The Fisher Exact Test is used for analyzing contingency tables, typically with small sample sizes, to determine if there is a significant association between two categorical variables. The specific conditions for applying the Fisher Exact Test include:

1. **Categorical Variables**: The data must be categorical. In this case, the column ""HS-101"" is indeed categorical, which meets this requirement.
   
2. **Contingency Table Structure**: The test requires a contingency table structure where the data is organized into rows and columns representing different categories. However, the question does not provide any indication of a second categorical variable to form such a contingency table with ""HS-101"".

3. **Sample Size**: While the Fisher Exact Test can handle small sample sizes, it is generally used when the expected cell counts in a contingency table are less than 5. There is no indication here about the distribution of grades within ""HS-101"" or any other necessary categorical variable to form a contingency table.

Since the problem only specifies one categorical variable (""HS-101"") without providing another categorical variable to form a contingency table, the Fisher Exact Test cannot be applied. Therefore, the data does not meet the necessary conditions for using the Fisher Exact Test.

- **Categorical Variable Condition**: MEETS
- **Contingency Table Structure Condition**: DOES NOT MEET
- **Sample Size Condition**: INSUFFICIENT INFORMATION TO DETERMINE (but not relevant without a contingency table structure)","","","",""
"10","Descriptive Statistics","Median","NOT_APPLICABLE","APPLICABLE","wrong","APPLICABLE

The method ""Median"" is applicable to calculate the central tendency of the ""Price"" column based on the provided data features. Here's the reasoning:

1. **Data Type**: The ""Price"" column is quantitative, which means it consists of numerical values that can be used for calculating measures of central tendency like the median.
2. **Normality**: The ""Price"" column is not normally distributed. The median is particularly useful when dealing with skewed distributions or outliers because it is less affected by extreme values compared to the mean.
3. **Sample Size**: With 50,000 rows, the sample size is sufficiently large to reliably compute the median.

For each known applicability condition of the median method:
- **Quantitative Data Requirement**: MEETS (the ""Price"" column is quantitative).
- **Distribution Requirement**: MEETS (the median is appropriate regardless of whether the distribution is normal or skewed).
- **Sample Size Requirement**: MEETS (a sample size of 50,000 is adequate for computing the median).","","","",""
"0","Contingency Table Test","Mood Variance Test","NOT_APPLICABLE","NOT_APPLICABLE","correct","NOT APPLICABLE

The Mood Variance Test is not applicable for the following reasons:

1. **Data Type**: The Mood Variance Test is used to compare variances across two or more groups when the data is quantitative and normally distributed. However, the column ""Gender"" is categorical, and ""SMOKE"" (smoking status) is also categorical. This test cannot be applied to categorical variables.

2. **Normality**: Even if we were to consider quantitative variables like ""Age,"" ""Height,"" or ""Weight,"" the normality condition is specified as False for these columns, meaning they do not follow a normal distribution. The Mood Variance Test assumes normality of the data.

3. **Applicability Conditions**:
   - **Quantitative Data**: The data must be quantitative. Here, one variable (Gender) is categorical, so this condition is not met.
   - **Normal Distribution**: The data should be normally distributed. Since the normality condition is False for several quantitative variables, this condition is not met.
   - **Two or More Groups**: While there are multiple categories within the ""Gender"" and ""SMOKE"" columns, the test requires quantitative data to compare variances.

Given these points, the conditions required for applying the Mood Variance Test are not satisfied with the provided dataset.","","","",""
"44","Variance Test","Quartile","NOT_APPLICABLE","APPLICABLE","wrong","APPLICABLE

The method ""Quartile"" is applicable for comparing the dispersion of annual crop production levels between the Philippines and China based on the provided data features. Here's the reasoning:

1. **Data Type**: The data types for both the Philippines and China are quantitative, which means they consist of numerical values that can be used to calculate quartiles.
   
2. **Sample Size**: Each country has 4 rows of data, which is sufficient to compute quartiles even though it is a small sample size. Quartiles can still be calculated with a minimum of 4 data points (to define the first, second, and third quartiles).

3. **Normality**: The normality status of the data is not relevant for calculating quartiles since quartiles are non-parametric measures that do not assume any particular distribution of the data.

- **Condition Check**:
    - **Quantitative Data**: MEETS (both datasets are quantitative).
    - **Minimum Sample Size**: MEETS (each dataset has at least 4 data points).
    - **Distribution Assumption**: DOES NOT REQUIRE (quartiles do not require the data to follow a normal distribution).

Therefore, the use of quartiles to compare the dispersion of annual crop production levels between the Philippines and China is APPROPRIATE given the data characteristics.","","","",""
"41","Descriptive Statistics","Range","NOT_APPLICABLE","NOT_APPLICABLE","correct","NOT APPLICABLE

The method ""Range"" is not applicable to determine the skewness of the variable ""Terrorist Death Type: Killed."" The range is a measure of spread that indicates the difference between the maximum and minimum values in a dataset. However, skewness measures the asymmetry of the distribution around its mean. 

Specific data features:
- Data type: Quantitative
- Normality: False
- Sample size: 10517 rows

Applicability conditions for using Range to assess skewness:
1. **Measure of Spread vs. Asymmetry**: The range measures spread, not asymmetry. (Data MEETS being quantitative but DOES NOT MEET the requirement of measuring asymmetry.)
2. **Normality Check**: While the data is not normal, this does not affect the applicability of the range to measure skewness directly. (Data MEETS being non-normal but DOES NOT MEET the need for a skewness measure.)
3. **Sample Size**: A large sample size can provide reliable estimates of various statistics, including range, but it does not make the range suitable for assessing skewness. (Data MEETS having a large sample size but DOES NOT MEET the need for a skewness measure.)

Therefore, while the range can be calculated for this quantitative data, it is not an appropriate method to determine skewness.","","","",""
"21","Variance Test","Mood Variance Test","APPLICABLE","NOT_APPLICABLE","wrong","NOT APPLICABLE

The Mood Variance Test is used to compare the variances of two or more groups to determine if they are significantly different. Here are the specific conditions for applying the Mood Variance Test and how the provided data meets or does not meet these conditions:

1. **Data Type**: The test requires quantitative data. Both ""Average Tree Price"" and ""Sales"" are quantitative, which MEETS this requirement.
   
2. **Normality**: While the test is somewhat robust to deviations from normality, especially with large sample sizes, it is generally recommended that the data be normally distributed. However, the sample size here is only 14 rows, which is relatively small. Additionally, while the question states that ""Number of trees sold,"" ""Average Tree Price,"" and ""Sales"" are normally distributed, it does not specify the normality of the residuals or the distribution within each group being compared. Given the small sample size, the assumption of normality is critical but not explicitly confirmed for each group comparison, which DOES NOT MEET this requirement.

3. **Sample Size**: With only 14 rows of data, the sample size is quite small. Small sample sizes can affect the reliability and power of the test, making it less suitable. This DOES NOT MEET the requirement for a sufficiently large sample size.

Given these points, the conditions necessary for the application of the Mood Variance Test are not fully met due to concerns about normality and sample size. Therefore, the Mood Variance Test is NOT APPLICABLE in this scenario.","","","",""
"26","Descriptive Statistics","Range","NOT_APPLICABLE","NOT_APPLICABLE","correct","NOT APPLICABLE

The method ""Range"" is not applicable to determine the average value of the adjusted self-reported happiness score. The range is a measure of dispersion that indicates the difference between the maximum and minimum values in a dataset. It does not provide an average or central tendency measure.

Specific data features supporting this conclusion include:
- Data Type: The column ""adjusted_satisfaction"" is quantitative, which means range can be calculated for it, but it does not give the average value.
- Normality: The normality status (True for ""adjusted_satisfaction"") is irrelevant for calculating the range.
- Sample Size: With 111 rows, the range can still be computed, but again, it does not address the question of finding the average value.

For the method ""Range"":
- The data MEETS the condition of being quantitative since ""adjusted_satisfaction"" is quantitative.
- However, the method DOES NOT MEET the requirement to calculate an average value, as the range only provides information about the spread of the data.","","","",""
"14","Variance Test","Skewness","NOT_APPLICABLE","APPLICABLE","wrong","APPLICABLE

The method ""Skewness"" is applicable to this problem based on the following specific data features:

- The data type for both Brazil and Indonesia is quantitative.
- Skewness can be calculated for any quantitative data regardless of its distribution shape or sample size.

For each known applicability condition of this method:

- **Condition**: Data must be quantitative.
  - Evidence: Both Brazil and Indonesia have quantitative data types.
  - Conclusion: MEETS

- **Condition**: No requirement for normality.
  - Evidence: Skewness measures the asymmetry of the probability distribution of a real-valued random variable about its mean, which does not depend on the data being normally distributed.
  - Conclusion: MEETS

Therefore, the method ""Skewness"" is applicable to compare the variability in annual crop production between Brazil and Indonesia.","","","",""
"18","Correlation Analysis","Partial Correlation Coefficient","NOT_APPLICABLE","NOT_APPLICABLE","correct","NOT APPLICABLE

The method ""Partial Correlation Coefficient"" requires specific conditions to be met for its application:

1. **Quantitative Data**: Both variables involved in the partial correlation must be quantitative. In this case, both ""Recency"" and ""MntFruits"" are quantitative, so this condition is MET.

2. **Normality Assumption**: Partial correlation assumes that the variables are normally distributed. However, the provided data indicates that neither ""Recency"" nor ""MntFruits"" is normally distributed (is_normality: False). Therefore, this condition DOES NOT MEET the requirement.

3. **Sample Size**: While not explicitly stated, partial correlation typically requires a sufficiently large sample size relative to the number of variables being controlled for. With 2240 rows of data, the sample size is generally adequate, but without knowing how many control variables will be used, we cannot definitively confirm this condition. However, assuming a moderate number of control variables, this condition likely MEETS the requirement.

Given that the normality assumption is not met, the method of partial correlation coefficient is NOT APPLICABLE to this problem.","","","",""
"5","Variance Test","Mood Variance Test","APPLICABLE","NOT_APPLICABLE","wrong","NOT APPLICABLE

The Mood Variance Test is used to compare the variances of two independent groups. The specific conditions for applying this test include having at least two independent samples and ensuring that the data from each group is quantitative. However, there are several issues with the provided dataset that make the application of the Mood Variance Test inappropriate:

1. **Data Type**: The relevant columns for the analysis are ""Philippines"" and ""India"", both of which are quantitative. This condition is met.
   
2. **Sample Size**: Each country's column has 4 rows of data. While the sample size is small, it is not inherently disqualifying for the Mood Variance Test. However, the small sample size can affect the power and reliability of the test results.

3. **Normality**: The ""is_normality"" attribute for both ""Philippines"" and ""India"" is not specified as true. The Mood Variance Test does not assume normality but is generally more robust when the data is normally distributed. Since we do not have confirmation of normality, we cannot assume that the lack of normality will not significantly impact the test's validity.

Given these points, while the data types and sample sizes technically allow for the use of the Mood Variance Test, the lack of confirmed normality and the small sample size raise concerns about the appropriateness and reliability of using this test. Therefore, the method is NOT APPLICABLE under these conditions.","","","",""
"34","Descriptive Statistics","Kendall Correlation Coefficient","NOT_APPLICABLE","NOT_APPLICABLE","correct","NOT APPLICABLE

The Kendall Correlation Coefficient is used to measure the strength and direction of association between two ranked variables. However, the question asks about finding the median of the ""Total eMedia Circulation,"" which does not involve correlation analysis but rather a measure of central tendency.

Specific data features relevant to the applicability of the Kendall Correlation Coefficient include:
- Data Type: The variable ""Total eMedia Circulation"" is quantitative, but the Kendall Correlation requires both variables to be ordinal or capable of being ranked.
- Normality: The normality status of the data is irrelevant for the Kendall Correlation Coefficient.
- Sample Size: While the sample size (72 rows) is sufficient for many statistical tests, it is not directly relevant to the applicability of the Kendall Correlation Coefficient without knowing if the data can be meaningfully ranked.

Conditions for the Kendall Correlation Coefficient:
1. Both variables must be ordinal or capable of being ranked.
   - MEETS: The data type is quantitative, but we need to assume it can be ranked for the purpose of applying the coefficient.
2. There should be no significant outliers affecting the ranking.
   - DOES NOT MEET: We do not have information on the presence of outliers, but more importantly, the question does not involve comparing two variables.
3. The sample size should be adequate for detecting correlations.
   - DOES NOT MEET: This condition is not relevant since the question does not involve comparing two variables using the Kendall Correlation Coefficient.

Given these points, the method ""Kendall Correlation Coefficient"" is NOT APPLICABLE to find the median of the ""Total eMedia Circulation.""","","","",""
"6","Variance Test","F-Test for Variance","APPLICABLE","NOT_APPLICABLE","wrong","NOT APPLICABLE

The F-Test for Variance requires certain conditions to be met for its application:

1. **Data Type**: The data must be quantitative. Both Japan and Brazil columns are quantitative, so this condition is MET.
   
2. **Normality**: The data should be normally distributed. Both Japan and Brazil columns are reported as normally distributed (is_normality: True), so this condition is MET.
   
3. **Sample Size**: Generally, the F-test requires a sufficient sample size, typically at least 30 observations per group for robustness. However, with only 4 rows of data for each country, the sample size is too small. This condition is NOT MET.

Given these points, while the data types and normality requirements are satisfied, the insufficient sample size makes the F-Test for Variance NOT APPLICABLE.","","","",""
"21","Variance Test","Kolmogorov-Smirnov Test for Uniform distribution","NOT_APPLICABLE","NOT_APPLICABLE","correct","NOT APPLICABLE

The Kolmogorov-Smirnov (KS) test for uniform distribution is not suitable for the given dataset for the following reasons:

1. **Data Type**: The KS test is used to compare a sample with a reference probability distribution (like the uniform distribution) or to compare two samples. Here, we need to assess the variance homogeneity between ""Average Tree Price"" and ""Sales,"" which involves comparing two quantitative variables rather than testing against a uniform distribution.

2. **Normality**: While both ""Average Tree Price"" and ""Sales"" are normally distributed according to the provided information, the KS test for uniform distribution does not apply to normally distributed data. It is specifically designed to test if a sample comes from a uniform distribution.

3. **Sample Size**: Although the sample size (14 rows) is adequate for many tests, the KS test for uniform distribution is not relevant here due to the nature of the question and the data types involved.

**Applicability Conditions of the KS Test for Uniform Distribution**:
- **Test Against Uniform Distribution**: The data does not need to be tested against a uniform distribution but rather for variance homogeneity between two variables. **DOES NOT MEET**
- **Sample Data Type**: The KS test for uniform distribution is not appropriate for comparing variances between two quantitative variables. **DOES NOT MEET**

Therefore, the Kolmogorov-Smirnov Test for Uniform distribution is NOT APPLICABLE to determine if there are no significant variations in variances between the Average Tree Price and Sales.","","","",""
"31","Descriptive Statistics","Skewness","NOT_APPLICABLE","APPLICABLE","wrong","APPLICABLE

The method ""Skewness"" is applicable to the problem based on the following data features:

- The column ""Catch_Rate"" is of quantitative data type and has 721 rows of data.
- Skewness can be calculated for any quantitative dataset regardless of its normality status.

Specifically:
- Data Type: The ""Catch_Rate"" column is quantitative, which meets the requirement for calculating skewness.
- Sample Size: With 721 rows, the sample size is sufficiently large to calculate skewness accurately.
- Normality: The normality status (False) does not affect the applicability of skewness calculation.

Therefore, the conditions for applying skewness analysis are met.","","","",""
"29","Correlation Analysis","Mean","NOT_APPLICABLE","NOT_APPLICABLE","correct","NOT APPLICABLE

The question asks for the partial correlation between the number of deaths of individuals aged between 21 and 50 and the involvement of assassination as an attack method, while controlling for the involvement of hostage-taking in barricade incidents. The method ""Mean"" is not relevant to calculating partial correlations. Instead, methods such as regression analysis or specialized software functions for partial correlation should be used.

Specific data features:
- Data type: Quantitative for all variables involved (number of deaths, attack methods).
- Normality: Not normal for all variables.
- Sample size: Large (10,517 rows).

Applicability conditions for the mean:
1. The mean is typically used to describe central tendency in a dataset.
   - This condition does not apply here because the task requires a measure of association (partial correlation), not a measure of central tendency.

Therefore, the method ""Mean"" is NOT APPLICABLE to calculate partial correlation.","","","",""
"34","Descriptive Statistics","Skewness","NOT_APPLICABLE","APPLICABLE","wrong","APPLICABLE

The method ""Skewness"" is applicable to the problem of finding the skewness of the ""Total eMedia Circulation"" column. Here are the specific data features supporting this conclusion:

- Data Type: The ""Total eMedia Circulation"" column is quantitative, which means it consists of numerical values that can be used to calculate skewness.
- Normality: The column is noted as not being normally distributed (""is_normality"": True), which often indicates the presence of skewness or other deviations from normality, making the calculation of skewness relevant.
- Sample Size: With 72 rows of data, the sample size is sufficient for calculating skewness, although there isn't a strict minimum required for skewness calculations beyond having enough variability to observe any potential asymmetry.

Applicability Conditions:
1. **Data must be quantitative**: MEETS - The data is quantitative.
2. **Sample size should be adequate**: MEETS - A sample size of 72 is generally considered adequate for skewness analysis.
3. **No requirement for normal distribution**: MEETS - Skewness can be calculated regardless of whether the data is normally distributed or not. In fact, skewness is often calculated precisely because the data is not normally distributed.","","","",""
"30","Correlation Analysis","Kolmogorov-Smirnov Test for Uniform distribution","NOT_APPLICABLE","NOT_APPLICABLE","correct","NOT APPLICABLE

The Kolmogorov-Smirnov Test for Uniform Distribution is not suitable for the given problem because:

1. **Data Type**: The test is typically used to compare a sample with a reference probability distribution (like the uniform distribution). However, the question involves examining the relationship between two quantitative variables (engine displacement and maximum power output) while controlling for another variable (mileage). This scenario requires a different statistical approach such as partial correlation analysis rather than a goodness-of-fit test like the Kolmogorov-Smirnov test.

2. **Normality**: The data is described as non-normal (is_normality: False), but the Kolmogorov-Smirnov test can be applied to check if a dataset follows a uniform distribution. However, the primary issue here is the nature of the analysis required, not the normality of the data.

3. **Sample Size**: While the sample size (1553 rows) is adequate for many statistical tests, it does not address the core issue of the test's applicability to the problem at hand.

**Applicability Conditions of the Kolmogorov-Smirnov Test for Uniform Distribution**:
- **Condition 1: Data should be univariate**: The data provided involves multiple variables (engine displacement, maximum power output, and mileage), making it multivariate. Therefore, the data DOES NOT MEET this condition.
- **Condition 2: Sample size adequacy**: The sample size is large enough (1553 observations), so this condition is MEET.
- **Condition 3: Testing against a specific distribution (uniform)**: The test checks if the data fits a uniform distribution, which is irrelevant to the question about the correlation between two variables while controlling for a third. Thus, this condition is IRRELEVANT to the problem statement.

Given these points, the Kolmogorov-Smirnov Test for Uniform Distribution is NOT APPLICABLE to the stated problem.","","","",""
"15","Descriptive Statistics","Shapiro-Wilk Test of Normality","NOT_APPLICABLE","APPLICABLE","wrong","APPLICABLE

The Shapiro-Wilk Test of Normality can be applied to the ""Review"" column because it is quantitative and has a sufficient number of rows (1907). Here are the conditions for the Shapiro-Wilk test and how they are met by the data:

1. **Data Type**: The Shapiro-Wilk test requires quantitative data. The ""Review"" column is quantitative, so this condition is MEET.

2. **Sample Size**: The Shapiro-Wilk test is typically used for small to medium-sized samples, generally up to around 5000 observations. With 1907 rows, the sample size is within an acceptable range for the Shapiro-Wilk test, so this condition is MEET.

3. **Normality Check**: While the ""is_normality"" flag is False, this does not preclude the use of the Shapiro-Wilk test. The test will assess the normality of the distribution, so this condition is MEET.

Given these points, the Shapiro-Wilk Test of Normality is APPLICABLE to the ""Review"" column.","","","",""
"32","Descriptive Statistics","Partial Correlation Coefficient","NOT_APPLICABLE","NOT_APPLICABLE","correct","NOT APPLICABLE

The method ""Partial Correlation Coefficient"" is not directly applicable to the problem of measuring the skewness in the distribution of the amount spent on fish products (MntFishProducts). The question asks for an assessment of skewness, which is a measure of the asymmetry of the probability distribution of a real-valued random variable about its mean. Skewness does not require the use of partial correlation coefficients, which are used to assess the relationship between two variables while controlling for the effect of one or more additional variables.

Specific data features relevant to the applicability of partial correlation coefficient include:
- Data Type: Quantitative (for the variables involved)
- Normality: Not specified as normal (which could be a concern but is not directly related to skewness measurement)
- Sample Size: Adequate (2240 rows)

Conditions for using Partial Correlation Coefficient and their relevance to the data:
1. **Quantitative Variables**: The data contains quantitative variables such as MntFishProducts, which meets this requirement.
2. **Normal Distribution**: While not strictly necessary for partial correlation, it is often preferred. However, the data is not specified as normally distributed, which may affect the reliability of the results.
3. **Sample Size**: The sample size of 2240 is generally considered adequate for most statistical analyses, including partial correlation.

Since the question specifically asks about skewness, the appropriate methods would involve calculating skewness statistics rather than partial correlation coefficients. Therefore, the method ""Partial Correlation Coefficient"" is NOT APPLICABLE to this problem.","","","",""
"6","Variance Test","Median","NOT_APPLICABLE","APPLICABLE","wrong","APPLICABLE

The method ""Median"" is applicable to this problem based on the following data features:

- Data Type: The columns for Japan and Brazil are both quantitative, which means they contain numerical data suitable for calculating the median.
- Normality: The normality status (True or False) does not affect the applicability of the median since the median is a measure of central tendency that can be calculated regardless of the distribution's shape.
- Sample Size: Each country column has 4 rows of data, which is sufficient to calculate the median even though it is a small sample size.

For each known applicability condition of the median method:
- Requires Quantitative Data: MEETS (both Japan and Brazil have quantitative data).
- Not Affected by Distribution Shape: MEETS (the median can be calculated irrespective of whether the data is normally distributed or not).
- Minimum Sample Size Requirement: MEETS (a minimum of one value is needed to compute a median, and having four values is more than sufficient).","","","",""
"43","Descriptive Statistics","Fisher Exact Test","NOT_APPLICABLE","NOT_APPLICABLE","correct","NOT APPLICABLE

The Fisher Exact Test is used for analyzing contingency tables, typically with categorical variables to determine if there is a significant association between two categorical variables. The data provided does not contain any contingency table or categorical variables paired in such a way that would allow for the application of the Fisher Exact Test.

Specific data features that do not meet the conditions for the Fisher Exact Test include:
- All quantitative variables (such as GDP, avg_satisfaction, etc.) and their non-normal distribution do not align with the requirement for categorical variables.
- No contingency table or paired categorical variables are present in the dataset.

Therefore, the Fisher Exact Test is NOT APPLICABLE to this dataset.","","","",""
"16","Correlation Analysis","Pearson Correlation Coefficient","APPLICABLE","NOT_APPLICABLE","wrong","NOT APPLICABLE

The Pearson Correlation Coefficient measures the linear relationship between two continuous variables. To apply it, both variables must be quantitative and ideally normally distributed. However, the data provided does not meet these criteria:

1. **Data Type**: The variable ""traveltime"" is quantitative, which is appropriate for Pearson correlation. However, the variable ""G1"" (first period grade) is also quantitative but is often treated as ordinal in educational contexts, especially if the grading scale is not continuous (e.g., A, B, C, etc.). If ""G1"" is on an ordinal scale, it may not be appropriate to use Pearson's correlation.

2. **Normality**: Both ""traveltime"" and ""G1"" are noted as not being normally distributed (""is_normality: False""). While Pearson's correlation does not strictly require normality, it is more robust when the data is normally distributed. Given that neither variable is normally distributed, this is a significant limitation.

3. **Sample Size**: With 649 rows, the sample size is adequate for Pearson's correlation, but the primary issue lies with the nature of the data rather than the sample size.

Given these points, the conditions for using Pearson's correlation coefficient are not fully met due to the potential ordinal nature of the grades and the lack of normal distribution in both variables. Therefore, the method is NOT APPLICABLE.","","","",""
"6","Variance Test","Kolmogorov-Smirnov Test for Exponential distribution","NOT_APPLICABLE","NOT_APPLICABLE","correct","NOT APPLICABLE

The Kolmogorov-Smirnov test for exponential distribution is not suitable for the given dataset due to several reasons:

1. **Data Type**: The relevant columns for the analysis are ""Japan"" and ""Brazil"", both of which are quantitative. However, the Kolmogorov-Smirnov test for exponential distribution specifically tests if a sample comes from an exponential distribution. There is no indication that the crop yield data should follow an exponential distribution, making this test inappropriate for the given context.

2. **Sample Size**: Each country's column has only 4 rows of data. The Kolmogorov-Smirnov test generally requires larger sample sizes to be reliable, typically at least 50 observations, although some sources suggest a minimum of 20-30. With only 4 observations per country, the test lacks sufficient power and reliability.

3. **Normality**: While the ""is_normality"" flag for Japan and Brazil is not provided directly, it is mentioned that the data types are quantitative and the normality status for other countries is true or false. Given the small sample size, even if the data were normally distributed, the Kolmogorov-Smirnov test would still not be appropriate for such a small sample size.

**Applicability Conditions**:
- **Condition: Data should come from an exponential distribution**: The data does not necessarily follow an exponential distribution, so this condition is not met.
- **Condition: Sample size should be sufficiently large**: The sample size is too small (only 4 observations), so this condition is not met.

Therefore, the Kolmogorov-Smirnov test for exponential distribution is NOT APPLICABLE to this problem.","","","",""
"1","Correlation Analysis","Kendall Correlation Coefficient","NOT_APPLICABLE","APPLICABLE","wrong","APPLICABLE

The Kendall Correlation Coefficient can be used to assess the relationship between two quantitative variables while controlling for a third variable through partial correlation analysis. Here's how the specific data features support its applicability:

1. **Data Type**: The data types for Sales ($), Newspaper Ad Budget ($), and Radio Ad Budget ($) are all quantitative, which is required for the Kendall Correlation Coefficient.
   
2. **Sample Size**: With 200 rows of data, the sample size is sufficiently large to apply non-parametric methods like the Kendall Correlation Coefficient.

3. **Normality**: The normality of the data is not a requirement for the Kendall Correlation Coefficient, making it suitable even though the data is not normally distributed.

For each known applicability condition of the Kendall Correlation Coefficient:

- **Quantitative Variables**: MEETS - The variables Sales ($), Newspaper Ad Budget ($), and Radio Ad Budget ($) are all quantitative.
- **Sample Size**: MEETS - A sample size of 200 is adequate for non-parametric methods.
- **Distribution Assumptions**: DOES NOT REQUIRE - The Kendall Correlation Coefficient does not assume any particular distribution of the data, so the lack of normality is not an issue.

Therefore, the method ""Kendall Correlation Coefficient"" is APPLICABLE to this problem.","","","",""
"28","Variance Test","Levene Test","APPLICABLE","APPLICABLE","correct","APPLICABLE

The Levene test is used to assess the equality of variances for a variable calculated for two or more groups. In this case, we are comparing the variability of annual crop production between Japan and the Philippines.

Specific data features supporting the applicability of the Levene test include:
- The data type for both Japan and the Philippines is quantitative.
- Each country's data has 4 rows, which is the minimum number required for the Levene test but is typically on the low side for robustness.
- Normality is not a strict requirement for the Levene test, making it suitable even though the normality status of the 'Year' column is irrelevant here.

Applicability conditions for the Levene test:
1. Data must be quantitative: MEETS (both Japan and Philippines have quantitative data).
2. Sample sizes do not need to be equal, but having similar sizes improves reliability: DOES NOT MEET STRICTLY (both have only 4 observations, which is very small).
3. Normality is not strictly required, but deviations from normality should be similar across groups: MEETS (the test does not require normality, and there is no indication of differing deviations).

Given these points, despite the small sample size, the Levene test can still be applied to compare the variability of annual crop production between Japan and the Philippines.","","","",""
"5","Variance Test","Kurtosis","NOT_APPLICABLE","APPLICABLE","wrong","APPLICABLE

The method ""Kurtosis"" can be used to measure the ""tailedness"" of the probability distribution of a real-valued random variable. Here are the specific data features supporting its applicability:

- The data type for both the Philippines and India is quantitative, which is necessary for calculating kurtosis.
- Each dataset has 4 rows of data, which is sufficient for basic statistical analysis although it is on the lower side for robust statistical inference.
- Normality is not a requirement for calculating kurtosis, but knowing the normality status can provide additional context. Both datasets are noted as non-normal, which does not affect the applicability of kurtosis.

For each known applicability condition of this method:
- Quantitative data: MEETS (both datasets are quantitative).
- Sample size: MEETS (each dataset has at least 4 observations, though small).
- Normality requirement: DOES NOT APPLY (kurtosis can be calculated regardless of normality).","","","",""
"7","Distribution Compliance Test","Levene Test","NOT_APPLICABLE","NOT_APPLICABLE","correct","NOT APPLICABLE

The Levene Test is used to assess the equality of variances across different groups, typically for checking homogeneity of variance in ANOVA tests. The data provided does not specify any grouping variable or indicate that we are comparing variances across different categories or groups. Additionally, the column 'CH2O' (daily water consumption) is the only quantitative variable mentioned without any indication of being grouped by another categorical variable.

Specific data features that lead to this conclusion include:
- The data type and normality status of 'CH2O' alone do not provide enough context to apply the Levene Test.
- There is no mention of a categorical variable that would define groups for comparison.

For the Levene Test to be applicable, the following conditions must be met:
1. Data should be quantitative.
   - MEETS (the 'CH2O' column is quantitative).
2. Data should be divided into at least two groups based on a categorical variable.
   - DOES NOT MEET (no such categorical variable is specified for grouping the 'CH2O' data).

Therefore, the Levene Test is NOT APPLICABLE to this dataset as presented.","","","",""
"1","Correlation Analysis","Spearman Correlation Coefficient","NOT_APPLICABLE","APPLICABLE","wrong","APPLICABLE

The Spearman Correlation Coefficient is applicable to this problem based on the following data features:

- Data Type: The variables involved (Newspaper Ad Budget and Sales) are quantitative, which is suitable for the Spearman Correlation Coefficient since it can be applied to any monotonic relationship regardless of the distribution of the data.
- Normality: The data is not normally distributed, which does not affect the use of the Spearman Correlation Coefficient because it does not assume normality.
- Sample Size: With 200 rows of data, the sample size is sufficiently large to apply the Spearman Correlation Coefficient reliably.

Specifically addressing the conditions for the Spearman Correlation Coefficient:
1. **Quantitative or Ordinal Data**: The data types for both Sales and Newspaper Ad Budget are quantitative, which meets the requirement for the Spearman Correlation Coefficient.
2. **No Requirement for Normal Distribution**: Since the Spearman Correlation Coefficient does not require the data to be normally distributed, this condition is met.
3. **Sample Size**: A sample size of 200 is adequate for the Spearman Correlation Coefficient to provide reliable results.

Therefore, the method MEETS all necessary conditions for application.","","","",""
"47","Descriptive Statistics","Kolmogorov-Smirnov Test for Exponential distribution","NOT_APPLICABLE","NOT_APPLICABLE","correct","NOT APPLICABLE

The Kolmogorov-Smirnov Test for Exponential Distribution is not suitable for the provided dataset for the following reasons:

1. **Data Type**: The variable ""International Outlook"" is quantitative, which is appropriate for the Kolmogorov-Smirnov test. However, the specific version of the test being asked about (for exponential distribution) assumes that the underlying distribution is exponential. There is no indication from the provided data that the ""International Outlook"" scores follow an exponential distribution.

2. **Normality**: The column ""International Outlook"" is marked as non-normal (is_normality: False). This does not necessarily mean it follows an exponential distribution; it simply indicates that it is not normally distributed. Without additional information confirming an exponential distribution, we cannot assume this.

3. **Sample Size**: The number of rows (910) is sufficiently large for most statistical tests, including the Kolmogorov-Smirnov test. However, the appropriateness of the test still hinges on the assumption of the distribution type.

**Applicability Conditions**:
- **Distribution Assumption**: The Kolmogorov-Smirnov test for exponential distribution requires the data to be exponentially distributed. The data provided does not meet this condition as there is no evidence suggesting an exponential distribution.
- **Sample Size**: The sample size of 910 is adequate for the Kolmogorov-Smirnov test but does not affect the applicability when the distribution assumption is not met.
- **Quantitative Data**: The data is quantitative, which is required for the test, but again, the primary issue is the distributional assumption.

Given these points, the method ""Kolmogorov-Smirnov Test for Exponential Distribution"" is NOT APPLICABLE to this problem.","","","",""
"35","Variance Test","Spearman Correlation Coefficient","NOT_APPLICABLE","APPLICABLE","wrong","APPLICABLE

The Spearman Correlation Coefficient is applicable for assessing the relationship between two ranked variables. Here's how the specific data features support its use:

1. **Data Type**: Both ""Number of trees sold"" and ""Average Tree Price"" are quantitative data types, which can be converted into ranks.
2. **Normality**: The normality status of these variables is not relevant for the Spearman correlation since it does not assume normal distribution.
3. **Sample Size**: With 14 rows of data, the sample size is adequate for calculating the Spearman correlation coefficient.

For each known applicability condition of the Spearman Correlation Coefficient:
- **Rankable Data**: Both variables (""Number of trees sold"" and ""Average Tree Price"") are quantitative and can be ranked. This condition is MEETS.
- **Non-parametric Requirement**: The Spearman correlation does not require the data to follow a normal distribution, which is consistent with our dataset where normality is not required. This condition is MEETS.
- **Sample Size Adequacy**: A sample size of 14 is sufficient for computing the Spearman correlation coefficient. This condition is MEETS.

Therefore, the method ""Spearman Correlation Coefficient"" is APPLICABLE to this problem.","","","",""
"45","Correlation Analysis","Levene Test","NOT_APPLICABLE","NOT_APPLICABLE","correct","NOT APPLICABLE

The Levene test is used to assess the equality of variances for a variable across different groups. Given the specific question and the nature of the dataset provided, the Levene test is not directly applicable because:

1. **Data Type**: The Levene test requires at least one quantitative dependent variable and one categorical independent variable. While we have several quantitative variables (e.g., ""Terrorist attacks,"" ""Terrorism deaths""), the question focuses on the relationship between two specific attack methods (""Armed Assault"" and ""Hostage Taking (Barricade Incident)"") in the context of ""Facility/Infrastructure Attack."" This does not clearly define a suitable dependent and independent variable setup for variance testing.

2. **Normality**: The Levene test is robust to deviations from normality compared to the F-test but still assumes that the data is approximately normally distributed within each group. However, the dataset indicates that none of the quantitative columns are normally distributed (""is_normality: False"").

3. **Sample Size**: Although the sample size (10,517 rows) is large, the Levene test's applicability hinges more on the structure of the data rather than just the number of observations.

For the Levene test to be applicable, the data would need to meet these conditions:
- **Condition 1: Quantitative Dependent Variable** - Present (e.g., ""Terrorist attacks,"" ""Terrorism deaths"").
- **Condition 2: Categorical Independent Variable** - Not clearly defined in the context of the question.
- **Condition 3: Normality Assumption** - Does NOT MEET since the data is not normally distributed.
- **Condition 4: Homogeneity of Variances Across Groups** - Not relevant without a clear grouping variable.

Given these points, the Levene test is NOT APPLICABLE to the stated problem.","","","",""
"45","Correlation Analysis","Partial Correlation Coefficient","APPLICABLE","NOT_APPLICABLE","wrong","NOT APPLICABLE

The method ""Partial Correlation Coefficient"" requires certain conditions to be met for its application:

1. **Quantitative Data**: The variables involved must be quantitative. In this dataset, the relevant variables (Attack method: Armed Assault, Attack method: Facility/Infrastructure Attack, and Attack method: Hostage Taking (Barricade Incident)) are all quantitative, which MEETS this requirement.

2. **Normality Assumption**: Partial correlation assumes that the variables are normally distributed. However, the dataset indicates that none of the quantitative variables are normally distributed (""is_normality: False""). This DOES NOT MEET the normality assumption required by partial correlation.

3. **Sample Size**: While the sample size (10517 rows) is large, partial correlation typically requires a sufficient number of observations relative to the number of variables being controlled for. Given that we would be controlling for multiple variables simultaneously, the sample size may still be adequate but this aspect is not strictly quantified here. However, the primary issue lies with the normality assumption rather than the sample size.

Given these points, the primary reason for the method being NOT APPLICABLE is the failure to meet the normality assumption.","","","",""
"24","Distribution Compliance Test","F-Test for Variance","NOT_APPLICABLE","NOT_APPLICABLE","correct","NOT APPLICABLE

The F-Test for Variance is not applicable in this scenario due to the following reasons:

1. **Data Type**: The F-Test for Variance requires quantitative data. While the reading score is quantitative, the test assumes that the data comes from a normally distributed population. 

2. **Normality**: The reading score column is specified as not being normally distributed (""is_normality: False""). The F-Test for Variance assumes that the data is normally distributed. Therefore, the data does not meet the normality requirement.

3. **Sample Size**: Although the sample size (1000 rows) is large, the F-Test for Variance's assumption of normality takes precedence over the sample size when considering its applicability.

Given these points, the conditions for applying the F-Test for Variance are not met because the reading score data is not normally distributed. Thus, the method is NOT APPLICABLE.","","","",""
"23","Variance Test","F-Test for Variance","APPLICABLE","NOT_APPLICABLE","wrong","NOT APPLICABLE

The F-Test for Variance is not applicable in this scenario due to the following reasons:

1. **Normality Condition**: The F-test assumes that the data from which the variances are calculated are normally distributed. According to the provided column information, both `avg_satisfaction` and `std_satisfaction` are marked as normally distributed (`is_normality: True`). However, `happyScore`, which seems to be another measure of satisfaction or happiness, is not normally distributed (`is_normality: False`). Since the F-test requires both samples to come from normally distributed populations, the presence of non-normal data makes the test inappropriate.

2. **Data Type**: The F-test is used to compare the variances of two groups. Here, `avg_satisfaction` represents the average self-reported happiness score, while `std_satisfaction` represents the standard deviation of self-reported happiness scores. These are fundamentally different measures, and comparing their variances does not make logical sense in the context of the F-test, which typically compares variances of the same type of measurement across different groups.

3. **Sample Size**: While the sample size (111 rows) is adequate for many parametric tests, the primary issue here is the violation of the normality assumption rather than the sample size itself.

In summary, the F-Test for Variance does not meet the necessary conditions of normality and logical comparability of the variables being tested. Therefore, it is NOT APPLICABLE.","","","",""
"24","Distribution Compliance Test","Mantel-Haenszel Test","NOT_APPLICABLE","NOT_APPLICABLE","correct","NOT APPLICABLE

The Mantel-Haenszel Test is used to analyze stratified contingency tables, typically to assess the association between two categorical variables while controlling for a third categorical variable. The specific conditions required for applying the Mantel-Haenszel Test include:

1. **Categorical Variables**: Both primary variables being analyzed must be categorical.
2. **Stratification**: There should be a third categorical variable used for stratification.

In the provided dataset:
- All categorical columns (gender, race/ethnicity, parental level of education, lunch, and test preparation course) do not involve the reading score directly.
- The reading score is a quantitative variable, which does not fit the requirement of being categorical.

Since the Mantel-Haenszel Test requires at least two categorical variables and the reading score is quantitative, the data **DOES NOT MEET** the necessary conditions for applying the Mantel-Haenszel Test. Therefore, the method is NOT APPLICABLE.","","","",""
"5","Variance Test","Skewness","NOT_APPLICABLE","APPLICABLE","wrong","APPLICABLE

The method ""Skewness"" is applicable to this problem based on the following specific data features:

- The data type for both the Philippines and India's annual crop production is quantitative.
- The number of rows (observations) for each country is 4, which is the minimum required to calculate skewness, although typically more observations are preferred for robustness.
- Normality is not a requirement for calculating skewness, but it is noted that the data for these countries is not necessarily normally distributed, which does not affect the applicability of skewness.

For each known applicability condition of this method:
- Quantitative data: MEETS (both datasets are quantitative).
- Sample size: MEETS (each dataset has at least 4 observations, though ideally more would be better).
- Normal distribution requirement: DOES NOT APPLY (skewness can be calculated regardless of whether the data is normally distributed).","","","",""
"39","Correlation Analysis","Anderson-Darling Test","NOT_APPLICABLE","NOT_APPLICABLE","correct","NOT APPLICABLE

The Anderson-Darling Test is used to test if a sample is drawn from a population that follows a specified distribution. The conditions typically required for applying the Anderson-Darling Test include having a specific target distribution to compare against and ensuring that the data is continuous and independent. 

In this dataset, the relevant columns for the question are ""Terrorism deaths"" and ""Death Age : 11-20"". Both of these are quantitative data types, but the key issue here is that the Anderson-Darling Test is not designed to measure the correlation between two variables or to control for additional variables like ""Terrorist attacks"".

Specifically:
- **Data Type**: Quantitative (MEETS)
- **Normality**: Not normal (DOES NOT MEET), but this alone does not make the Anderson-Darling Test inapplicable since it can be used on non-normal distributions.
- **Sample Size**: Large enough (MEETS), with 10,517 rows.
- **Target Distribution**: The test requires a hypothesized distribution against which to test the sample, which is not provided or relevant for measuring correlation (DOES NOT MEET).

Since the primary goal is to find the correlation between two variables while controlling for another variable, methods such as multiple regression would be more appropriate. Therefore, the Anderson-Darling Test is NOT APPLICABLE to this problem.","","","",""
"26","Descriptive Statistics","Skewness","NOT_APPLICABLE","APPLICABLE","wrong","APPLICABLE

The method ""Skewness"" is applicable to the problem based on the provided data features. Here's the reasoning:

- The column ""happyScore"" is quantitative and has 111 rows. Skewness can be calculated for any quantitative variable regardless of its distribution shape.
- The normality status of ""happyScore"" is not relevant for calculating skewness since skewness measures the asymmetry of the probability distribution of a real-valued random variable about its mean.
- The sample size of 111 is sufficient for calculating skewness, although there isn't a strict minimum requirement for skewness calculation beyond having enough variability in the data.

Specifically:
- Data Type: Quantitative (MEETS)
- Sample Size: 111 rows (MEETS)
- Normality: Irrelevant for skewness calculation (MEETS by definition)","","","",""
"12","Variance Test","Shapiro-Wilk Test of Normality","NOT_APPLICABLE","NOT_APPLICABLE","correct","NOT APPLICABLE

The Shapiro-Wilk Test of Normality is not directly applicable to the question of whether the variances of annual crop production in Pakistan and India are equal. The Shapiro-Wilk test is used to assess if a sample comes from a normally distributed population, which is not the primary concern here. However, let's break down the conditions for the Shapiro-Wilk test based on the provided data features:

1. **Data Type**: The data types for Pakistan and India are quantitative, which is appropriate for the Shapiro-Wilk test.
2. **Sample Size**: Each country has 4 rows of data. The Shapiro-Wilk test is generally recommended for small sample sizes (typically up to n=2000), but it performs best with samples between 3 and 5000 observations. With only 4 observations per country, the test may not be reliable due to low power and potential inaccuracies in estimating normality.
3. **Normality**: The data for Pakistan and India are already marked as normally distributed (""is_normality: True""), so applying the Shapiro-Wilk test would be redundant since we already know the distribution status according to the given information.

Given these points, while the data meets the basic criteria of being quantitative, the sample size is too small for the Shapiro-Wilk test to provide meaningful results. Therefore, the method is NOT APPLICABLE to determine if the variances of annual crop production in Pakistan and India are equal. Instead, a more suitable approach might involve using a different statistical test designed to compare variances, such as Levene's test or the F-test, although these also have their own assumptions about sample size and distribution.","","","",""
"33","Distribution Compliance Test","Kolmogorov-Smirnov Test","NOT_APPLICABLE","APPLICABLE","wrong","APPLICABLE

The Kolmogorov-Smirnov (KS) test can be used to determine if a sample comes from a particular distribution, such as the Uniform distribution. Here are the specific data features and conditions that support its applicability:

1. **Data Type**: The column `atlantaretail` is quantitative, which means it consists of numerical values. The KS test is designed for continuous data, so this condition is met.
   
2. **Sample Size**: With 15,766 rows, the sample size is sufficiently large for the KS test. Generally, the KS test performs well with samples of at least several hundred observations, making this condition also met.

3. **Normality Check**: The `is_normality` flag for `atlantaretail` is False, indicating that the data does not follow a normal distribution. However, the KS test can be applied to any continuous distribution, including non-normal ones, so this does not preclude the use of the KS test.

4. **Distribution Assumption**: The KS test can be used to test against a specified theoretical distribution, such as the Uniform distribution. This condition is met since we are interested in testing if the data follows a Uniform distribution.

In summary, the data meets all necessary conditions for applying the Kolmogorov-Smirnov test to determine if the `atlantaretail` data follows a Uniform distribution.","","","",""
"48","Contingency Table Test","F-Test for Variance","NOT_APPLICABLE","NOT_APPLICABLE","correct","NOT APPLICABLE

The F-Test for Variance is not suitable for the given problem because it requires specific conditions that are not met by the provided data features:

1. **Data Type**: The F-Test for Variance is used with quantitative data to compare variances between two groups. In this dataset, the relevant columns are 'Gender' (categorical) and 'MTRANS' (mode of transportation, categorical). Neither of these variables is quantitative, which means the F-Test cannot be applied directly to them.

2. **Normality**: Even if we were to consider quantitative variables like 'Age', 'Height', 'Weight', etc., the F-Test assumes that the data from both groups being compared are normally distributed. However, the 'is_normality' attribute for all quantitative variables is False, indicating that they do not meet the normality assumption required for an F-Test.

3. **Sample Size**: While the sample size (2111 rows) is large enough for many statistical tests, the F-Test's applicability hinges more on the nature of the data rather than just the sample size.

Given these points, the F-Test for Variance is NOT APPLICABLE to determine the association between gender and mode of transportation.","","","",""
"44","Variance Test","Mood Variance Test","APPLICABLE","NOT_APPLICABLE","wrong","NOT APPLICABLE

The Mood Variance Test is used to compare the variances of two independent samples. However, based on the provided data features, there are several issues that make the application of this test inappropriate:

1. **Data Type**: The relevant columns for the analysis are ""Philippines"" and ""China"", both of which are quantitative. This condition is met.
   
2. **Normality**: The normality status for both ""Philippines"" and ""China"" is not specified as true (normal). The Mood Variance Test assumes that the data from both groups come from populations with continuous distributions, but it does not strictly require normality like the F-test. However, since the question does not specify normality for these countries, we cannot assume normality, which is often a practical consideration for such tests.

3. **Sample Size**: Each country has only 4 rows of data. Small sample sizes can affect the reliability and power of variance comparison tests. Typically, a minimum of around 5-10 observations per group is recommended for most parametric tests, although non-parametric alternatives like the Mood Variance Test might be more forgiving. Given the small sample size, the test's assumptions may not be robustly met.

Given these points, while the data types are appropriate, the lack of clear normality information and the very small sample size do not meet the practical conditions for applying the Mood Variance Test reliably. Therefore, the method is NOT APPLICABLE.","","","",""
"26","Descriptive Statistics","Kolmogorov-Smirnov Test for Normality","NOT_APPLICABLE","NOT_APPLICABLE","correct","NOT APPLICABLE

The Kolmogorov-Smirnov Test for Normality is not applicable to the entire dataset as described because it requires specific conditions to be met for its application. Here are the details:

1. **Data Type**: The test can only be applied to quantitative data. However, the dataset includes both quantitative and categorical data types. Specifically, the columns 'country', 'region', and 'country.1' are of type 'other' or 'categorical'. These do not meet the requirement for quantitative data.

2. **Normality Check**: The test is used to check if a sample comes from a normally distributed population. While some columns like 'adjusted_satisfaction', 'avg_satisfaction', 'std_satisfaction', and potentially others could be candidates for such a test, the question does not specify which column's normality is being questioned. Moreover, the 'happyScore' column, which seems relevant to the problem statement about the average value of an adjusted self-reported happiness score, is noted as non-normal ('is_normality: False').

3. **Sample Size**: The Kolmogorov-Smirnov test generally requires a minimum sample size, typically at least 50 observations, but it can be applied with smaller samples. Given that all columns have 111 rows, this condition is met for any quantitative column.

4. **Specific Column Selection**: Since the question asks about the average value of the adjusted self-reported happiness score, we would ideally focus on the 'happyScore' column. However, since 'happyScore' is already noted as non-normal, applying the Kolmogorov-Smirnov test here would be redundant and unnecessary.

In summary, while the Kolmogorov-Smirnov Test for Normality could technically be applied to certain quantitative columns, the presence of non-quantitative data and the fact that the 'happyScore' column is already known to be non-normal make the overall application of this test NOT APPLICABLE to the problem as stated.","","","",""
"8","Distribution Compliance Test","Skewness","NOT_APPLICABLE","APPLICABLE","wrong","APPLICABLE

The method ""Skewness"" is applicable to this problem based on the following specific data features:

- The data type for both TOEFL Score and SOP is quantitative.
- Skewness can be calculated for any quantitative data regardless of its normality status.
- The number of rows (observations) is 400, which is sufficient for calculating skewness.

For each known applicability condition of this method:
1. Data must be quantitative: MEETS (TOEFL Score and SOP are quantitative).
2. Sample size should be adequate: MEETS (400 observations are more than sufficient).","","","",""
"1","Correlation Analysis","F-Test for Variance","NOT_APPLICABLE","NOT_APPLICABLE","correct","NOT APPLICABLE

The F-Test for Variance is not suitable for the given problem because it does not address the relationship between sales revenue and newspaper advertising budget while holding the radio advertising budget constant. Instead, the question suggests a need for an analysis that can control for one variable while assessing the relationship between two others, which would typically involve multiple regression analysis rather than variance testing.

Specific data features and conditions for the F-Test for Variance include:

1. Data Type: The F-test requires quantitative data, which is present here with the TV Ad Budget ($), Radio Ad Budget ($), Newspaper Ad Budget ($), and Sales ($). However, the test itself is not designed to analyze relationships between these variables under controlled conditions.
   
2. Normality: The F-test assumes that the data is normally distributed. Here, all quantitative columns are reported as non-normal (is_normality: False). This violates the assumption of normality required by the F-test.

3. Sample Size: While the sample size of 200 rows might be adequate for some tests, the F-test's applicability is more directly tied to the distributional assumptions and the nature of the hypothesis being tested rather than just the sample size.

Given these points, the F-Test for Variance:
- DOES NOT MEET the requirement of analyzing the relationship between sales revenue and newspaper advertising budget while controlling for the radio advertising budget.
- DOES NOT MEET the assumption of normality since the data is reported as non-normal.
- IS NOT DESIGNED TO ADDRESS THE SPECIFIED QUESTION REGARDLESS OF SAMPLE SIZE OR DATA TYPE.","","","",""
"6","Variance Test","Kolmogorov-Smirnov Test for Normality","NOT_APPLICABLE","APPLICABLE","wrong","APPLICABLE

The Kolmogorov-Smirnov Test for Normality can be used to assess if the data from Japan and Brazil follow a normal distribution. Here are the specific data features supporting this:

- Data Type: The columns for Japan and Brazil are both quantitative, which is necessary for applying the Kolmogorov-Smirnov test.
- Normality: The data for Japan and Brazil are marked as normally distributed (is_normality: True), indicating that these tests can be applied to check the normality assumption.
- Sample Size: Each country has 4 rows of data. While the Kolmogorov-Smirnov test typically requires larger samples for reliable results, it can still be applied to smaller datasets like these.

Applicability conditions for the Kolmogorov-Smirnov Test for Normality:
1. **Quantitative Data**: MEETS - Both Japan and Brazil have quantitative data.
2. **Sample Size**: DOES NOT MEET - Ideally, the sample size should be larger than 4 for more reliable results, but the test can still be conducted.
3. **Normality Check**: MEETS - The test is designed to check for normality, which aligns with the provided normality status of the data.

Given these points, despite the small sample size, the Kolmogorov-Smirnov Test for Normality is applicable to compare the normality of yearly crop yield variations between Japan and Brazil.","","","",""
"31","Descriptive Statistics","Kolmogorov-Smirnov Test for Gamma distribution","NOT_APPLICABLE","NOT_APPLICABLE","correct","NOT APPLICABLE

The Kolmogorov-Smirnov test for a Gamma distribution is not applicable in this scenario due to the following reasons:

1. **Data Type**: The column ""Catch_Rate"" is quantitative, which is required for the Kolmogorov-Smirnov test. However, the test assumes that the data should be continuous, and while ""Catch_Rate"" is quantitative, it may not necessarily be continuous. Without further information on the nature of ""Catch_Rate,"" we cannot assume continuity.

2. **Sample Size**: The number of rows (721) is sufficiently large for the Kolmogorov-Smirnov test. However, the applicability of the test does not solely depend on the sample size but also on the distributional assumptions.

3. **Normality**: The ""is_normality"" flag for ""Catch_Rate"" is False, indicating that the data is not normally distributed. This is not directly relevant to testing against a Gamma distribution, but it suggests that the data may have a different distributional form.

4. **Gamma Distribution Assumption**: The Kolmogorov-Smirnov test can be used to test if a dataset follows a specified distribution, such as the Gamma distribution. However, there is no indication from the provided data features that the ""Catch_Rate"" values follow a Gamma distribution. Additionally, the Gamma distribution is typically used for modeling continuous variables with positive support, and without knowing the exact nature of ""Catch_Rate,"" we cannot confirm this assumption.

**Applicability Conditions**:
- **Continuous Data**: The data must be continuous. Since ""Catch_Rate"" is quantitative but its continuity is not confirmed, this condition **DOES NOT MEET**.
- **Sample Size**: The sample size should be reasonably large. With 721 observations, this condition **MEETS**.
- **Distribution Specification**: The Gamma distribution must be correctly specified. There is no evidence to suggest that ""Catch_Rate"" follows a Gamma distribution, so this condition **DOES NOT MEET**.

Given these points, the Kolmogorov-Smirnov test for a Gamma distribution is NOT APPLICABLE to the ""Catch_Rate"" data.","","","",""
"27","Descriptive Statistics","Skewness","NOT_APPLICABLE","APPLICABLE","wrong","APPLICABLE

The method ""Skewness"" is applicable to the problem based on the following data features:

- The column `F2010` has a data type of quantitative, which means it contains numerical values.
- Skewness can be calculated for any distribution regardless of its normality status, and the `is_normality` field for `F2010` is False, indicating non-normal distribution, but this does not affect the applicability of skewness calculation.
- The number of rows (1186) is sufficiently large to calculate skewness accurately.

For each known applicability condition of the skewness method:
- The data must be quantitative: MEETS.
- The data does not need to be normally distributed: MEETS (skewness can be calculated for any distribution).
- A sufficient sample size is preferred but not strictly necessary for calculating skewness; however, larger samples generally provide more reliable estimates: MEETS (with 1186 observations).","","","",""
"30","Correlation Analysis","Levene Test","NOT_APPLICABLE","NOT_APPLICABLE","correct","NOT APPLICABLE

The Levene Test is used to assess the equality of variances across different groups for a continuous variable. In the context of the provided question, we are interested in understanding how the correlation between engine displacement (cc) and maximum power output (bhp) changes when mileage (kmpl) is held constant. This scenario does not involve comparing variances across different groups but rather involves examining the relationship between two continuous variables while controlling for a third variable.

Specific data features relevant to the Levene Test applicability include:
- Data Type: The variables engine displacement (cc), maximum power output (bhp), and mileage (kmpl) are all quantitative.
- Normality: None of these variables are normally distributed according to the provided information.
- Sample Size: There are 1553 rows of data available.

Conditions for the Levene Test:
1. **Continuous Variables**: The Levene Test requires continuous variables. While the data types of engine displacement (cc), maximum power output (bhp), and mileage (kmpl) are quantitative, this test is not designed to analyze relationships or correlations.
2. **Groups Comparison**: The Levene Test is used to compare variances across different groups. Here, there is no indication of distinct groups being compared based on any categorical variable.
3. **Normality Assumption**: Although the Levene Test is robust to deviations from normality, it is still primarily used to compare variances across groups, which is not the objective here.

Given these points, the Levene Test is NOT APPLICABLE to the problem at hand.","","","",""
"4","Descriptive Statistics","Quartile","NOT_APPLICABLE","APPLICABLE","wrong","APPLICABLE

The method ""Quartile,"" which includes calculating the median, is applicable to the problem of finding the median value of the rainfall measurements for March. Here's the reasoning based on the provided data features:

1. **Data Type**: The column ""MAR"" has a data type of quantitative, meaning it contains numerical values suitable for calculating quartiles and medians.
2. **Normality**: The column ""MAR"" is not specified as normally distributed (""is_normality: False""), but this does not affect the applicability of calculating quartiles or medians since these measures do not require normal distribution.
3. **Sample Size**: With 128 rows of data, the sample size is sufficient for calculating quartiles and medians.

For each known applicability condition of the method ""Quartile"":
- **Quantitative Data Requirement**: MEETS (the data in the ""MAR"" column is quantitative).
- **Minimum Sample Size Requirement**: MEETS (with 128 rows, there is more than enough data to calculate quartiles and medians).","","","",""
"39","Correlation Analysis","Chi-square Independence Test","NOT_APPLICABLE","NOT_APPLICABLE","correct","NOT APPLICABLE

The Chi-square Independence Test is not suitable for this scenario due to the following reasons:

1. **Data Types**: The Chi-square test is used to determine if there is a significant association between two categorical variables. In this case, the relevant columns are ""Terrorism deaths"" and ""Death Age : 11-20"", which are both quantitative (numerical) rather than categorical. Therefore, the data types DO NOT MEET the requirement for the Chi-square test.

2. **Normality**: The Chi-square test does not require the data to be normally distributed, but it does require that the expected frequency count in each cell should generally be 5 or more. However, since the variables are quantitative and not categorical, this condition is irrelevant here. Thus, the normality status IS IRRELEVANT for the Chi-square test in this context.

Given these points, the Chi-square Independence Test is NOT APPLICABLE to analyze the relationship between the number of deaths resulting from terrorist attacks and the number of deaths of individuals aged between 11 and 20.","","","",""
"33","Distribution Compliance Test","Standard Deviation","NOT_APPLICABLE","APPLICABLE","wrong","APPLICABLE

The method ""Standard Deviation"" is applicable to this problem based on the following evidence from the data features:

- The column `atlantaretail` is quantitative and has 15766 rows, which indicates a sufficient sample size for calculating standard deviation.
- Standard deviation can be calculated for any quantitative data regardless of its distribution shape (normal or non-normal).

Specific conditions for applying standard deviation and their status based on the provided data:

1. **Data Type**: The data must be quantitative. The `atlantaretail` column is quantitative, so this condition is MEETS.
2. **Sample Size**: While there's no strict minimum, a larger sample size generally provides more reliable estimates. With 15766 rows, the sample size is sufficiently large, so this condition is MEETS.
3. **Normality Requirement**: Standard deviation does not require the data to be normally distributed. The `atlantaretail` column is noted as not being normally distributed (`is_normality: False`), but this does not affect the applicability of standard deviation, so this condition is MEETS.

Therefore, the method ""Standard Deviation"" is APPLICABLE to the `atlantaretail` data.","","","",""
"36","Correlation Analysis","Kolmogorov-Smirnov Test for Gamma distribution","NOT_APPLICABLE","NOT_APPLICABLE","correct","NOT APPLICABLE

The Kolmogorov-Smirnov test for a Gamma distribution is not suitable for the given dataset for the following reasons:

1. **Data Type**: The data types involved in the analysis are quantitative, but the Kolmogorov-Smirnov test is typically used to compare a sample with a reference probability distribution or to compare two samples. In this case, we are interested in the relationship between the use of hostage-taking as an attack method and the number of deaths of individuals aged between 6 and 10, after accounting for the effects of terrorist attacks. This requires a different kind of analysis, such as regression analysis, rather than a goodness-of-fit test like the Kolmogorov-Smirnov test.

2. **Normality**: The data is specified as non-normal (""is_normality: False""). The Kolmogorov-Smirnov test can be used to test if a sample comes from a population with a specific distribution, but it does not inherently account for the need to control for other variables (like terrorist attacks) when examining the relationship between two quantitative variables.

3. **Sample Size**: While the sample size (10,517 rows) is large enough for many statistical tests, the Kolmogorov-Smirnov test's applicability here is more about the nature of the question being asked rather than the sample size itself.

**Applicability Conditions of the Kolmogorov-Smirnov Test for Gamma Distribution**:
- **Condition 1**: The data should be univariate (i.e., one variable at a time). Here, we are dealing with multiple variables (hostage-taking method and death count), which makes this condition not met.
- **Condition 2**: The data should be continuous. Although the quantitative data could be continuous, the specific application here involves categorical predictors (attack method) and a response variable (death count), which complicates direct application of the test.
- **Condition 3**: The test assumes no need to adjust for confounding variables (such as terrorist attacks). However, the problem statement specifies controlling for the effects of terrorist attacks, which is beyond the scope of the Kolmogorov-Smirnov test.

Given these points, the Kolmogorov-Smirnov test for a Gamma distribution is NOT APPLICABLE to this problem.","","","",""
"43","Descriptive Statistics","Median","NOT_APPLICABLE","APPLICABLE","wrong","APPLICABLE

The method ""Median"" is applicable to the problem of determining the central tendency of GDP values. Here are the specific data features and conditions that support this conclusion:

1. **Data Type**: The GDP column is of quantitative data type, which is required for calculating the median.
2. **Normality**: The GDP values are not normally distributed (is_normality: False). The median is robust to non-normal distributions and outliers, making it a suitable measure of central tendency in such cases.
3. **Sample Size**: There are 111 rows of data, which is sufficient for calculating the median.

For each known applicability condition of the median method:
- **Quantitative Data**: MEETS the condition since GDP is quantitative.
- **Non-Normal Distribution**: MEETS the condition since the GDP distribution is not normal.
- **Presence of Outliers**: Although not explicitly stated, the median is appropriate even if there are outliers because it is less affected by extreme values than the mean.
- **Sample Size**: MEETS the condition with 111 observations being adequate for calculating the median.","","","",""
"7","Distribution Compliance Test","F-Test for Variance","NOT_APPLICABLE","NOT_APPLICABLE","correct","NOT APPLICABLE

The F-Test for Variance is not applicable to the given dataset for testing the consistency of daily water consumption data with an Exponential distribution. Here's why:

1. **Data Type**: The F-Test for Variance is typically used to compare variances between two groups and assumes that the data is quantitative. While the column 'CH2O' (daily water consumption) is quantitative, the test is not designed to assess the fit of a distribution like the Exponential distribution.

2. **Normality Assumption**: The F-Test for Variance assumes that the data is normally distributed. However, the 'is_normality' flag for all quantitative columns (Age, Height, Weight, FCVC, NCP, FAF, TUE, CH2O) is False, indicating that these variables do not follow a normal distribution. Since the Exponential distribution is not normal, the F-Test is not suitable here.

3. **Purpose of Test**: The F-Test for Variance is used to compare variances between two samples, not to determine if a single sample fits a particular distribution. To check if the data fits an Exponential distribution, other methods such as goodness-of-fit tests (like the Kolmogorov-Smirnov test or Chi-square test) would be more appropriate.

**Applicability Conditions Summary**:
- **Quantitative Data**: MEETS (CH2O is quantitative)
- **Normal Distribution**: DOES NOT MEET (data is not normal)
- **Comparing Two Groups**: DOES NOT MEET (the test is not intended for comparing a distribution fit)

Therefore, the F-Test for Variance is NOT APPLICABLE to this problem.","","","",""
"29","Correlation Analysis","Spearman Correlation Coefficient","NOT_APPLICABLE","APPLICABLE","wrong","APPLICABLE

The Spearman Correlation Coefficient is applicable for the following reasons based on the provided data features:

1. **Data Type**: The variables involved (number of deaths of individuals aged between 21 and 50, involvement of assassination as an attack method, and involvement of hostage-taking in barricade incidents) are all quantitative. The Spearman correlation coefficient can be used with ordinal or continuous data, which includes quantitative data types.

2. **Sample Size**: There are 10,517 rows of data, which is a sufficiently large sample size for most statistical analyses, including the calculation of the Spearman correlation coefficient.

3. **Normality**: The data is not normally distributed according to the provided information (""is_normality: False""). This is not a requirement for the Spearman correlation coefficient, which does not assume a linear relationship or normal distribution of the variables.

4. **Relationship Type**: The Spearman correlation coefficient measures the monotonic relationship between two ranked variables. Since we are interested in the partial correlation between the number of deaths and the involvement of assassination, while controlling for hostage-taking, the Spearman method can still be applied after ranking these variables.

**Applicability Conditions**:
- **Quantitative Data**: MEETS - All relevant variables are quantitative.
- **Sample Size**: MEETS - The sample size is sufficiently large.
- **Distribution Normality**: DOES NOT REQUIRE - The Spearman correlation does not require normal distribution.
- **Monotonic Relationship**: MEETS - The Spearman correlation assesses monotonic relationships, which is appropriate for the analysis of ranked data.

Therefore, the method ""Spearman Correlation Coefficient"" is applicable to this problem.","","","",""
"34","Descriptive Statistics","Kolmogorov-Smirnov Test for Normality","NOT_APPLICABLE","NOT_APPLICABLE","correct","NOT APPLICABLE

The Kolmogorov-Smirnov Test for Normality is not applicable to find the median of the Total eMedia Circulation. However, addressing the question about the applicability of the test itself:

1. **Conclusion**: APPLICABLE
2. **Evidence**:
   - Data Type: The column ""Total eMedia Circulation"" is quantitative.
   - Normality: The column is noted as normally distributed (""is_normality"": True).
   - Sample Size: There are 72 rows of data, which is generally considered sufficient for many statistical tests including the Kolmogorov-Smirnov test.
3. **Applicability Conditions**:
   - **Quantitative Data**: The data is quantitative, which is required for the Kolmogorov-Smirnov test. This condition is MEET.
   - **Sample Size**: The sample size of 72 is typically adequate for the Kolmogorov-Smirnov test. This condition is MEET.
   - **Independence of Observations**: While independence is not directly stated, it is often assumed unless there is reason to believe otherwise. This condition is ASSUMED TO BE MET based on typical assumptions.
   - **Continuous Distribution**: The Kolmogorov-Smirnov test assumes continuous distributions. Since circulation numbers can be treated as continuous for practical purposes, this condition is MEET.

Given these points, the Kolmogorov-Smirnov Test for Normality is applicable to the ""Total eMedia Circulation"" data.","","","",""
"44","Variance Test","F-Test for Variance","APPLICABLE","NOT_APPLICABLE","wrong","NOT APPLICABLE

The F-Test for Variance is not applicable in this scenario due to the following reasons:

1. **Data Type**: The data types for the columns related to crop production levels in the Philippines and China are quantitative, which is appropriate for variance testing. However, this alone does not determine applicability.

2. **Normality**: According to the provided information, the normality status for both the Philippines and China is not specified as true. Since the F-test assumes that the samples come from normally distributed populations, and we do not have confirmation of normality for these datasets, this assumption cannot be met.

3. **Sample Size**: Each country's dataset has only 4 rows of data. Generally, the F-test requires larger sample sizes to ensure reliable results. A sample size of 4 is too small to meet the typical requirements for the F-test.

**Applicability Conditions Check**:
- **Normal Distribution**: DOES NOT MEET - The normality status for the Philippines and China is not confirmed as true.
- **Sample Size**: DOES NOT MEET - Sample sizes are too small (only 4 observations each).
- **Independence**: Cannot be determined from the given information but typically assumed unless stated otherwise.

Given these conditions, the F-Test for Variance is NOT APPLICABLE.","","","",""
"49","Descriptive Statistics","Median","NOT_APPLICABLE","NOT_APPLICABLE","correct","NOT APPLICABLE

The method ""Median"" is not applicable for determining the mode of the players' kit numbers. The question asks specifically about finding the mode, which is a measure of central tendency used for categorical or discrete numerical data, whereas the median is a measure of central tendency used for ordinal or continuous numerical data.

Specific data features relevant to this decision include:
- Data type: The ""Kit Number"" column is categorical.
- Normality: Irrelevant for determining the mode since mode can be found for non-normal distributions as well.

For the median method:
1. Data should be quantitative or at least ordinal: **DOES NOT MEET** - The ""Kit Number"" is categorical.
2. Data should ideally be normally distributed for certain interpretations of median, but this is not strictly necessary for calculation: **RELEVANT BUT IRRELEVANT HERE** - Not applicable since we are looking for the mode, not calculating a median.
   
Since the question is about finding the mode and not the median, the median method is not applicable here.","","","",""
"14","Variance Test","Median","NOT_APPLICABLE","APPLICABLE","wrong","APPLICABLE

The method ""Median"" is applicable to this problem based on the following data features:

- Data Type: The data for Brazil and Indonesia is quantitative, which means it consists of numerical values that can be used to calculate the median.
- Normality: The normality status (True or False) does not affect the applicability of the median since the median is a measure of central tendency that is robust to non-normal distributions.
- Sample Size: Each country's dataset has 4 rows of data, which is sufficient to compute the median.

For each known applicability condition of the median method:
- The data must be quantitative: MEETS (the data for both countries is quantitative).
- The data does not need to be normally distributed: MEETS (the median is appropriate regardless of the distribution shape).
- A minimum number of observations is needed (typically at least 2): MEETS (both datasets have 4 observations each).","","","",""
"47","Descriptive Statistics","Shapiro-Wilk Test of Normality","NOT_APPLICABLE","NOT_APPLICABLE","correct","NOT APPLICABLE

The Shapiro-Wilk Test of Normality is not applicable in this scenario due to the following reasons:

1. Data Type: The column ""International Outlook"" is quantitative, which means it consists of numerical values. This is a requirement for the Shapiro-Wilk test.
   
2. Sample Size: The number of rows (observations) is 910, which falls within the acceptable range for the Shapiro-Wilk test (typically from 3 to 5000).

However, the Shapiro-Wilk test is generally used to assess the normality of a single variable. In this context, the question does not specify the need to test the normality of the ""International Outlook"" variable but rather seems to focus on calculating the median, which does not require a normality test. Additionally, the normality status of the ""International Outlook"" variable is already provided as False, indicating that the data is not normally distributed. Therefore, conducting a Shapiro-Wilk test would be redundant and unnecessary for the stated purpose of calculating the median.

Conditions for the Shapiro-Wilk Test:
- **Quantitative Data**: MEETS (the ""International Outlook"" variable is quantitative).
- **Sample Size**: MEETS (the sample size of 910 is within the acceptable range).
- **Purpose**: DOES NOT MEET (the primary goal is to calculate the median, not to test normality).","","","",""
"6","Variance Test","Standard Deviation","NOT_APPLICABLE","APPLICABLE","wrong","APPLICABLE

The method ""Standard Deviation"" is applicable to this problem based on the following specific data features:

- The data types for Japan and Brazil are quantitative, which is necessary for calculating standard deviation.
- The number of rows (observations) for both countries is 4, which is the sample size.
- Normality is not required for calculating standard deviation, but it is noted that the data for Japan and Brazil are normally distributed, which can be useful for interpreting the standard deviation in terms of spread around the mean.

For each known applicability condition of this method:
- Quantitative data: MEETS (both Japan and Brazil have quantitative data).
- Sample size: MEETS (the sample size of 4 observations per country is sufficient for calculating standard deviation, although typically larger samples are preferred for more reliable estimates).
- Normal distribution requirement: DOES NOT APPLY (standard deviation can be calculated regardless of whether the data is normally distributed).","","","",""
"42","Descriptive Statistics","Lilliefors Test","NOT_APPLICABLE","NOT_APPLICABLE","correct","NOT APPLICABLE

The Lilliefors test is used to determine if a sample comes from a normally distributed population when the mean and variance of the population are unknown. However, the question asks for the range of greenhouse gas emissions values for the year 2014, which does not require a normality test. Additionally, the Lilliefors test is not directly relevant to finding the range of a dataset.

Specific data features that support this conclusion include:
- The data type for the emission values (F2014) is quantitative, but the test is not needed to find the range.
- The normality status of the data (is_normality: False) is irrelevant for calculating the range.
- Sample size is large (1186 rows), but again, this is not pertinent to determining the range.

Conditions for the Lilliefors test:
1. The data must be quantitative - MEETS.
2. The test is intended to assess normality, not calculate range - DOES NOT MEET.
3. The sample size can be relatively small to large, but the purpose here is not to test normality - DOES NOT MEET.

Therefore, the Lilliefors test is NOT APPLICABLE to this problem.","","","",""
"44","Variance Test","Mean","NOT_APPLICABLE","APPLICABLE","wrong","APPLICABLE

The mean can be used as a measure of central tendency for the annual crop production levels in the Philippines and China. Here are the specific data features supporting this:

- Data Type: The data for both the Philippines and China are quantitative, which means they consist of numerical values that can be averaged.
- Normality: While the normality status of the data is not provided for these specific countries, the mean can still be calculated regardless of the distribution's shape. However, the interpretation of the mean might differ if the data are not normally distributed.
- Sample Size: There are 4 rows of data for each country, which is a small sample size but sufficient to calculate the mean.

For each known applicability condition of the mean method:
1. The data must be quantitative: MEETS
2. The data should ideally be normally distributed for the mean to be the best measure of central tendency: DOES NOT MEET (since we do not have information about the normality of the data for these countries, but calculation is still possible)
3. The sample size should be adequate: MEETS (though small, it is sufficient for calculating the mean)

Therefore, the method ""Mean"" is applicable to this problem.","","","",""
"10","Descriptive Statistics","Kendall Correlation Coefficient","NOT_APPLICABLE","NOT_APPLICABLE","correct","NOT APPLICABLE

The Kendall Correlation Coefficient is used to measure the strength and direction of association between two ranked variables. The specific conditions for its application include:

1. **Data Type**: Both variables should be ordinal or can be treated as ordinal. In this dataset, the relevant columns are ""Price"" and potentially others like ""SquareFeet"", ""Bedrooms"", ""Bathrooms"". However, these are quantitative and not inherently ordinal. While they could be converted into ordinal categories, the default nature of the data does not naturally fit this requirement.
   
2. **Sample Size**: The sample size is large (50,000 rows), which is generally acceptable for most correlation measures including Kendall's Tau. However, the primary issue here is not about the sample size but the nature of the data types.

3. **Normality**: Normality is not a direct requirement for Kendall's Tau, but the data being non-normal does not affect its applicability directly. The key issue remains the data type.

Given these points, the data does not meet the primary requirement of having at least one pair of ordinal variables. Therefore, the method ""Kendall Correlation Coefficient"" is NOT APPLICABLE to this problem.","","","",""
"11","Correlation Analysis","Skewness","NOT_APPLICABLE","APPLICABLE","wrong","APPLICABLE

The method ""Skewness"" is applicable to this problem based on the following specific data features:

- The variable ""Walc"" (weekend alcohol consumption) is quantitative.
- The variable ""health"" (current health status) is also quantitative.
- Skewness can be calculated for any quantitative data regardless of its distribution shape or sample size.

For each known applicability condition of this method:

1. The data must be quantitative: MEETS (both ""Walc"" and ""health"" are quantitative).
2. Sample size requirement: DOES NOT APPLY (skewness can be computed for any sample size).
3. Normality requirement: DOES NOT APPLY (skewness measures the asymmetry of the distribution and does not require normality).

Therefore, skewness is an appropriate measure to understand the distribution characteristics of both ""Walc"" and ""health"" before conducting further analysis such as correlation after controlling for other variables like ""failures"".","","","",""
"36","Correlation Analysis","Mode","NOT_APPLICABLE","NOT_APPLICABLE","correct","NOT APPLICABLE

The mode is a measure of central tendency used primarily with categorical or discrete numerical data to identify the most frequent value. The problem at hand involves analyzing the relationship between the use of hostage-taking as an attack method and the number of deaths of individuals aged between 6 and 10, after accounting for the effects of terrorist attacks. This requires a more sophisticated statistical approach such as regression analysis rather than simply identifying the mode.

Specific data features relevant to this decision include:
- Data types: The variables of interest (hostage-taking method and death count) are quantitative, not categorical.
- Normality: The data is not normally distributed, which is irrelevant for mode calculation but suggests complex relationships that go beyond simple frequency measures.
- Sample size: While the sample size (10,517 rows) is large, it does not influence the applicability of the mode in this context.

Conditions for using the mode:
1. **Categorical or Discrete Numerical Data**: The data must be categorical or discrete numerical. Here, the data is quantitative and continuous-like (number of deaths), so this condition is NOT MET.
2. **Identifying Most Frequent Value**: The mode is useful for identifying the most common category or value. However, the question seeks to understand a relationship between two variables, which is NOT MET by the mode.

Therefore, the method ""Mode"" is NOT APPLICABLE to this problem.","","","",""
"43","Descriptive Statistics","Skewness","NOT_APPLICABLE","APPLICABLE","wrong","APPLICABLE

The method ""Skewness"" is applicable to the problem of determining the skewness of GDP values. Here are the specific data features and conditions that support this conclusion:

- **Data Type**: The GDP column is of quantitative data type, which is required for calculating skewness.
- **Normality**: The GDP column is not normally distributed, which does not preclude the use of skewness as skewness measures the asymmetry of the distribution regardless of its normality.
- **Sample Size**: With 111 rows of data, the sample size is sufficient for calculating skewness, although there is no strict minimum requirement beyond having enough variability to observe any potential asymmetry.

For each known applicability condition of the skewness method:
- **Quantitative Data Requirement**: MEETS (the GDP column is quantitative).
- **Sample Size Adequacy**: MEETS (111 observations provide a reasonable basis for assessing skewness).
- **Distribution Shape Irrelevance**: MEETS (skewness can be calculated even if the data is not normally distributed).","","","",""
"42","Descriptive Statistics","F-Test for Variance","NOT_APPLICABLE","NOT_APPLICABLE","correct","NOT APPLICABLE

The F-Test for Variance is not applicable in this scenario due to the following reasons:

1. **Data Type**: The F-Test for Variance requires quantitative data. While the dataset does contain quantitative data (columns F2010 through F2022), the question specifically asks about the range of greenhouse gas emissions for the year 2014, which corresponds to the column F2014. However, the F-Test for Variance is not used to find the range but rather to compare variances between two groups or samples.

2. **Normality**: The F-Test assumes that the data is normally distributed. According to the provided information, the normality check for all quantitative columns (including F2014) is False, indicating that the data is not normally distributed. This violates one of the key assumptions of the F-Test for Variance.

3. **Sample Size and Groups**: The F-Test for Variance typically requires at least two independent groups or samples to compare their variances. In this case, we only have one quantitative column (F2014) without any indication of another group or sample to compare it with.

Given these points, the conditions for applying the F-Test for Variance are not met:
- Data must be quantitative: MEETS
- Data must be normally distributed: DOES NOT MEET
- There must be at least two independent groups or samples: DOES NOT MEET

Therefore, the F-Test for Variance is NOT APPLICABLE to this problem.","","","",""
"33","Distribution Compliance Test","Skewness","NOT_APPLICABLE","APPLICABLE","wrong","APPLICABLE

The method ""Skewness"" is applicable to this problem based on the following specific data features:

- The column `atlantaretail` is quantitative and represents retail prices in Atlanta, which is the focus of the question.
- The number of rows (15766) is sufficiently large to calculate skewness accurately.
- The data is not normally distributed (`is_normality: False`), indicating that skewness could provide useful information about the distribution's symmetry.

For each known applicability condition of the skewness method:
- The data must be quantitative: MEETS (the `atlantaretail` column is quantitative).
- The sample size should be adequate: MEETS (with 15766 observations, the sample size is more than sufficient).
- The data should not be expected to be perfectly symmetric: MEETS (since the data is not normal, it suggests asymmetry).","","","",""
"34","Descriptive Statistics","Anderson-Darling Test","NOT_APPLICABLE","NOT_APPLICABLE","correct","NOT APPLICABLE

The Anderson-Darling Test is used to test if a sample is from a population with a specified distribution. In this context, we are interested in finding the median of the ""Total eMedia Circulation,"" which is a descriptive statistic rather than testing for a specific distribution. Therefore, applying the Anderson-Darling Test does not align with the objective of finding the median.

Specific data features supporting this decision include:
- Data type: Quantitative
- Normality: True (though this indicates the data may be normally distributed, it is not relevant for calculating the median)
- Sample size: 72 rows

Applicability conditions for the Anderson-Darling Test:
1. The data must be quantitative: MEETS
2. The test is typically used to compare a sample with a hypothesized distribution: DOES NOT MEET (since we are not comparing against a hypothesized distribution but calculating a measure of central tendency)
3. The sample size should be reasonably large: MEETS (72 rows can be considered sufficiently large)

Given these points, the Anderson-Darling Test is NOT APPLICABLE for finding the median of ""Total eMedia Circulation.""","","","",""
"24","Distribution Compliance Test","Median","NOT_APPLICABLE","APPLICABLE","wrong","APPLICABLE

The method ""Median"" is applicable to the problem based on the following evidence from the data features:

- The column ""reading score"" is of quantitative data type and has 1000 rows.
- The ""is_normality"" attribute for the ""reading score"" is False, indicating it does not follow a normal distribution.

For the median method, the conditions are as follows:
1. Data Type: The data must be quantitative. The ""reading score"" is quantitative, so this condition is MEETS.
2. Sample Size: While there's no strict minimum sample size requirement for calculating the median, having 1000 rows provides a sufficiently large dataset. This condition is MEETS.
3. Distribution: The median is robust to outliers and non-normal distributions, which makes it suitable for datasets that do not meet normality assumptions. Since the ""reading score"" does not follow a normal distribution, this condition is MEETS.

Therefore, all conditions for using the median method are met, making it APPLICABLE.","","","",""
"44","Variance Test","Chi-square Independence Test","NOT_APPLICABLE","NOT_APPLICABLE","correct","NOT APPLICABLE

The Chi-square Independence Test is used to determine if there is a significant association between two categorical variables. However, the data provided for the annual crop production levels in the Philippines and China are quantitative and not categorical. Additionally, the test requires a sufficient sample size and expects the expected frequency count for each cell to be at least 5, which cannot be assessed here due to the limited number of rows (only 4).

Specific data features:
- Data type: Quantitative
- Normality: Not relevant for Chi-square test
- Sample size: Only 4 rows

Applicability conditions:
1. Variables must be categorical: The data does not meet this condition because the variables are quantitative.
2. Sufficient sample size: Cannot be determined sufficiently with only 4 rows, but generally, a larger sample size is preferred.
3. Expected frequency count: Cannot be determined with only 4 rows, but typically each cell should have an expected frequency of at least 5. 

Given these points, the Chi-square Independence Test is NOT APPLICABLE to this problem.","","","",""
"21","Variance Test","Skewness","NOT_APPLICABLE","APPLICABLE","wrong","APPLICABLE

The method ""Skewness"" is applicable to the problem based on the provided data features. Here's the reasoning:

1. **Data Type**: The columns ""Average Tree Price"" and ""Sales"" are both quantitative, which means they contain numerical values that can be used to calculate skewness.
2. **Normality**: Both ""Average Tree Price"" and ""Sales"" have been tested for normality and found to be normally distributed (""is_normality"": True). However, skewness can still be calculated for any distribution, regardless of its normality status.
3. **Sample Size**: With 14 rows of data, the sample size is relatively small but sufficient to compute skewness, although the reliability of the skewness measure might be affected by the small sample size.

For each known applicability condition of the skewness method:
- **Quantitative Data Requirement**: MEETS (both ""Average Tree Price"" and ""Sales"" are quantitative).
- **Distribution Type Requirement**: MEETS (skewness can be calculated for any distribution, not just non-normal ones, though it is often used to assess deviations from normality).
- **Sample Size Consideration**: MEETS (the calculation of skewness does not strictly require a large sample size, but interpretation may need caution with smaller samples).

Therefore, the method ""Skewness"" is APPLICABLE to this problem.","","","",""
"22","Contingency Table Test","Spearman Correlation Coefficient","NOT_APPLICABLE","NOT_APPLICABLE","correct","NOT APPLICABLE

The Spearman Correlation Coefficient is used to measure the strength and direction of association between two ranked variables. The specific conditions for its application include:

1. **Data Type**: Both variables should be at least ordinal. In this dataset, one variable is ""ChestPainType"" which is categorical, not ordinal, and the other variable is ""HeartDisease"", also categorical. Therefore, the data types DO NOT MEET the requirement for using the Spearman Correlation Coefficient.

2. **Sample Size**: While the sample size of 918 rows is generally sufficient for many statistical tests, it does not affect the applicability of the Spearman Correlation Coefficient based on the data types involved. Thus, the sample size condition is NEUTRAL but not relevant here since the primary issue lies with the data types.

Given these points, the method ""Spearman Correlation Coefficient"" is NOT APPLICABLE to this problem due to the inappropriate data types of the variables being analyzed.","","","",""
"6","Variance Test","Mean","NOT_APPLICABLE","APPLICABLE","wrong","APPLICABLE

The method ""Mean"" is applicable to this problem based on the following data features:

- Data Type: The columns for Japan and Brazil are both quantitative, which means they contain numerical data suitable for calculating the mean.
- Normality: While the normality of the data is mentioned for each country, the mean can be calculated regardless of whether the data is normally distributed or not.
- Sample Size: Each country has 4 rows of data, which is sufficient to calculate the mean, although typically larger samples are preferred for more reliable statistical analysis.

For each known applicability condition of the method ""Mean"":
- The data must be quantitative: MEETS (Japan and Brazil data types are quantitative).
- The data does not need to be normally distributed: MEETS (the mean can be calculated irrespective of normality).
- A minimum number of observations is required (typically at least 1): MEETS (both Japan and Brazil have 4 observations each).","","","",""
"36","Correlation Analysis","Kolmogorov-Smirnov Test for Normality","NOT_APPLICABLE","NOT_APPLICABLE","correct","NOT APPLICABLE

The Kolmogorov-Smirnov Test for Normality is not directly applicable to the stated problem because the goal is to examine the relationship between the use of hostage-taking as an attack method and the number of deaths of individuals aged between 6 and 10, after accounting for the effects of terrorist attacks. This involves regression analysis or similar multivariate techniques rather than testing for normality.

However, addressing the question about the applicability of the Kolmogorov-Smirnov test specifically:

1. **Conclusion**: NOT APPLICABLE
2. **Evidence**:
   - The data type for the variables of interest (hostage-taking method and death count for ages 6-10) is quantitative.
   - The sample size is large (10,517 rows).
   - The normality status for these variables is indicated as non-normal.
3. **Applicability Conditions**:
   - **Sample Size**: The Kolmogorov-Smirnov test can be used with large samples, so this condition is MEETS.
   - **Data Type**: The test is designed for continuous data, which matches the quantitative data type, so this condition is MEETS.
   - **Purpose**: The purpose here is to check for normality, but the actual problem requires examining relationships between variables, making this condition DOES NOT MEET.

Given these points, while the Kolmogorov-Smirnov test could technically be applied to individual variables to assess their distribution, it does not address the core analytical need of the problem statement.","","","",""
"35","Variance Test","Kurtosis","NOT_APPLICABLE","APPLICABLE","wrong","APPLICABLE

The method ""Kurtosis"" can be applied to assess the dispersion characteristics of the distributions of the number of trees sold and the average tree price. Here are the specific data features supporting this:

- The data type for both ""Number of trees sold"" and ""Average Tree Price"" is quantitative.
- Both columns have a normality status of True, indicating they follow a normal distribution.
- Each column has 14 rows of data, which is sufficient for calculating kurtosis.

For each known applicability condition of the Kurtosis method:
1. Data must be quantitative: MEETS (both variables are quantitative).
2. Sample size should be adequate: MEETS (14 observations per variable, generally considered acceptable for descriptive statistics like kurtosis).
3. Normality check: MEETS (both variables are stated to be normally distributed). 

Given these conditions, the use of kurtosis is appropriate to compare the dispersions of the two distributions.","","","",""
"47","Descriptive Statistics","F-Test for Variance","NOT_APPLICABLE","NOT_APPLICABLE","correct","NOT APPLICABLE

The F-Test for Variance is not applicable in this scenario due to the following reasons:

1. Data Type: The F-Test requires quantitative data, which is present for the ""International Outlook"" variable. However, the test assumes that the data comes from normally distributed populations, and there is no indication that the data meets this criterion based on the provided information (""is_normality: False"").

2. Normality: The F-Test for Variance assumes that the samples are drawn from normally distributed populations. Since the ""is_normality"" flag is False for all quantitative variables, we cannot assume normality.

3. Sample Size: While the sample size (num_of_rows: 910) is sufficiently large for many statistical tests, the F-Test specifically requires that the data be normally distributed, which is not met here.

Given these conditions, the data does not meet the necessary requirements for applying an F-Test for Variance. Therefore, it is NOT APPLICABLE.","","","",""
"7","Distribution Compliance Test","Median","NOT_APPLICABLE","APPLICABLE","wrong","APPLICABLE

The method ""Median"" is applicable to the problem based on the following evidence from the data features:

- The column ""CH2O"" represents daily water consumption and has a data type of quantitative, which means it contains numerical values.
- The number of rows (observations) is 2111, which is a sufficiently large sample size for most statistical methods.
- The ""is_normality"" flag for ""CH2O"" is False, indicating that the data does not follow a normal distribution. However, the median can be used regardless of the distribution's shape.

For each known applicability condition of the median method:
1. The data must contain numerical values: MEETS (the ""CH2O"" column is quantitative).
2. The sample size should be adequate: MEETS (2111 observations is a large enough sample size).
3. The median is robust to outliers and non-normal distributions: MEETS (the data does not need to be normally distributed for the median to be meaningful).","","","",""
"40","Descriptive Statistics","Kurtosis","NOT_APPLICABLE","NOT_APPLICABLE","correct","NOT APPLICABLE

The method ""Kurtosis"" is not applicable to the column ""Research Environment Score"" based on the provided data features. Here's the reasoning:

1. **Data Type**: The ""Research Environment Score"" is of quantitative data type, which is necessary for calculating kurtosis. This condition is MEETS.

2. **Normality**: The column is marked as non-normal (""is_normality: False""). While kurtosis can be calculated regardless of normality, it is typically used to assess the shape of the distribution relative to a normal distribution. Since the data is not normal and no specific requirement for normality is needed for calculating kurtosis itself, this condition is NOT RELEVANT but does not prevent calculation.

3. **Sample Size**: With 910 rows, the sample size is sufficiently large for calculating kurtosis. This condition is MEETS.

However, the question specifically asks about the applicability of the method ""Kurtosis,"" and since the context implies an assessment of suitability beyond mere calculation feasibility, the primary issue lies in the interpretation and utility of kurtosis without a clear need or context for its application here. Therefore, while technically calculable, the method is deemed NOT APPLICABLE due to lack of clear relevance or purpose in the given scenario.","","","",""
"20","Contingency Table Test","Fisher Exact Test","APPLICABLE","NOT_APPLICABLE","wrong","NOT APPLICABLE

The Fisher Exact Test is typically used for analyzing contingency tables with small sample sizes, especially when dealing with categorical variables. Here are the specific conditions and how they relate to the provided dataset:

1. **Categorical Variables**: Both ""ALCOHOL CONSUMING"" and ""SHORTNESS OF BREATH"" are categorical variables, which is a requirement for the Fisher Exact Test. This condition is MET.

2. **Sample Size**: The Fisher Exact Test is often preferred over the Chi-Square test when expected cell counts in a contingency table are less than 5. However, the sample size here is 309, which is relatively large. Typically, the Fisher Exact Test is more appropriate for smaller samples where the Chi-Square approximation may not be accurate. This condition is NOT MET because the sample size is too large for the Fisher Exact Test to be the most suitable choice.

Given these points, while the variables are categorical, the sample size of 309 rows makes the Fisher Exact Test less appropriate compared to other tests like the Chi-Square test, which can handle larger samples effectively. Therefore, the Fisher Exact Test is NOT APPLICABLE in this scenario.","","","",""
"43","Descriptive Statistics","Chi-square Independence Test","NOT_APPLICABLE","NOT_APPLICABLE","correct","NOT APPLICABLE

The Chi-square Independence Test is used to determine if there is a significant association between two categorical variables. The specific conditions for applying this test include having two categorical variables and ensuring that the expected frequency count in each cell is at least 5.

Examining the provided data features:
- There are no pairs of categorical variables present in the dataset that could be tested for independence using the Chi-square Independence Test. All potential candidates for categorical variables are 'region' and 'country', but 'country' is not suitable for such a test due to its unique identifier nature rather than being a category that can be grouped meaningfully with another variable.
- The column 'GDP' which is quantitative and non-normal does not fit into a Chi-square Independence Test framework as it is not categorical.

Therefore, the data does not MEET the requirement of having two categorical variables, making the Chi-square Independence Test NOT APPLICABLE.","","","",""
"24","Distribution Compliance Test","Kurtosis","NOT_APPLICABLE","APPLICABLE","wrong","APPLICABLE

The method ""Kurtosis"" is applicable to the problem based on the provided data features. Here's the reasoning:

1. **Data Type**: The column ""reading score"" is quantitative, which means it consists of numerical values. Kurtosis is a measure that applies to quantitative data.
   
2. **Sample Size**: With 1000 rows of data for the ""reading score"", the sample size is sufficiently large to apply measures like kurtosis, which generally require a substantial number of observations to be reliable.

3. **Normality**: The ""reading score"" is specified as not being normally distributed (""is_normality"": False). Kurtosis is a measure that can be applied to any distribution, regardless of whether it is normal or not. It describes the shape of the distribution relative to a normal distribution.

**Applicability Conditions of Kurtosis**:
- **Quantitative Data**: MEETS - The ""reading score"" is quantitative.
- **Sample Size**: MEETS - There are 1000 observations, which is adequate.
- **Distribution Type**: MEETS - Kurtosis can be calculated for non-normal distributions as well as normal distributions.","","","",""
"43","Descriptive Statistics","Bartlett Test","NOT_APPLICABLE","NOT_APPLICABLE","correct","NOT APPLICABLE

The Bartlett test is used to check if multiple samples have equal variances. The conditions for applying the Bartlett test include:

1. Data must be normally distributed within each group.
2. Data should be continuous.
3. Samples must be independent.

Examining the provided data features:
- The column ""GDP"" is quantitative and has 111 rows, which meets the requirement for being continuous and having sufficient sample size.
- However, the ""is_normality"" attribute for the ""GDP"" column is False, indicating that the data does not follow a normal distribution. This violates the first condition for the Bartlett test.

Therefore, the data DOES NOT MEET the condition of normality required by the Bartlett test. As a result, the Bartlett test is NOT APPLICABLE to this dataset.","","","",""
"6","Variance Test","Kolmogorov-Smirnov Test","NOT_APPLICABLE","APPLICABLE","wrong","APPLICABLE

The Kolmogorov-Smirnov (KS) test can be used to compare the distributions of two samples. Here are the specific data features supporting this:

- **Data Type**: The data for Japan and Brazil are both quantitative, which is suitable for the KS test.
- **Normality**: Both Japan and Brazil have their data normally distributed according to the provided information.
- **Sample Size**: Each country has 4 rows of data. While the KS test generally requires larger sample sizes for more reliable results, it can still be applied with smaller samples, although the power of the test may be limited.

For the conditions of the KS test:
1. **Quantitative Data**: MEETS - The data for Japan and Brazil are quantitative.
2. **Independence of Observations**: DOES NOT MEET - The independence of observations cannot be confirmed from the given information, but this is often assumed unless there's evidence to the contrary.
3. **Sample Size**: DOES NOT MEET - The sample size is small (n=4), which might reduce the reliability of the test.
4. **Normality**: MEETS - The data for both countries are stated to be normally distributed.

Despite the limitations regarding sample size and independence, the KS test is still applicable based on the available data types and normality conditions.","","","",""
"2","Correlation Analysis","Pearson Correlation Coefficient","NOT_APPLICABLE","NOT_APPLICABLE","correct","NOT APPLICABLE

The Pearson Correlation Coefficient measures the linear relationship between two continuous variables. However, the problem requires examining the relationship between final grade (G3) and school absences while accounting for workday alcohol consumption (Dalc). This involves more than just a simple bivariate analysis, suggesting a need for multiple regression analysis rather than a correlation coefficient.

Specific data features relevant to the applicability of the Pearson Correlation Coefficient include:
- Data Type: Both G3 and absences are quantitative, which meets the requirement for Pearson's correlation.
- Normality: The normality status is not provided for these variables, but Pearson's correlation assumes that both variables are normally distributed, especially at smaller sample sizes.
- Sample Size: With 649 rows, the sample size is sufficiently large to mitigate concerns about normality somewhat.

However, the key issue here is the presence of a third variable (Dalc), which complicates the use of a simple correlation coefficient. Conditions for using Pearson's correlation coefficient are:
1. Linearity: The relationship between G3 and absences should be linear, which is not directly addressed by the data provided.
2. Continuous Variables: Both G3 and absences are continuous, meeting this condition.
3. Normal Distribution: Both variables should be normally distributed, which is not confirmed by the data.
4. No Outliers: There should be no significant outliers, which cannot be determined from the given information.

Given the need to account for Dalc, the appropriate method would involve multiple regression analysis, making the Pearson Correlation Coefficient NOT APPLICABLE for this specific problem.","","","",""
"26","Descriptive Statistics","Median","NOT_APPLICABLE","APPLICABLE","wrong","APPLICABLE

The method ""Median"" is applicable to finding the central tendency of the adjusted self-reported happiness score because:

- The column `happyScore` is of quantitative data type, which means it consists of numerical values that can be ordered and have a meaningful median.
- The normality of the `happyScore` column is not required for calculating the median. The median is a robust measure of central tendency that does not depend on the distribution being normal.
- The sample size of 111 rows is sufficient for calculating the median, as there are no minimum sample size requirements for using the median.

Specifically:
- Data Type: Quantitative (MEETS the requirement)
- Normality: Not necessary for median calculation (MEETS the requirement)
- Sample Size: 111 rows (MEETS the requirement)","","","",""
"48","Contingency Table Test","Kurtosis","NOT_APPLICABLE","NOT_APPLICABLE","correct","NOT APPLICABLE

The method ""Kurtosis"" is not applicable to the problem described because kurtosis is a measure used for quantitative data to describe the shape of a distribution's tails relative to a normal distribution. In this dataset, the columns relevant to the question about the association between gender and mode of transportation are:

- Gender: categorical
- MTRANS: categorical

Since both variables are categorical, kurtosis cannot be applied to them. Kurtosis requires quantitative data to assess the peakedness or flatness of the distribution compared to a normal distribution, which is not possible with categorical data.

Specific data features supporting this conclusion include:
- Data type: Both ""Gender"" and ""MTRANS"" are categorical.
- Normality: Irrelevant for categorical data.
- Sample size: While the sample size (2111 rows) is large enough for many statistical analyses, it does not affect the applicability of kurtosis to categorical data.

Therefore, the data does NOT MEET the requirement of being quantitative for applying the kurtosis method.","","","",""
"21","Variance Test","Bartlett Test","APPLICABLE","NOT_APPLICABLE","wrong","NOT APPLICABLE

The Bartlett test is used to check if variances are equal across different groups for normally distributed data. Here are the specific conditions and how the data meets or does not meet them:

1. **Normality**: The data for both ""Average Tree Price"" and ""Sales"" are stated to be normally distributed (is_normality: True). This condition is MET.
   
2. **Sample Size**: While the number of rows (n=14) is provided, the Bartlett test generally requires a larger sample size to be reliable. However, the exact minimum sample size requirement can vary, but typically, smaller samples may lead to less robust results. Given only 14 observations, this condition is somewhat questionable but not explicitly ruled out by the data provided alone. We assume this condition is MET based on the available information.

3. **Quantitative Data**: Both ""Average Tree Price"" and ""Sales"" are quantitative variables, which is required for the Bartlett test. This condition is MET.

4. **Equal Sample Sizes Across Groups**: The problem statement does not provide information about the distribution of the data across different groups (e.g., different types of trees or years). Without knowing the group sizes, we cannot confirm that they are equal, which is an assumption of the Bartlett test. This condition is NOT MET.

Given that the Bartlett test assumes equal sample sizes across groups and this information is not provided, the method is NOT APPLICABLE.","","","",""
"19","Contingency Table Test","Kolmogorov-Smirnov Test for Normality","NOT_APPLICABLE","NOT_APPLICABLE","correct","NOT APPLICABLE

The Kolmogorov-Smirnov Test for Normality is not directly applicable to the given problem because it is designed to test if a sample comes from a normally distributed population. However, the data features provided indicate that several variables are categorical and do not meet the requirements for this test. Specifically:

1. **Data Type**: The variables ""Sex"", ""ChestPainType"", ""FastingBS"", ""RestingECG"", ""ExerciseAngina"", ""ST_Slope"", and ""HeartDisease"" are categorical. The Kolmogorov-Smirnov Test requires quantitative data.
   
2. **Normality**: Even for the quantitative variables (""Age"", ""RestingBP"", ""Cholesterol"", ""MaxHR"", ""Oldpeak""), the test is not suitable for categorical outcomes like ""ExerciseAngina"" and ""ST_Slope"".

For each known applicability condition of the Kolmogorov-Smirnov Test:
- **Quantitative Data Requirement**: The data does NOT MEET this condition due to the presence of multiple categorical variables.
- **Sample Size**: While the sample size (918 rows) is large enough for the test, the presence of categorical variables still makes the test inapplicable.
- **Normality Check Purpose**: The purpose of checking normality for categorical outcomes like ""ExerciseAngina"" and ""ST_Slope"" is irrelevant since these variables cannot be tested for normality.

Therefore, the Kolmogorov-Smirnov Test for Normality is NOT APPLICABLE to this dataset.","","","",""
"11","Correlation Analysis","Pearson Correlation Coefficient","NOT_APPLICABLE","APPLICABLE","wrong","APPLICABLE

The Pearson Correlation Coefficient can be used to measure the linear relationship between two continuous variables after controlling for a third variable. Here's the breakdown based on the conditions required for using the Pearson Correlation Coefficient:

1. **Data Type**: Both ""Walc"" (weekend alcohol consumption) and ""health"" (current health status) are quantitative variables, which is necessary for calculating the Pearson Correlation Coefficient.
   - Condition: Variables must be quantitative.
   - Status: MEETS

2. **Sample Size**: The dataset has 649 rows, which is generally considered a sufficiently large sample size for the Pearson Correlation Coefficient.
   - Condition: Adequate sample size.
   - Status: MEETS

3. **Normality**: While the normality of the distributions is not strictly required for the Pearson Correlation Coefficient, it is typically preferred. However, with a large sample size, the Central Limit Theorem allows us to use the Pearson Correlation Coefficient even if the data is not normally distributed.
   - Condition: Variables should ideally be normally distributed.
   - Status: DOES NOT MEET (but acceptable due to large sample size)

4. **Linearity**: The Pearson Correlation Coefficient assumes a linear relationship between the variables. This assumption needs to be checked visually or through other means, but there is no indication from the provided data features that this assumption is violated.
   - Condition: Linear relationship between variables.
   - Status: ASSUMED TO MEET (no evidence to suggest otherwise)

Given these points, the Pearson Correlation Coefficient is applicable to assess the correlation between weekend alcohol consumption and current health status while controlling for past class failures.","","","",""
"11","Correlation Analysis","Lilliefors Test","NOT_APPLICABLE","NOT_APPLICABLE","correct","NOT APPLICABLE

The Lilliefors test is used to determine if a sample comes from a normally distributed population when the mean and variance of the population are unknown. However, the question asks about the correlation between weekend alcohol consumption (Walc) and current health status after controlling for past class failures. This involves a different statistical approach, such as multiple regression analysis, rather than testing for normality.

Specific data features relevant to the Lilliefors test include:
- Data Type: The variables of interest (Walc and health) are quantitative.
- Normality: The normality status for these variables is not provided but is irrelevant here since the Lilliefors test is not the appropriate method for the stated problem.
- Sample Size: There are 649 rows of data, which is sufficient for many tests but does not affect the applicability of the Lilliefors test in this context.

Conditions for the Lilliefors test:
1. The test is designed for assessing normality of a single variable, not for examining relationships between two variables or controlling for additional variables.
   - Data MEETS the requirement of being quantitative but DOES NOT MEET the requirement of needing to assess normality for a single variable in isolation.
   
Given the nature of the question, the Lilliefors test is not suitable, making it NOT APPLICABLE.","","","",""
"33","Distribution Compliance Test","Median","NOT_APPLICABLE","APPLICABLE","wrong","APPLICABLE

The method ""Median"" is applicable to this problem based on the following data features:

- The column `atlantaretail` is quantitative and represents retail prices in Atlanta, which is the focus of the question.
- The data type being quantitative means numerical values are involved, making it possible to calculate the median.
- The normality check for `atlantaretail` is False, indicating that the data may not be normally distributed. This does not affect the applicability of the median since the median is robust to non-normal distributions and outliers.
- The number of rows (15766) is sufficiently large, ensuring that the median can be reliably calculated even if the data is skewed or has outliers.

For each known applicability condition of the median method:
- Data must be quantitative: MEETS (the `atlantaretail` column is quantitative).
- Data does not need to be normally distributed: MEETS (the data is not normally distributed, but this does not impact the use of the median).
- Sufficient sample size: MEETS (with 15766 observations, there is ample data to compute the median accurately).","","","",""
"3","Contingency Table Test","Levene Test","NOT_APPLICABLE","NOT_APPLICABLE","correct","NOT APPLICABLE

The Levene Test is used to assess the equality of variances across groups, typically for checking the homogeneity of variance assumption in ANOVA. The specific question here is about how the prevalence of different work types varies across categories of hypertension. This implies a comparison of proportions or frequencies rather than variances of continuous variables.

Evidence from the data features:
- Data Type: Work type and hypertension are both categorical variables.
- Normality: Irrelevant for categorical data.
- Sample Size: While the sample size (5110 rows) is large, it does not affect the applicability of the Levene test to categorical data.

Applicability conditions of the Levene Test:
1. **Continuous Data**: The Levene Test requires continuous data, which is not met since work type and hypertension are categorical.
2. **Independence of Observations**: Not relevant to the applicability of the Levene Test in this context.
3. **Sample Size**: Large enough samples can be beneficial but are not sufficient alone to make the Levene Test applicable to categorical data.

Since the Levene Test is designed for continuous data and the variables of interest (work type and hypertension) are categorical, the Levene Test is NOT APPLICABLE.","","","",""
"15","Descriptive Statistics","Kolmogorov-Smirnov Test for Normality","NOT_APPLICABLE","APPLICABLE","wrong","APPLICABLE

The Kolmogorov-Smirnov Test for Normality can be applied to the ""Review"" column because it is quantitative and has a sufficient number of rows (1907). Here are the specific conditions for the Kolmogorov-Smirnov test and how they are met by the data:

1. **Data Type**: The ""Review"" column is quantitative, which is required for the Kolmogorov-Smirnov test. This condition is MEET.
   
2. **Sample Size**: The sample size of 1907 is sufficiently large for the Kolmogorov-Smirnov test, although it is generally more powerful with larger samples. This condition is MEET.

3. **Normality Check**: The test is used to check for normality, which aligns with the purpose of applying the Kolmogorov-Smirnov test here. This condition is MEET.

Therefore, the method ""Kolmogorov-Smirnov Test for Normality"" is APPLICABLE to the ""Review"" column in this dataset.","","","",""
"44","Variance Test","Kolmogorov-Smirnov Test for Uniform distribution","NOT_APPLICABLE","NOT_APPLICABLE","correct","NOT APPLICABLE

The Kolmogorov-Smirnov test for uniform distribution is not suitable for the given dataset for the following reasons:

1. **Data Type**: The data type for all relevant columns (Philippines and China) is quantitative, which is appropriate for the Kolmogorov-Smirnov test. However, the test is specifically designed to compare a sample with a reference probability distribution (like the uniform distribution), not to compare two different samples directly.

2. **Normality**: The normality status of the data is provided but irrelevant for testing against a uniform distribution using the Kolmogorov-Smirnov test. The question here is about comparing the dispersion of crop production levels between two countries, not testing for normality.

3. **Sample Size**: The number of rows (years) for each country is 4. While the Kolmogorov-Smirnov test can be applied to small sample sizes, it is generally more reliable with larger samples. However, the primary issue is not the sample size but the nature of the comparison being made.

**Applicability Conditions**:
- **Comparison to Reference Distribution**: The Kolmogorov-Smirnov test compares a sample distribution to a reference distribution (such as uniform). Here, we need to compare two empirical distributions (Philippines vs. China), making the test inappropriate.
- **Sample Size Adequacy**: Although the sample size is small, this is less critical than the fact that the test is not designed for comparing two empirical distributions directly.

Given these points, the Kolmogorov-Smirnov test for uniform distribution is NOT APPLICABLE to determine if the annual crop production levels in the Philippines and China exhibit similar levels of data dispersion.","","","",""
"6","Variance Test","Skewness","NOT_APPLICABLE","APPLICABLE","wrong","APPLICABLE

The method ""Skewness"" is applicable to this problem based on the following specific data features:

- The data types for Japan and Brazil are quantitative.
- The number of rows (observations) for both countries is 4.
- Both datasets are noted as being normally distributed (is_normality: True).

For skewness calculation, the conditions typically considered are:
1. Data Type: Skewness can be calculated for quantitative data. This condition is MEETS since the data type for both Japan and Brazil is quantitative.
2. Sample Size: While there isn't a strict minimum sample size requirement for calculating skewness, it is generally more reliable with larger samples. However, skewness can still be computed even with small sample sizes like 4. This condition is MEETS because although the sample size is small, skewness can still be calculated.
3. Normality: Skewness measures the asymmetry of the probability distribution of a real-valued random variable about its mean. Even though the data is noted as normally distributed (which implies zero skewness), skewness can still be calculated to confirm this. This condition is MEETS since the method can be applied regardless of the normality status to verify the symmetry of the distribution.

Therefore, despite the small sample size, the method of calculating skewness is applicable to assess the similarity in variations of yearly crop yields between Japan and Brazil.","","","",""
"36","Correlation Analysis","Bartlett Test","NOT_APPLICABLE","NOT_APPLICABLE","correct","NOT APPLICABLE

The Bartlett test is used to check if multiple samples have equal variances. Given the specific context of the question and the data provided, the Bartlett test is not directly applicable because:

1. **Data Type**: The data types involved are quantitative, which is suitable for variance testing. However, the Bartlett test assumes that the data is normally distributed, and the provided data does not meet this criterion as indicated by ""is_normality: False"" for all relevant columns.

2. **Normality Assumption**: The Bartlett test requires the assumption of normality, which is clearly violated here since none of the relevant columns (such as ""Terrorist attacks,"" ""Terrorism deaths,"" ""Attack method: Hostage Taking (Kidnapping),"" and ""Death Age : 6-10"") are normally distributed.

3. **Sample Size**: While the sample size (10517 rows) is large, the Bartlett test's applicability hinges more on the distributional assumptions than just the sample size.

Given these points, the conditions for applying the Bartlett test are not met due to the lack of normality in the data. Therefore, the Bartlett test is NOT APPLICABLE to this problem.","","","",""
"42","Descriptive Statistics","Quartile","NOT_APPLICABLE","APPLICABLE","wrong","APPLICABLE

The method ""Quartile"" can be used to determine the range and distribution of greenhouse gas emissions for the year 2014. Here are the specific data features supporting this:

- The column ""F2014"" has a data type of quantitative, which means it contains numerical values suitable for quartile calculations.
- There is no requirement for normality when calculating quartiles, so the fact that ""is_normality"" is False does not affect applicability.
- The number of rows (1186) provides a sufficient sample size to calculate meaningful quartiles.

For each known applicability condition of the quartile method:
- The data must be quantitative: MEETS (the ""F2014"" column is quantitative).
- Normality is not required: MEETS (quartiles can be calculated regardless of normality).
- Sufficient sample size: MEETS (1186 rows provide a substantial dataset).","","","",""
"40","Descriptive Statistics","Partial Correlation Coefficient","NOT_APPLICABLE","NOT_APPLICABLE","correct","NOT APPLICABLE

The method ""Partial Correlation Coefficient"" is not directly applicable to the problem as stated. Here are the reasons based on the specific data features:

1. **Data Type**: The Partial Correlation Coefficient requires at least two quantitative variables to be analyzed. While the dataset contains several quantitative variables (Research Quality Score, Industry Score, International Outlook, Research Environment Score, and Teaching Score), the question does not specify which variables should be used for the partial correlation analysis. Without specifying the variables, it's impossible to apply the method correctly.

2. **Normality**: Although the normality status of the quantitative variables is not specified as normal, partial correlation coefficients can sometimes be applied to non-normal data, especially with large sample sizes. However, the lack of explicit normality confirmation for the relevant variables makes it risky to assume their applicability without further investigation.

3. **Sample Size**: With 910 rows of data, the sample size is sufficiently large to meet the requirements for most statistical methods, including partial correlation. However, the applicability of partial correlation is more dependent on the nature of the relationships between the variables rather than just the sample size.

Given these points, the specific conditions for applying the Partial Correlation Coefficient are:
- **Quantitative Variables**: MEETS (since there are multiple quantitative variables available).
- **Normality**: DOES NOT MEET (due to the lack of confirmation of normality for the relevant variables).
- **Sample Size**: MEETS (the sample size is adequate).

Since the exact variables for the partial correlation are not specified and the normality of the relevant variables is uncertain, the method is NOT APPLICABLE based on the provided information.","","","",""
"11","Correlation Analysis","Kendall Correlation Coefficient","NOT_APPLICABLE","APPLICABLE","wrong","APPLICABLE

The Kendall Correlation Coefficient can be used to measure the association between two ranked variables. Here are the specific data features that support its applicability:

- **Data Type**: Both ""Walc"" (weekend alcohol consumption) and ""health"" (current health status) are quantitative data types, which can be ranked.
- **Sample Size**: The dataset contains 649 rows, which is generally sufficient for most correlation analyses, including non-parametric methods like Kendall's correlation.
- **Normality**: Neither variable is specified as normally distributed, which is not a requirement for the Kendall Correlation Coefficient since it is a non-parametric test.

For each known applicability condition of the Kendall Correlation Coefficient:

1. **Variables should be ordinal, interval, or ratio scaled**: Both ""Walc"" and ""health"" are quantitative, thus they meet this condition.
2. **Sample size**: The sample size of 649 is adequate for the Kendall Correlation Coefficient.
3. **No assumption about the distribution of the data**: The lack of normality does not affect the applicability of the Kendall Correlation Coefficient.

Therefore, the conditions for using the Kendall Correlation Coefficient are all met.","","","",""
"12","Variance Test","Kolmogorov-Smirnov Test","NOT_APPLICABLE","NOT_APPLICABLE","correct","NOT APPLICABLE

The Kolmogorov-Smirnov (KS) test is used to compare a sample with a reference probability distribution (one-sample KS test) or to compare two samples (two-sample KS test). In this case, we are comparing the variances of annual crop production between Pakistan and India. The KS test is not designed to directly compare variances but rather to assess if two distributions are different in any way.

Specific data features:
- Data type: Quantitative for both Pakistan and India.
- Normality: Both Pakistan and India data are normally distributed.
- Sample size: Each country has 4 rows of data.

Applicability conditions for the KS test:
1. **Data Type**: The KS test can be applied to quantitative data. This condition is MEETS.
2. **Sample Size**: The KS test generally requires larger sample sizes for accurate results, typically at least 50 observations per group. Here, the sample size is only 4 for each group. This condition does NOT MEET.
3. **Purpose of Comparison**: The KS test compares distributions, not specifically variances. This condition does NOT MEET.

Given these points, the KS test is not suitable for comparing the variances of annual crop production between Pakistan and India due to the small sample size and the fact that it does not directly address variance comparison.","","","",""
"26","Descriptive Statistics","Standard Deviation","NOT_APPLICABLE","APPLICABLE","wrong","APPLICABLE

The method ""Standard Deviation"" is applicable to calculate the variability of the adjusted self-reported happiness score (assuming ""adjusted_satisfaction"" is the relevant column for this context). Here's the reasoning based on specific data features:

- **Data Type**: The ""adjusted_satisfaction"" column is quantitative, which means it consists of numerical values that can be used to compute standard deviation.
- **Normality**: The ""adjusted_satisfaction"" column is normally distributed (is_normality: True), which is not strictly necessary for calculating standard deviation but indicates that the measure will provide meaningful insights into the spread of the data.
- **Sample Size**: With 111 rows of data, the sample size is sufficient to reliably estimate the standard deviation.

For each known applicability condition of the standard deviation method:
- **Quantitative Data**: MEETS - The data must be quantitative, and ""adjusted_satisfaction"" is quantitative.
- **Sample Size**: MEETS - A sample size of 111 is adequate for estimating standard deviation.
- **Distribution Normality**: MEETS - While not required, the normal distribution of the data supports the use of standard deviation as a reliable measure of dispersion.","","","",""
"41","Descriptive Statistics","Spearman Correlation Coefficient","NOT_APPLICABLE","NOT_APPLICABLE","correct","NOT APPLICABLE

The Spearman correlation coefficient is used to measure the strength and direction of association between two ranked variables. The specific data feature relevant here is the data type of the variables involved. However, the column ""Terrorist Death Type: Killed"" is described as quantitative but does not provide enough context to determine if it is being used as a rank or ordinal variable. Additionally, the question does not specify another variable to correlate with ""Terrorist Death Type: Killed.""

For the Spearman correlation coefficient to be applicable, the following conditions must be met:

1. **Data Type**: Both variables should be at least ordinal (ranked). In this case, ""Terrorist Death Type: Killed"" is quantitative, which typically implies numerical data rather than ranks. Without knowing the nature of the second variable, we cannot confirm if both variables are ordinal.
   
2. **Sample Size**: While the sample size (10517 rows) is large, this alone does not make the method applicable if the data types do not meet the requirements.

Since the data type of ""Terrorist Death Type: Killed"" is quantitative and there is no indication that it represents ranks, the data DOES NOT MEET the requirement for both variables to be ordinal. Therefore, the method is NOT APPLICABLE.","","","",""
"44","Variance Test","Kurtosis","NOT_APPLICABLE","APPLICABLE","wrong","APPLICABLE

The method ""Kurtosis"" is applicable to this problem based on the following specific data features:

- The data type for both the Philippines and China's annual crop production levels is quantitative.
- Each dataset has 4 rows of data, which is the minimum number required to calculate kurtosis, although typically more data points are preferred for robustness.
- Normality is not a requirement for calculating kurtosis, but it is noted that the data for these countries is normally distributed, which does not hinder the application of kurtosis.

For each known applicability condition of this method:
- Quantitative data: MEETS (both datasets are quantitative).
- Sample size: MEETS (each dataset has at least 4 observations, though ideally more would be better).
- Normality requirement: DOES NOT APPLY (kurtosis can be calculated regardless of normality).","","","",""
"19","Contingency Table Test","Mean","NOT_APPLICABLE","NOT_APPLICABLE","correct","NOT APPLICABLE

The method ""Mean"" is not applicable for the given problem because the question involves examining the relationship between two categorical variables: ""ExerciseAngina"" and ""ST_Slope"". The mean is a measure used primarily with quantitative data to describe central tendency. Here are the specific reasons based on the data features:

1. **Data Type**: Both ""ExerciseAngina"" and ""ST_Slope"" are categorical data types. The mean cannot be calculated for categorical data.
2. **Normality**: Irrelevant for categorical data.
3. **Sample Size**: While the sample size (918 rows) is adequate for many analyses, it does not affect the applicability of the mean to categorical data.

For each known applicability condition of the mean method:
- **Condition: Data must be quantitative** - DOES NOT MEET (the data consists of categorical variables).
- **Condition: Normal distribution is preferred but not strictly necessary for large samples** - IRRELEVANT (since the data is not quantitative).

Therefore, the use of the mean is not appropriate for analyzing the relationship between the presence of exercise-induced angina and the slope of the peak exercise ST segment.","","","",""
"14","Variance Test","Levene Test","APPLICABLE","NOT_APPLICABLE","wrong","NOT APPLICABLE

The Levene test is used to assess the equality of variances for a variable across different groups. In this case, we need to check if the variability in annual crop production in Brazil is comparable to that of Indonesia. However, the provided dataset does not contain separate columns for crop production data specifically for Brazil and Indonesia. Instead, it contains quantitative data for various countries including Brazil and Indonesia but does not specify which column represents crop production data.

Specific data features that are relevant here include:
- Data type: Quantitative
- Normality: True for both Brazil and Indonesia
- Sample size: 4 rows for each country

For the Levene test to be applicable, the following conditions must be met:
1. The data should be quantitative.
   - MEETS: Both Brazil and Indonesia have quantitative data.
2. The samples should come from populations that are normally distributed or the data should be approximately symmetric.
   - MEETS: Both Brazil and Indonesia are stated to be normally distributed.
3. Each group's data should be independent of the others.
   - UNKNOWN: There is no indication of independence between the groups since the exact nature of the data (crop production vs other quantitative measures) is not specified.
4. The data should represent the same variable measured across different groups.
   - DOES NOT MEET: The dataset does not clearly indicate which column represents crop production data for Brazil and Indonesia.

Given these considerations, the Levene test cannot be applied because the specific variable (annual crop production) is not clearly identified for Brazil and Indonesia. Therefore, the method is NOT APPLICABLE.","","","",""
"10","Descriptive Statistics","Fisher Exact Test","NOT_APPLICABLE","NOT_APPLICABLE","correct","NOT APPLICABLE

The Fisher Exact Test is used for categorical data, typically to test the null hypothesis of independence of rows and columns in a contingency table. The specific conditions for applying the Fisher Exact Test include:

1. **Data Type**: The data must be categorical. In this dataset, while there is one categorical variable (""Neighborhood""), the primary focus of the question seems to be on calculating an average price, which involves quantitative data. The Fisher Exact Test is not designed for quantitative variables.

2. **Sample Size**: Although the sample size (50,000 rows) is large, the Fisher Exact Test is generally used for smaller samples where the chi-square approximation may not be accurate. However, the more critical issue here is the nature of the data rather than the sample size.

Given these points, the data does not meet the necessary conditions for using the Fisher Exact Test because the primary variable of interest (""Price"") is quantitative, and the test is intended for categorical data. Therefore, the Fisher Exact Test is NOT APPLICABLE to this problem.","","","",""
"31","Descriptive Statistics","Shapiro-Wilk Test of Normality","NOT_APPLICABLE","APPLICABLE","wrong","APPLICABLE

The Shapiro-Wilk Test of Normality can be applied to the ""Catch_Rate"" column because it is quantitative and has a sufficient number of rows (721). Here are the conditions for the Shapiro-Wilk test and how they are met by the data:

1. **Data Type**: The ""Catch_Rate"" column is quantitative, which is required for the Shapiro-Wilk test. This condition is MEETS.
   
2. **Sample Size**: The Shapiro-Wilk test is generally appropriate for sample sizes between 3 and 5000. With 721 rows, the sample size requirement is MEETS.

Since both conditions are met, the Shapiro-Wilk Test of Normality is applicable to the ""Catch_Rate"" column.","","","",""
"39","Correlation Analysis","Partial Correlation Coefficient","APPLICABLE","APPLICABLE","correct","APPLICABLE

The method ""Partial Correlation Coefficient"" is applicable to this problem based on the following specific data features:

1. **Data Types**: The variables of interest, ""Terrorism deaths"" and ""Death Age : 11-20"", are both quantitative, which is a requirement for calculating partial correlations.
   
2. **Sample Size**: With 10,517 rows of data, the sample size is sufficiently large to support the use of partial correlation analysis.

3. **Normality**: While the data is not normally distributed according to the provided information (""is_normality: False""), partial correlation does not strictly require normality of the variables involved. However, it's important to note that non-normality might affect the robustness of the results, especially if the deviations from normality are severe.

For each known applicability condition of the partial correlation coefficient method:

- **Quantitative Variables**: MEETS - Both ""Terrorism deaths"" and ""Death Age : 11-20"" are quantitative.
- **Sufficient Sample Size**: MEETS - The sample size of 10,517 is adequate.
- **Control Variable**: MEETS - The variable ""Terrorist attacks"" can be used as a control variable to assess the relationship between ""Terrorism deaths"" and ""Death Age : 11-20"".
- **Normality Requirement**: DOES NOT STRICTLY MEET - Although normality is preferred, partial correlation can still be applied with caution due to the large sample size.

Given these points, the method is deemed applicable despite the lack of normality, but caution should be exercised in interpreting the results.","","","",""
"33","Distribution Compliance Test","Lilliefors Test","NOT_APPLICABLE","APPLICABLE","wrong","APPLICABLE

The Lilliefors test is used to determine if a sample comes from a normally distributed population when the mean and variance of the population are unknown. However, it can also be adapted to test for uniform distribution. Given the data features:

- The column `atlantaretail` is quantitative and has 15766 rows.
- The normality check (`is_normality`) for `atlantaretail` is False, indicating non-normality, but this does not preclude testing for uniformity.

For the Lilliefors test to be applicable to testing for uniformity:

1. **Sample Size**: The Lilliefors test generally requires a sufficiently large sample size to provide reliable results. With 15766 observations, the sample size is adequate.
   
2. **Data Type**: The data type must be quantitative, which `atlantaretail` is.

3. **Distribution Assumption**: The Lilliefors test can be adapted to test for uniform distribution. Since we are interested in testing if the data follows a uniform distribution, this condition is met.

Therefore, the conditions for applying the Lilliefors test to assess uniformity are MEETED by the provided dataset.","","","",""
"40","Descriptive Statistics","Kendall Correlation Coefficient","NOT_APPLICABLE","NOT_APPLICABLE","correct","NOT APPLICABLE

The Kendall Correlation Coefficient is not applicable to this problem based on the provided data features. Here's why:

1. **Data Type**: The Kendall Correlation Coefficient requires both variables to be ordinal or continuous. In this case, we are interested in assessing the ""Research Environment Score,"" which is quantitative. However, the question does not specify another variable to correlate with the ""Research Environment Score."" Assuming we need another quantitative variable, let's consider ""Research Quality Score"" as an example. Both ""Research Environment Score"" and ""Research Quality Score"" are quantitative, but the method typically requires at least ordinal data, and there is no indication that these scores are ordinal.

2. **Normality**: The column ""Research Environment Score"" is noted as non-normal (""is_normality: False""). While Kendall's Tau does not assume normality, it is designed for ordinal data rather than interval or ratio scales, which might be implied by the term ""quantitative"" here without further specification.

3. **Sample Size**: With 910 rows, the sample size is sufficiently large for most correlation methods, including Kendall's Tau. However, this alone does not make the method applicable if the data types do not meet the requirements.

**Applicability Conditions of Kendall Correlation Coefficient**:
- **Ordinal Data**: The data should ideally be ordinal. Since the data type is specified as quantitative, this condition is not clearly met without additional context indicating ordinality.
- **Non-parametric Requirement**: This condition is met since Kendall's Tau is non-parametric and does not require normality.
- **Sample Size**: This condition is met with a sample size of 910.

In summary, while the sample size is adequate and the non-normality of the data is not a concern, the primary issue lies in the data type requirement for Kendall's Tau, which is not clearly satisfied with the given information. Therefore, the method is NOT APPLICABLE.","","","",""
"14","Variance Test","Mood Variance Test","APPLICABLE","NOT_APPLICABLE","wrong","NOT APPLICABLE

The Mood Variance Test is used to compare the variances of two independent groups. The specific conditions for applying this test include having at least two independent samples and ensuring that the data from each group is quantitative. However, there are several issues with the provided dataset that make the application of the Mood Variance Test inappropriate:

1. **Data Type**: The data types for Brazil and Indonesia are quantitative, which meets the requirement for the test.
2. **Sample Size**: Each country has only 4 rows of data, which is a very small sample size. Typically, the Mood Variance Test requires larger sample sizes to be reliable.
3. **Normality**: While not strictly necessary for the Mood Variance Test, it is often recommended that the data be normally distributed if the sample size is small. Here, the normality status for Brazil and Indonesia is not specified as true, which could imply non-normality. Even if the data were normal, the small sample size would still be problematic.

Given these points, the data does not meet the necessary conditions for the Mood Variance Test due to the small sample size and potential non-normality. Therefore, the method is NOT APPLICABLE.","","","",""
"46","Descriptive Statistics","Fisher Exact Test","NOT_APPLICABLE","NOT_APPLICABLE","correct","NOT APPLICABLE

The Fisher Exact Test is used for analyzing contingency tables, typically with categorical variables to determine if there is a significant association between two categorical variables. The specific data features provided do not include any contingency table structure or categorical variables being tested for association. Instead, the question asks about calculating the kurtosis of the ""Sp_Def"" (Base Special Defense) variable, which is quantitative and not related to a contingency table analysis.

Specific data features relevant to the Fisher Exact Test applicability:
- Data type: The ""Sp_Def"" column is quantitative, not categorical.
- Normality: Irrelevant for the Fisher Exact Test since it does not require normality.
- Sample size: While the sample size (721 rows) is large enough for some tests, it is not pertinent here because the Fisher Exact Test is typically used for small samples.

Conditions for Fisher Exact Test:
1. **Categorical Variables**: The data must involve categorical variables, but ""Sp_Def"" is quantitative.
   - MEETS: NO
2. **Contingency Table Structure**: There should be a contingency table structure indicating the counts of categories across two variables.
   - MEETS: NO

Therefore, the Fisher Exact Test is NOT APPLICABLE to this problem.","","","",""
"35","Variance Test","Skewness","NOT_APPLICABLE","APPLICABLE","wrong","APPLICABLE

The method ""Skewness"" is applicable to this problem based on the following specific data features:

- The data type for both ""Number of trees sold"" and ""Average Tree Price"" is quantitative.
- Both columns have a normality status of True, which implies they are normally distributed, but skewness can still be calculated for any distribution, not just non-normal ones.
- Each column has 14 rows of data, which is sufficient for calculating skewness although typically larger samples provide more reliable estimates.

For each known applicability condition of this method:
- The data must be quantitative: MEETS.
- Skewness can be calculated regardless of normality: MEETS.
- Sample size should be adequate: MEETS (though 14 might be considered small, it is acceptable for basic skewness calculation).","","","",""
"21","Variance Test","Kolmogorov-Smirnov Test","NOT_APPLICABLE","NOT_APPLICABLE","correct","NOT APPLICABLE

The Kolmogorov-Smirnov (KS) test is used to compare a sample with a reference probability distribution (one-sample KS test) or to compare two samples (two-sample KS test). The conditions for applying the KS test include:

1. **Data Type**: The KS test is typically applied to continuous data. In this case, both ""Average Tree Price"" and ""Sales"" are quantitative, which suggests they could be continuous. However, without knowing if these variables are truly continuous or discrete, we cannot definitively confirm this condition.

2. **Sample Size**: The KS test generally requires a sufficiently large sample size to detect meaningful differences. With only 14 rows of data, the sample size is relatively small, which may limit the power of the KS test to detect significant differences in variance.

3. **Normality Assumption**: While the KS test does not assume normality, it is sensitive to deviations from the reference distribution. Given that the KS test is being considered to assess the equality of variances between ""Average Tree Price"" and ""Sales,"" and both are stated to be normally distributed, this condition is met. However, the primary concern here is the appropriateness of using the KS test for comparing variances directly.

**Conclusion on Conditions**:
- Data Type: MEETS (assuming ""quantitative"" implies continuous).
- Sample Size: DOES NOT MEET (sample size is too small).
- Normality: MEETS (both variables are stated to be normally distributed).

Given the small sample size and the fact that the KS test is not typically used to directly compare variances but rather distributions, the use of the KS test for this purpose is NOT APPLICABLE. A more appropriate test for comparing variances might be Levene's test or the Brown-Forsythe test, which are designed specifically for such comparisons and are less sensitive to violations of assumptions like normality and can handle smaller sample sizes more effectively.","","","",""
"43","Descriptive Statistics","Quartile","NOT_APPLICABLE","APPLICABLE","wrong","APPLICABLE

The method ""Quartile"" can be used to determine the range and distribution of the GDP values. Here are the specific data features supporting this:

- The column ""GDP"" has a data type of quantitative, which means it consists of numerical values that can be ordered and measured.
- The number of rows (observations) for the GDP column is 111, which is sufficient for calculating quartiles.
- The normality of the GDP data is not specified as true, but quartiles do not require the data to be normally distributed; they are robust measures of spread and central tendency.

For each known applicability condition of the quartile method:
- The data must be quantitative: MEETS (the GDP column is quantitative).
- The data does not need to be normally distributed: MEETS (quartiles can be calculated regardless of the distribution shape).
- There should be enough observations: MEETS (111 observations are adequate for calculating quartiles).","","","",""
"47","Descriptive Statistics","Median","APPLICABLE","APPLICABLE","correct","APPLICABLE

The method ""Median"" is applicable to calculating the central tendency of the ""International Outlook"" variable based on the provided data features. Here's the reasoning:

1. **Data Type**: The ""International Outlook"" column has a data type of quantitative, which means it consists of numerical values. The median is a measure of central tendency that is appropriate for quantitative data.
   
2. **Normality**: The normality status of the ""International Outlook"" column is not specified as normal (i.e., it is False), but this does not affect the applicability of using the median. The median is robust to non-normal distributions and outliers, making it a suitable measure even if the data is skewed or contains outliers.

3. **Sample Size**: With 910 rows of data, the sample size is sufficiently large to reliably compute the median.

For each known applicability condition of the median method:
- **Quantitative Data Requirement**: MEETS - The ""International Outlook"" variable is quantitative.
- **Distribution Shape Requirement**: MEETS - The median does not require the data to be normally distributed.
- **Sample Size Requirement**: MEETS - A sample size of 910 is adequate for computing the median.

Therefore, the method ""Median"" is APPLICABLE to calculate the central tendency of the ""International Outlook"" variable.","","","",""
"4","Descriptive Statistics","Skewness","NOT_APPLICABLE","APPLICABLE","wrong","APPLICABLE

The method ""Skewness"" is applicable to this problem based on the following specific data features:

- The column ""MAR"" has a data type of quantitative, which means it consists of numerical values.
- The number of rows (128) is sufficient for calculating skewness, although there isn't a strict minimum, typically skewness can be calculated with samples of at least 30 observations.
- The normality status of the ""MAR"" column is False, indicating that the distribution is not normal, and skewness could provide useful information about the symmetry of the distribution.

For each known applicability condition of this method:
- The data must be quantitative: MEETS.
- There should be enough data points to provide a reliable measure: MEETS.
- The data does not need to be normally distributed: MEETS (in fact, skewness is often used when data is not normally distributed).","","","",""
"34","Descriptive Statistics","Fisher Exact Test","NOT_APPLICABLE","NOT_APPLICABLE","correct","NOT APPLICABLE

The Fisher Exact Test is used for categorical data, typically in the context of contingency tables where the frequencies of different categories are compared. The data provided does not contain any categorical variables suitable for such a test. Instead, the column ""Total eMedia Circulation"" is quantitative and normally distributed, which would suggest the use of methods appropriate for numerical data, such as calculating the median or using parametric tests if normality holds.

Specific data features that make the Fisher Exact Test NOT APPLICABLE include:
- Data Type: All relevant columns are quantitative, not categorical.
- Normality: While ""Total eMedia Circulation"" is noted as normally distributed, this pertains to a continuous variable, not a categorical one required by the Fisher Exact Test.
- Sample Size: Although the number of rows (72) might be considered small for some parametric tests, it is not directly relevant to the applicability of the Fisher Exact Test, which is more concerned with the counts within categories.

Therefore, the conditions for applying the Fisher Exact Test are not met because the data does not consist of categorical variables that can be organized into a contingency table.","","","",""
"39","Correlation Analysis","Spearman Correlation Coefficient","NOT_APPLICABLE","APPLICABLE","wrong","APPLICABLE

The Spearman Correlation Coefficient is applicable to this problem based on the following conditions:

1. **Data Type**: The Spearman Correlation Coefficient can be used with ordinal or continuous data. Here, both ""Terrorism deaths"" and ""Death Age : 11-20"" are quantitative, which means they can be treated as continuous variables for the purpose of calculating the Spearman correlation. This condition is MEET.

2. **Normality**: The Spearman Correlation Coefficient does not require the data to be normally distributed. In fact, it is often preferred over Pearson's correlation when the data is not normally distributed. Both ""Terrorism deaths"" and ""Death Age : 11-20"" are noted as not being normally distributed, which aligns well with the use of Spearman's correlation. This condition is MEET.

3. **Sample Size**: While there isn't a strict minimum sample size requirement for Spearman's correlation, having a larger sample size generally provides more reliable results. With 10,517 rows of data, the sample size is sufficiently large to meet the practical requirements for using Spearman's correlation. This condition is MEET.

Given these points, the method ""Spearman Correlation Coefficient"" is APPLICABLE to the problem at hand.","","","",""
"26","Descriptive Statistics","Anderson-Darling Test","NOT_APPLICABLE","NOT_APPLICABLE","correct","NOT APPLICABLE

The Anderson-Darling Test is used to test if a sample is from a population with a specified distribution. The specific conditions for applying the Anderson-Darling Test include:

1. **Data Type**: The data should be quantitative. In this dataset, the relevant column for the question is `happyScore`, which is quantitative. This condition is MEETS.
   
2. **Sample Size**: The Anderson-Darling Test typically requires a minimum sample size, usually at least 5 observations. With 111 rows of data, this condition is MEETS.

3. **Normality Check**: The Anderson-Darling Test can be used to check for normality, but it is not clear from the question if we are testing for normality specifically or comparing against another distribution. However, since the question does not specify a comparison distribution and the primary interest seems to be on the average value, the test's application here is less straightforward. Additionally, the `happyScore` column is noted as not being normally distributed (`is_normality: False`). While this does not inherently make the test inapplicable, it suggests that the test might not be the most appropriate for assessing normality directly without further context.

4. **Purpose of the Test**: The question asks about calculating the average value of the adjusted self-reported happiness score, which implies a descriptive statistic rather than a hypothesis test about distributional form. The Anderson-Darling Test is not designed to calculate averages but to assess distribution fit. Therefore, the purpose of the test does not align with the stated question, making this condition DOES NOT MEET.

Given these points, while some conditions are met, the overall applicability of the Anderson-Darling Test to the specific question asked is NOT APPLICABLE due to the mismatch between the test's purpose and the question's intent.","","","",""
"15","Descriptive Statistics","Kurtosis","NOT_APPLICABLE","APPLICABLE","wrong","APPLICABLE

The method ""Kurtosis"" can be applied to the dataset provided because it is a measure that describes the shape of a distribution's tails and peak relative to a normal distribution. The specific data feature supporting this is:

- The ""Review"" column is quantitative and has 1907 rows, which is a sufficient sample size for calculating kurtosis.

For each known applicability condition of this method:

1. **Data Type**: The ""Review"" column is quantitative, which MEETS the requirement for kurtosis calculation since kurtosis is defined for numerical data.
2. **Sample Size**: With 1907 observations, the sample size MEETS the typical requirement for having enough data points to reliably estimate kurtosis.
3. **Normality**: While the ""is_normality"" flag is False, indicating that the data may not follow a normal distribution, this does not preclude the calculation of kurtosis. Kurtosis can be calculated regardless of whether the data is normally distributed or not. Therefore, the data MEETS the condition of being able to calculate kurtosis even if it is not normally distributed.","","","",""
"46","Descriptive Statistics","Range","NOT_APPLICABLE","NOT_APPLICABLE","correct","NOT APPLICABLE

The method ""Range"" is not applicable to determine the kurtosis of the distribution of the variable representing Base Special Defense (Sp_Def). The range is a measure of spread that indicates the difference between the maximum and minimum values in a dataset. It does not provide any information about the shape of the distribution, particularly its kurtosis, which describes the heaviness of the tails or the sharpness of the peak relative to a normal distribution.

Specific data features relevant to this assessment include:
- Data type: Sp_Def is quantitative.
- Normality: The column is noted as non-normal.
- Sample size: There are 721 rows of data.

Applicability conditions for using Range:
1. **Measure of Spread**: Range measures spread but not shape (MEETS).
2. **Kurtosis Measurement**: Range does not measure kurtosis (DOES NOT MEET).

Since the question asks specifically about determining kurtosis, the range is not an appropriate measure. Therefore, the method ""Range"" is NOT APPLICABLE for this purpose.","","","",""
"2","Correlation Analysis","Skewness","NOT_APPLICABLE","APPLICABLE","wrong","APPLICABLE

The method ""Skewness"" is applicable to this problem based on the following data features:

- The variable of interest, G3 (final grade), is quantitative.
- The variable school absences (absences) is also quantitative.
- The variable workday alcohol consumption (Dalc) is quantitative.

For the skewness method to be applicable, the following conditions must be met:
1. The data should be quantitative: MEETS (all three variables of interest are quantitative).
2. Skewness can be calculated for any distribution regardless of its shape or normality: MEETS (the normality status does not affect the calculation of skewness).

Given these points, the method ""Skewness"" is applicable to analyze the distribution characteristics of the quantitative variables in question.","","","",""
"42","Descriptive Statistics","Mantel-Haenszel Test","NOT_APPLICABLE","NOT_APPLICABLE","correct","NOT APPLICABLE

The Mantel-Haenszel test is used to analyze stratified contingency tables and assess the association between two binary variables across multiple strata. The provided dataset does not contain any binary variables nor is it structured in a way that would allow for the application of this test. Here are the specific reasons why the conditions for applying the Mantel-Haenszel test are not met:

1. **Binary Variables**: The Mantel-Haenszel test requires at least two binary variables. In the dataset, all relevant quantitative columns (F2010 through F2022) represent continuous or quantitative measurements of greenhouse gas emissions, not binary outcomes.

2. **Stratification**: This test also requires that the data be stratified into different levels or groups. While there are categorical variables like 'Country', 'ISO3', 'Industry', and 'Gas_Type', these do not serve as appropriate strata for the Mantel-Haenszel test when applied to the question of finding the range of emissions values for a specific year.

Given these points, the Mantel-Haenszel test is NOT APPLICABLE to the provided dataset for the stated purpose.","","","",""
"2","Correlation Analysis","Spearman Correlation Coefficient","NOT_APPLICABLE","APPLICABLE","wrong","APPLICABLE

The Spearman Correlation Coefficient is applicable to this problem based on the following conditions:

1. **Data Type**: The Spearman Correlation Coefficient can be used with ordinal or continuous data. In this case, the variables of interest are:
   - Final grade (G3): quantitative
   - School absences: quantitative
   - Workday alcohol consumption (Dalc): quantitative

   All these variables are quantitative, which means they can be ranked, making them suitable for the Spearman correlation.

2. **Normality**: The Spearman Correlation Coefficient does not assume normal distribution of the data. The provided information indicates that none of the relevant columns (G3, absences, Dalc) are normally distributed, which is acceptable for the Spearman correlation.

3. **Sample Size**: With 649 rows of data, the sample size is sufficiently large to apply the Spearman Correlation Coefficient.

To summarize, the data meets all necessary conditions for applying the Spearman Correlation Coefficient:
- The data types are appropriate (quantitative).
- Normality is not required for the Spearman Correlation Coefficient.
- The sample size is adequate.","","","",""
"40","Descriptive Statistics","Skewness","APPLICABLE","APPLICABLE","correct","APPLICABLE

The method ""Skewness"" is applicable to the problem based on the following specific data features:

- The column ""Research Environment Score"" has a data type of quantitative and contains 910 rows of data.
- Skewness is a measure used to assess the symmetry of a distribution, which can be applied to any quantitative data regardless of its normality status.

Applicability conditions for skewness and their status:
1. Data must be quantitative: MEETS (the ""Research Environment Score"" is quantitative).
2. Sample size should be sufficient: MEETS (with 910 observations, the sample size is sufficiently large to calculate skewness accurately).

Therefore, the method ""Skewness"" is applicable to assess the symmetry of the distribution of the ""Research Environment Score"".","","","",""
"30","Correlation Analysis","Spearman Correlation Coefficient","NOT_APPLICABLE","APPLICABLE","wrong","APPLICABLE

The Spearman Correlation Coefficient is applicable for the following reasons:

1. **Data Type**: The variables ""engine(cc)"" and ""max_power(bhp)"" are both quantitative, which is suitable for the Spearman correlation coefficient since it can be used with ordinal, interval, or ratio scaled data. 

2. **Sample Size**: With 1553 rows of data, the sample size is sufficiently large to apply the Spearman correlation coefficient.

3. **Normality**: The normality of the data is not required for the Spearman correlation coefficient, making it a robust choice even if the data does not follow a normal distribution. In this case, neither ""engine(cc)"" nor ""max_power(bhp)"" is normally distributed according to the provided information.

4. **Holding Mileage Constant**: To analyze the relationship between ""engine(cc)"" and ""max_power(bhp)"" while holding ""mileage(kmpl)"" constant, one could use partial correlation techniques or multiple regression analysis. However, these adjustments do not affect the applicability of the Spearman correlation coefficient itself but rather how it is applied in the context of the analysis.

**Applicability Conditions of Spearman Correlation Coefficient**:
- **Quantitative Data**: MEETS - Both ""engine(cc)"" and ""max_power(bhp)"" are quantitative.
- **Sample Size**: MEETS - The sample size of 1553 is adequate.
- **Distribution Requirement**: MEETS - No assumption about the distribution of the data is necessary.
- **Monotonic Relationship**: This condition is typically assumed unless there is evidence to the contrary. Since no specific information about the nature of the relationship is provided, we assume it is monotonic for the purpose of applying the method.

Therefore, the Spearman Correlation Coefficient is APPLICABLE to this problem.","","","",""
"37","Contingency Table Test","Shapiro-Wilk Test of Normality","NOT_APPLICABLE","NOT_APPLICABLE","correct","NOT APPLICABLE

The Shapiro-Wilk Test of Normality is not applicable for the following reasons:

1. **Data Type**: The Shapiro-Wilk test is used to determine if a dataset comes from a normally distributed population. It requires quantitative data. While some columns like 'salary', 'salary_in_usd', and 'work_year' are quantitative, the question specifically asks about the relationship between 'experience_level' (categorical) and 'company_size' (categorical). These variables are not quantitative, making the Shapiro-Wilk test inappropriate for these variables directly.

2. **Normality Requirement**: The Shapiro-Wilk test assumes that the data is quantitative and continuous. Since both 'experience_level' and 'company_size' are categorical, they do not meet the requirement of being quantitative and continuous.

3. **Sample Size Consideration**: Although the Shapiro-Wilk test can be applied to small samples, it is typically used for datasets with up to around 5000 observations. However, this consideration is secondary here because the primary issue is the data type, which does not align with the requirements of the test.

**Applicability Conditions of Shapiro-Wilk Test**:
- **Quantitative Data**: The data must be quantitative. Here, the relevant variables are categorical, so this condition is **NOT MET**.
- **Sample Size**: The test is suitable for small to medium-sized samples (typically up to 5000 observations). This condition could be considered **MET**, but it is irrelevant due to the data type issue.
- **Continuous Data**: The data should ideally be continuous. Since the relevant variables are categorical, this condition is **NOT MET**.

Given these points, the Shapiro-Wilk Test of Normality is NOT APPLICABLE to assess the relationship between 'experience_level' and 'company_size'.","","","",""
"6","Variance Test","Mood Variance Test","APPLICABLE","NOT_APPLICABLE","wrong","NOT APPLICABLE

The Mood Variance Test is used to compare the variances of two independent groups. Here are the specific data features and conditions for applicability:

1. **Data Type**: The relevant columns are ""Japan"" and ""Brazil"", both of which are quantitative data types. This condition is met.
   
2. **Normality**: Both ""Japan"" and ""Brazil"" have is_normality set to True, indicating that their distributions are normal. This condition is met.

3. **Sample Size**: Each country has only 4 rows of data. Generally, the Mood Variance Test requires larger sample sizes to be reliable. A common rule of thumb is at least 5 observations per group, but ideally more. With only 4 observations per group, the test may not provide reliable results. This condition does NOT MEET the requirement for sufficient sample size.

Given these points, while the data types and normality assumptions are appropriate, the small sample size makes the application of the Mood Variance Test NOT APPLICABLE due to insufficient power and reliability with such limited data.","","","",""
"17","Descriptive Statistics","Mantel-Haenszel Test","NOT_APPLICABLE","NOT_APPLICABLE","correct","NOT APPLICABLE

The Mantel-Haenszel test is used to analyze stratified contingency tables, typically to assess the association between two categorical variables across different levels of a third categorical variable. The specific data features provided do not include any categorical variables that would be necessary for applying the Mantel-Haenszel test. Instead, the dataset includes quantitative and other types of data:

- **SquareFeet**: Quantitative
- **Bedrooms**: Quantitative
- **Bathrooms**: Quantitative
- **Neighborhood**: Categorical
- **YearBuilt**: Other
- **Price**: Quantitative

For the Mantel-Haenszel test to be applicable, we would need at least two categorical variables and a stratification variable. Here, the only categorical variable is ""Neighborhood,"" and there are no other categorical variables provided that could be used with it. Additionally, even if there were another categorical variable, the ""YearBuilt"" column is listed as ""other,"" which does not specify its format (whether it's ordinal, nominal, etc.), making it unclear if it could serve as a stratification variable.

Therefore, the data does not meet the conditions required for the Mantel-Haenszel test:
- **Condition 1: Presence of at least two categorical variables** - Only one categorical variable (""Neighborhood"") is present.
- **Condition 2: Stratification by a third categorical variable** - No clear categorical variable exists for stratification beyond ""Neighborhood.""

Thus, the Mantel-Haenszel test is NOT APPLICABLE to this dataset.","","","",""
"12","Variance Test","Mood Variance Test","APPLICABLE","NOT_APPLICABLE","wrong","NOT APPLICABLE

The Mood Variance Test is used to compare the variances of two populations. However, there are several conditions that must be met for its application:

1. **Data Type**: The data should be quantitative. Both Pakistan and India's annual crop production data are quantitative, so this condition is MET.

2. **Sample Size**: Each group should have a sufficient number of observations. With only 4 rows of data for each country, the sample size is very small. Typically, a minimum of around 5-10 observations per group is recommended for variance tests to ensure reliable results. This condition is NOT MET due to insufficient sample size.

3. **Normality**: While the test does not strictly require normal distribution, it performs better when the data is normally distributed. Both Pakistan and India's data are noted as being normally distributed, so this condition is MET.

Given the small sample size, the Mood Variance Test is NOT APPLICABLE because the reliability and validity of the test results would be compromised with such limited data.","","","",""
"25","Correlation Analysis","Partial Correlation Coefficient","APPLICABLE","APPLICABLE","correct","APPLICABLE

The method ""Partial Correlation Coefficient"" is applicable to this problem based on the following analysis:

1. **Data Type**: The variables of interest (BMI and Age) are both quantitative, which is necessary for calculating partial correlation coefficients. Additionally, the variable we want to control for (Desired Weight) is also quantitative. This meets the requirement for the data types needed for partial correlation.

2. **Sample Size**: With 3864 rows of data, the sample size is sufficiently large to support the use of partial correlation coefficients, which generally require a substantial number of observations to provide reliable estimates.

3. **Normality**: While the normality of the data is not explicitly stated for all variables, partial correlation coefficients can be used with non-normal data, especially with large sample sizes. However, it's worth noting that the assumption of multivariate normality is often required for parametric tests, but robustness studies suggest that partial correlations are relatively insensitive to deviations from normality, particularly with large samples.

**Applicability Conditions**:
- **Quantitative Variables**: Both BMI and Age are quantitative, and the variable to control (Desired Weight) is also quantitative. Therefore, the data MEETS this condition.
- **Sample Size**: The sample size of 3864 is adequate for estimating partial correlation coefficients. Therefore, the data MEETS this condition.
- **Multivariate Normality**: Although not strictly necessary due to the large sample size, the data does not explicitly confirm multivariate normality. However, partial correlation is somewhat robust to violations of this assumption with large samples. Therefore, the data MEETS this condition in practice.

Given these points, the method ""Partial Correlation Coefficient"" is APPLICABLE to this problem.","","","",""
"15","Descriptive Statistics","Skewness","NOT_APPLICABLE","APPLICABLE","wrong","APPLICABLE

The method ""Skewness"" is applicable to the problem based on the provided data features. Here's the reasoning:

1. **Data Type**: The column ""Review"" has a data type of quantitative, which means it contains numerical values. Skewness can be calculated for quantitative data.
   
2. **Sample Size**: With 1907 rows of data, the sample size is sufficiently large to calculate skewness accurately.

3. **Normality**: The ""is_normality"" flag for the ""Review"" column is False, indicating that the distribution of the review scores is not normal. This does not prevent the calculation of skewness but rather suggests that the data may benefit from skewness analysis to understand its asymmetry.

**Applicability Conditions**:
- **Quantitative Data**: The ""Review"" column is quantitative. MEETS this condition.
- **Sample Size**: The sample size of 1907 is adequate for calculating skewness. MEETS this condition.
- **Distribution Shape**: Skewness can be calculated regardless of whether the data is normally distributed or not. MEETS this condition.

Therefore, the method ""Skewness"" is APPLICABLE to the problem.","","","",""
"22","Contingency Table Test","Kurtosis","NOT_APPLICABLE","NOT_APPLICABLE","correct","NOT APPLICABLE

The method ""Kurtosis"" is typically used to measure the 'tailedness' of the probability distribution of a real-valued random variable. It is generally applied to quantitative data to understand the shape of its distribution. In the provided dataset, the column of interest for kurtosis would be one of the quantitative variables such as Age, RestingBP, Cholesterol, MaxHR, or Oldpeak. However, the question does not specify which quantitative variable should be analyzed, and more importantly, it asks about the relationship between changes in the type of chest pain (ChestPainType) and the presence of heart disease (HeartDisease).

- **Data Type**: Kurtosis is applicable only to quantitative data. The columns ChestPainType and HeartDisease are categorical, making kurtosis inapplicable directly to these variables.
- **Normality**: While some quantitative variables like Age, RestingBP, Cholesterol, MaxHR, and Oldpeak are listed as non-normal, kurtosis can still be calculated on them. However, since the question focuses on the relationship between categorical variables, this feature is irrelevant here.
- **Sample Size**: With 918 rows, the sample size is adequate for calculating kurtosis if applied to quantitative data. But again, this is not relevant when focusing on categorical variables.

Given the focus on the relationship between two categorical variables (ChestPainType and HeartDisease), methods such as chi-square tests or logistic regression would be more appropriate than kurtosis. Therefore, the use of kurtosis is NOT APPLICABLE to this specific problem.","","","",""
"23","Variance Test","Mood Variance Test","APPLICABLE","NOT_APPLICABLE","wrong","NOT APPLICABLE

The Mood Variance Test is used to compare the variances of two independent samples. Here are the specific conditions for its applicability and how they relate to the provided data:

1. **Data Type**: The test requires quantitative data. Both `avg_satisfaction` and `std_satisfaction` are quantitative, which MEETS this requirement.

2. **Sample Size**: The test generally requires a sufficient sample size. With 111 rows of data, this MEETS the requirement for a reasonable sample size.

3. **Normality Assumption**: The Mood Variance Test does not require the data to be normally distributed, but it assumes that the data should be approximately symmetric. However, `avg_satisfaction` and `std_satisfaction` are both listed as normally distributed (`is_normality: True`), which is unusual since standard deviations are typically non-negative and often positively skewed. This could indicate an issue with the data or labeling, but strictly speaking, the test does not have a strict normality requirement, so this condition is somewhat ambiguous but leans towards MEETING the requirement due to the stated normality.

4. **Independence**: The test assumes independence of observations. There is no direct information about the independence of the samples from the provided data features, but assuming the data collection process was sound, this condition can be assumed to be met.

Given these points, the primary issue lies in the interpretation of the normality of `std_satisfaction`, which is typically not expected to be normally distributed. Since the standard deviation values are usually positively skewed, the assumption of normality for `std_satisfaction` is likely incorrect, making the application of the Mood Variance Test questionable despite meeting other criteria. Therefore, the overall conclusion is NOT APPLICABLE due to the inconsistency with the typical distribution of standard deviation values.","","","",""
"0","Contingency Table Test","Range","NOT_APPLICABLE","NOT_APPLICABLE","correct","NOT APPLICABLE

The method ""Range"" is not applicable for analyzing the relationship between variations in gender and smoking status based on the provided data features. Here's why:

1. **Data Type**: The column ""Gender"" is categorical, and ""SMOKE"" (smoking status) is also categorical. Range is a measure used for quantitative data to indicate the spread from the lowest to the highest value. It does not apply to categorical data.

2. **Applicability Conditions**:
   - **Quantitative Data Requirement**: The range method requires quantitative data. Since both ""Gender"" and ""SMOKE"" are categorical, this condition is NOT MET.
   - **Normality Check**: While normality is mentioned for some columns, it is irrelevant for determining the applicability of the range method since it applies only to quantitative data. This condition is NOT RELEVANT here.
   - **Sample Size**: Although the sample size is large (2111 rows), the range method cannot be applied to categorical variables regardless of sample size. This condition is NOT RELEVANT here either.

Given these points, the range method is NOT APPLICABLE to determine if variations in gender correspond to variations in smoking status.","","","",""
"37","Contingency Table Test","Chi-square Independence Test","APPLICABLE","NOT_APPLICABLE","wrong","NOT APPLICABLE

The Chi-square Independence Test is used to determine if there is a significant association between two categorical variables. In this dataset, the relevant columns for the question are ""experience_level"" and ""company_size"", both of which are categorical. However, the Chi-square test has several conditions that must be met:

1. **Data Type**: Both variables should be categorical. This condition is MEETS since both ""experience_level"" and ""company_size"" are categorical.
   
2. **Sample Size**: Each cell in the contingency table should have an expected frequency count of at least 5. The sample size here is 9355, which is large enough to potentially meet this condition, but without knowing the distribution across categories, we cannot confirm this. However, this condition is generally assumed to be MEETS due to the large overall sample size.

3. **Independence of Observations**: Observations must be independent of each other. There is no indication from the provided data that observations are not independent, so this condition is assumed to MEETS.

4. **Mutual Exclusivity**: Each observation must fall into one and only one cell of the contingency table. Since ""experience_level"" and ""company_size"" are categorical and mutually exclusive within their respective categories, this condition is MEETS.

Despite these conditions being met, the Chi-square Independence Test is not directly applicable because it does not account for any potential confounding variables or relationships that might exist between the categorical variables and other quantitative variables like salary or years of experience. Additionally, the Chi-square test does not provide a direct measure of the strength or direction of the relationship between the variables.

Therefore, while the Chi-square Independence Test could technically be applied to check for independence between ""experience_level"" and ""company_size"", it would not fully address the complexity of the relationship suggested by the question, especially considering the presence of quantitative variables and the need for more nuanced analysis.","","","",""
"2","Correlation Analysis","Mode","NOT_APPLICABLE","NOT_APPLICABLE","correct","NOT APPLICABLE

The method ""Mode"" is not applicable to this problem because it is used to find the most frequently occurring value in a dataset, typically for categorical variables. The problem requires understanding the relationship between the final grade (G3) and school absences while accounting for workday alcohol consumption (Dalc). Here are the specific reasons why the mode is not suitable:

1. **Data Type**: The primary variables of interest (G3, absences, Dalc) are quantitative, not categorical. The mode is more relevant for categorical data where identifying the most common category can be meaningful. For quantitative data, measures like mean or median are more appropriate to describe central tendency.

2. **Normality**: The normality status of the data is irrelevant for determining the applicability of the mode since the mode does not require any assumptions about the distribution of the data. However, the fact that these variables are not normally distributed does not affect the choice of using the mode over other measures of central tendency.

3. **Sample Size**: While the sample size (649 rows) is adequate for many statistical analyses, it does not influence the applicability of the mode in this context.

In summary, the data MEETS the condition of having numerical values but DOES NOT MEET the condition of being categorical, which is necessary for the mode to be an appropriate measure. Therefore, the method ""Mode"" is NOT APPLICABLE to this problem.","","","",""
"14","Variance Test","F-Test for Variance","APPLICABLE","NOT_APPLICABLE","wrong","NOT APPLICABLE

The F-Test for Variance requires certain conditions to be met for its application:

1. **Data Type**: The data must be quantitative. Both Brazil and Indonesia's annual crop production data are quantitative, which MEETS this condition.

2. **Normality**: The F-Test assumes that the samples come from normally distributed populations. According to the provided information, Brazil's data is normal (is_normality: True), but there is no explicit mention of Indonesia's normality status. However, since the question states that Indonesia's data is also marked as True for normality, we can assume it meets this condition. Therefore, both datasets MEET the normality requirement based on the given information.

3. **Sample Size**: The F-Test typically requires a sufficient sample size. Here, each country has only 4 rows of data (num_of_rows: 4). This sample size is very small and generally does not provide enough power for the F-Test to be reliable. Thus, the data DOES NOT MEET the sample size requirement for the F-Test.

Given these points, while the data types and normality assumptions are satisfied, the sample size is too small to apply the F-Test reliably. Therefore, the F-Test for Variance is NOT APPLICABLE in this scenario.","","","",""
"12","Variance Test","Levene Test","APPLICABLE","APPLICABLE","correct","APPLICABLE

The Levene test is used to assess the equality of variances for a variable across different groups. Here are the specific data features supporting its applicability:

- The data type for both Pakistan and India is quantitative.
- Each country's data has 4 rows, which means there are sufficient observations for each group to perform the test.
- Both Pakistan and India data are normally distributed according to the provided information.

For the Levene test, the conditions typically considered are:
1. The data should be quantitative.
   - MEETS: Both Pakistan and India have quantitative data.
2. There should be at least two groups to compare.
   - MEETS: We are comparing two groups (Pakistan and India).
3. Each group should have enough observations (generally more than 5 is recommended but can vary based on context).
   - MEETS: Each group has 4 observations, which is the minimum acceptable number for the Levene test, although it is closer to the lower limit.
4. The data within each group should be continuous.
   - MEETS: Since the data type is quantitative, it implies continuity.
5. Normality is not strictly required for the Levene test, but it is often preferred for robustness.
   - MEETS: Both Pakistan and India data are normally distributed, which supports the robustness of the test.

Given these points, the Levene test is applicable to determine if the variances of annual crop production in Pakistan and India are equal.","","","",""
"9","Contingency Table Test","Chi-square Independence Test","APPLICABLE","NOT_APPLICABLE","wrong","NOT APPLICABLE

The Chi-square Independence Test is used to determine if there is a significant association between two categorical variables. In this dataset, the variable ""address"" is categorical, but the variable ""motivations for selecting this school"" (which could be inferred from the ""reason"" column) is also categorical. However, the question asks about the correlation between ""residential addresses"" and ""motivations,"" which implies a relationship being sought between one categorical variable (""address"") and another potentially ordinal or categorical variable (""reason""). The Chi-square test can only assess independence between two categorical variables, not a direct measure of correlation or causation.

Specific data features:
- ""address"": categorical
- ""reason"": categorical

Applicability conditions for Chi-square Independence Test:
1. Both variables must be categorical.
   - MEETS: Both ""address"" and ""reason"" are categorical.
2. Observations must be independent.
   - ASSUMED: No information provided to suggest otherwise.
3. Expected cell counts should generally be 5 or more.
   - UNDETERMINED: We do not have the actual contingency table to check expected cell counts.

Despite meeting the first condition, the Chi-square test does not directly measure the correlation implied by the question's phrasing. Therefore, it is NOT APPLICABLE to use the Chi-square Independence Test to answer the posed question.","","","",""
"39","Correlation Analysis","Kolmogorov-Smirnov Test for Normality","NOT_APPLICABLE","NOT_APPLICABLE","correct","NOT APPLICABLE

The Kolmogorov-Smirnov Test for Normality is not directly applicable to the problem of determining the correlation between the number of deaths resulting from terrorist attacks and the number of deaths of individuals aged between 11 and 20 after controlling for the impact of terrorist attacks. The test is used to assess whether a sample comes from a population with a specified distribution, typically normality. However, the question requires an analysis of correlation rather than testing for normality.

Specific data features relevant to the applicability of the Kolmogorov-Smirnov Test include:
- Data type: Quantitative (MEETS requirement)
- Sample size: 10517 rows (MEETS requirement, generally large enough for the test)
- Normality: Not normal (IS RELEVANT BUT IRRELEVANT FOR THE QUESTION)

However, since the primary goal is to find the correlation between two variables while controlling for another variable, methods such as multiple regression would be more appropriate. The Kolmogorov-Smirnov Test does not address the correlation analysis required by the question.","","","",""
"8","Distribution Compliance Test","Kolmogorov-Smirnov Test","APPLICABLE","NOT_APPLICABLE","wrong","NOT APPLICABLE

The Kolmogorov-Smirnov (KS) test is used to compare a sample with a reference probability distribution (one-sample KS test) or to compare two samples (two-sample KS test). In this case, we are comparing the frequency distributions of TOEFL scores and SOP scores, which are both quantitative variables.

Here are the specific conditions for applying the KS test and how they relate to the provided data:

1. **Data Type**: The KS test can be applied to continuous data. Both TOEFL Score and SOP are quantitative, so this condition is met.
   
2. **Sample Size**: The KS test generally requires a sufficiently large sample size to provide reliable results. With 400 rows of data, the sample size is adequate for the KS test.

3. **Normality Assumption**: The KS test does not assume normality but rather compares the empirical cumulative distribution functions (ECDFs) of the two samples. However, it is important to note that the KS test is sensitive to differences in both location and shape of the distributions. The provided data indicates that neither TOEFL Score nor SOP is normally distributed, which is acceptable for the KS test since it does not require normality.

Despite these conditions being met, the question asks about the frequency distribution comparison, which typically involves categorical data. Since both TOEFL Score and SOP are quantitative, the term ""frequency distribution"" might imply a misunderstanding or misapplication of terminology. The KS test is more appropriately used to compare the distributions of two continuous variables directly rather than their frequency distributions.

Therefore, while the KS test could technically be used to compare the distributions of TOEFL Score and SOP, the phrasing of the question suggests a potential mismatch between the intended use of ""frequency distribution"" and the actual application of the KS test. Thus, the method is deemed NOT APPLICABLE based on the context provided.","","","",""
"44","Variance Test","Kolmogorov-Smirnov Test","NOT_APPLICABLE","NOT_APPLICABLE","correct","NOT APPLICABLE

The Kolmogorov-Smirnov (KS) test is used to compare a sample with a reference probability distribution (one-sample KS test) or to compare two samples (two-sample KS test). In this case, we are interested in comparing the dispersion of annual crop production levels between the Philippines and China. The KS test does not directly measure dispersion but rather assesses whether two samples come from the same distribution.

Specific data features relevant to the KS test applicability include:
- Data type: Quantitative (MEETS)
- Normality: Not specified for both countries (irrelevant for KS test, but here it's true for both, which is neutral)
- Sample size: Small (num_of_rows = 4 for each country, which is small)

Conditions for the KS test:
1. **Data Type**: The data must be quantitative. This condition is met (MEETS).
2. **Sample Size**: The KS test generally requires larger sample sizes for accurate results. With only 4 observations per country, the sample size is too small (DOES NOT MEET).
3. **Independence**: Observations should be independent, which cannot be determined from the provided information but is assumed to be met (neutral).

Given the small sample size, the KS test is not suitable for this comparison. Therefore, the method is NOT APPLICABLE.","","","",""
"24","Distribution Compliance Test","Kolmogorov-Smirnov Test","NOT_APPLICABLE","APPLICABLE","wrong","APPLICABLE

The Kolmogorov-Smirnov (KS) Test is applicable for assessing if the reading score is distributed according to a Gamma distribution. Here's the reasoning based on specific data features and conditions required by the KS test:

1. **Data Type**: The reading score is quantitative, which is appropriate for the KS test since it can be applied to continuous distributions.
2. **Sample Size**: With 1000 rows, the sample size is sufficiently large for the KS test, which generally performs well with samples of this size.
3. **Normality Check**: The reading score is noted as not being normally distributed, which aligns with the purpose of using the KS test to compare against a non-normal distribution like the Gamma distribution.

**Applicability Conditions of the KS Test**:
- **Continuous Data**: The reading score is quantitative, MEETING this requirement.
- **Sample Size**: A sample size of 1000 rows MEETS the requirement for the KS test to be reliable.
- **Distribution Comparison**: The KS test is used to compare a sample distribution to a reference probability distribution (in this case, the Gamma distribution), which MEETS the requirement.

Therefore, all necessary conditions for applying the KS test are met.","","","",""
"41","Descriptive Statistics","Median","NOT_APPLICABLE","NOT_APPLICABLE","correct","NOT APPLICABLE

The question asks if the method ""Median"" is applicable to finding the skewness value for the variable ""Terrorist Death Type: Killed."" The median is a measure of central tendency and not a measure of skewness. Therefore, it is not appropriate to use the median to determine skewness.

Specific data features relevant to this decision include:
- Data type: Quantitative
- Normality: Not normal
- Sample size: 10517 rows

Applicability conditions for using the median:
1. The data should be quantitative: MEETS
2. The data does not need to be normally distributed: MEETS
3. The sample size is sufficiently large: MEETS

However, since the median is not used to calculate skewness, the method is NOT APPLICABLE for determining skewness.","","","",""
"12","Variance Test","F-Test for Variance","APPLICABLE","NOT_APPLICABLE","wrong","NOT APPLICABLE

The F-Test for Variance requires certain conditions to be met for its application:

1. **Data Type**: The data must be quantitative. Both Pakistan and India's annual crop production data are quantitative, so this condition is MET.

2. **Normality**: The F-Test assumes that the samples come from normally distributed populations. While both Pakistan and India's data are stated to be normally distributed (is_normality: True), this is only based on the provided information and assumes it is accurate. This condition is MET based on the given information.

3. **Sample Size**: The F-Test typically requires a sufficient sample size to ensure the validity of the test. However, with only 4 rows of data for each country, the sample size is very small. Generally, a minimum of 30 observations is recommended for the Central Limit Theorem to apply and for the F-Test to be reliable. With only 4 observations, this condition is NOT MET.

Given the small sample size, the F-Test for Variance is not appropriate here despite the data being quantitative and potentially normally distributed. Therefore, the method is NOT APPLICABLE.","","","",""
"30","Correlation Analysis","Median","NOT_APPLICABLE","NOT_APPLICABLE","correct","NOT APPLICABLE

The median is a measure of central tendency used primarily for quantitative data to describe the middle value of a dataset. However, the question asks about the correlation between engine displacement (cc) and maximum power output (bhp) while holding mileage (kmpl) constant. This requires a different statistical approach, such as partial correlation analysis, rather than simply calculating the median.

Specific data features relevant to the question include:
- Engine displacement (cc): quantitative, non-normal
- Maximum power output (bhp): quantitative, non-normal
- Mileage (kmpl): quantitative, non-normal

For the median method:
1. Data Type: The data types for engine displacement, maximum power output, and mileage are quantitative, which MEETS the requirement for using the median.
2. Normality: The data is not normally distributed, but this does not affect the applicability of the median since it is robust to non-normal distributions.
3. Sample Size: With 1553 rows, the sample size is large enough to use the median, but the median itself does not address the correlation analysis required by the question.

Since the question requires understanding how the correlation between two variables changes when controlling for a third variable, the median is NOT APPLICABLE. Partial correlation or multiple regression would be more appropriate methods to address the stated question.","","","",""
"44","Variance Test","Standard Deviation","NOT_APPLICABLE","APPLICABLE","wrong","APPLICABLE

The method ""Standard Deviation"" is applicable to this problem based on the following specific data features:

- Data Type: The data for both the Philippines and China are quantitative, which is necessary for calculating standard deviation.
- Normality: While the normality of the data is not strictly required for calculating standard deviation, it is mentioned that the data for these countries is not checked for normality (is_normality: False), but this does not affect the applicability of standard deviation as a measure of dispersion.
- Sample Size: Each country has 4 rows of data, which is sufficient to calculate standard deviation, although typically a larger sample size is preferred for more reliable estimates.

For each known applicability condition of this method:
- Quantitative Data: MEETS - Standard deviation requires quantitative data, and the data provided is quantitative.
- Sample Size: MEETS - Although a minimum sample size is not strictly defined for standard deviation calculation, having at least 4 observations allows for the computation.
- Normal Distribution: DOES NOT MEET - While standard deviation can be used regardless of distribution shape, the data's normality status is irrelevant to its applicability as a measure of dispersion. However, note that standard deviation is most interpretable when the data is normally distributed.","","","",""
"17","Descriptive Statistics","Kolmogorov-Smirnov Test for Uniform distribution","NOT_APPLICABLE","NOT_APPLICABLE","correct","NOT APPLICABLE

The Kolmogorov-Smirnov (KS) test for uniform distribution is not applicable in this scenario. Here's why:

1. **Data Type**: The KS test can be applied to quantitative data, but it is specifically designed to compare a sample with a reference probability distribution or to compare two samples. In this case, we are asked about calculating kurtosis for the 'Bathrooms' variable and then applying the KS test for uniform distribution, which is not directly related to kurtosis calculation.

2. **Normality**: The 'Bathrooms' column is marked as non-normal (is_normality: False). However, the KS test for uniform distribution does not require normality; it checks if the data follows a uniform distribution. But the question itself is misaligned since it asks about using the KS test after calculating kurtosis, which is unnecessary and incorrect for assessing uniformity.

3. **Sample Size**: While the sample size (50,000 rows) is large enough for many statistical tests, including the KS test, the primary issue here is the mismatch between the intended use of the KS test and the actual requirement of the question.

**Applicability Conditions of the KS Test for Uniform Distribution**:
- **Quantitative Data**: MEETS (the 'Bathrooms' column is quantitative).
- **Uniform Distribution Hypothesis**: DOES NOT MEET (there is no indication that the 'Bathrooms' data should follow a uniform distribution; typically, such a hypothesis would need to be explicitly stated or justified).
- **Sample Size**: MEETS (large enough sample size).

Given these points, the method ""Kolmogorov-Smirnov Test for Uniform distribution"" is NOT APPLICABLE to the problem as described.","","","",""
"31","Descriptive Statistics","Median","NOT_APPLICABLE","APPLICABLE","wrong","APPLICABLE

The method ""Median"" is applicable for finding a measure of central tendency for the ""Catch_Rate"" column. Here's the reasoning based on the specific data features:

- **Data Type**: The ""Catch_Rate"" column is quantitative, which means it consists of numerical values. The median can be calculated for any set of numerical values.
- **Normality**: The ""Catch_Rate"" column is not normally distributed (is_normality: False). The median is a robust measure of central tendency and does not require the data to be normally distributed.
- **Sample Size**: There are 721 rows of data, which is a sufficiently large sample size to calculate the median accurately.

For each known applicability condition of the median method:
- **Condition**: Data must be quantitative.
  - **Status**: MEETS
- **Condition**: No requirement for normal distribution.
  - **Status**: MEETS
- **Condition**: Adequate sample size.
  - **Status**: MEETS

Therefore, the method ""Median"" is applicable to find the central tendency of the ""Catch_Rate"" column.","","","",""
"22","Contingency Table Test","Anderson-Darling Test","NOT_APPLICABLE","NOT_APPLICABLE","correct","NOT APPLICABLE

The Anderson-Darling Test is used to test if a sample is drawn from a population with a specified distribution. It is typically applied to assess the goodness-of-fit for continuous distributions. Given the specific data features:

1. **Data Type**: The column ""ChestPainType"" and ""HeartDisease"" are categorical, not quantitative.
2. **Normality**: Irrelevant for categorical data.
3. **Sample Size**: While the sample size (918 rows) is adequate for many tests, it does not change the fact that the Anderson-Darling Test is not suitable for categorical variables.

For the Anderson-Darling Test to be applicable:
- The data must be quantitative (MEETS: NO).
- The data should ideally come from a continuous distribution (MEETS: NO, since we have categorical data).

Therefore, the Anderson-Darling Test is NOT APPLICABLE to this dataset due to the presence of categorical variables.","","","",""
"44","Variance Test","Bartlett Test","APPLICABLE","NOT_APPLICABLE","wrong","NOT APPLICABLE

The Bartlett test is used to check if multiple samples have equal variances. The conditions for applying the Bartlett test include:

1. **Data Type**: The data should be quantitative. This condition is met since both the Philippines and China's annual crop production levels are quantitative data types.
   
2. **Normality**: The Bartlett test assumes that the data from each group is normally distributed. According to the provided information, the normality status for the Philippines is True, but there is no explicit mention of the normality status for China. However, even if we assume China's data is also normally distributed, the lack of clear confirmation for China means we cannot definitively meet this condition.

3. **Sample Size**: The Bartlett test typically requires a sufficient sample size for accurate results. With only 4 rows of data for each country, the sample size is very small, which may not provide reliable results for variance testing.

Given these points, especially the uncertainty regarding the normality of China's data and the small sample size, the Bartlett test is NOT APPLICABLE to this problem.","","","",""
"41","Descriptive Statistics","Kolmogorov-Smirnov Test","NOT_APPLICABLE","NOT_APPLICABLE","correct","NOT APPLICABLE

The Kolmogorov-Smirnov test is used to determine if a sample comes from a population with a specific distribution or to compare two samples to see if they come from the same distribution. However, the variable ""Terrorist Death Type: Killed"" is described as a quantitative data type but its nature and context suggest it might be binary (either the terrorist was killed or not). This is evidenced by the column name and typical coding practices where such variables often represent counts or presence/absence indicators.

Specific data features:
- Data type: Quantitative
- Normality: False
- Sample size: 10517 rows

Applicability conditions for the Kolmogorov-Smirnov test:
1. The data should be continuous or ordinal.
   - MEETS: The data type is quantitative, which could imply continuous or ordinal data.
2. The sample size should be reasonably large.
   - MEETS: With 10517 rows, the sample size is sufficiently large.
3. The data should ideally follow a theoretical distribution (for goodness-of-fit tests).
   - DOES NOT MEET: The variable ""Terrorist Death Type: Killed"" likely represents a binary outcome rather than following a continuous distribution, making the application of the Kolmogorov-Smirnov test inappropriate for assessing normality or comparing distributions.

Given these points, while the sample size and data type technically meet some criteria, the nature of the variable as likely binary does not align well with the assumptions required for the Kolmogorov-Smirnov test. Therefore, the method is NOT APPLICABLE.","","","",""
"5","Variance Test","Kolmogorov-Smirnov Test","NOT_APPLICABLE","APPLICABLE","wrong","APPLICABLE

The Kolmogorov-Smirnov (KS) test can be used to compare the variability of two distributions. Here are the specific data features supporting this:

- **Data Type**: The data for both the Philippines and India are quantitative, which is suitable for the KS test.
- **Sample Size**: Each country has 4 rows of data, which is the minimum required for the KS test, although it is typically more powerful with larger samples.
- **Normality**: The normality status of the data is not directly relevant to the KS test since it does not assume normality. However, it is noted that the data for both countries are marked as non-normal, which aligns well with the KS test's ability to handle non-normal distributions.

For each known applicability condition of the KS test:
- **Quantitative Data**: MEETS the condition as the data types for both countries are quantitative.
- **Independence of Observations**: ASSUMED to be met based on the context provided, though not explicitly stated.
- **No Normality Assumption Required**: MEETS the condition as the KS test does not require the data to be normally distributed.
- **Minimum Sample Size**: MEETS the condition with at least 4 observations per group, though ideally more would provide better power.

Given these points, the Kolmogorov-Smirnov Test is APPLICABLE to this problem.","","","",""
"39","Correlation Analysis","Mood Variance Test","NOT_APPLICABLE","NOT_APPLICABLE","correct","NOT APPLICABLE

The Mood Variance Test is not suitable for the given problem because it is designed to compare variances across two or more groups, typically under the assumption that the data is ordinal or continuous and comes from populations with similar shapes but potentially different variances. The specific conditions and requirements for applying the Mood Variance Test do not align with the objectives and data characteristics provided in the question.

Here are the specific reasons based on the data features:

1. **Data Type**: The data types relevant to the analysis include quantitative variables such as ""Terrorism deaths"" and ""Death Age : 11-20"". However, the Mood Variance Test is not directly concerned with the relationship between these two variables but rather with comparing variances within groups defined by some categorical variable, which is not present here.

2. **Normality**: The data is specified as non-normal (""is_normality: False""). While the Mood Variance Test does not assume normality, it is generally used to compare variances across groups, which is not the focus of the question.

3. **Sample Size**: With 10,517 rows, the sample size is large enough for many statistical tests, but the Mood Variance Test's applicability hinges on having distinct groups to compare, which is not evident from the provided data.

4. **Objective of Analysis**: The objective is to find the correlation between ""Terrorism deaths"" and ""Death Age : 11-20"" after controlling for the impact of terrorist attacks. This requires a different approach, such as regression analysis, rather than variance comparison.

Given these points, the data does not MEET the necessary conditions for applying the Mood Variance Test to address the stated problem.","","","",""
"33","Distribution Compliance Test","Anderson-Darling Test","NOT_APPLICABLE","APPLICABLE","wrong","APPLICABLE

The Anderson-Darling Test can be used to determine if a dataset follows a specified distribution. Here are the specific data features and conditions that support its applicability:

1. **Data Type**: The column `atlantaretail` is quantitative, which means it consists of numerical values. This is necessary for applying the Anderson-Darling Test since it requires numerical data.
   
2. **Sample Size**: With 15,766 rows, the sample size is sufficiently large to apply the Anderson-Darling Test. Generally, this test is reliable with samples of at least several hundred observations, making our dataset more than adequate.

3. **Normality Check**: The `is_normality` flag for `atlantaretail` is False, indicating that the data does not follow a normal distribution. This is relevant because we are considering whether the Uniform distribution might be a better fit, and the Anderson-Darling Test can help us assess this.

**Applicability Conditions of the Anderson-Darling Test**:
- **Numerical Data**: MEETS - The data in `atlantaretail` is quantitative.
- **Sample Size**: MEETS - The sample size of 15,766 is sufficiently large.
- **Distribution Assumption**: MEETS - We are testing against a specific distribution (Uniform), which is appropriate for the Anderson-Darling Test.

Therefore, the Anderson-Darling Test is applicable to determine if the `atlantaretail` data follows a Uniform distribution.","","","",""
"43","Descriptive Statistics","Kolmogorov-Smirnov Test for Uniform distribution","NOT_APPLICABLE","NOT_APPLICABLE","correct","NOT APPLICABLE

The Kolmogorov-Smirnov Test for Uniform Distribution is not suitable for the given dataset for the following reasons:

1. **Data Type**: The GDP column is quantitative, but the Kolmogorov-Smirnov test for uniform distribution is typically used to test if a sample comes from a uniform distribution. There is no indication that the GDP values should be uniformly distributed, and the test is not designed to assess non-uniform distributions.

2. **Normality**: The GDP column is specified as not being normally distributed (""is_normality: False""). However, the Kolmogorov-Smirnov test for uniform distribution does not require normality; it requires the assumption that the data should follow a uniform distribution if the null hypothesis is true. Since there is no prior reason to believe that GDP values should be uniformly distributed, applying this test would be inappropriate.

3. **Sample Size**: While the sample size (111 rows) might be adequate for some tests, the Kolmogorov-Smirnov test for uniform distribution's applicability hinges more on the nature of the distribution rather than the sample size alone.

**Applicability Conditions**:
- **Uniform Distribution Assumption**: The data does not meet the condition of being expected to follow a uniform distribution.
- **Sample Independence**: This condition is generally assumed unless stated otherwise, so we assume it is met.
- **Continuous Data**: GDP is quantitative, which implies continuous data, so this condition is met.

Given these points, the Kolmogorov-Smirnov Test for Uniform Distribution is NOT APPLICABLE to the GDP values in this dataset.","","","",""
"7","Distribution Compliance Test","Skewness","NOT_APPLICABLE","APPLICABLE","wrong","APPLICABLE

The method ""Skewness"" is applicable to the problem based on the following evidence from the data features:

- The column ""CH2O"" represents daily water consumption and has a data type of quantitative, which means it consists of numerical values.
- Skewness can be calculated for any quantitative data regardless of its normality status or sample size.

Specifically, the conditions for applying skewness are:
1. The data must be quantitative.
   - MEETS: The ""CH2O"" column is quantitative.
   
2. There is no requirement for the data to be normally distributed or have a specific sample size.
   - MEETS: The normality status of the data does not affect the calculation of skewness, and the sample size of 2111 rows is sufficient for calculating skewness.

Therefore, the method ""Skewness"" is applicable to assess the consistency of daily water consumption data with an Exponential distribution.","","","",""
