"question_id","task","difficulty","method","verdict","expected","j1","parse_reason","ground_truth_methods"
"0","Contingency Table Test","easy","Pearson Correlation Coefficient","NOT_APPLICABLE","NOT_APPLICABLE","correct","head:\bNOT\s+APPLICABLE\b","['Chi-square Independence Test', 'Fisher Exact Test']"
"0","Contingency Table Test","easy","Spearman Correlation Coefficient","NOT_APPLICABLE","NOT_APPLICABLE","correct","head:\bNOT\s+APPLICABLE\b","['Chi-square Independence Test', 'Fisher Exact Test']"
"0","Contingency Table Test","easy","Kendall Correlation Coefficient","NOT_APPLICABLE","NOT_APPLICABLE","correct","head:\bNOT\s+APPLICABLE\b","['Chi-square Independence Test', 'Fisher Exact Test']"
"0","Contingency Table Test","easy","Partial Correlation Coefficient","NOT_APPLICABLE","NOT_APPLICABLE","correct","head:\bNOT\s+APPLICABLE\b","['Chi-square Independence Test', 'Fisher Exact Test']"
"0","Contingency Table Test","easy","Anderson-Darling Test","NOT_APPLICABLE","NOT_APPLICABLE","correct","head:\bNOT\s+APPLICABLE\b","['Chi-square Independence Test', 'Fisher Exact Test']"
"0","Contingency Table Test","easy","Shapiro-Wilk Test of Normality","NOT_APPLICABLE","NOT_APPLICABLE","correct","head:\bNOT\s+APPLICABLE\b","['Chi-square Independence Test', 'Fisher Exact Test']"
"0","Contingency Table Test","easy","Kolmogorov-Smirnov Test for Normality","NOT_APPLICABLE","NOT_APPLICABLE","correct","head:\bNOT\s+APPLICABLE\b","['Chi-square Independence Test', 'Fisher Exact Test']"
"0","Contingency Table Test","easy","Lilliefors Test","NOT_APPLICABLE","NOT_APPLICABLE","correct","head:\bNOT\s+APPLICABLE\b","['Chi-square Independence Test', 'Fisher Exact Test']"
"0","Contingency Table Test","easy","Kolmogorov-Smirnov Test","NOT_APPLICABLE","NOT_APPLICABLE","correct","head:\bNOT\s+APPLICABLE\b","['Chi-square Independence Test', 'Fisher Exact Test']"
"0","Contingency Table Test","easy","Kolmogorov-Smirnov Test for Uniform distribution","NOT_APPLICABLE","NOT_APPLICABLE","correct","head:\bNOT\s+APPLICABLE\b","['Chi-square Independence Test', 'Fisher Exact Test']"
"0","Contingency Table Test","easy","Kolmogorov-Smirnov Test for Gamma distribution","NOT_APPLICABLE","NOT_APPLICABLE","correct","head:\bNOT\s+APPLICABLE\b","['Chi-square Independence Test', 'Fisher Exact Test']"
"0","Contingency Table Test","easy","Kolmogorov-Smirnov Test for Exponential distribution","NOT_APPLICABLE","NOT_APPLICABLE","correct","head:\bNOT\s+APPLICABLE\b","['Chi-square Independence Test', 'Fisher Exact Test']"
"0","Contingency Table Test","easy","Chi-square Independence Test","APPLICABLE","APPLICABLE","correct","head:\bAPPLICABLE\b","['Chi-square Independence Test', 'Fisher Exact Test']"
"0","Contingency Table Test","easy","Fisher Exact Test","APPLICABLE","APPLICABLE","correct","head:\bAPPLICABLE\b","['Chi-square Independence Test', 'Fisher Exact Test']"
"0","Contingency Table Test","easy","Mantel-Haenszel Test","NOT_APPLICABLE","NOT_APPLICABLE","correct","head:\bNOT\s+APPLICABLE\b","['Chi-square Independence Test', 'Fisher Exact Test']"
"0","Contingency Table Test","easy","Mean","NOT_APPLICABLE","NOT_APPLICABLE","correct","head:\bNOT\s+APPLICABLE\b","['Chi-square Independence Test', 'Fisher Exact Test']"
"0","Contingency Table Test","easy","Median","NOT_APPLICABLE","NOT_APPLICABLE","correct","head:\bNOT\s+APPLICABLE\b","['Chi-square Independence Test', 'Fisher Exact Test']"
"0","Contingency Table Test","easy","Mode","NOT_APPLICABLE","NOT_APPLICABLE","correct","head:\bNOT\s+APPLICABLE\b","['Chi-square Independence Test', 'Fisher Exact Test']"
"0","Contingency Table Test","easy","Range","NOT_APPLICABLE","NOT_APPLICABLE","correct","head:\bNOT\s+APPLICABLE\b","['Chi-square Independence Test', 'Fisher Exact Test']"
"0","Contingency Table Test","easy","Quartile","NOT_APPLICABLE","NOT_APPLICABLE","correct","head:\bNOT\s+APPLICABLE\b","['Chi-square Independence Test', 'Fisher Exact Test']"
"0","Contingency Table Test","easy","Standard Deviation","NOT_APPLICABLE","NOT_APPLICABLE","correct","head:\bNOT\s+APPLICABLE\b","['Chi-square Independence Test', 'Fisher Exact Test']"
"0","Contingency Table Test","easy","Skewness","NOT_APPLICABLE","NOT_APPLICABLE","correct","head:\bNOT\s+APPLICABLE\b","['Chi-square Independence Test', 'Fisher Exact Test']"
"0","Contingency Table Test","easy","Kurtosis","NOT_APPLICABLE","NOT_APPLICABLE","correct","head:\bNOT\s+APPLICABLE\b","['Chi-square Independence Test', 'Fisher Exact Test']"
"0","Contingency Table Test","easy","Mood Variance Test","NOT_APPLICABLE","NOT_APPLICABLE","correct","head:\bNOT\s+APPLICABLE\b","['Chi-square Independence Test', 'Fisher Exact Test']"
"0","Contingency Table Test","easy","Levene Test","NOT_APPLICABLE","NOT_APPLICABLE","correct","head:\bNOT\s+APPLICABLE\b","['Chi-square Independence Test', 'Fisher Exact Test']"
"0","Contingency Table Test","easy","Bartlett Test","NOT_APPLICABLE","NOT_APPLICABLE","correct","head:\bNOT\s+APPLICABLE\b","['Chi-square Independence Test', 'Fisher Exact Test']"
"0","Contingency Table Test","easy","F-Test for Variance","NOT_APPLICABLE","NOT_APPLICABLE","correct","head:\bNOT\s+APPLICABLE\b","['Chi-square Independence Test', 'Fisher Exact Test']"
"1","Correlation Analysis","easy","Pearson Correlation Coefficient","NOT_APPLICABLE","NOT_APPLICABLE","correct","head:\bNOT\s+APPLICABLE\b","['Partial Correlation Coefficient']"
"1","Correlation Analysis","easy","Spearman Correlation Coefficient","APPLICABLE","NOT_APPLICABLE","wrong","head:\bAPPLICABLE\b","['Partial Correlation Coefficient']"
"1","Correlation Analysis","easy","Kendall Correlation Coefficient","APPLICABLE","NOT_APPLICABLE","wrong","head:\bAPPLICABLE\b","['Partial Correlation Coefficient']"
"1","Correlation Analysis","easy","Partial Correlation Coefficient","APPLICABLE","APPLICABLE","correct","head:\bAPPLICABLE\b","['Partial Correlation Coefficient']"
"1","Correlation Analysis","easy","Anderson-Darling Test","NOT_APPLICABLE","NOT_APPLICABLE","correct","head:\bNOT\s+APPLICABLE\b","['Partial Correlation Coefficient']"
"1","Correlation Analysis","easy","Shapiro-Wilk Test of Normality","NOT_APPLICABLE","NOT_APPLICABLE","correct","head:\bNOT\s+APPLICABLE\b","['Partial Correlation Coefficient']"
"1","Correlation Analysis","easy","Kolmogorov-Smirnov Test for Normality","NOT_APPLICABLE","NOT_APPLICABLE","correct","head:\bNOT\s+APPLICABLE\b","['Partial Correlation Coefficient']"
"1","Correlation Analysis","easy","Lilliefors Test","NOT_APPLICABLE","NOT_APPLICABLE","correct","head:\bNOT\s+APPLICABLE\b","['Partial Correlation Coefficient']"
"1","Correlation Analysis","easy","Kolmogorov-Smirnov Test","NOT_APPLICABLE","NOT_APPLICABLE","correct","head:\bNOT\s+APPLICABLE\b","['Partial Correlation Coefficient']"
"1","Correlation Analysis","easy","Kolmogorov-Smirnov Test for Uniform distribution","NOT_APPLICABLE","NOT_APPLICABLE","correct","head:\bNOT\s+APPLICABLE\b","['Partial Correlation Coefficient']"
"1","Correlation Analysis","easy","Kolmogorov-Smirnov Test for Gamma distribution","NOT_APPLICABLE","NOT_APPLICABLE","correct","head:\bNOT\s+APPLICABLE\b","['Partial Correlation Coefficient']"
"1","Correlation Analysis","easy","Kolmogorov-Smirnov Test for Exponential distribution","NOT_APPLICABLE","NOT_APPLICABLE","correct","head:\bNOT\s+APPLICABLE\b","['Partial Correlation Coefficient']"
"1","Correlation Analysis","easy","Chi-square Independence Test","NOT_APPLICABLE","NOT_APPLICABLE","correct","head:\bNOT\s+APPLICABLE\b","['Partial Correlation Coefficient']"
"1","Correlation Analysis","easy","Fisher Exact Test","NOT_APPLICABLE","NOT_APPLICABLE","correct","head:\bNOT\s+APPLICABLE\b","['Partial Correlation Coefficient']"
"1","Correlation Analysis","easy","Mantel-Haenszel Test","NOT_APPLICABLE","NOT_APPLICABLE","correct","head:\bNOT\s+APPLICABLE\b","['Partial Correlation Coefficient']"
"1","Correlation Analysis","easy","Mean","NOT_APPLICABLE","NOT_APPLICABLE","correct","head:\bNOT\s+APPLICABLE\b","['Partial Correlation Coefficient']"
"1","Correlation Analysis","easy","Median","NOT_APPLICABLE","NOT_APPLICABLE","correct","head:\bNOT\s+APPLICABLE\b","['Partial Correlation Coefficient']"
"1","Correlation Analysis","easy","Mode","NOT_APPLICABLE","NOT_APPLICABLE","correct","head:\bNOT\s+APPLICABLE\b","['Partial Correlation Coefficient']"
"1","Correlation Analysis","easy","Range","NOT_APPLICABLE","NOT_APPLICABLE","correct","head:\bNOT\s+APPLICABLE\b","['Partial Correlation Coefficient']"
"1","Correlation Analysis","easy","Quartile","NOT_APPLICABLE","NOT_APPLICABLE","correct","head:\bNOT\s+APPLICABLE\b","['Partial Correlation Coefficient']"
"1","Correlation Analysis","easy","Standard Deviation","NOT_APPLICABLE","NOT_APPLICABLE","correct","head:\bNOT\s+APPLICABLE\b","['Partial Correlation Coefficient']"
"1","Correlation Analysis","easy","Skewness","APPLICABLE","NOT_APPLICABLE","wrong","head:\bAPPLICABLE\b","['Partial Correlation Coefficient']"
"1","Correlation Analysis","easy","Kurtosis","NOT_APPLICABLE","NOT_APPLICABLE","correct","head:\bNOT\s+APPLICABLE\b","['Partial Correlation Coefficient']"
"1","Correlation Analysis","easy","Mood Variance Test","NOT_APPLICABLE","NOT_APPLICABLE","correct","head:\bNOT\s+APPLICABLE\b","['Partial Correlation Coefficient']"
"1","Correlation Analysis","easy","Levene Test","NOT_APPLICABLE","NOT_APPLICABLE","correct","head:\bNOT\s+APPLICABLE\b","['Partial Correlation Coefficient']"
"1","Correlation Analysis","easy","Bartlett Test","NOT_APPLICABLE","NOT_APPLICABLE","correct","head:\bNOT\s+APPLICABLE\b","['Partial Correlation Coefficient']"
"1","Correlation Analysis","easy","F-Test for Variance","NOT_APPLICABLE","NOT_APPLICABLE","correct","head:\bNOT\s+APPLICABLE\b","['Partial Correlation Coefficient']"
"2","Correlation Analysis","easy","Pearson Correlation Coefficient","NOT_APPLICABLE","NOT_APPLICABLE","correct","head:\bNOT\s+APPLICABLE\b","['Partial Correlation Coefficient']"
"2","Correlation Analysis","easy","Spearman Correlation Coefficient","APPLICABLE","NOT_APPLICABLE","wrong","head:\bAPPLICABLE\b","['Partial Correlation Coefficient']"
"2","Correlation Analysis","easy","Kendall Correlation Coefficient","NOT_APPLICABLE","NOT_APPLICABLE","correct","head:\bNOT\s+APPLICABLE\b","['Partial Correlation Coefficient']"
"2","Correlation Analysis","easy","Partial Correlation Coefficient","APPLICABLE","APPLICABLE","correct","head:\bAPPLICABLE\b","['Partial Correlation Coefficient']"
"2","Correlation Analysis","easy","Anderson-Darling Test","NOT_APPLICABLE","NOT_APPLICABLE","correct","head:\bNOT\s+APPLICABLE\b","['Partial Correlation Coefficient']"
"2","Correlation Analysis","easy","Shapiro-Wilk Test of Normality","NOT_APPLICABLE","NOT_APPLICABLE","correct","head:\bNOT\s+APPLICABLE\b","['Partial Correlation Coefficient']"
"2","Correlation Analysis","easy","Kolmogorov-Smirnov Test for Normality","NOT_APPLICABLE","NOT_APPLICABLE","correct","head:\bNOT\s+APPLICABLE\b","['Partial Correlation Coefficient']"
"2","Correlation Analysis","easy","Lilliefors Test","NOT_APPLICABLE","NOT_APPLICABLE","correct","head:\bNOT\s+APPLICABLE\b","['Partial Correlation Coefficient']"
"2","Correlation Analysis","easy","Kolmogorov-Smirnov Test","NOT_APPLICABLE","NOT_APPLICABLE","correct","head:\bNOT\s+APPLICABLE\b","['Partial Correlation Coefficient']"
"2","Correlation Analysis","easy","Kolmogorov-Smirnov Test for Uniform distribution","NOT_APPLICABLE","NOT_APPLICABLE","correct","head:\bNOT\s+APPLICABLE\b","['Partial Correlation Coefficient']"
"2","Correlation Analysis","easy","Kolmogorov-Smirnov Test for Gamma distribution","NOT_APPLICABLE","NOT_APPLICABLE","correct","head:\bNOT\s+APPLICABLE\b","['Partial Correlation Coefficient']"
"2","Correlation Analysis","easy","Kolmogorov-Smirnov Test for Exponential distribution","NOT_APPLICABLE","NOT_APPLICABLE","correct","head:\bNOT\s+APPLICABLE\b","['Partial Correlation Coefficient']"
"2","Correlation Analysis","easy","Chi-square Independence Test","NOT_APPLICABLE","NOT_APPLICABLE","correct","head:\bNOT\s+APPLICABLE\b","['Partial Correlation Coefficient']"
"2","Correlation Analysis","easy","Fisher Exact Test","NOT_APPLICABLE","NOT_APPLICABLE","correct","head:\bNOT\s+APPLICABLE\b","['Partial Correlation Coefficient']"
"2","Correlation Analysis","easy","Mantel-Haenszel Test","NOT_APPLICABLE","NOT_APPLICABLE","correct","head:\bNOT\s+APPLICABLE\b","['Partial Correlation Coefficient']"
"2","Correlation Analysis","easy","Mean","NOT_APPLICABLE","NOT_APPLICABLE","correct","head:\bNOT\s+APPLICABLE\b","['Partial Correlation Coefficient']"
"2","Correlation Analysis","easy","Median","NOT_APPLICABLE","NOT_APPLICABLE","correct","head:\bNOT\s+APPLICABLE\b","['Partial Correlation Coefficient']"
"2","Correlation Analysis","easy","Mode","NOT_APPLICABLE","NOT_APPLICABLE","correct","head:\bNOT\s+APPLICABLE\b","['Partial Correlation Coefficient']"
"2","Correlation Analysis","easy","Range","NOT_APPLICABLE","NOT_APPLICABLE","correct","head:\bNOT\s+APPLICABLE\b","['Partial Correlation Coefficient']"
"2","Correlation Analysis","easy","Quartile","NOT_APPLICABLE","NOT_APPLICABLE","correct","head:\bNOT\s+APPLICABLE\b","['Partial Correlation Coefficient']"
"2","Correlation Analysis","easy","Standard Deviation","NOT_APPLICABLE","NOT_APPLICABLE","correct","head:\bNOT\s+APPLICABLE\b","['Partial Correlation Coefficient']"
"2","Correlation Analysis","easy","Skewness","APPLICABLE","NOT_APPLICABLE","wrong","head:\bAPPLICABLE\b","['Partial Correlation Coefficient']"
"2","Correlation Analysis","easy","Kurtosis","NOT_APPLICABLE","NOT_APPLICABLE","correct","head:\bNOT\s+APPLICABLE\b","['Partial Correlation Coefficient']"
"2","Correlation Analysis","easy","Mood Variance Test","NOT_APPLICABLE","NOT_APPLICABLE","correct","head:\bNOT\s+APPLICABLE\b","['Partial Correlation Coefficient']"
"2","Correlation Analysis","easy","Levene Test","NOT_APPLICABLE","NOT_APPLICABLE","correct","head:\bNOT\s+APPLICABLE\b","['Partial Correlation Coefficient']"
"2","Correlation Analysis","easy","Bartlett Test","NOT_APPLICABLE","NOT_APPLICABLE","correct","head:\bNOT\s+APPLICABLE\b","['Partial Correlation Coefficient']"
"2","Correlation Analysis","easy","F-Test for Variance","NOT_APPLICABLE","NOT_APPLICABLE","correct","head:\bNOT\s+APPLICABLE\b","['Partial Correlation Coefficient']"
"3","Contingency Table Test","hard","Pearson Correlation Coefficient","NOT_APPLICABLE","NOT_APPLICABLE","correct","head:\bNOT\s+APPLICABLE\b","['Chi-square Independence Test']"
"3","Contingency Table Test","hard","Spearman Correlation Coefficient","NOT_APPLICABLE","NOT_APPLICABLE","correct","head:\bNOT\s+APPLICABLE\b","['Chi-square Independence Test']"
"3","Contingency Table Test","hard","Kendall Correlation Coefficient","NOT_APPLICABLE","NOT_APPLICABLE","correct","head:\bNOT\s+APPLICABLE\b","['Chi-square Independence Test']"
"3","Contingency Table Test","hard","Partial Correlation Coefficient","NOT_APPLICABLE","NOT_APPLICABLE","correct","head:\bNOT\s+APPLICABLE\b","['Chi-square Independence Test']"
"3","Contingency Table Test","hard","Anderson-Darling Test","NOT_APPLICABLE","NOT_APPLICABLE","correct","head:\bNOT\s+APPLICABLE\b","['Chi-square Independence Test']"
"3","Contingency Table Test","hard","Shapiro-Wilk Test of Normality","NOT_APPLICABLE","NOT_APPLICABLE","correct","head:\bNOT\s+APPLICABLE\b","['Chi-square Independence Test']"
"3","Contingency Table Test","hard","Kolmogorov-Smirnov Test for Normality","NOT_APPLICABLE","NOT_APPLICABLE","correct","head:\bNOT\s+APPLICABLE\b","['Chi-square Independence Test']"
"3","Contingency Table Test","hard","Lilliefors Test","NOT_APPLICABLE","NOT_APPLICABLE","correct","head:\bNOT\s+APPLICABLE\b","['Chi-square Independence Test']"
"3","Contingency Table Test","hard","Kolmogorov-Smirnov Test","NOT_APPLICABLE","NOT_APPLICABLE","correct","head:\bNOT\s+APPLICABLE\b","['Chi-square Independence Test']"
"3","Contingency Table Test","hard","Kolmogorov-Smirnov Test for Uniform distribution","NOT_APPLICABLE","NOT_APPLICABLE","correct","head:\bNOT\s+APPLICABLE\b","['Chi-square Independence Test']"
"3","Contingency Table Test","hard","Kolmogorov-Smirnov Test for Gamma distribution","NOT_APPLICABLE","NOT_APPLICABLE","correct","head:\bNOT\s+APPLICABLE\b","['Chi-square Independence Test']"
"3","Contingency Table Test","hard","Kolmogorov-Smirnov Test for Exponential distribution","NOT_APPLICABLE","NOT_APPLICABLE","correct","head:\bNOT\s+APPLICABLE\b","['Chi-square Independence Test']"
"3","Contingency Table Test","hard","Chi-square Independence Test","APPLICABLE","APPLICABLE","correct","head:\bAPPLICABLE\b","['Chi-square Independence Test']"
"3","Contingency Table Test","hard","Fisher Exact Test","NOT_APPLICABLE","NOT_APPLICABLE","correct","head:\bNOT\s+APPLICABLE\b","['Chi-square Independence Test']"
"3","Contingency Table Test","hard","Mantel-Haenszel Test","NOT_APPLICABLE","NOT_APPLICABLE","correct","head:\bNOT\s+APPLICABLE\b","['Chi-square Independence Test']"
"3","Contingency Table Test","hard","Mean","NOT_APPLICABLE","NOT_APPLICABLE","correct","head:\bNOT\s+APPLICABLE\b","['Chi-square Independence Test']"
"3","Contingency Table Test","hard","Median","NOT_APPLICABLE","NOT_APPLICABLE","correct","head:\bNOT\s+APPLICABLE\b","['Chi-square Independence Test']"
"3","Contingency Table Test","hard","Mode","NOT_APPLICABLE","NOT_APPLICABLE","correct","head:\bNOT\s+APPLICABLE\b","['Chi-square Independence Test']"
"3","Contingency Table Test","hard","Range","NOT_APPLICABLE","NOT_APPLICABLE","correct","head:\bNOT\s+APPLICABLE\b","['Chi-square Independence Test']"
"3","Contingency Table Test","hard","Quartile","NOT_APPLICABLE","NOT_APPLICABLE","correct","head:\bNOT\s+APPLICABLE\b","['Chi-square Independence Test']"
"3","Contingency Table Test","hard","Standard Deviation","NOT_APPLICABLE","NOT_APPLICABLE","correct","head:\bNOT\s+APPLICABLE\b","['Chi-square Independence Test']"
"3","Contingency Table Test","hard","Skewness","NOT_APPLICABLE","NOT_APPLICABLE","correct","head:\bNOT\s+APPLICABLE\b","['Chi-square Independence Test']"
"3","Contingency Table Test","hard","Kurtosis","NOT_APPLICABLE","NOT_APPLICABLE","correct","head:\bNOT\s+APPLICABLE\b","['Chi-square Independence Test']"
"3","Contingency Table Test","hard","Mood Variance Test","NOT_APPLICABLE","NOT_APPLICABLE","correct","head:\bNOT\s+APPLICABLE\b","['Chi-square Independence Test']"
"3","Contingency Table Test","hard","Levene Test","NOT_APPLICABLE","NOT_APPLICABLE","correct","head:\bNOT\s+APPLICABLE\b","['Chi-square Independence Test']"
"3","Contingency Table Test","hard","Bartlett Test","NOT_APPLICABLE","NOT_APPLICABLE","correct","head:\bNOT\s+APPLICABLE\b","['Chi-square Independence Test']"
"3","Contingency Table Test","hard","F-Test for Variance","NOT_APPLICABLE","NOT_APPLICABLE","correct","head:\bNOT\s+APPLICABLE\b","['Chi-square Independence Test']"
"4","Descriptive Statistics","easy","Pearson Correlation Coefficient","NOT_APPLICABLE","NOT_APPLICABLE","correct","head:\bNOT\s+APPLICABLE\b","['Median']"
"4","Descriptive Statistics","easy","Spearman Correlation Coefficient","NOT_APPLICABLE","NOT_APPLICABLE","correct","head:\bNOT\s+APPLICABLE\b","['Median']"
"4","Descriptive Statistics","easy","Kendall Correlation Coefficient","NOT_APPLICABLE","NOT_APPLICABLE","correct","head:\bNOT\s+APPLICABLE\b","['Median']"
"4","Descriptive Statistics","easy","Partial Correlation Coefficient","NOT_APPLICABLE","NOT_APPLICABLE","correct","head:\bNOT\s+APPLICABLE\b","['Median']"
"4","Descriptive Statistics","easy","Anderson-Darling Test","NOT_APPLICABLE","NOT_APPLICABLE","correct","head:\bNOT\s+APPLICABLE\b","['Median']"
"4","Descriptive Statistics","easy","Shapiro-Wilk Test of Normality","NOT_APPLICABLE","NOT_APPLICABLE","correct","head:\bNOT\s+APPLICABLE\b","['Median']"
"4","Descriptive Statistics","easy","Kolmogorov-Smirnov Test for Normality","NOT_APPLICABLE","NOT_APPLICABLE","correct","head:\bNOT\s+APPLICABLE\b","['Median']"
"4","Descriptive Statistics","easy","Lilliefors Test","NOT_APPLICABLE","NOT_APPLICABLE","correct","head:\bNOT\s+APPLICABLE\b","['Median']"
"4","Descriptive Statistics","easy","Kolmogorov-Smirnov Test","NOT_APPLICABLE","NOT_APPLICABLE","correct","head:\bNOT\s+APPLICABLE\b","['Median']"
"4","Descriptive Statistics","easy","Kolmogorov-Smirnov Test for Uniform distribution","NOT_APPLICABLE","NOT_APPLICABLE","correct","head:\bNOT\s+APPLICABLE\b","['Median']"
"4","Descriptive Statistics","easy","Kolmogorov-Smirnov Test for Gamma distribution","NOT_APPLICABLE","NOT_APPLICABLE","correct","head:\bNOT\s+APPLICABLE\b","['Median']"
"4","Descriptive Statistics","easy","Kolmogorov-Smirnov Test for Exponential distribution","NOT_APPLICABLE","NOT_APPLICABLE","correct","head:\bNOT\s+APPLICABLE\b","['Median']"
"4","Descriptive Statistics","easy","Chi-square Independence Test","NOT_APPLICABLE","NOT_APPLICABLE","correct","head:\bNOT\s+APPLICABLE\b","['Median']"
"4","Descriptive Statistics","easy","Fisher Exact Test","NOT_APPLICABLE","NOT_APPLICABLE","correct","head:\bNOT\s+APPLICABLE\b","['Median']"
"4","Descriptive Statistics","easy","Mantel-Haenszel Test","NOT_APPLICABLE","NOT_APPLICABLE","correct","head:\bNOT\s+APPLICABLE\b","['Median']"
"4","Descriptive Statistics","easy","Mean","NOT_APPLICABLE","NOT_APPLICABLE","correct","head:\bNOT\s+APPLICABLE\b","['Median']"
"4","Descriptive Statistics","easy","Median","APPLICABLE","APPLICABLE","correct","head:\bAPPLICABLE\b","['Median']"
"4","Descriptive Statistics","easy","Mode","NOT_APPLICABLE","NOT_APPLICABLE","correct","head:\bNOT\s+APPLICABLE\b","['Median']"
"4","Descriptive Statistics","easy","Range","NOT_APPLICABLE","NOT_APPLICABLE","correct","head:\bNOT\s+APPLICABLE\b","['Median']"
"4","Descriptive Statistics","easy","Quartile","APPLICABLE","NOT_APPLICABLE","wrong","head:\bAPPLICABLE\b","['Median']"
"4","Descriptive Statistics","easy","Standard Deviation","NOT_APPLICABLE","NOT_APPLICABLE","correct","head:\bNOT\s+APPLICABLE\b","['Median']"
"4","Descriptive Statistics","easy","Skewness","APPLICABLE","NOT_APPLICABLE","wrong","head:\bAPPLICABLE\b","['Median']"
"4","Descriptive Statistics","easy","Kurtosis","NOT_APPLICABLE","NOT_APPLICABLE","correct","head:\bNOT\s+APPLICABLE\b","['Median']"
"4","Descriptive Statistics","easy","Mood Variance Test","NOT_APPLICABLE","NOT_APPLICABLE","correct","head:\bNOT\s+APPLICABLE\b","['Median']"
"4","Descriptive Statistics","easy","Levene Test","NOT_APPLICABLE","NOT_APPLICABLE","correct","head:\bNOT\s+APPLICABLE\b","['Median']"
"4","Descriptive Statistics","easy","Bartlett Test","NOT_APPLICABLE","NOT_APPLICABLE","correct","head:\bNOT\s+APPLICABLE\b","['Median']"
"4","Descriptive Statistics","easy","F-Test for Variance","NOT_APPLICABLE","NOT_APPLICABLE","correct","head:\bNOT\s+APPLICABLE\b","['Median']"
"5","Variance Test","easy","Pearson Correlation Coefficient","NOT_APPLICABLE","NOT_APPLICABLE","correct","head:\bNOT\s+APPLICABLE\b","['Mood Variance Test', 'Levene Test', 'Bartlett Test', 'F-Test for Variance']"
"5","Variance Test","easy","Spearman Correlation Coefficient","NOT_APPLICABLE","NOT_APPLICABLE","correct","head:\bNOT\s+APPLICABLE\b","['Mood Variance Test', 'Levene Test', 'Bartlett Test', 'F-Test for Variance']"
"5","Variance Test","easy","Kendall Correlation Coefficient","NOT_APPLICABLE","NOT_APPLICABLE","correct","head:\bNOT\s+APPLICABLE\b","['Mood Variance Test', 'Levene Test', 'Bartlett Test', 'F-Test for Variance']"
"5","Variance Test","easy","Partial Correlation Coefficient","NOT_APPLICABLE","NOT_APPLICABLE","correct","head:\bNOT\s+APPLICABLE\b","['Mood Variance Test', 'Levene Test', 'Bartlett Test', 'F-Test for Variance']"
"5","Variance Test","easy","Anderson-Darling Test","NOT_APPLICABLE","NOT_APPLICABLE","correct","head:\bNOT\s+APPLICABLE\b","['Mood Variance Test', 'Levene Test', 'Bartlett Test', 'F-Test for Variance']"
"5","Variance Test","easy","Shapiro-Wilk Test of Normality","NOT_APPLICABLE","NOT_APPLICABLE","correct","head:\bNOT\s+APPLICABLE\b","['Mood Variance Test', 'Levene Test', 'Bartlett Test', 'F-Test for Variance']"
"5","Variance Test","easy","Kolmogorov-Smirnov Test for Normality","NOT_APPLICABLE","NOT_APPLICABLE","correct","head:\bNOT\s+APPLICABLE\b","['Mood Variance Test', 'Levene Test', 'Bartlett Test', 'F-Test for Variance']"
"5","Variance Test","easy","Lilliefors Test","NOT_APPLICABLE","NOT_APPLICABLE","correct","head:\bNOT\s+APPLICABLE\b","['Mood Variance Test', 'Levene Test', 'Bartlett Test', 'F-Test for Variance']"
"5","Variance Test","easy","Kolmogorov-Smirnov Test","APPLICABLE","NOT_APPLICABLE","wrong","head:\bAPPLICABLE\b","['Mood Variance Test', 'Levene Test', 'Bartlett Test', 'F-Test for Variance']"
"5","Variance Test","easy","Kolmogorov-Smirnov Test for Uniform distribution","NOT_APPLICABLE","NOT_APPLICABLE","correct","head:\bNOT\s+APPLICABLE\b","['Mood Variance Test', 'Levene Test', 'Bartlett Test', 'F-Test for Variance']"
"5","Variance Test","easy","Kolmogorov-Smirnov Test for Gamma distribution","NOT_APPLICABLE","NOT_APPLICABLE","correct","head:\bNOT\s+APPLICABLE\b","['Mood Variance Test', 'Levene Test', 'Bartlett Test', 'F-Test for Variance']"
"5","Variance Test","easy","Kolmogorov-Smirnov Test for Exponential distribution","NOT_APPLICABLE","NOT_APPLICABLE","correct","head:\bNOT\s+APPLICABLE\b","['Mood Variance Test', 'Levene Test', 'Bartlett Test', 'F-Test for Variance']"
"5","Variance Test","easy","Chi-square Independence Test","NOT_APPLICABLE","NOT_APPLICABLE","correct","head:\bNOT\s+APPLICABLE\b","['Mood Variance Test', 'Levene Test', 'Bartlett Test', 'F-Test for Variance']"
"5","Variance Test","easy","Fisher Exact Test","NOT_APPLICABLE","NOT_APPLICABLE","correct","head:\bNOT\s+APPLICABLE\b","['Mood Variance Test', 'Levene Test', 'Bartlett Test', 'F-Test for Variance']"
"5","Variance Test","easy","Mantel-Haenszel Test","NOT_APPLICABLE","NOT_APPLICABLE","correct","head:\bNOT\s+APPLICABLE\b","['Mood Variance Test', 'Levene Test', 'Bartlett Test', 'F-Test for Variance']"
"5","Variance Test","easy","Mean","NOT_APPLICABLE","NOT_APPLICABLE","correct","head:\bNOT\s+APPLICABLE\b","['Mood Variance Test', 'Levene Test', 'Bartlett Test', 'F-Test for Variance']"
"5","Variance Test","easy","Median","APPLICABLE","NOT_APPLICABLE","wrong","head:\bAPPLICABLE\b","['Mood Variance Test', 'Levene Test', 'Bartlett Test', 'F-Test for Variance']"
"5","Variance Test","easy","Mode","NOT_APPLICABLE","NOT_APPLICABLE","correct","head:\bNOT\s+APPLICABLE\b","['Mood Variance Test', 'Levene Test', 'Bartlett Test', 'F-Test for Variance']"
"5","Variance Test","easy","Range","NOT_APPLICABLE","NOT_APPLICABLE","correct","head:\bNOT\s+APPLICABLE\b","['Mood Variance Test', 'Levene Test', 'Bartlett Test', 'F-Test for Variance']"
"5","Variance Test","easy","Quartile","NOT_APPLICABLE","NOT_APPLICABLE","correct","head:\bNOT\s+APPLICABLE\b","['Mood Variance Test', 'Levene Test', 'Bartlett Test', 'F-Test for Variance']"
"5","Variance Test","easy","Standard Deviation","APPLICABLE","NOT_APPLICABLE","wrong","head:\bAPPLICABLE\b","['Mood Variance Test', 'Levene Test', 'Bartlett Test', 'F-Test for Variance']"
"5","Variance Test","easy","Skewness","APPLICABLE","NOT_APPLICABLE","wrong","head:\bAPPLICABLE\b","['Mood Variance Test', 'Levene Test', 'Bartlett Test', 'F-Test for Variance']"
"5","Variance Test","easy","Kurtosis","APPLICABLE","NOT_APPLICABLE","wrong","head:\bAPPLICABLE\b","['Mood Variance Test', 'Levene Test', 'Bartlett Test', 'F-Test for Variance']"
"5","Variance Test","easy","Mood Variance Test","NOT_APPLICABLE","APPLICABLE","wrong","head:\bNOT\s+APPLICABLE\b","['Mood Variance Test', 'Levene Test', 'Bartlett Test', 'F-Test for Variance']"
"5","Variance Test","easy","Levene Test","APPLICABLE","APPLICABLE","correct","head:\bAPPLICABLE\b","['Mood Variance Test', 'Levene Test', 'Bartlett Test', 'F-Test for Variance']"
"5","Variance Test","easy","Bartlett Test","NOT_APPLICABLE","APPLICABLE","wrong","head:\bNOT\s+APPLICABLE\b","['Mood Variance Test', 'Levene Test', 'Bartlett Test', 'F-Test for Variance']"
"5","Variance Test","easy","F-Test for Variance","NOT_APPLICABLE","APPLICABLE","wrong","head:\bNOT\s+APPLICABLE\b","['Mood Variance Test', 'Levene Test', 'Bartlett Test', 'F-Test for Variance']"
"6","Variance Test","easy","Pearson Correlation Coefficient","NOT_APPLICABLE","NOT_APPLICABLE","correct","head:\bNOT\s+APPLICABLE\b","['Mood Variance Test', 'Levene Test', 'Bartlett Test', 'F-Test for Variance']"
"6","Variance Test","easy","Spearman Correlation Coefficient","NOT_APPLICABLE","NOT_APPLICABLE","correct","head:\bNOT\s+APPLICABLE\b","['Mood Variance Test', 'Levene Test', 'Bartlett Test', 'F-Test for Variance']"
"6","Variance Test","easy","Kendall Correlation Coefficient","NOT_APPLICABLE","NOT_APPLICABLE","correct","head:\bNOT\s+APPLICABLE\b","['Mood Variance Test', 'Levene Test', 'Bartlett Test', 'F-Test for Variance']"
"6","Variance Test","easy","Partial Correlation Coefficient","NOT_APPLICABLE","NOT_APPLICABLE","correct","head:\bNOT\s+APPLICABLE\b","['Mood Variance Test', 'Levene Test', 'Bartlett Test', 'F-Test for Variance']"
"6","Variance Test","easy","Anderson-Darling Test","NOT_APPLICABLE","NOT_APPLICABLE","correct","head:\bNOT\s+APPLICABLE\b","['Mood Variance Test', 'Levene Test', 'Bartlett Test', 'F-Test for Variance']"
"6","Variance Test","easy","Shapiro-Wilk Test of Normality","NOT_APPLICABLE","NOT_APPLICABLE","correct","head:\bNOT\s+APPLICABLE\b","['Mood Variance Test', 'Levene Test', 'Bartlett Test', 'F-Test for Variance']"
"6","Variance Test","easy","Kolmogorov-Smirnov Test for Normality","APPLICABLE","NOT_APPLICABLE","wrong","head:\bAPPLICABLE\b","['Mood Variance Test', 'Levene Test', 'Bartlett Test', 'F-Test for Variance']"
"6","Variance Test","easy","Lilliefors Test","NOT_APPLICABLE","NOT_APPLICABLE","correct","head:\bNOT\s+APPLICABLE\b","['Mood Variance Test', 'Levene Test', 'Bartlett Test', 'F-Test for Variance']"
"6","Variance Test","easy","Kolmogorov-Smirnov Test","APPLICABLE","NOT_APPLICABLE","wrong","head:\bAPPLICABLE\b","['Mood Variance Test', 'Levene Test', 'Bartlett Test', 'F-Test for Variance']"
"6","Variance Test","easy","Kolmogorov-Smirnov Test for Uniform distribution","NOT_APPLICABLE","NOT_APPLICABLE","correct","head:\bNOT\s+APPLICABLE\b","['Mood Variance Test', 'Levene Test', 'Bartlett Test', 'F-Test for Variance']"
"6","Variance Test","easy","Kolmogorov-Smirnov Test for Gamma distribution","NOT_APPLICABLE","NOT_APPLICABLE","correct","head:\bNOT\s+APPLICABLE\b","['Mood Variance Test', 'Levene Test', 'Bartlett Test', 'F-Test for Variance']"
"6","Variance Test","easy","Kolmogorov-Smirnov Test for Exponential distribution","NOT_APPLICABLE","NOT_APPLICABLE","correct","head:\bNOT\s+APPLICABLE\b","['Mood Variance Test', 'Levene Test', 'Bartlett Test', 'F-Test for Variance']"
"6","Variance Test","easy","Chi-square Independence Test","NOT_APPLICABLE","NOT_APPLICABLE","correct","head:\bNOT\s+APPLICABLE\b","['Mood Variance Test', 'Levene Test', 'Bartlett Test', 'F-Test for Variance']"
"6","Variance Test","easy","Fisher Exact Test","NOT_APPLICABLE","NOT_APPLICABLE","correct","head:\bNOT\s+APPLICABLE\b","['Mood Variance Test', 'Levene Test', 'Bartlett Test', 'F-Test for Variance']"
"6","Variance Test","easy","Mantel-Haenszel Test","NOT_APPLICABLE","NOT_APPLICABLE","correct","head:\bNOT\s+APPLICABLE\b","['Mood Variance Test', 'Levene Test', 'Bartlett Test', 'F-Test for Variance']"
"6","Variance Test","easy","Mean","APPLICABLE","NOT_APPLICABLE","wrong","head:\bAPPLICABLE\b","['Mood Variance Test', 'Levene Test', 'Bartlett Test', 'F-Test for Variance']"
"6","Variance Test","easy","Median","APPLICABLE","NOT_APPLICABLE","wrong","head:\bAPPLICABLE\b","['Mood Variance Test', 'Levene Test', 'Bartlett Test', 'F-Test for Variance']"
"6","Variance Test","easy","Mode","NOT_APPLICABLE","NOT_APPLICABLE","correct","head:\bNOT\s+APPLICABLE\b","['Mood Variance Test', 'Levene Test', 'Bartlett Test', 'F-Test for Variance']"
"6","Variance Test","easy","Range","NOT_APPLICABLE","NOT_APPLICABLE","correct","head:\bNOT\s+APPLICABLE\b","['Mood Variance Test', 'Levene Test', 'Bartlett Test', 'F-Test for Variance']"
"6","Variance Test","easy","Quartile","NOT_APPLICABLE","NOT_APPLICABLE","correct","head:\bNOT\s+APPLICABLE\b","['Mood Variance Test', 'Levene Test', 'Bartlett Test', 'F-Test for Variance']"
"6","Variance Test","easy","Standard Deviation","APPLICABLE","NOT_APPLICABLE","wrong","head:\bAPPLICABLE\b","['Mood Variance Test', 'Levene Test', 'Bartlett Test', 'F-Test for Variance']"
"6","Variance Test","easy","Skewness","APPLICABLE","NOT_APPLICABLE","wrong","head:\bAPPLICABLE\b","['Mood Variance Test', 'Levene Test', 'Bartlett Test', 'F-Test for Variance']"
"6","Variance Test","easy","Kurtosis","APPLICABLE","NOT_APPLICABLE","wrong","head:\bAPPLICABLE\b","['Mood Variance Test', 'Levene Test', 'Bartlett Test', 'F-Test for Variance']"
"6","Variance Test","easy","Mood Variance Test","NOT_APPLICABLE","APPLICABLE","wrong","head:\bNOT\s+APPLICABLE\b","['Mood Variance Test', 'Levene Test', 'Bartlett Test', 'F-Test for Variance']"
"6","Variance Test","easy","Levene Test","APPLICABLE","APPLICABLE","correct","head:\bAPPLICABLE\b","['Mood Variance Test', 'Levene Test', 'Bartlett Test', 'F-Test for Variance']"
"6","Variance Test","easy","Bartlett Test","NOT_APPLICABLE","APPLICABLE","wrong","head:\bNOT\s+APPLICABLE\b","['Mood Variance Test', 'Levene Test', 'Bartlett Test', 'F-Test for Variance']"
"6","Variance Test","easy","F-Test for Variance","NOT_APPLICABLE","APPLICABLE","wrong","head:\bNOT\s+APPLICABLE\b","['Mood Variance Test', 'Levene Test', 'Bartlett Test', 'F-Test for Variance']"
"7","Distribution Compliance Test","easy","Pearson Correlation Coefficient","NOT_APPLICABLE","NOT_APPLICABLE","correct","head:\bNOT\s+APPLICABLE\b","['Kolmogorov-Smirnov Test for Exponential distribution']"
"7","Distribution Compliance Test","easy","Spearman Correlation Coefficient","NOT_APPLICABLE","NOT_APPLICABLE","correct","head:\bNOT\s+APPLICABLE\b","['Kolmogorov-Smirnov Test for Exponential distribution']"
"7","Distribution Compliance Test","easy","Kendall Correlation Coefficient","NOT_APPLICABLE","NOT_APPLICABLE","correct","head:\bNOT\s+APPLICABLE\b","['Kolmogorov-Smirnov Test for Exponential distribution']"
"7","Distribution Compliance Test","easy","Partial Correlation Coefficient","NOT_APPLICABLE","NOT_APPLICABLE","correct","head:\bNOT\s+APPLICABLE\b","['Kolmogorov-Smirnov Test for Exponential distribution']"
"7","Distribution Compliance Test","easy","Anderson-Darling Test","APPLICABLE","NOT_APPLICABLE","wrong","head:\bAPPLICABLE\b","['Kolmogorov-Smirnov Test for Exponential distribution']"
"7","Distribution Compliance Test","easy","Shapiro-Wilk Test of Normality","NOT_APPLICABLE","NOT_APPLICABLE","correct","head:\bNOT\s+APPLICABLE\b","['Kolmogorov-Smirnov Test for Exponential distribution']"
"7","Distribution Compliance Test","easy","Kolmogorov-Smirnov Test for Normality","NOT_APPLICABLE","NOT_APPLICABLE","correct","head:\bNOT\s+APPLICABLE\b","['Kolmogorov-Smirnov Test for Exponential distribution']"
"7","Distribution Compliance Test","easy","Lilliefors Test","APPLICABLE","NOT_APPLICABLE","wrong","head:\bAPPLICABLE\b","['Kolmogorov-Smirnov Test for Exponential distribution']"
"7","Distribution Compliance Test","easy","Kolmogorov-Smirnov Test","APPLICABLE","NOT_APPLICABLE","wrong","head:\bAPPLICABLE\b","['Kolmogorov-Smirnov Test for Exponential distribution']"
"7","Distribution Compliance Test","easy","Kolmogorov-Smirnov Test for Uniform distribution","NOT_APPLICABLE","NOT_APPLICABLE","correct","head:\bNOT\s+APPLICABLE\b","['Kolmogorov-Smirnov Test for Exponential distribution']"
"7","Distribution Compliance Test","easy","Kolmogorov-Smirnov Test for Gamma distribution","NOT_APPLICABLE","NOT_APPLICABLE","correct","head:\bNOT\s+APPLICABLE\b","['Kolmogorov-Smirnov Test for Exponential distribution']"
"7","Distribution Compliance Test","easy","Kolmogorov-Smirnov Test for Exponential distribution","APPLICABLE","APPLICABLE","correct","head:\bAPPLICABLE\b","['Kolmogorov-Smirnov Test for Exponential distribution']"
"7","Distribution Compliance Test","easy","Chi-square Independence Test","NOT_APPLICABLE","NOT_APPLICABLE","correct","head:\bNOT\s+APPLICABLE\b","['Kolmogorov-Smirnov Test for Exponential distribution']"
"7","Distribution Compliance Test","easy","Fisher Exact Test","NOT_APPLICABLE","NOT_APPLICABLE","correct","head:\bNOT\s+APPLICABLE\b","['Kolmogorov-Smirnov Test for Exponential distribution']"
"7","Distribution Compliance Test","easy","Mantel-Haenszel Test","NOT_APPLICABLE","NOT_APPLICABLE","correct","head:\bNOT\s+APPLICABLE\b","['Kolmogorov-Smirnov Test for Exponential distribution']"
"7","Distribution Compliance Test","easy","Mean","NOT_APPLICABLE","NOT_APPLICABLE","correct","head:\bNOT\s+APPLICABLE\b","['Kolmogorov-Smirnov Test for Exponential distribution']"
"7","Distribution Compliance Test","easy","Median","APPLICABLE","NOT_APPLICABLE","wrong","head:\bAPPLICABLE\b","['Kolmogorov-Smirnov Test for Exponential distribution']"
"7","Distribution Compliance Test","easy","Mode","NOT_APPLICABLE","NOT_APPLICABLE","correct","head:\bNOT\s+APPLICABLE\b","['Kolmogorov-Smirnov Test for Exponential distribution']"
"7","Distribution Compliance Test","easy","Range","NOT_APPLICABLE","NOT_APPLICABLE","correct","head:\bNOT\s+APPLICABLE\b","['Kolmogorov-Smirnov Test for Exponential distribution']"
"7","Distribution Compliance Test","easy","Quartile","NOT_APPLICABLE","NOT_APPLICABLE","correct","head:\bNOT\s+APPLICABLE\b","['Kolmogorov-Smirnov Test for Exponential distribution']"
"7","Distribution Compliance Test","easy","Standard Deviation","NOT_APPLICABLE","NOT_APPLICABLE","correct","head:\bNOT\s+APPLICABLE\b","['Kolmogorov-Smirnov Test for Exponential distribution']"
"7","Distribution Compliance Test","easy","Skewness","APPLICABLE","NOT_APPLICABLE","wrong","head:\bAPPLICABLE\b","['Kolmogorov-Smirnov Test for Exponential distribution']"
"7","Distribution Compliance Test","easy","Kurtosis","NOT_APPLICABLE","NOT_APPLICABLE","correct","head:\bNOT\s+APPLICABLE\b","['Kolmogorov-Smirnov Test for Exponential distribution']"
"7","Distribution Compliance Test","easy","Mood Variance Test","NOT_APPLICABLE","NOT_APPLICABLE","correct","head:\bNOT\s+APPLICABLE\b","['Kolmogorov-Smirnov Test for Exponential distribution']"
"7","Distribution Compliance Test","easy","Levene Test","NOT_APPLICABLE","NOT_APPLICABLE","correct","head:\bNOT\s+APPLICABLE\b","['Kolmogorov-Smirnov Test for Exponential distribution']"
"7","Distribution Compliance Test","easy","Bartlett Test","NOT_APPLICABLE","NOT_APPLICABLE","correct","head:\bNOT\s+APPLICABLE\b","['Kolmogorov-Smirnov Test for Exponential distribution']"
"7","Distribution Compliance Test","easy","F-Test for Variance","NOT_APPLICABLE","NOT_APPLICABLE","correct","head:\bNOT\s+APPLICABLE\b","['Kolmogorov-Smirnov Test for Exponential distribution']"
"8","Distribution Compliance Test","easy","Pearson Correlation Coefficient","NOT_APPLICABLE","NOT_APPLICABLE","correct","head:\bNOT\s+APPLICABLE\b","['Kolmogorov-Smirnov Test']"
"8","Distribution Compliance Test","easy","Spearman Correlation Coefficient","NOT_APPLICABLE","NOT_APPLICABLE","correct","head:\bNOT\s+APPLICABLE\b","['Kolmogorov-Smirnov Test']"
"8","Distribution Compliance Test","easy","Kendall Correlation Coefficient","NOT_APPLICABLE","NOT_APPLICABLE","correct","head:\bNOT\s+APPLICABLE\b","['Kolmogorov-Smirnov Test']"
"8","Distribution Compliance Test","easy","Partial Correlation Coefficient","NOT_APPLICABLE","NOT_APPLICABLE","correct","head:\bNOT\s+APPLICABLE\b","['Kolmogorov-Smirnov Test']"
"8","Distribution Compliance Test","easy","Anderson-Darling Test","NOT_APPLICABLE","NOT_APPLICABLE","correct","head:\bNOT\s+APPLICABLE\b","['Kolmogorov-Smirnov Test']"
"8","Distribution Compliance Test","easy","Shapiro-Wilk Test of Normality","NOT_APPLICABLE","NOT_APPLICABLE","correct","head:\bNOT\s+APPLICABLE\b","['Kolmogorov-Smirnov Test']"
"8","Distribution Compliance Test","easy","Kolmogorov-Smirnov Test for Normality","NOT_APPLICABLE","NOT_APPLICABLE","correct","head:\bNOT\s+APPLICABLE\b","['Kolmogorov-Smirnov Test']"
"8","Distribution Compliance Test","easy","Lilliefors Test","NOT_APPLICABLE","NOT_APPLICABLE","correct","head:\bNOT\s+APPLICABLE\b","['Kolmogorov-Smirnov Test']"
"8","Distribution Compliance Test","easy","Kolmogorov-Smirnov Test","NOT_APPLICABLE","APPLICABLE","wrong","head:\bNOT\s+APPLICABLE\b","['Kolmogorov-Smirnov Test']"
"8","Distribution Compliance Test","easy","Kolmogorov-Smirnov Test for Uniform distribution","NOT_APPLICABLE","NOT_APPLICABLE","correct","head:\bNOT\s+APPLICABLE\b","['Kolmogorov-Smirnov Test']"
"8","Distribution Compliance Test","easy","Kolmogorov-Smirnov Test for Gamma distribution","NOT_APPLICABLE","NOT_APPLICABLE","correct","head:\bNOT\s+APPLICABLE\b","['Kolmogorov-Smirnov Test']"
"8","Distribution Compliance Test","easy","Kolmogorov-Smirnov Test for Exponential distribution","NOT_APPLICABLE","NOT_APPLICABLE","correct","head:\bNOT\s+APPLICABLE\b","['Kolmogorov-Smirnov Test']"
"8","Distribution Compliance Test","easy","Chi-square Independence Test","NOT_APPLICABLE","NOT_APPLICABLE","correct","head:\bNOT\s+APPLICABLE\b","['Kolmogorov-Smirnov Test']"
"8","Distribution Compliance Test","easy","Fisher Exact Test","NOT_APPLICABLE","NOT_APPLICABLE","correct","head:\bNOT\s+APPLICABLE\b","['Kolmogorov-Smirnov Test']"
"8","Distribution Compliance Test","easy","Mantel-Haenszel Test","NOT_APPLICABLE","NOT_APPLICABLE","correct","head:\bNOT\s+APPLICABLE\b","['Kolmogorov-Smirnov Test']"
"8","Distribution Compliance Test","easy","Mean","NOT_APPLICABLE","NOT_APPLICABLE","correct","head:\bNOT\s+APPLICABLE\b","['Kolmogorov-Smirnov Test']"
"8","Distribution Compliance Test","easy","Median","NOT_APPLICABLE","NOT_APPLICABLE","correct","head:\bNOT\s+APPLICABLE\b","['Kolmogorov-Smirnov Test']"
"8","Distribution Compliance Test","easy","Mode","NOT_APPLICABLE","NOT_APPLICABLE","correct","head:\bNOT\s+APPLICABLE\b","['Kolmogorov-Smirnov Test']"
"8","Distribution Compliance Test","easy","Range","NOT_APPLICABLE","NOT_APPLICABLE","correct","head:\bNOT\s+APPLICABLE\b","['Kolmogorov-Smirnov Test']"
"8","Distribution Compliance Test","easy","Quartile","NOT_APPLICABLE","NOT_APPLICABLE","correct","head:\bNOT\s+APPLICABLE\b","['Kolmogorov-Smirnov Test']"
"8","Distribution Compliance Test","easy","Standard Deviation","NOT_APPLICABLE","NOT_APPLICABLE","correct","head:\bNOT\s+APPLICABLE\b","['Kolmogorov-Smirnov Test']"
"8","Distribution Compliance Test","easy","Skewness","APPLICABLE","NOT_APPLICABLE","wrong","head:\bAPPLICABLE\b","['Kolmogorov-Smirnov Test']"
"8","Distribution Compliance Test","easy","Kurtosis","NOT_APPLICABLE","NOT_APPLICABLE","correct","head:\bNOT\s+APPLICABLE\b","['Kolmogorov-Smirnov Test']"
"8","Distribution Compliance Test","easy","Mood Variance Test","NOT_APPLICABLE","NOT_APPLICABLE","correct","head:\bNOT\s+APPLICABLE\b","['Kolmogorov-Smirnov Test']"
"8","Distribution Compliance Test","easy","Levene Test","NOT_APPLICABLE","NOT_APPLICABLE","correct","head:\bNOT\s+APPLICABLE\b","['Kolmogorov-Smirnov Test']"
"8","Distribution Compliance Test","easy","Bartlett Test","NOT_APPLICABLE","NOT_APPLICABLE","correct","head:\bNOT\s+APPLICABLE\b","['Kolmogorov-Smirnov Test']"
"8","Distribution Compliance Test","easy","F-Test for Variance","NOT_APPLICABLE","NOT_APPLICABLE","correct","head:\bNOT\s+APPLICABLE\b","['Kolmogorov-Smirnov Test']"
"9","Contingency Table Test","hard","Pearson Correlation Coefficient","NOT_APPLICABLE","NOT_APPLICABLE","correct","head:\bNOT\s+APPLICABLE\b","['Chi-square Independence Test']"
"9","Contingency Table Test","hard","Spearman Correlation Coefficient","NOT_APPLICABLE","NOT_APPLICABLE","correct","head:\bNOT\s+APPLICABLE\b","['Chi-square Independence Test']"
"9","Contingency Table Test","hard","Kendall Correlation Coefficient","NOT_APPLICABLE","NOT_APPLICABLE","correct","head:\bNOT\s+APPLICABLE\b","['Chi-square Independence Test']"
"9","Contingency Table Test","hard","Partial Correlation Coefficient","NOT_APPLICABLE","NOT_APPLICABLE","correct","head:\bNOT\s+APPLICABLE\b","['Chi-square Independence Test']"
"9","Contingency Table Test","hard","Anderson-Darling Test","NOT_APPLICABLE","NOT_APPLICABLE","correct","head:\bNOT\s+APPLICABLE\b","['Chi-square Independence Test']"
"9","Contingency Table Test","hard","Shapiro-Wilk Test of Normality","NOT_APPLICABLE","NOT_APPLICABLE","correct","head:\bNOT\s+APPLICABLE\b","['Chi-square Independence Test']"
"9","Contingency Table Test","hard","Kolmogorov-Smirnov Test for Normality","NOT_APPLICABLE","NOT_APPLICABLE","correct","head:\bNOT\s+APPLICABLE\b","['Chi-square Independence Test']"
"9","Contingency Table Test","hard","Lilliefors Test","NOT_APPLICABLE","NOT_APPLICABLE","correct","head:\bNOT\s+APPLICABLE\b","['Chi-square Independence Test']"
"9","Contingency Table Test","hard","Kolmogorov-Smirnov Test","NOT_APPLICABLE","NOT_APPLICABLE","correct","head:\bNOT\s+APPLICABLE\b","['Chi-square Independence Test']"
"9","Contingency Table Test","hard","Kolmogorov-Smirnov Test for Uniform distribution","NOT_APPLICABLE","NOT_APPLICABLE","correct","head:\bNOT\s+APPLICABLE\b","['Chi-square Independence Test']"
"9","Contingency Table Test","hard","Kolmogorov-Smirnov Test for Gamma distribution","NOT_APPLICABLE","NOT_APPLICABLE","correct","head:\bNOT\s+APPLICABLE\b","['Chi-square Independence Test']"
"9","Contingency Table Test","hard","Kolmogorov-Smirnov Test for Exponential distribution","NOT_APPLICABLE","NOT_APPLICABLE","correct","head:\bNOT\s+APPLICABLE\b","['Chi-square Independence Test']"
"9","Contingency Table Test","hard","Chi-square Independence Test","NOT_APPLICABLE","APPLICABLE","wrong","head:\bNOT\s+APPLICABLE\b","['Chi-square Independence Test']"
"9","Contingency Table Test","hard","Fisher Exact Test","NOT_APPLICABLE","NOT_APPLICABLE","correct","head:\bNOT\s+APPLICABLE\b","['Chi-square Independence Test']"
"9","Contingency Table Test","hard","Mantel-Haenszel Test","NOT_APPLICABLE","NOT_APPLICABLE","correct","head:\bNOT\s+APPLICABLE\b","['Chi-square Independence Test']"
"9","Contingency Table Test","hard","Mean","NOT_APPLICABLE","NOT_APPLICABLE","correct","head:\bNOT\s+APPLICABLE\b","['Chi-square Independence Test']"
"9","Contingency Table Test","hard","Median","NOT_APPLICABLE","NOT_APPLICABLE","correct","head:\bNOT\s+APPLICABLE\b","['Chi-square Independence Test']"
"9","Contingency Table Test","hard","Mode","NOT_APPLICABLE","NOT_APPLICABLE","correct","head:\bNOT\s+APPLICABLE\b","['Chi-square Independence Test']"
"9","Contingency Table Test","hard","Range","NOT_APPLICABLE","NOT_APPLICABLE","correct","head:\bNOT\s+APPLICABLE\b","['Chi-square Independence Test']"
"9","Contingency Table Test","hard","Quartile","NOT_APPLICABLE","NOT_APPLICABLE","correct","head:\bNOT\s+APPLICABLE\b","['Chi-square Independence Test']"
"9","Contingency Table Test","hard","Standard Deviation","NOT_APPLICABLE","NOT_APPLICABLE","correct","head:\bNOT\s+APPLICABLE\b","['Chi-square Independence Test']"
"9","Contingency Table Test","hard","Skewness","APPLICABLE","NOT_APPLICABLE","wrong","head:\bAPPLICABLE\b","['Chi-square Independence Test']"
"9","Contingency Table Test","hard","Kurtosis","NOT_APPLICABLE","NOT_APPLICABLE","correct","head:\bNOT\s+APPLICABLE\b","['Chi-square Independence Test']"
"9","Contingency Table Test","hard","Mood Variance Test","NOT_APPLICABLE","NOT_APPLICABLE","correct","head:\bNOT\s+APPLICABLE\b","['Chi-square Independence Test']"
"9","Contingency Table Test","hard","Levene Test","NOT_APPLICABLE","NOT_APPLICABLE","correct","head:\bNOT\s+APPLICABLE\b","['Chi-square Independence Test']"
"9","Contingency Table Test","hard","Bartlett Test","NOT_APPLICABLE","NOT_APPLICABLE","correct","head:\bNOT\s+APPLICABLE\b","['Chi-square Independence Test']"
"9","Contingency Table Test","hard","F-Test for Variance","NOT_APPLICABLE","NOT_APPLICABLE","correct","head:\bNOT\s+APPLICABLE\b","['Chi-square Independence Test']"
"10","Descriptive Statistics","easy","Pearson Correlation Coefficient","NOT_APPLICABLE","NOT_APPLICABLE","correct","head:\bNOT\s+APPLICABLE\b","['Mean']"
"10","Descriptive Statistics","easy","Spearman Correlation Coefficient","NOT_APPLICABLE","NOT_APPLICABLE","correct","head:\bNOT\s+APPLICABLE\b","['Mean']"
"10","Descriptive Statistics","easy","Kendall Correlation Coefficient","NOT_APPLICABLE","NOT_APPLICABLE","correct","head:\bNOT\s+APPLICABLE\b","['Mean']"
"10","Descriptive Statistics","easy","Partial Correlation Coefficient","NOT_APPLICABLE","NOT_APPLICABLE","correct","head:\bNOT\s+APPLICABLE\b","['Mean']"
"10","Descriptive Statistics","easy","Anderson-Darling Test","NOT_APPLICABLE","NOT_APPLICABLE","correct","head:\bNOT\s+APPLICABLE\b","['Mean']"
"10","Descriptive Statistics","easy","Shapiro-Wilk Test of Normality","NOT_APPLICABLE","NOT_APPLICABLE","correct","head:\bNOT\s+APPLICABLE\b","['Mean']"
"10","Descriptive Statistics","easy","Kolmogorov-Smirnov Test for Normality","NOT_APPLICABLE","NOT_APPLICABLE","correct","head:\bNOT\s+APPLICABLE\b","['Mean']"
"10","Descriptive Statistics","easy","Lilliefors Test","NOT_APPLICABLE","NOT_APPLICABLE","correct","head:\bNOT\s+APPLICABLE\b","['Mean']"
"10","Descriptive Statistics","easy","Kolmogorov-Smirnov Test","NOT_APPLICABLE","NOT_APPLICABLE","correct","head:\bNOT\s+APPLICABLE\b","['Mean']"
"10","Descriptive Statistics","easy","Kolmogorov-Smirnov Test for Uniform distribution","NOT_APPLICABLE","NOT_APPLICABLE","correct","head:\bNOT\s+APPLICABLE\b","['Mean']"
"10","Descriptive Statistics","easy","Kolmogorov-Smirnov Test for Gamma distribution","NOT_APPLICABLE","NOT_APPLICABLE","correct","head:\bNOT\s+APPLICABLE\b","['Mean']"
"10","Descriptive Statistics","easy","Kolmogorov-Smirnov Test for Exponential distribution","NOT_APPLICABLE","NOT_APPLICABLE","correct","head:\bNOT\s+APPLICABLE\b","['Mean']"
"10","Descriptive Statistics","easy","Chi-square Independence Test","NOT_APPLICABLE","NOT_APPLICABLE","correct","head:\bNOT\s+APPLICABLE\b","['Mean']"
"10","Descriptive Statistics","easy","Fisher Exact Test","NOT_APPLICABLE","NOT_APPLICABLE","correct","head:\bNOT\s+APPLICABLE\b","['Mean']"
"10","Descriptive Statistics","easy","Mantel-Haenszel Test","NOT_APPLICABLE","NOT_APPLICABLE","correct","head:\bNOT\s+APPLICABLE\b","['Mean']"
"10","Descriptive Statistics","easy","Mean","APPLICABLE","APPLICABLE","correct","head:\bAPPLICABLE\b","['Mean']"
"10","Descriptive Statistics","easy","Median","APPLICABLE","NOT_APPLICABLE","wrong","head:\bAPPLICABLE\b","['Mean']"
"10","Descriptive Statistics","easy","Mode","NOT_APPLICABLE","NOT_APPLICABLE","correct","head:\bNOT\s+APPLICABLE\b","['Mean']"
"10","Descriptive Statistics","easy","Range","NOT_APPLICABLE","NOT_APPLICABLE","correct","head:\bNOT\s+APPLICABLE\b","['Mean']"
"10","Descriptive Statistics","easy","Quartile","NOT_APPLICABLE","NOT_APPLICABLE","correct","head:\bNOT\s+APPLICABLE\b","['Mean']"
"10","Descriptive Statistics","easy","Standard Deviation","APPLICABLE","NOT_APPLICABLE","wrong","head:\bAPPLICABLE\b","['Mean']"
"10","Descriptive Statistics","easy","Skewness","APPLICABLE","NOT_APPLICABLE","wrong","head:\bAPPLICABLE\b","['Mean']"
"10","Descriptive Statistics","easy","Kurtosis","NOT_APPLICABLE","NOT_APPLICABLE","correct","head:\bNOT\s+APPLICABLE\b","['Mean']"
"10","Descriptive Statistics","easy","Mood Variance Test","NOT_APPLICABLE","NOT_APPLICABLE","correct","head:\bNOT\s+APPLICABLE\b","['Mean']"
"10","Descriptive Statistics","easy","Levene Test","NOT_APPLICABLE","NOT_APPLICABLE","correct","head:\bNOT\s+APPLICABLE\b","['Mean']"
"10","Descriptive Statistics","easy","Bartlett Test","NOT_APPLICABLE","NOT_APPLICABLE","correct","head:\bNOT\s+APPLICABLE\b","['Mean']"
"10","Descriptive Statistics","easy","F-Test for Variance","NOT_APPLICABLE","NOT_APPLICABLE","correct","head:\bNOT\s+APPLICABLE\b","['Mean']"
"11","Correlation Analysis","easy","Pearson Correlation Coefficient","APPLICABLE","NOT_APPLICABLE","wrong","head:\bAPPLICABLE\b","['Partial Correlation Coefficient']"
"11","Correlation Analysis","easy","Spearman Correlation Coefficient","APPLICABLE","NOT_APPLICABLE","wrong","head:\bAPPLICABLE\b","['Partial Correlation Coefficient']"
"11","Correlation Analysis","easy","Kendall Correlation Coefficient","APPLICABLE","NOT_APPLICABLE","wrong","head:\bAPPLICABLE\b","['Partial Correlation Coefficient']"
"11","Correlation Analysis","easy","Partial Correlation Coefficient","APPLICABLE","APPLICABLE","correct","head:\bAPPLICABLE\b","['Partial Correlation Coefficient']"
"11","Correlation Analysis","easy","Anderson-Darling Test","NOT_APPLICABLE","NOT_APPLICABLE","correct","head:\bNOT\s+APPLICABLE\b","['Partial Correlation Coefficient']"
"11","Correlation Analysis","easy","Shapiro-Wilk Test of Normality","NOT_APPLICABLE","NOT_APPLICABLE","correct","head:\bNOT\s+APPLICABLE\b","['Partial Correlation Coefficient']"
"11","Correlation Analysis","easy","Kolmogorov-Smirnov Test for Normality","NOT_APPLICABLE","NOT_APPLICABLE","correct","head:\bNOT\s+APPLICABLE\b","['Partial Correlation Coefficient']"
"11","Correlation Analysis","easy","Lilliefors Test","NOT_APPLICABLE","NOT_APPLICABLE","correct","head:\bNOT\s+APPLICABLE\b","['Partial Correlation Coefficient']"
"11","Correlation Analysis","easy","Kolmogorov-Smirnov Test","NOT_APPLICABLE","NOT_APPLICABLE","correct","head:\bNOT\s+APPLICABLE\b","['Partial Correlation Coefficient']"
"11","Correlation Analysis","easy","Kolmogorov-Smirnov Test for Uniform distribution","NOT_APPLICABLE","NOT_APPLICABLE","correct","head:\bNOT\s+APPLICABLE\b","['Partial Correlation Coefficient']"
"11","Correlation Analysis","easy","Kolmogorov-Smirnov Test for Gamma distribution","NOT_APPLICABLE","NOT_APPLICABLE","correct","head:\bNOT\s+APPLICABLE\b","['Partial Correlation Coefficient']"
"11","Correlation Analysis","easy","Kolmogorov-Smirnov Test for Exponential distribution","NOT_APPLICABLE","NOT_APPLICABLE","correct","head:\bNOT\s+APPLICABLE\b","['Partial Correlation Coefficient']"
"11","Correlation Analysis","easy","Chi-square Independence Test","NOT_APPLICABLE","NOT_APPLICABLE","correct","head:\bNOT\s+APPLICABLE\b","['Partial Correlation Coefficient']"
"11","Correlation Analysis","easy","Fisher Exact Test","NOT_APPLICABLE","NOT_APPLICABLE","correct","head:\bNOT\s+APPLICABLE\b","['Partial Correlation Coefficient']"
"11","Correlation Analysis","easy","Mantel-Haenszel Test","NOT_APPLICABLE","NOT_APPLICABLE","correct","head:\bNOT\s+APPLICABLE\b","['Partial Correlation Coefficient']"
"11","Correlation Analysis","easy","Mean","NOT_APPLICABLE","NOT_APPLICABLE","correct","head:\bNOT\s+APPLICABLE\b","['Partial Correlation Coefficient']"
"11","Correlation Analysis","easy","Median","NOT_APPLICABLE","NOT_APPLICABLE","correct","head:\bNOT\s+APPLICABLE\b","['Partial Correlation Coefficient']"
"11","Correlation Analysis","easy","Mode","NOT_APPLICABLE","NOT_APPLICABLE","correct","head:\bNOT\s+APPLICABLE\b","['Partial Correlation Coefficient']"
"11","Correlation Analysis","easy","Range","NOT_APPLICABLE","NOT_APPLICABLE","correct","head:\bNOT\s+APPLICABLE\b","['Partial Correlation Coefficient']"
"11","Correlation Analysis","easy","Quartile","NOT_APPLICABLE","NOT_APPLICABLE","correct","head:\bNOT\s+APPLICABLE\b","['Partial Correlation Coefficient']"
"11","Correlation Analysis","easy","Standard Deviation","NOT_APPLICABLE","NOT_APPLICABLE","correct","head:\bNOT\s+APPLICABLE\b","['Partial Correlation Coefficient']"
"11","Correlation Analysis","easy","Skewness","APPLICABLE","NOT_APPLICABLE","wrong","head:\bAPPLICABLE\b","['Partial Correlation Coefficient']"
"11","Correlation Analysis","easy","Kurtosis","NOT_APPLICABLE","NOT_APPLICABLE","correct","head:\bNOT\s+APPLICABLE\b","['Partial Correlation Coefficient']"
"11","Correlation Analysis","easy","Mood Variance Test","NOT_APPLICABLE","NOT_APPLICABLE","correct","head:\bNOT\s+APPLICABLE\b","['Partial Correlation Coefficient']"
"11","Correlation Analysis","easy","Levene Test","NOT_APPLICABLE","NOT_APPLICABLE","correct","head:\bNOT\s+APPLICABLE\b","['Partial Correlation Coefficient']"
"11","Correlation Analysis","easy","Bartlett Test","NOT_APPLICABLE","NOT_APPLICABLE","correct","head:\bNOT\s+APPLICABLE\b","['Partial Correlation Coefficient']"
"11","Correlation Analysis","easy","F-Test for Variance","NOT_APPLICABLE","NOT_APPLICABLE","correct","head:\bNOT\s+APPLICABLE\b","['Partial Correlation Coefficient']"
"12","Variance Test","easy","Pearson Correlation Coefficient","NOT_APPLICABLE","NOT_APPLICABLE","correct","head:\bNOT\s+APPLICABLE\b","['Mood Variance Test', 'Levene Test', 'Bartlett Test', 'F-Test for Variance']"
"12","Variance Test","easy","Spearman Correlation Coefficient","NOT_APPLICABLE","NOT_APPLICABLE","correct","head:\bNOT\s+APPLICABLE\b","['Mood Variance Test', 'Levene Test', 'Bartlett Test', 'F-Test for Variance']"
"12","Variance Test","easy","Kendall Correlation Coefficient","NOT_APPLICABLE","NOT_APPLICABLE","correct","head:\bNOT\s+APPLICABLE\b","['Mood Variance Test', 'Levene Test', 'Bartlett Test', 'F-Test for Variance']"
"12","Variance Test","easy","Partial Correlation Coefficient","NOT_APPLICABLE","NOT_APPLICABLE","correct","head:\bNOT\s+APPLICABLE\b","['Mood Variance Test', 'Levene Test', 'Bartlett Test', 'F-Test for Variance']"
"12","Variance Test","easy","Anderson-Darling Test","NOT_APPLICABLE","NOT_APPLICABLE","correct","head:\bNOT\s+APPLICABLE\b","['Mood Variance Test', 'Levene Test', 'Bartlett Test', 'F-Test for Variance']"
"12","Variance Test","easy","Shapiro-Wilk Test of Normality","NOT_APPLICABLE","NOT_APPLICABLE","correct","head:\bNOT\s+APPLICABLE\b","['Mood Variance Test', 'Levene Test', 'Bartlett Test', 'F-Test for Variance']"
"12","Variance Test","easy","Kolmogorov-Smirnov Test for Normality","NOT_APPLICABLE","NOT_APPLICABLE","correct","head:\bNOT\s+APPLICABLE\b","['Mood Variance Test', 'Levene Test', 'Bartlett Test', 'F-Test for Variance']"
"12","Variance Test","easy","Lilliefors Test","NOT_APPLICABLE","NOT_APPLICABLE","correct","head:\bNOT\s+APPLICABLE\b","['Mood Variance Test', 'Levene Test', 'Bartlett Test', 'F-Test for Variance']"
"12","Variance Test","easy","Kolmogorov-Smirnov Test","NOT_APPLICABLE","NOT_APPLICABLE","correct","head:\bNOT\s+APPLICABLE\b","['Mood Variance Test', 'Levene Test', 'Bartlett Test', 'F-Test for Variance']"
"12","Variance Test","easy","Kolmogorov-Smirnov Test for Uniform distribution","NOT_APPLICABLE","NOT_APPLICABLE","correct","head:\bNOT\s+APPLICABLE\b","['Mood Variance Test', 'Levene Test', 'Bartlett Test', 'F-Test for Variance']"
"12","Variance Test","easy","Kolmogorov-Smirnov Test for Gamma distribution","NOT_APPLICABLE","NOT_APPLICABLE","correct","head:\bNOT\s+APPLICABLE\b","['Mood Variance Test', 'Levene Test', 'Bartlett Test', 'F-Test for Variance']"
"12","Variance Test","easy","Kolmogorov-Smirnov Test for Exponential distribution","NOT_APPLICABLE","NOT_APPLICABLE","correct","head:\bNOT\s+APPLICABLE\b","['Mood Variance Test', 'Levene Test', 'Bartlett Test', 'F-Test for Variance']"
"12","Variance Test","easy","Chi-square Independence Test","NOT_APPLICABLE","NOT_APPLICABLE","correct","head:\bNOT\s+APPLICABLE\b","['Mood Variance Test', 'Levene Test', 'Bartlett Test', 'F-Test for Variance']"
"12","Variance Test","easy","Fisher Exact Test","NOT_APPLICABLE","NOT_APPLICABLE","correct","head:\bNOT\s+APPLICABLE\b","['Mood Variance Test', 'Levene Test', 'Bartlett Test', 'F-Test for Variance']"
"12","Variance Test","easy","Mantel-Haenszel Test","NOT_APPLICABLE","NOT_APPLICABLE","correct","head:\bNOT\s+APPLICABLE\b","['Mood Variance Test', 'Levene Test', 'Bartlett Test', 'F-Test for Variance']"
"12","Variance Test","easy","Mean","NOT_APPLICABLE","NOT_APPLICABLE","correct","head:\bNOT\s+APPLICABLE\b","['Mood Variance Test', 'Levene Test', 'Bartlett Test', 'F-Test for Variance']"
"12","Variance Test","easy","Median","NOT_APPLICABLE","NOT_APPLICABLE","correct","head:\bNOT\s+APPLICABLE\b","['Mood Variance Test', 'Levene Test', 'Bartlett Test', 'F-Test for Variance']"
"12","Variance Test","easy","Mode","NOT_APPLICABLE","NOT_APPLICABLE","correct","head:\bNOT\s+APPLICABLE\b","['Mood Variance Test', 'Levene Test', 'Bartlett Test', 'F-Test for Variance']"
"12","Variance Test","easy","Range","NOT_APPLICABLE","NOT_APPLICABLE","correct","head:\bNOT\s+APPLICABLE\b","['Mood Variance Test', 'Levene Test', 'Bartlett Test', 'F-Test for Variance']"
"12","Variance Test","easy","Quartile","NOT_APPLICABLE","NOT_APPLICABLE","correct","head:\bNOT\s+APPLICABLE\b","['Mood Variance Test', 'Levene Test', 'Bartlett Test', 'F-Test for Variance']"
"12","Variance Test","easy","Standard Deviation","NOT_APPLICABLE","NOT_APPLICABLE","correct","head:\bNOT\s+APPLICABLE\b","['Mood Variance Test', 'Levene Test', 'Bartlett Test', 'F-Test for Variance']"
"12","Variance Test","easy","Skewness","NOT_APPLICABLE","NOT_APPLICABLE","correct","head:\bNOT\s+APPLICABLE\b","['Mood Variance Test', 'Levene Test', 'Bartlett Test', 'F-Test for Variance']"
"12","Variance Test","easy","Kurtosis","NOT_APPLICABLE","NOT_APPLICABLE","correct","head:\bNOT\s+APPLICABLE\b","['Mood Variance Test', 'Levene Test', 'Bartlett Test', 'F-Test for Variance']"
"12","Variance Test","easy","Mood Variance Test","NOT_APPLICABLE","APPLICABLE","wrong","head:\bNOT\s+APPLICABLE\b","['Mood Variance Test', 'Levene Test', 'Bartlett Test', 'F-Test for Variance']"
"12","Variance Test","easy","Levene Test","APPLICABLE","APPLICABLE","correct","head:\bAPPLICABLE\b","['Mood Variance Test', 'Levene Test', 'Bartlett Test', 'F-Test for Variance']"
"12","Variance Test","easy","Bartlett Test","NOT_APPLICABLE","APPLICABLE","wrong","head:\bNOT\s+APPLICABLE\b","['Mood Variance Test', 'Levene Test', 'Bartlett Test', 'F-Test for Variance']"
"12","Variance Test","easy","F-Test for Variance","NOT_APPLICABLE","APPLICABLE","wrong","head:\bNOT\s+APPLICABLE\b","['Mood Variance Test', 'Levene Test', 'Bartlett Test', 'F-Test for Variance']"
"13","Descriptive Statistics","easy","Pearson Correlation Coefficient","NOT_APPLICABLE","NOT_APPLICABLE","correct","head:\bNOT\s+APPLICABLE\b","['Mode']"
"13","Descriptive Statistics","easy","Spearman Correlation Coefficient","NOT_APPLICABLE","NOT_APPLICABLE","correct","head:\bNOT\s+APPLICABLE\b","['Mode']"
"13","Descriptive Statistics","easy","Kendall Correlation Coefficient","NOT_APPLICABLE","NOT_APPLICABLE","correct","head:\bNOT\s+APPLICABLE\b","['Mode']"
"13","Descriptive Statistics","easy","Partial Correlation Coefficient","NOT_APPLICABLE","NOT_APPLICABLE","correct","head:\bNOT\s+APPLICABLE\b","['Mode']"
"13","Descriptive Statistics","easy","Anderson-Darling Test","NOT_APPLICABLE","NOT_APPLICABLE","correct","head:\bNOT\s+APPLICABLE\b","['Mode']"
"13","Descriptive Statistics","easy","Shapiro-Wilk Test of Normality","NOT_APPLICABLE","NOT_APPLICABLE","correct","head:\bNOT\s+APPLICABLE\b","['Mode']"
"13","Descriptive Statistics","easy","Kolmogorov-Smirnov Test for Normality","NOT_APPLICABLE","NOT_APPLICABLE","correct","head:\bNOT\s+APPLICABLE\b","['Mode']"
"13","Descriptive Statistics","easy","Lilliefors Test","NOT_APPLICABLE","NOT_APPLICABLE","correct","head:\bNOT\s+APPLICABLE\b","['Mode']"
"13","Descriptive Statistics","easy","Kolmogorov-Smirnov Test","NOT_APPLICABLE","NOT_APPLICABLE","correct","head:\bNOT\s+APPLICABLE\b","['Mode']"
"13","Descriptive Statistics","easy","Kolmogorov-Smirnov Test for Uniform distribution","NOT_APPLICABLE","NOT_APPLICABLE","correct","head:\bNOT\s+APPLICABLE\b","['Mode']"
"13","Descriptive Statistics","easy","Kolmogorov-Smirnov Test for Gamma distribution","NOT_APPLICABLE","NOT_APPLICABLE","correct","head:\bNOT\s+APPLICABLE\b","['Mode']"
"13","Descriptive Statistics","easy","Kolmogorov-Smirnov Test for Exponential distribution","NOT_APPLICABLE","NOT_APPLICABLE","correct","head:\bNOT\s+APPLICABLE\b","['Mode']"
"13","Descriptive Statistics","easy","Chi-square Independence Test","NOT_APPLICABLE","NOT_APPLICABLE","correct","head:\bNOT\s+APPLICABLE\b","['Mode']"
"13","Descriptive Statistics","easy","Fisher Exact Test","NOT_APPLICABLE","NOT_APPLICABLE","correct","head:\bNOT\s+APPLICABLE\b","['Mode']"
"13","Descriptive Statistics","easy","Mantel-Haenszel Test","NOT_APPLICABLE","NOT_APPLICABLE","correct","head:\bNOT\s+APPLICABLE\b","['Mode']"
"13","Descriptive Statistics","easy","Mean","NOT_APPLICABLE","NOT_APPLICABLE","correct","head:\bNOT\s+APPLICABLE\b","['Mode']"
"13","Descriptive Statistics","easy","Median","NOT_APPLICABLE","NOT_APPLICABLE","correct","head:\bNOT\s+APPLICABLE\b","['Mode']"
"13","Descriptive Statistics","easy","Mode","APPLICABLE","APPLICABLE","correct","head:\bAPPLICABLE\b","['Mode']"
"13","Descriptive Statistics","easy","Range","NOT_APPLICABLE","NOT_APPLICABLE","correct","head:\bNOT\s+APPLICABLE\b","['Mode']"
"13","Descriptive Statistics","easy","Quartile","NOT_APPLICABLE","NOT_APPLICABLE","correct","head:\bNOT\s+APPLICABLE\b","['Mode']"
"13","Descriptive Statistics","easy","Standard Deviation","NOT_APPLICABLE","NOT_APPLICABLE","correct","head:\bNOT\s+APPLICABLE\b","['Mode']"
"13","Descriptive Statistics","easy","Skewness","NOT_APPLICABLE","NOT_APPLICABLE","correct","head:\bNOT\s+APPLICABLE\b","['Mode']"
"13","Descriptive Statistics","easy","Kurtosis","NOT_APPLICABLE","NOT_APPLICABLE","correct","head:\bNOT\s+APPLICABLE\b","['Mode']"
"13","Descriptive Statistics","easy","Mood Variance Test","NOT_APPLICABLE","NOT_APPLICABLE","correct","head:\bNOT\s+APPLICABLE\b","['Mode']"
"13","Descriptive Statistics","easy","Levene Test","NOT_APPLICABLE","NOT_APPLICABLE","correct","head:\bNOT\s+APPLICABLE\b","['Mode']"
"13","Descriptive Statistics","easy","Bartlett Test","NOT_APPLICABLE","NOT_APPLICABLE","correct","head:\bNOT\s+APPLICABLE\b","['Mode']"
"13","Descriptive Statistics","easy","F-Test for Variance","NOT_APPLICABLE","NOT_APPLICABLE","correct","head:\bNOT\s+APPLICABLE\b","['Mode']"
"14","Variance Test","easy","Pearson Correlation Coefficient","NOT_APPLICABLE","NOT_APPLICABLE","correct","head:\bNOT\s+APPLICABLE\b","['Mood Variance Test', 'Levene Test', 'Bartlett Test', 'F-Test for Variance']"
"14","Variance Test","easy","Spearman Correlation Coefficient","NOT_APPLICABLE","NOT_APPLICABLE","correct","head:\bNOT\s+APPLICABLE\b","['Mood Variance Test', 'Levene Test', 'Bartlett Test', 'F-Test for Variance']"
"14","Variance Test","easy","Kendall Correlation Coefficient","NOT_APPLICABLE","NOT_APPLICABLE","correct","head:\bNOT\s+APPLICABLE\b","['Mood Variance Test', 'Levene Test', 'Bartlett Test', 'F-Test for Variance']"
"14","Variance Test","easy","Partial Correlation Coefficient","NOT_APPLICABLE","NOT_APPLICABLE","correct","head:\bNOT\s+APPLICABLE\b","['Mood Variance Test', 'Levene Test', 'Bartlett Test', 'F-Test for Variance']"
"14","Variance Test","easy","Anderson-Darling Test","NOT_APPLICABLE","NOT_APPLICABLE","correct","head:\bNOT\s+APPLICABLE\b","['Mood Variance Test', 'Levene Test', 'Bartlett Test', 'F-Test for Variance']"
"14","Variance Test","easy","Shapiro-Wilk Test of Normality","NOT_APPLICABLE","NOT_APPLICABLE","correct","head:\bNOT\s+APPLICABLE\b","['Mood Variance Test', 'Levene Test', 'Bartlett Test', 'F-Test for Variance']"
"14","Variance Test","easy","Kolmogorov-Smirnov Test for Normality","NOT_APPLICABLE","NOT_APPLICABLE","correct","head:\bNOT\s+APPLICABLE\b","['Mood Variance Test', 'Levene Test', 'Bartlett Test', 'F-Test for Variance']"
"14","Variance Test","easy","Lilliefors Test","NOT_APPLICABLE","NOT_APPLICABLE","correct","head:\bNOT\s+APPLICABLE\b","['Mood Variance Test', 'Levene Test', 'Bartlett Test', 'F-Test for Variance']"
"14","Variance Test","easy","Kolmogorov-Smirnov Test","NOT_APPLICABLE","NOT_APPLICABLE","correct","head:\bNOT\s+APPLICABLE\b","['Mood Variance Test', 'Levene Test', 'Bartlett Test', 'F-Test for Variance']"
"14","Variance Test","easy","Kolmogorov-Smirnov Test for Uniform distribution","NOT_APPLICABLE","NOT_APPLICABLE","correct","head:\bNOT\s+APPLICABLE\b","['Mood Variance Test', 'Levene Test', 'Bartlett Test', 'F-Test for Variance']"
"14","Variance Test","easy","Kolmogorov-Smirnov Test for Gamma distribution","NOT_APPLICABLE","NOT_APPLICABLE","correct","head:\bNOT\s+APPLICABLE\b","['Mood Variance Test', 'Levene Test', 'Bartlett Test', 'F-Test for Variance']"
"14","Variance Test","easy","Kolmogorov-Smirnov Test for Exponential distribution","NOT_APPLICABLE","NOT_APPLICABLE","correct","head:\bNOT\s+APPLICABLE\b","['Mood Variance Test', 'Levene Test', 'Bartlett Test', 'F-Test for Variance']"
"14","Variance Test","easy","Chi-square Independence Test","NOT_APPLICABLE","NOT_APPLICABLE","correct","head:\bNOT\s+APPLICABLE\b","['Mood Variance Test', 'Levene Test', 'Bartlett Test', 'F-Test for Variance']"
"14","Variance Test","easy","Fisher Exact Test","NOT_APPLICABLE","NOT_APPLICABLE","correct","head:\bNOT\s+APPLICABLE\b","['Mood Variance Test', 'Levene Test', 'Bartlett Test', 'F-Test for Variance']"
"14","Variance Test","easy","Mantel-Haenszel Test","NOT_APPLICABLE","NOT_APPLICABLE","correct","head:\bNOT\s+APPLICABLE\b","['Mood Variance Test', 'Levene Test', 'Bartlett Test', 'F-Test for Variance']"
"14","Variance Test","easy","Mean","APPLICABLE","NOT_APPLICABLE","wrong","head:\bAPPLICABLE\b","['Mood Variance Test', 'Levene Test', 'Bartlett Test', 'F-Test for Variance']"
"14","Variance Test","easy","Median","APPLICABLE","NOT_APPLICABLE","wrong","head:\bAPPLICABLE\b","['Mood Variance Test', 'Levene Test', 'Bartlett Test', 'F-Test for Variance']"
"14","Variance Test","easy","Mode","NOT_APPLICABLE","NOT_APPLICABLE","correct","head:\bNOT\s+APPLICABLE\b","['Mood Variance Test', 'Levene Test', 'Bartlett Test', 'F-Test for Variance']"
"14","Variance Test","easy","Range","NOT_APPLICABLE","NOT_APPLICABLE","correct","head:\bNOT\s+APPLICABLE\b","['Mood Variance Test', 'Levene Test', 'Bartlett Test', 'F-Test for Variance']"
"14","Variance Test","easy","Quartile","NOT_APPLICABLE","NOT_APPLICABLE","correct","head:\bNOT\s+APPLICABLE\b","['Mood Variance Test', 'Levene Test', 'Bartlett Test', 'F-Test for Variance']"
"14","Variance Test","easy","Standard Deviation","APPLICABLE","NOT_APPLICABLE","wrong","head:\bAPPLICABLE\b","['Mood Variance Test', 'Levene Test', 'Bartlett Test', 'F-Test for Variance']"
"14","Variance Test","easy","Skewness","APPLICABLE","NOT_APPLICABLE","wrong","head:\bAPPLICABLE\b","['Mood Variance Test', 'Levene Test', 'Bartlett Test', 'F-Test for Variance']"
"14","Variance Test","easy","Kurtosis","NOT_APPLICABLE","NOT_APPLICABLE","correct","head:\bNOT\s+APPLICABLE\b","['Mood Variance Test', 'Levene Test', 'Bartlett Test', 'F-Test for Variance']"
"14","Variance Test","easy","Mood Variance Test","NOT_APPLICABLE","APPLICABLE","wrong","head:\bNOT\s+APPLICABLE\b","['Mood Variance Test', 'Levene Test', 'Bartlett Test', 'F-Test for Variance']"
"14","Variance Test","easy","Levene Test","NOT_APPLICABLE","APPLICABLE","wrong","head:\bNOT\s+APPLICABLE\b","['Mood Variance Test', 'Levene Test', 'Bartlett Test', 'F-Test for Variance']"
"14","Variance Test","easy","Bartlett Test","NOT_APPLICABLE","APPLICABLE","wrong","head:\bNOT\s+APPLICABLE\b","['Mood Variance Test', 'Levene Test', 'Bartlett Test', 'F-Test for Variance']"
"14","Variance Test","easy","F-Test for Variance","NOT_APPLICABLE","APPLICABLE","wrong","head:\bNOT\s+APPLICABLE\b","['Mood Variance Test', 'Levene Test', 'Bartlett Test', 'F-Test for Variance']"
"15","Descriptive Statistics","easy","Pearson Correlation Coefficient","NOT_APPLICABLE","NOT_APPLICABLE","correct","head:\bNOT\s+APPLICABLE\b","['Standard Deviation']"
"15","Descriptive Statistics","easy","Spearman Correlation Coefficient","NOT_APPLICABLE","NOT_APPLICABLE","correct","head:\bNOT\s+APPLICABLE\b","['Standard Deviation']"
"15","Descriptive Statistics","easy","Kendall Correlation Coefficient","NOT_APPLICABLE","NOT_APPLICABLE","correct","head:\bNOT\s+APPLICABLE\b","['Standard Deviation']"
"15","Descriptive Statistics","easy","Partial Correlation Coefficient","NOT_APPLICABLE","NOT_APPLICABLE","correct","head:\bNOT\s+APPLICABLE\b","['Standard Deviation']"
"15","Descriptive Statistics","easy","Anderson-Darling Test","NOT_APPLICABLE","NOT_APPLICABLE","correct","head:\bNOT\s+APPLICABLE\b","['Standard Deviation']"
"15","Descriptive Statistics","easy","Shapiro-Wilk Test of Normality","APPLICABLE","NOT_APPLICABLE","wrong","head:\bAPPLICABLE\b","['Standard Deviation']"
"15","Descriptive Statistics","easy","Kolmogorov-Smirnov Test for Normality","APPLICABLE","NOT_APPLICABLE","wrong","head:\bAPPLICABLE\b","['Standard Deviation']"
"15","Descriptive Statistics","easy","Lilliefors Test","NOT_APPLICABLE","NOT_APPLICABLE","correct","head:\bNOT\s+APPLICABLE\b","['Standard Deviation']"
"15","Descriptive Statistics","easy","Kolmogorov-Smirnov Test","NOT_APPLICABLE","NOT_APPLICABLE","correct","head:\bNOT\s+APPLICABLE\b","['Standard Deviation']"
"15","Descriptive Statistics","easy","Kolmogorov-Smirnov Test for Uniform distribution","NOT_APPLICABLE","NOT_APPLICABLE","correct","head:\bNOT\s+APPLICABLE\b","['Standard Deviation']"
"15","Descriptive Statistics","easy","Kolmogorov-Smirnov Test for Gamma distribution","NOT_APPLICABLE","NOT_APPLICABLE","correct","head:\bNOT\s+APPLICABLE\b","['Standard Deviation']"
"15","Descriptive Statistics","easy","Kolmogorov-Smirnov Test for Exponential distribution","NOT_APPLICABLE","NOT_APPLICABLE","correct","head:\bNOT\s+APPLICABLE\b","['Standard Deviation']"
"15","Descriptive Statistics","easy","Chi-square Independence Test","NOT_APPLICABLE","NOT_APPLICABLE","correct","head:\bNOT\s+APPLICABLE\b","['Standard Deviation']"
"15","Descriptive Statistics","easy","Fisher Exact Test","NOT_APPLICABLE","NOT_APPLICABLE","correct","head:\bNOT\s+APPLICABLE\b","['Standard Deviation']"
"15","Descriptive Statistics","easy","Mantel-Haenszel Test","NOT_APPLICABLE","NOT_APPLICABLE","correct","head:\bNOT\s+APPLICABLE\b","['Standard Deviation']"
"15","Descriptive Statistics","easy","Mean","APPLICABLE","NOT_APPLICABLE","wrong","head:\bAPPLICABLE\b","['Standard Deviation']"
"15","Descriptive Statistics","easy","Median","NOT_APPLICABLE","NOT_APPLICABLE","correct","head:\bNOT\s+APPLICABLE\b","['Standard Deviation']"
"15","Descriptive Statistics","easy","Mode","NOT_APPLICABLE","NOT_APPLICABLE","correct","head:\bNOT\s+APPLICABLE\b","['Standard Deviation']"
"15","Descriptive Statistics","easy","Range","NOT_APPLICABLE","NOT_APPLICABLE","correct","head:\bNOT\s+APPLICABLE\b","['Standard Deviation']"
"15","Descriptive Statistics","easy","Quartile","NOT_APPLICABLE","NOT_APPLICABLE","correct","head:\bNOT\s+APPLICABLE\b","['Standard Deviation']"
"15","Descriptive Statistics","easy","Standard Deviation","APPLICABLE","APPLICABLE","correct","head:\bAPPLICABLE\b","['Standard Deviation']"
"15","Descriptive Statistics","easy","Skewness","APPLICABLE","NOT_APPLICABLE","wrong","head:\bAPPLICABLE\b","['Standard Deviation']"
"15","Descriptive Statistics","easy","Kurtosis","APPLICABLE","NOT_APPLICABLE","wrong","head:\bAPPLICABLE\b","['Standard Deviation']"
"15","Descriptive Statistics","easy","Mood Variance Test","NOT_APPLICABLE","NOT_APPLICABLE","correct","head:\bNOT\s+APPLICABLE\b","['Standard Deviation']"
"15","Descriptive Statistics","easy","Levene Test","NOT_APPLICABLE","NOT_APPLICABLE","correct","head:\bNOT\s+APPLICABLE\b","['Standard Deviation']"
"15","Descriptive Statistics","easy","Bartlett Test","NOT_APPLICABLE","NOT_APPLICABLE","correct","head:\bNOT\s+APPLICABLE\b","['Standard Deviation']"
"15","Descriptive Statistics","easy","F-Test for Variance","NOT_APPLICABLE","NOT_APPLICABLE","correct","head:\bNOT\s+APPLICABLE\b","['Standard Deviation']"
"16","Correlation Analysis","easy","Pearson Correlation Coefficient","NOT_APPLICABLE","APPLICABLE","wrong","head:\bNOT\s+APPLICABLE\b","['Pearson Correlation Coefficient', 'Spearman Correlation Coefficient', 'Kendall Correlation Coefficient']"
"16","Correlation Analysis","easy","Spearman Correlation Coefficient","APPLICABLE","APPLICABLE","correct","head:\bAPPLICABLE\b","['Pearson Correlation Coefficient', 'Spearman Correlation Coefficient', 'Kendall Correlation Coefficient']"
"16","Correlation Analysis","easy","Kendall Correlation Coefficient","APPLICABLE","APPLICABLE","correct","head:\bAPPLICABLE\b","['Pearson Correlation Coefficient', 'Spearman Correlation Coefficient', 'Kendall Correlation Coefficient']"
"16","Correlation Analysis","easy","Partial Correlation Coefficient","NOT_APPLICABLE","NOT_APPLICABLE","correct","head:\bNOT\s+APPLICABLE\b","['Pearson Correlation Coefficient', 'Spearman Correlation Coefficient', 'Kendall Correlation Coefficient']"
"16","Correlation Analysis","easy","Anderson-Darling Test","NOT_APPLICABLE","NOT_APPLICABLE","correct","head:\bNOT\s+APPLICABLE\b","['Pearson Correlation Coefficient', 'Spearman Correlation Coefficient', 'Kendall Correlation Coefficient']"
"16","Correlation Analysis","easy","Shapiro-Wilk Test of Normality","NOT_APPLICABLE","NOT_APPLICABLE","correct","head:\bNOT\s+APPLICABLE\b","['Pearson Correlation Coefficient', 'Spearman Correlation Coefficient', 'Kendall Correlation Coefficient']"
"16","Correlation Analysis","easy","Kolmogorov-Smirnov Test for Normality","NOT_APPLICABLE","NOT_APPLICABLE","correct","head:\bNOT\s+APPLICABLE\b","['Pearson Correlation Coefficient', 'Spearman Correlation Coefficient', 'Kendall Correlation Coefficient']"
"16","Correlation Analysis","easy","Lilliefors Test","NOT_APPLICABLE","NOT_APPLICABLE","correct","head:\bNOT\s+APPLICABLE\b","['Pearson Correlation Coefficient', 'Spearman Correlation Coefficient', 'Kendall Correlation Coefficient']"
"16","Correlation Analysis","easy","Kolmogorov-Smirnov Test","NOT_APPLICABLE","NOT_APPLICABLE","correct","head:\bNOT\s+APPLICABLE\b","['Pearson Correlation Coefficient', 'Spearman Correlation Coefficient', 'Kendall Correlation Coefficient']"
"16","Correlation Analysis","easy","Kolmogorov-Smirnov Test for Uniform distribution","NOT_APPLICABLE","NOT_APPLICABLE","correct","head:\bNOT\s+APPLICABLE\b","['Pearson Correlation Coefficient', 'Spearman Correlation Coefficient', 'Kendall Correlation Coefficient']"
"16","Correlation Analysis","easy","Kolmogorov-Smirnov Test for Gamma distribution","NOT_APPLICABLE","NOT_APPLICABLE","correct","head:\bNOT\s+APPLICABLE\b","['Pearson Correlation Coefficient', 'Spearman Correlation Coefficient', 'Kendall Correlation Coefficient']"
"16","Correlation Analysis","easy","Kolmogorov-Smirnov Test for Exponential distribution","NOT_APPLICABLE","NOT_APPLICABLE","correct","head:\bNOT\s+APPLICABLE\b","['Pearson Correlation Coefficient', 'Spearman Correlation Coefficient', 'Kendall Correlation Coefficient']"
"16","Correlation Analysis","easy","Chi-square Independence Test","NOT_APPLICABLE","NOT_APPLICABLE","correct","head:\bNOT\s+APPLICABLE\b","['Pearson Correlation Coefficient', 'Spearman Correlation Coefficient', 'Kendall Correlation Coefficient']"
"16","Correlation Analysis","easy","Fisher Exact Test","NOT_APPLICABLE","NOT_APPLICABLE","correct","head:\bNOT\s+APPLICABLE\b","['Pearson Correlation Coefficient', 'Spearman Correlation Coefficient', 'Kendall Correlation Coefficient']"
"16","Correlation Analysis","easy","Mantel-Haenszel Test","NOT_APPLICABLE","NOT_APPLICABLE","correct","head:\bNOT\s+APPLICABLE\b","['Pearson Correlation Coefficient', 'Spearman Correlation Coefficient', 'Kendall Correlation Coefficient']"
"16","Correlation Analysis","easy","Mean","NOT_APPLICABLE","NOT_APPLICABLE","correct","head:\bNOT\s+APPLICABLE\b","['Pearson Correlation Coefficient', 'Spearman Correlation Coefficient', 'Kendall Correlation Coefficient']"
"16","Correlation Analysis","easy","Median","NOT_APPLICABLE","NOT_APPLICABLE","correct","head:\bNOT\s+APPLICABLE\b","['Pearson Correlation Coefficient', 'Spearman Correlation Coefficient', 'Kendall Correlation Coefficient']"
"16","Correlation Analysis","easy","Mode","NOT_APPLICABLE","NOT_APPLICABLE","correct","head:\bNOT\s+APPLICABLE\b","['Pearson Correlation Coefficient', 'Spearman Correlation Coefficient', 'Kendall Correlation Coefficient']"
"16","Correlation Analysis","easy","Range","NOT_APPLICABLE","NOT_APPLICABLE","correct","head:\bNOT\s+APPLICABLE\b","['Pearson Correlation Coefficient', 'Spearman Correlation Coefficient', 'Kendall Correlation Coefficient']"
"16","Correlation Analysis","easy","Quartile","NOT_APPLICABLE","NOT_APPLICABLE","correct","head:\bNOT\s+APPLICABLE\b","['Pearson Correlation Coefficient', 'Spearman Correlation Coefficient', 'Kendall Correlation Coefficient']"
"16","Correlation Analysis","easy","Standard Deviation","NOT_APPLICABLE","NOT_APPLICABLE","correct","head:\bNOT\s+APPLICABLE\b","['Pearson Correlation Coefficient', 'Spearman Correlation Coefficient', 'Kendall Correlation Coefficient']"
"16","Correlation Analysis","easy","Skewness","APPLICABLE","NOT_APPLICABLE","wrong","head:\bAPPLICABLE\b","['Pearson Correlation Coefficient', 'Spearman Correlation Coefficient', 'Kendall Correlation Coefficient']"
"16","Correlation Analysis","easy","Kurtosis","NOT_APPLICABLE","NOT_APPLICABLE","correct","head:\bNOT\s+APPLICABLE\b","['Pearson Correlation Coefficient', 'Spearman Correlation Coefficient', 'Kendall Correlation Coefficient']"
"16","Correlation Analysis","easy","Mood Variance Test","NOT_APPLICABLE","NOT_APPLICABLE","correct","head:\bNOT\s+APPLICABLE\b","['Pearson Correlation Coefficient', 'Spearman Correlation Coefficient', 'Kendall Correlation Coefficient']"
"16","Correlation Analysis","easy","Levene Test","NOT_APPLICABLE","NOT_APPLICABLE","correct","head:\bNOT\s+APPLICABLE\b","['Pearson Correlation Coefficient', 'Spearman Correlation Coefficient', 'Kendall Correlation Coefficient']"
"16","Correlation Analysis","easy","Bartlett Test","NOT_APPLICABLE","NOT_APPLICABLE","correct","head:\bNOT\s+APPLICABLE\b","['Pearson Correlation Coefficient', 'Spearman Correlation Coefficient', 'Kendall Correlation Coefficient']"
"16","Correlation Analysis","easy","F-Test for Variance","NOT_APPLICABLE","NOT_APPLICABLE","correct","head:\bNOT\s+APPLICABLE\b","['Pearson Correlation Coefficient', 'Spearman Correlation Coefficient', 'Kendall Correlation Coefficient']"
"17","Descriptive Statistics","easy","Pearson Correlation Coefficient","NOT_APPLICABLE","NOT_APPLICABLE","correct","head:\bNOT\s+APPLICABLE\b","['Kurtosis']"
"17","Descriptive Statistics","easy","Spearman Correlation Coefficient","NOT_APPLICABLE","NOT_APPLICABLE","correct","head:\bNOT\s+APPLICABLE\b","['Kurtosis']"
"17","Descriptive Statistics","easy","Kendall Correlation Coefficient","NOT_APPLICABLE","NOT_APPLICABLE","correct","head:\bNOT\s+APPLICABLE\b","['Kurtosis']"
"17","Descriptive Statistics","easy","Partial Correlation Coefficient","NOT_APPLICABLE","NOT_APPLICABLE","correct","head:\bNOT\s+APPLICABLE\b","['Kurtosis']"
"17","Descriptive Statistics","easy","Anderson-Darling Test","NOT_APPLICABLE","NOT_APPLICABLE","correct","head:\bNOT\s+APPLICABLE\b","['Kurtosis']"
"17","Descriptive Statistics","easy","Shapiro-Wilk Test of Normality","NOT_APPLICABLE","NOT_APPLICABLE","correct","head:\bNOT\s+APPLICABLE\b","['Kurtosis']"
"17","Descriptive Statistics","easy","Kolmogorov-Smirnov Test for Normality","NOT_APPLICABLE","NOT_APPLICABLE","correct","head:\bNOT\s+APPLICABLE\b","['Kurtosis']"
"17","Descriptive Statistics","easy","Lilliefors Test","NOT_APPLICABLE","NOT_APPLICABLE","correct","head:\bNOT\s+APPLICABLE\b","['Kurtosis']"
"17","Descriptive Statistics","easy","Kolmogorov-Smirnov Test","NOT_APPLICABLE","NOT_APPLICABLE","correct","head:\bNOT\s+APPLICABLE\b","['Kurtosis']"
"17","Descriptive Statistics","easy","Kolmogorov-Smirnov Test for Uniform distribution","NOT_APPLICABLE","NOT_APPLICABLE","correct","head:\bNOT\s+APPLICABLE\b","['Kurtosis']"
"17","Descriptive Statistics","easy","Kolmogorov-Smirnov Test for Gamma distribution","NOT_APPLICABLE","NOT_APPLICABLE","correct","head:\bNOT\s+APPLICABLE\b","['Kurtosis']"
"17","Descriptive Statistics","easy","Kolmogorov-Smirnov Test for Exponential distribution","NOT_APPLICABLE","NOT_APPLICABLE","correct","head:\bNOT\s+APPLICABLE\b","['Kurtosis']"
"17","Descriptive Statistics","easy","Chi-square Independence Test","NOT_APPLICABLE","NOT_APPLICABLE","correct","head:\bNOT\s+APPLICABLE\b","['Kurtosis']"
"17","Descriptive Statistics","easy","Fisher Exact Test","NOT_APPLICABLE","NOT_APPLICABLE","correct","head:\bNOT\s+APPLICABLE\b","['Kurtosis']"
"17","Descriptive Statistics","easy","Mantel-Haenszel Test","NOT_APPLICABLE","NOT_APPLICABLE","correct","head:\bNOT\s+APPLICABLE\b","['Kurtosis']"
"17","Descriptive Statistics","easy","Mean","NOT_APPLICABLE","NOT_APPLICABLE","correct","head:\bNOT\s+APPLICABLE\b","['Kurtosis']"
"17","Descriptive Statistics","easy","Median","NOT_APPLICABLE","NOT_APPLICABLE","correct","head:\bNOT\s+APPLICABLE\b","['Kurtosis']"
"17","Descriptive Statistics","easy","Mode","NOT_APPLICABLE","NOT_APPLICABLE","correct","head:\bNOT\s+APPLICABLE\b","['Kurtosis']"
"17","Descriptive Statistics","easy","Range","NOT_APPLICABLE","NOT_APPLICABLE","correct","head:\bNOT\s+APPLICABLE\b","['Kurtosis']"
"17","Descriptive Statistics","easy","Quartile","NOT_APPLICABLE","NOT_APPLICABLE","correct","head:\bNOT\s+APPLICABLE\b","['Kurtosis']"
"17","Descriptive Statistics","easy","Standard Deviation","NOT_APPLICABLE","NOT_APPLICABLE","correct","head:\bNOT\s+APPLICABLE\b","['Kurtosis']"
"17","Descriptive Statistics","easy","Skewness","NOT_APPLICABLE","NOT_APPLICABLE","correct","head:\bNOT\s+APPLICABLE\b","['Kurtosis']"
"17","Descriptive Statistics","easy","Kurtosis","APPLICABLE","APPLICABLE","correct","head:\bAPPLICABLE\b","['Kurtosis']"
"17","Descriptive Statistics","easy","Mood Variance Test","NOT_APPLICABLE","NOT_APPLICABLE","correct","head:\bNOT\s+APPLICABLE\b","['Kurtosis']"
"17","Descriptive Statistics","easy","Levene Test","NOT_APPLICABLE","NOT_APPLICABLE","correct","head:\bNOT\s+APPLICABLE\b","['Kurtosis']"
"17","Descriptive Statistics","easy","Bartlett Test","NOT_APPLICABLE","NOT_APPLICABLE","correct","head:\bNOT\s+APPLICABLE\b","['Kurtosis']"
"17","Descriptive Statistics","easy","F-Test for Variance","NOT_APPLICABLE","NOT_APPLICABLE","correct","head:\bNOT\s+APPLICABLE\b","['Kurtosis']"
"18","Correlation Analysis","easy","Pearson Correlation Coefficient","APPLICABLE","APPLICABLE","correct","head:\bAPPLICABLE\b","['Pearson Correlation Coefficient', 'Spearman Correlation Coefficient', 'Kendall Correlation Coefficient']"
"18","Correlation Analysis","easy","Spearman Correlation Coefficient","APPLICABLE","APPLICABLE","correct","head:\bAPPLICABLE\b","['Pearson Correlation Coefficient', 'Spearman Correlation Coefficient', 'Kendall Correlation Coefficient']"
"18","Correlation Analysis","easy","Kendall Correlation Coefficient","APPLICABLE","APPLICABLE","correct","head:\bAPPLICABLE\b","['Pearson Correlation Coefficient', 'Spearman Correlation Coefficient', 'Kendall Correlation Coefficient']"
"18","Correlation Analysis","easy","Partial Correlation Coefficient","NOT_APPLICABLE","NOT_APPLICABLE","correct","head:\bNOT\s+APPLICABLE\b","['Pearson Correlation Coefficient', 'Spearman Correlation Coefficient', 'Kendall Correlation Coefficient']"
"18","Correlation Analysis","easy","Anderson-Darling Test","NOT_APPLICABLE","NOT_APPLICABLE","correct","head:\bNOT\s+APPLICABLE\b","['Pearson Correlation Coefficient', 'Spearman Correlation Coefficient', 'Kendall Correlation Coefficient']"
"18","Correlation Analysis","easy","Shapiro-Wilk Test of Normality","NOT_APPLICABLE","NOT_APPLICABLE","correct","head:\bNOT\s+APPLICABLE\b","['Pearson Correlation Coefficient', 'Spearman Correlation Coefficient', 'Kendall Correlation Coefficient']"
"18","Correlation Analysis","easy","Kolmogorov-Smirnov Test for Normality","NOT_APPLICABLE","NOT_APPLICABLE","correct","head:\bNOT\s+APPLICABLE\b","['Pearson Correlation Coefficient', 'Spearman Correlation Coefficient', 'Kendall Correlation Coefficient']"
"18","Correlation Analysis","easy","Lilliefors Test","NOT_APPLICABLE","NOT_APPLICABLE","correct","head:\bNOT\s+APPLICABLE\b","['Pearson Correlation Coefficient', 'Spearman Correlation Coefficient', 'Kendall Correlation Coefficient']"
"18","Correlation Analysis","easy","Kolmogorov-Smirnov Test","NOT_APPLICABLE","NOT_APPLICABLE","correct","head:\bNOT\s+APPLICABLE\b","['Pearson Correlation Coefficient', 'Spearman Correlation Coefficient', 'Kendall Correlation Coefficient']"
"18","Correlation Analysis","easy","Kolmogorov-Smirnov Test for Uniform distribution","NOT_APPLICABLE","NOT_APPLICABLE","correct","head:\bNOT\s+APPLICABLE\b","['Pearson Correlation Coefficient', 'Spearman Correlation Coefficient', 'Kendall Correlation Coefficient']"
"18","Correlation Analysis","easy","Kolmogorov-Smirnov Test for Gamma distribution","NOT_APPLICABLE","NOT_APPLICABLE","correct","head:\bNOT\s+APPLICABLE\b","['Pearson Correlation Coefficient', 'Spearman Correlation Coefficient', 'Kendall Correlation Coefficient']"
"18","Correlation Analysis","easy","Kolmogorov-Smirnov Test for Exponential distribution","NOT_APPLICABLE","NOT_APPLICABLE","correct","head:\bNOT\s+APPLICABLE\b","['Pearson Correlation Coefficient', 'Spearman Correlation Coefficient', 'Kendall Correlation Coefficient']"
"18","Correlation Analysis","easy","Chi-square Independence Test","NOT_APPLICABLE","NOT_APPLICABLE","correct","head:\bNOT\s+APPLICABLE\b","['Pearson Correlation Coefficient', 'Spearman Correlation Coefficient', 'Kendall Correlation Coefficient']"
"18","Correlation Analysis","easy","Fisher Exact Test","NOT_APPLICABLE","NOT_APPLICABLE","correct","head:\bNOT\s+APPLICABLE\b","['Pearson Correlation Coefficient', 'Spearman Correlation Coefficient', 'Kendall Correlation Coefficient']"
"18","Correlation Analysis","easy","Mantel-Haenszel Test","NOT_APPLICABLE","NOT_APPLICABLE","correct","head:\bNOT\s+APPLICABLE\b","['Pearson Correlation Coefficient', 'Spearman Correlation Coefficient', 'Kendall Correlation Coefficient']"
"18","Correlation Analysis","easy","Mean","NOT_APPLICABLE","NOT_APPLICABLE","correct","head:\bNOT\s+APPLICABLE\b","['Pearson Correlation Coefficient', 'Spearman Correlation Coefficient', 'Kendall Correlation Coefficient']"
"18","Correlation Analysis","easy","Median","NOT_APPLICABLE","NOT_APPLICABLE","correct","head:\bNOT\s+APPLICABLE\b","['Pearson Correlation Coefficient', 'Spearman Correlation Coefficient', 'Kendall Correlation Coefficient']"
"18","Correlation Analysis","easy","Mode","NOT_APPLICABLE","NOT_APPLICABLE","correct","head:\bNOT\s+APPLICABLE\b","['Pearson Correlation Coefficient', 'Spearman Correlation Coefficient', 'Kendall Correlation Coefficient']"
"18","Correlation Analysis","easy","Range","NOT_APPLICABLE","NOT_APPLICABLE","correct","head:\bNOT\s+APPLICABLE\b","['Pearson Correlation Coefficient', 'Spearman Correlation Coefficient', 'Kendall Correlation Coefficient']"
"18","Correlation Analysis","easy","Quartile","NOT_APPLICABLE","NOT_APPLICABLE","correct","head:\bNOT\s+APPLICABLE\b","['Pearson Correlation Coefficient', 'Spearman Correlation Coefficient', 'Kendall Correlation Coefficient']"
"18","Correlation Analysis","easy","Standard Deviation","NOT_APPLICABLE","NOT_APPLICABLE","correct","head:\bNOT\s+APPLICABLE\b","['Pearson Correlation Coefficient', 'Spearman Correlation Coefficient', 'Kendall Correlation Coefficient']"
"18","Correlation Analysis","easy","Skewness","APPLICABLE","NOT_APPLICABLE","wrong","head:\bAPPLICABLE\b","['Pearson Correlation Coefficient', 'Spearman Correlation Coefficient', 'Kendall Correlation Coefficient']"
"18","Correlation Analysis","easy","Kurtosis","NOT_APPLICABLE","NOT_APPLICABLE","correct","head:\bNOT\s+APPLICABLE\b","['Pearson Correlation Coefficient', 'Spearman Correlation Coefficient', 'Kendall Correlation Coefficient']"
"18","Correlation Analysis","easy","Mood Variance Test","NOT_APPLICABLE","NOT_APPLICABLE","correct","head:\bNOT\s+APPLICABLE\b","['Pearson Correlation Coefficient', 'Spearman Correlation Coefficient', 'Kendall Correlation Coefficient']"
"18","Correlation Analysis","easy","Levene Test","NOT_APPLICABLE","NOT_APPLICABLE","correct","head:\bNOT\s+APPLICABLE\b","['Pearson Correlation Coefficient', 'Spearman Correlation Coefficient', 'Kendall Correlation Coefficient']"
"18","Correlation Analysis","easy","Bartlett Test","NOT_APPLICABLE","NOT_APPLICABLE","correct","head:\bNOT\s+APPLICABLE\b","['Pearson Correlation Coefficient', 'Spearman Correlation Coefficient', 'Kendall Correlation Coefficient']"
"18","Correlation Analysis","easy","F-Test for Variance","NOT_APPLICABLE","NOT_APPLICABLE","correct","head:\bNOT\s+APPLICABLE\b","['Pearson Correlation Coefficient', 'Spearman Correlation Coefficient', 'Kendall Correlation Coefficient']"
"19","Contingency Table Test","hard","Pearson Correlation Coefficient","NOT_APPLICABLE","NOT_APPLICABLE","correct","head:\bNOT\s+APPLICABLE\b","['Chi-square Independence Test']"
"19","Contingency Table Test","hard","Spearman Correlation Coefficient","NOT_APPLICABLE","NOT_APPLICABLE","correct","head:\bNOT\s+APPLICABLE\b","['Chi-square Independence Test']"
"19","Contingency Table Test","hard","Kendall Correlation Coefficient","NOT_APPLICABLE","NOT_APPLICABLE","correct","head:\bNOT\s+APPLICABLE\b","['Chi-square Independence Test']"
"19","Contingency Table Test","hard","Partial Correlation Coefficient","NOT_APPLICABLE","NOT_APPLICABLE","correct","head:\bNOT\s+APPLICABLE\b","['Chi-square Independence Test']"
"19","Contingency Table Test","hard","Anderson-Darling Test","NOT_APPLICABLE","NOT_APPLICABLE","correct","head:\bNOT\s+APPLICABLE\b","['Chi-square Independence Test']"
"19","Contingency Table Test","hard","Shapiro-Wilk Test of Normality","NOT_APPLICABLE","NOT_APPLICABLE","correct","head:\bNOT\s+APPLICABLE\b","['Chi-square Independence Test']"
"19","Contingency Table Test","hard","Kolmogorov-Smirnov Test for Normality","NOT_APPLICABLE","NOT_APPLICABLE","correct","head:\bNOT\s+APPLICABLE\b","['Chi-square Independence Test']"
"19","Contingency Table Test","hard","Lilliefors Test","NOT_APPLICABLE","NOT_APPLICABLE","correct","head:\bNOT\s+APPLICABLE\b","['Chi-square Independence Test']"
"19","Contingency Table Test","hard","Kolmogorov-Smirnov Test","NOT_APPLICABLE","NOT_APPLICABLE","correct","head:\bNOT\s+APPLICABLE\b","['Chi-square Independence Test']"
"19","Contingency Table Test","hard","Kolmogorov-Smirnov Test for Uniform distribution","NOT_APPLICABLE","NOT_APPLICABLE","correct","head:\bNOT\s+APPLICABLE\b","['Chi-square Independence Test']"
"19","Contingency Table Test","hard","Kolmogorov-Smirnov Test for Gamma distribution","NOT_APPLICABLE","NOT_APPLICABLE","correct","head:\bNOT\s+APPLICABLE\b","['Chi-square Independence Test']"
"19","Contingency Table Test","hard","Kolmogorov-Smirnov Test for Exponential distribution","NOT_APPLICABLE","NOT_APPLICABLE","correct","head:\bNOT\s+APPLICABLE\b","['Chi-square Independence Test']"
"19","Contingency Table Test","hard","Chi-square Independence Test","APPLICABLE","APPLICABLE","correct","head:\bAPPLICABLE\b","['Chi-square Independence Test']"
"19","Contingency Table Test","hard","Fisher Exact Test","NOT_APPLICABLE","NOT_APPLICABLE","correct","head:\bNOT\s+APPLICABLE\b","['Chi-square Independence Test']"
"19","Contingency Table Test","hard","Mantel-Haenszel Test","NOT_APPLICABLE","NOT_APPLICABLE","correct","head:\bNOT\s+APPLICABLE\b","['Chi-square Independence Test']"
"19","Contingency Table Test","hard","Mean","NOT_APPLICABLE","NOT_APPLICABLE","correct","head:\bNOT\s+APPLICABLE\b","['Chi-square Independence Test']"
"19","Contingency Table Test","hard","Median","NOT_APPLICABLE","NOT_APPLICABLE","correct","head:\bNOT\s+APPLICABLE\b","['Chi-square Independence Test']"
"19","Contingency Table Test","hard","Mode","NOT_APPLICABLE","NOT_APPLICABLE","correct","head:\bNOT\s+APPLICABLE\b","['Chi-square Independence Test']"
"19","Contingency Table Test","hard","Range","NOT_APPLICABLE","NOT_APPLICABLE","correct","head:\bNOT\s+APPLICABLE\b","['Chi-square Independence Test']"
"19","Contingency Table Test","hard","Quartile","NOT_APPLICABLE","NOT_APPLICABLE","correct","head:\bNOT\s+APPLICABLE\b","['Chi-square Independence Test']"
"19","Contingency Table Test","hard","Standard Deviation","NOT_APPLICABLE","NOT_APPLICABLE","correct","head:\bNOT\s+APPLICABLE\b","['Chi-square Independence Test']"
"19","Contingency Table Test","hard","Skewness","NOT_APPLICABLE","NOT_APPLICABLE","correct","head:\bNOT\s+APPLICABLE\b","['Chi-square Independence Test']"
"19","Contingency Table Test","hard","Kurtosis","NOT_APPLICABLE","NOT_APPLICABLE","correct","head:\bNOT\s+APPLICABLE\b","['Chi-square Independence Test']"
"19","Contingency Table Test","hard","Mood Variance Test","NOT_APPLICABLE","NOT_APPLICABLE","correct","head:\bNOT\s+APPLICABLE\b","['Chi-square Independence Test']"
"19","Contingency Table Test","hard","Levene Test","NOT_APPLICABLE","NOT_APPLICABLE","correct","head:\bNOT\s+APPLICABLE\b","['Chi-square Independence Test']"
"19","Contingency Table Test","hard","Bartlett Test","NOT_APPLICABLE","NOT_APPLICABLE","correct","head:\bNOT\s+APPLICABLE\b","['Chi-square Independence Test']"
"19","Contingency Table Test","hard","F-Test for Variance","NOT_APPLICABLE","NOT_APPLICABLE","correct","head:\bNOT\s+APPLICABLE\b","['Chi-square Independence Test']"
"20","Contingency Table Test","easy","Pearson Correlation Coefficient","NOT_APPLICABLE","NOT_APPLICABLE","correct","head:\bNOT\s+APPLICABLE\b","['Chi-square Independence Test', 'Fisher Exact Test']"
"20","Contingency Table Test","easy","Spearman Correlation Coefficient","NOT_APPLICABLE","NOT_APPLICABLE","correct","head:\bNOT\s+APPLICABLE\b","['Chi-square Independence Test', 'Fisher Exact Test']"
"20","Contingency Table Test","easy","Kendall Correlation Coefficient","NOT_APPLICABLE","NOT_APPLICABLE","correct","head:\bNOT\s+APPLICABLE\b","['Chi-square Independence Test', 'Fisher Exact Test']"
"20","Contingency Table Test","easy","Partial Correlation Coefficient","NOT_APPLICABLE","NOT_APPLICABLE","correct","head:\bNOT\s+APPLICABLE\b","['Chi-square Independence Test', 'Fisher Exact Test']"
"20","Contingency Table Test","easy","Anderson-Darling Test","NOT_APPLICABLE","NOT_APPLICABLE","correct","head:\bNOT\s+APPLICABLE\b","['Chi-square Independence Test', 'Fisher Exact Test']"
"20","Contingency Table Test","easy","Shapiro-Wilk Test of Normality","NOT_APPLICABLE","NOT_APPLICABLE","correct","head:\bNOT\s+APPLICABLE\b","['Chi-square Independence Test', 'Fisher Exact Test']"
"20","Contingency Table Test","easy","Kolmogorov-Smirnov Test for Normality","NOT_APPLICABLE","NOT_APPLICABLE","correct","head:\bNOT\s+APPLICABLE\b","['Chi-square Independence Test', 'Fisher Exact Test']"
"20","Contingency Table Test","easy","Lilliefors Test","NOT_APPLICABLE","NOT_APPLICABLE","correct","head:\bNOT\s+APPLICABLE\b","['Chi-square Independence Test', 'Fisher Exact Test']"
"20","Contingency Table Test","easy","Kolmogorov-Smirnov Test","NOT_APPLICABLE","NOT_APPLICABLE","correct","head:\bNOT\s+APPLICABLE\b","['Chi-square Independence Test', 'Fisher Exact Test']"
"20","Contingency Table Test","easy","Kolmogorov-Smirnov Test for Uniform distribution","NOT_APPLICABLE","NOT_APPLICABLE","correct","head:\bNOT\s+APPLICABLE\b","['Chi-square Independence Test', 'Fisher Exact Test']"
"20","Contingency Table Test","easy","Kolmogorov-Smirnov Test for Gamma distribution","NOT_APPLICABLE","NOT_APPLICABLE","correct","head:\bNOT\s+APPLICABLE\b","['Chi-square Independence Test', 'Fisher Exact Test']"
"20","Contingency Table Test","easy","Kolmogorov-Smirnov Test for Exponential distribution","NOT_APPLICABLE","NOT_APPLICABLE","correct","head:\bNOT\s+APPLICABLE\b","['Chi-square Independence Test', 'Fisher Exact Test']"
"20","Contingency Table Test","easy","Chi-square Independence Test","APPLICABLE","APPLICABLE","correct","head:\bAPPLICABLE\b","['Chi-square Independence Test', 'Fisher Exact Test']"
"20","Contingency Table Test","easy","Fisher Exact Test","NOT_APPLICABLE","APPLICABLE","wrong","head:\bNOT\s+APPLICABLE\b","['Chi-square Independence Test', 'Fisher Exact Test']"
"20","Contingency Table Test","easy","Mantel-Haenszel Test","NOT_APPLICABLE","NOT_APPLICABLE","correct","head:\bNOT\s+APPLICABLE\b","['Chi-square Independence Test', 'Fisher Exact Test']"
"20","Contingency Table Test","easy","Mean","NOT_APPLICABLE","NOT_APPLICABLE","correct","head:\bNOT\s+APPLICABLE\b","['Chi-square Independence Test', 'Fisher Exact Test']"
"20","Contingency Table Test","easy","Median","NOT_APPLICABLE","NOT_APPLICABLE","correct","head:\bNOT\s+APPLICABLE\b","['Chi-square Independence Test', 'Fisher Exact Test']"
"20","Contingency Table Test","easy","Mode","NOT_APPLICABLE","NOT_APPLICABLE","correct","head:\bNOT\s+APPLICABLE\b","['Chi-square Independence Test', 'Fisher Exact Test']"
"20","Contingency Table Test","easy","Range","NOT_APPLICABLE","NOT_APPLICABLE","correct","head:\bNOT\s+APPLICABLE\b","['Chi-square Independence Test', 'Fisher Exact Test']"
"20","Contingency Table Test","easy","Quartile","NOT_APPLICABLE","NOT_APPLICABLE","correct","head:\bNOT\s+APPLICABLE\b","['Chi-square Independence Test', 'Fisher Exact Test']"
"20","Contingency Table Test","easy","Standard Deviation","NOT_APPLICABLE","NOT_APPLICABLE","correct","head:\bNOT\s+APPLICABLE\b","['Chi-square Independence Test', 'Fisher Exact Test']"
"20","Contingency Table Test","easy","Skewness","NOT_APPLICABLE","NOT_APPLICABLE","correct","head:\bNOT\s+APPLICABLE\b","['Chi-square Independence Test', 'Fisher Exact Test']"
"20","Contingency Table Test","easy","Kurtosis","NOT_APPLICABLE","NOT_APPLICABLE","correct","head:\bNOT\s+APPLICABLE\b","['Chi-square Independence Test', 'Fisher Exact Test']"
"20","Contingency Table Test","easy","Mood Variance Test","NOT_APPLICABLE","NOT_APPLICABLE","correct","head:\bNOT\s+APPLICABLE\b","['Chi-square Independence Test', 'Fisher Exact Test']"
"20","Contingency Table Test","easy","Levene Test","NOT_APPLICABLE","NOT_APPLICABLE","correct","head:\bNOT\s+APPLICABLE\b","['Chi-square Independence Test', 'Fisher Exact Test']"
"20","Contingency Table Test","easy","Bartlett Test","NOT_APPLICABLE","NOT_APPLICABLE","correct","head:\bNOT\s+APPLICABLE\b","['Chi-square Independence Test', 'Fisher Exact Test']"
"20","Contingency Table Test","easy","F-Test for Variance","NOT_APPLICABLE","NOT_APPLICABLE","correct","head:\bNOT\s+APPLICABLE\b","['Chi-square Independence Test', 'Fisher Exact Test']"
"21","Variance Test","easy","Pearson Correlation Coefficient","NOT_APPLICABLE","NOT_APPLICABLE","correct","head:\bNOT\s+APPLICABLE\b","['Mood Variance Test', 'Levene Test', 'Bartlett Test', 'F-Test for Variance']"
"21","Variance Test","easy","Spearman Correlation Coefficient","NOT_APPLICABLE","NOT_APPLICABLE","correct","head:\bNOT\s+APPLICABLE\b","['Mood Variance Test', 'Levene Test', 'Bartlett Test', 'F-Test for Variance']"
"21","Variance Test","easy","Kendall Correlation Coefficient","NOT_APPLICABLE","NOT_APPLICABLE","correct","head:\bNOT\s+APPLICABLE\b","['Mood Variance Test', 'Levene Test', 'Bartlett Test', 'F-Test for Variance']"
"21","Variance Test","easy","Partial Correlation Coefficient","NOT_APPLICABLE","NOT_APPLICABLE","correct","head:\bNOT\s+APPLICABLE\b","['Mood Variance Test', 'Levene Test', 'Bartlett Test', 'F-Test for Variance']"
"21","Variance Test","easy","Anderson-Darling Test","NOT_APPLICABLE","NOT_APPLICABLE","correct","head:\bNOT\s+APPLICABLE\b","['Mood Variance Test', 'Levene Test', 'Bartlett Test', 'F-Test for Variance']"
"21","Variance Test","easy","Shapiro-Wilk Test of Normality","NOT_APPLICABLE","NOT_APPLICABLE","correct","head:\bNOT\s+APPLICABLE\b","['Mood Variance Test', 'Levene Test', 'Bartlett Test', 'F-Test for Variance']"
"21","Variance Test","easy","Kolmogorov-Smirnov Test for Normality","NOT_APPLICABLE","NOT_APPLICABLE","correct","head:\bNOT\s+APPLICABLE\b","['Mood Variance Test', 'Levene Test', 'Bartlett Test', 'F-Test for Variance']"
"21","Variance Test","easy","Lilliefors Test","NOT_APPLICABLE","NOT_APPLICABLE","correct","head:\bNOT\s+APPLICABLE\b","['Mood Variance Test', 'Levene Test', 'Bartlett Test', 'F-Test for Variance']"
"21","Variance Test","easy","Kolmogorov-Smirnov Test","NOT_APPLICABLE","NOT_APPLICABLE","correct","head:\bNOT\s+APPLICABLE\b","['Mood Variance Test', 'Levene Test', 'Bartlett Test', 'F-Test for Variance']"
"21","Variance Test","easy","Kolmogorov-Smirnov Test for Uniform distribution","NOT_APPLICABLE","NOT_APPLICABLE","correct","head:\bNOT\s+APPLICABLE\b","['Mood Variance Test', 'Levene Test', 'Bartlett Test', 'F-Test for Variance']"
"21","Variance Test","easy","Kolmogorov-Smirnov Test for Gamma distribution","NOT_APPLICABLE","NOT_APPLICABLE","correct","head:\bNOT\s+APPLICABLE\b","['Mood Variance Test', 'Levene Test', 'Bartlett Test', 'F-Test for Variance']"
"21","Variance Test","easy","Kolmogorov-Smirnov Test for Exponential distribution","NOT_APPLICABLE","NOT_APPLICABLE","correct","head:\bNOT\s+APPLICABLE\b","['Mood Variance Test', 'Levene Test', 'Bartlett Test', 'F-Test for Variance']"
"21","Variance Test","easy","Chi-square Independence Test","NOT_APPLICABLE","NOT_APPLICABLE","correct","head:\bNOT\s+APPLICABLE\b","['Mood Variance Test', 'Levene Test', 'Bartlett Test', 'F-Test for Variance']"
"21","Variance Test","easy","Fisher Exact Test","NOT_APPLICABLE","NOT_APPLICABLE","correct","head:\bNOT\s+APPLICABLE\b","['Mood Variance Test', 'Levene Test', 'Bartlett Test', 'F-Test for Variance']"
"21","Variance Test","easy","Mantel-Haenszel Test","NOT_APPLICABLE","NOT_APPLICABLE","correct","head:\bNOT\s+APPLICABLE\b","['Mood Variance Test', 'Levene Test', 'Bartlett Test', 'F-Test for Variance']"
"21","Variance Test","easy","Mean","NOT_APPLICABLE","NOT_APPLICABLE","correct","head:\bNOT\s+APPLICABLE\b","['Mood Variance Test', 'Levene Test', 'Bartlett Test', 'F-Test for Variance']"
"21","Variance Test","easy","Median","NOT_APPLICABLE","NOT_APPLICABLE","correct","head:\bNOT\s+APPLICABLE\b","['Mood Variance Test', 'Levene Test', 'Bartlett Test', 'F-Test for Variance']"
"21","Variance Test","easy","Mode","NOT_APPLICABLE","NOT_APPLICABLE","correct","head:\bNOT\s+APPLICABLE\b","['Mood Variance Test', 'Levene Test', 'Bartlett Test', 'F-Test for Variance']"
"21","Variance Test","easy","Range","NOT_APPLICABLE","NOT_APPLICABLE","correct","head:\bNOT\s+APPLICABLE\b","['Mood Variance Test', 'Levene Test', 'Bartlett Test', 'F-Test for Variance']"
"21","Variance Test","easy","Quartile","NOT_APPLICABLE","NOT_APPLICABLE","correct","head:\bNOT\s+APPLICABLE\b","['Mood Variance Test', 'Levene Test', 'Bartlett Test', 'F-Test for Variance']"
"21","Variance Test","easy","Standard Deviation","APPLICABLE","NOT_APPLICABLE","wrong","head:\bAPPLICABLE\b","['Mood Variance Test', 'Levene Test', 'Bartlett Test', 'F-Test for Variance']"
"21","Variance Test","easy","Skewness","APPLICABLE","NOT_APPLICABLE","wrong","head:\bAPPLICABLE\b","['Mood Variance Test', 'Levene Test', 'Bartlett Test', 'F-Test for Variance']"
"21","Variance Test","easy","Kurtosis","NOT_APPLICABLE","NOT_APPLICABLE","correct","head:\bNOT\s+APPLICABLE\b","['Mood Variance Test', 'Levene Test', 'Bartlett Test', 'F-Test for Variance']"
"21","Variance Test","easy","Mood Variance Test","NOT_APPLICABLE","APPLICABLE","wrong","head:\bNOT\s+APPLICABLE\b","['Mood Variance Test', 'Levene Test', 'Bartlett Test', 'F-Test for Variance']"
"21","Variance Test","easy","Levene Test","APPLICABLE","APPLICABLE","correct","head:\bAPPLICABLE\b","['Mood Variance Test', 'Levene Test', 'Bartlett Test', 'F-Test for Variance']"
"21","Variance Test","easy","Bartlett Test","NOT_APPLICABLE","APPLICABLE","wrong","head:\bNOT\s+APPLICABLE\b","['Mood Variance Test', 'Levene Test', 'Bartlett Test', 'F-Test for Variance']"
"21","Variance Test","easy","F-Test for Variance","NOT_APPLICABLE","APPLICABLE","wrong","head:\bNOT\s+APPLICABLE\b","['Mood Variance Test', 'Levene Test', 'Bartlett Test', 'F-Test for Variance']"
"22","Contingency Table Test","hard","Pearson Correlation Coefficient","NOT_APPLICABLE","NOT_APPLICABLE","correct","head:\bNOT\s+APPLICABLE\b","['Chi-square Independence Test']"
"22","Contingency Table Test","hard","Spearman Correlation Coefficient","NOT_APPLICABLE","NOT_APPLICABLE","correct","head:\bNOT\s+APPLICABLE\b","['Chi-square Independence Test']"
"22","Contingency Table Test","hard","Kendall Correlation Coefficient","NOT_APPLICABLE","NOT_APPLICABLE","correct","head:\bNOT\s+APPLICABLE\b","['Chi-square Independence Test']"
"22","Contingency Table Test","hard","Partial Correlation Coefficient","NOT_APPLICABLE","NOT_APPLICABLE","correct","head:\bNOT\s+APPLICABLE\b","['Chi-square Independence Test']"
"22","Contingency Table Test","hard","Anderson-Darling Test","NOT_APPLICABLE","NOT_APPLICABLE","correct","head:\bNOT\s+APPLICABLE\b","['Chi-square Independence Test']"
"22","Contingency Table Test","hard","Shapiro-Wilk Test of Normality","NOT_APPLICABLE","NOT_APPLICABLE","correct","head:\bNOT\s+APPLICABLE\b","['Chi-square Independence Test']"
"22","Contingency Table Test","hard","Kolmogorov-Smirnov Test for Normality","NOT_APPLICABLE","NOT_APPLICABLE","correct","head:\bNOT\s+APPLICABLE\b","['Chi-square Independence Test']"
"22","Contingency Table Test","hard","Lilliefors Test","NOT_APPLICABLE","NOT_APPLICABLE","correct","head:\bNOT\s+APPLICABLE\b","['Chi-square Independence Test']"
"22","Contingency Table Test","hard","Kolmogorov-Smirnov Test","NOT_APPLICABLE","NOT_APPLICABLE","correct","head:\bNOT\s+APPLICABLE\b","['Chi-square Independence Test']"
"22","Contingency Table Test","hard","Kolmogorov-Smirnov Test for Uniform distribution","NOT_APPLICABLE","NOT_APPLICABLE","correct","head:\bNOT\s+APPLICABLE\b","['Chi-square Independence Test']"
"22","Contingency Table Test","hard","Kolmogorov-Smirnov Test for Gamma distribution","NOT_APPLICABLE","NOT_APPLICABLE","correct","head:\bNOT\s+APPLICABLE\b","['Chi-square Independence Test']"
"22","Contingency Table Test","hard","Kolmogorov-Smirnov Test for Exponential distribution","NOT_APPLICABLE","NOT_APPLICABLE","correct","head:\bNOT\s+APPLICABLE\b","['Chi-square Independence Test']"
"22","Contingency Table Test","hard","Chi-square Independence Test","APPLICABLE","APPLICABLE","correct","head:\bAPPLICABLE\b","['Chi-square Independence Test']"
"22","Contingency Table Test","hard","Fisher Exact Test","NOT_APPLICABLE","NOT_APPLICABLE","correct","head:\bNOT\s+APPLICABLE\b","['Chi-square Independence Test']"
"22","Contingency Table Test","hard","Mantel-Haenszel Test","NOT_APPLICABLE","NOT_APPLICABLE","correct","head:\bNOT\s+APPLICABLE\b","['Chi-square Independence Test']"
"22","Contingency Table Test","hard","Mean","NOT_APPLICABLE","NOT_APPLICABLE","correct","head:\bNOT\s+APPLICABLE\b","['Chi-square Independence Test']"
"22","Contingency Table Test","hard","Median","NOT_APPLICABLE","NOT_APPLICABLE","correct","head:\bNOT\s+APPLICABLE\b","['Chi-square Independence Test']"
"22","Contingency Table Test","hard","Mode","NOT_APPLICABLE","NOT_APPLICABLE","correct","head:\bNOT\s+APPLICABLE\b","['Chi-square Independence Test']"
"22","Contingency Table Test","hard","Range","NOT_APPLICABLE","NOT_APPLICABLE","correct","head:\bNOT\s+APPLICABLE\b","['Chi-square Independence Test']"
"22","Contingency Table Test","hard","Quartile","NOT_APPLICABLE","NOT_APPLICABLE","correct","head:\bNOT\s+APPLICABLE\b","['Chi-square Independence Test']"
"22","Contingency Table Test","hard","Standard Deviation","NOT_APPLICABLE","NOT_APPLICABLE","correct","head:\bNOT\s+APPLICABLE\b","['Chi-square Independence Test']"
"22","Contingency Table Test","hard","Skewness","NOT_APPLICABLE","NOT_APPLICABLE","correct","head:\bNOT\s+APPLICABLE\b","['Chi-square Independence Test']"
"22","Contingency Table Test","hard","Kurtosis","NOT_APPLICABLE","NOT_APPLICABLE","correct","head:\bNOT\s+APPLICABLE\b","['Chi-square Independence Test']"
"22","Contingency Table Test","hard","Mood Variance Test","NOT_APPLICABLE","NOT_APPLICABLE","correct","head:\bNOT\s+APPLICABLE\b","['Chi-square Independence Test']"
"22","Contingency Table Test","hard","Levene Test","NOT_APPLICABLE","NOT_APPLICABLE","correct","head:\bNOT\s+APPLICABLE\b","['Chi-square Independence Test']"
"22","Contingency Table Test","hard","Bartlett Test","NOT_APPLICABLE","NOT_APPLICABLE","correct","head:\bNOT\s+APPLICABLE\b","['Chi-square Independence Test']"
"22","Contingency Table Test","hard","F-Test for Variance","NOT_APPLICABLE","NOT_APPLICABLE","correct","head:\bNOT\s+APPLICABLE\b","['Chi-square Independence Test']"
"23","Variance Test","easy","Pearson Correlation Coefficient","NOT_APPLICABLE","NOT_APPLICABLE","correct","head:\bNOT\s+APPLICABLE\b","['Mood Variance Test', 'Levene Test', 'Bartlett Test', 'F-Test for Variance']"
"23","Variance Test","easy","Spearman Correlation Coefficient","NOT_APPLICABLE","NOT_APPLICABLE","correct","head:\bNOT\s+APPLICABLE\b","['Mood Variance Test', 'Levene Test', 'Bartlett Test', 'F-Test for Variance']"
"23","Variance Test","easy","Kendall Correlation Coefficient","NOT_APPLICABLE","NOT_APPLICABLE","correct","head:\bNOT\s+APPLICABLE\b","['Mood Variance Test', 'Levene Test', 'Bartlett Test', 'F-Test for Variance']"
"23","Variance Test","easy","Partial Correlation Coefficient","NOT_APPLICABLE","NOT_APPLICABLE","correct","head:\bNOT\s+APPLICABLE\b","['Mood Variance Test', 'Levene Test', 'Bartlett Test', 'F-Test for Variance']"
"23","Variance Test","easy","Anderson-Darling Test","NOT_APPLICABLE","NOT_APPLICABLE","correct","head:\bNOT\s+APPLICABLE\b","['Mood Variance Test', 'Levene Test', 'Bartlett Test', 'F-Test for Variance']"
"23","Variance Test","easy","Shapiro-Wilk Test of Normality","NOT_APPLICABLE","NOT_APPLICABLE","correct","head:\bNOT\s+APPLICABLE\b","['Mood Variance Test', 'Levene Test', 'Bartlett Test', 'F-Test for Variance']"
"23","Variance Test","easy","Kolmogorov-Smirnov Test for Normality","NOT_APPLICABLE","NOT_APPLICABLE","correct","head:\bNOT\s+APPLICABLE\b","['Mood Variance Test', 'Levene Test', 'Bartlett Test', 'F-Test for Variance']"
"23","Variance Test","easy","Lilliefors Test","NOT_APPLICABLE","NOT_APPLICABLE","correct","head:\bNOT\s+APPLICABLE\b","['Mood Variance Test', 'Levene Test', 'Bartlett Test', 'F-Test for Variance']"
"23","Variance Test","easy","Kolmogorov-Smirnov Test","NOT_APPLICABLE","NOT_APPLICABLE","correct","head:\bNOT\s+APPLICABLE\b","['Mood Variance Test', 'Levene Test', 'Bartlett Test', 'F-Test for Variance']"
"23","Variance Test","easy","Kolmogorov-Smirnov Test for Uniform distribution","NOT_APPLICABLE","NOT_APPLICABLE","correct","head:\bNOT\s+APPLICABLE\b","['Mood Variance Test', 'Levene Test', 'Bartlett Test', 'F-Test for Variance']"
"23","Variance Test","easy","Kolmogorov-Smirnov Test for Gamma distribution","NOT_APPLICABLE","NOT_APPLICABLE","correct","head:\bNOT\s+APPLICABLE\b","['Mood Variance Test', 'Levene Test', 'Bartlett Test', 'F-Test for Variance']"
"23","Variance Test","easy","Kolmogorov-Smirnov Test for Exponential distribution","NOT_APPLICABLE","NOT_APPLICABLE","correct","head:\bNOT\s+APPLICABLE\b","['Mood Variance Test', 'Levene Test', 'Bartlett Test', 'F-Test for Variance']"
"23","Variance Test","easy","Chi-square Independence Test","NOT_APPLICABLE","NOT_APPLICABLE","correct","head:\bNOT\s+APPLICABLE\b","['Mood Variance Test', 'Levene Test', 'Bartlett Test', 'F-Test for Variance']"
"23","Variance Test","easy","Fisher Exact Test","NOT_APPLICABLE","NOT_APPLICABLE","correct","head:\bNOT\s+APPLICABLE\b","['Mood Variance Test', 'Levene Test', 'Bartlett Test', 'F-Test for Variance']"
"23","Variance Test","easy","Mantel-Haenszel Test","NOT_APPLICABLE","NOT_APPLICABLE","correct","head:\bNOT\s+APPLICABLE\b","['Mood Variance Test', 'Levene Test', 'Bartlett Test', 'F-Test for Variance']"
"23","Variance Test","easy","Mean","NOT_APPLICABLE","NOT_APPLICABLE","correct","head:\bNOT\s+APPLICABLE\b","['Mood Variance Test', 'Levene Test', 'Bartlett Test', 'F-Test for Variance']"
"23","Variance Test","easy","Median","NOT_APPLICABLE","NOT_APPLICABLE","correct","head:\bNOT\s+APPLICABLE\b","['Mood Variance Test', 'Levene Test', 'Bartlett Test', 'F-Test for Variance']"
"23","Variance Test","easy","Mode","NOT_APPLICABLE","NOT_APPLICABLE","correct","head:\bNOT\s+APPLICABLE\b","['Mood Variance Test', 'Levene Test', 'Bartlett Test', 'F-Test for Variance']"
"23","Variance Test","easy","Range","NOT_APPLICABLE","NOT_APPLICABLE","correct","head:\bNOT\s+APPLICABLE\b","['Mood Variance Test', 'Levene Test', 'Bartlett Test', 'F-Test for Variance']"
"23","Variance Test","easy","Quartile","NOT_APPLICABLE","NOT_APPLICABLE","correct","head:\bNOT\s+APPLICABLE\b","['Mood Variance Test', 'Levene Test', 'Bartlett Test', 'F-Test for Variance']"
"23","Variance Test","easy","Standard Deviation","APPLICABLE","NOT_APPLICABLE","wrong","head:\bAPPLICABLE\b","['Mood Variance Test', 'Levene Test', 'Bartlett Test', 'F-Test for Variance']"
"23","Variance Test","easy","Skewness","NOT_APPLICABLE","NOT_APPLICABLE","correct","head:\bNOT\s+APPLICABLE\b","['Mood Variance Test', 'Levene Test', 'Bartlett Test', 'F-Test for Variance']"
"23","Variance Test","easy","Kurtosis","NOT_APPLICABLE","NOT_APPLICABLE","correct","head:\bNOT\s+APPLICABLE\b","['Mood Variance Test', 'Levene Test', 'Bartlett Test', 'F-Test for Variance']"
"23","Variance Test","easy","Mood Variance Test","NOT_APPLICABLE","APPLICABLE","wrong","head:\bNOT\s+APPLICABLE\b","['Mood Variance Test', 'Levene Test', 'Bartlett Test', 'F-Test for Variance']"
"23","Variance Test","easy","Levene Test","APPLICABLE","APPLICABLE","correct","head:\bAPPLICABLE\b","['Mood Variance Test', 'Levene Test', 'Bartlett Test', 'F-Test for Variance']"
"23","Variance Test","easy","Bartlett Test","NOT_APPLICABLE","APPLICABLE","wrong","head:\bNOT\s+APPLICABLE\b","['Mood Variance Test', 'Levene Test', 'Bartlett Test', 'F-Test for Variance']"
"23","Variance Test","easy","F-Test for Variance","NOT_APPLICABLE","APPLICABLE","wrong","head:\bNOT\s+APPLICABLE\b","['Mood Variance Test', 'Levene Test', 'Bartlett Test', 'F-Test for Variance']"
"24","Distribution Compliance Test","easy","Pearson Correlation Coefficient","NOT_APPLICABLE","NOT_APPLICABLE","correct","head:\bNOT\s+APPLICABLE\b","['Kolmogorov-Smirnov Test for Gamma distribution']"
"24","Distribution Compliance Test","easy","Spearman Correlation Coefficient","NOT_APPLICABLE","NOT_APPLICABLE","correct","head:\bNOT\s+APPLICABLE\b","['Kolmogorov-Smirnov Test for Gamma distribution']"
"24","Distribution Compliance Test","easy","Kendall Correlation Coefficient","NOT_APPLICABLE","NOT_APPLICABLE","correct","head:\bNOT\s+APPLICABLE\b","['Kolmogorov-Smirnov Test for Gamma distribution']"
"24","Distribution Compliance Test","easy","Partial Correlation Coefficient","NOT_APPLICABLE","NOT_APPLICABLE","correct","head:\bNOT\s+APPLICABLE\b","['Kolmogorov-Smirnov Test for Gamma distribution']"
"24","Distribution Compliance Test","easy","Anderson-Darling Test","APPLICABLE","NOT_APPLICABLE","wrong","head:\bAPPLICABLE\b","['Kolmogorov-Smirnov Test for Gamma distribution']"
"24","Distribution Compliance Test","easy","Shapiro-Wilk Test of Normality","NOT_APPLICABLE","NOT_APPLICABLE","correct","head:\bNOT\s+APPLICABLE\b","['Kolmogorov-Smirnov Test for Gamma distribution']"
"24","Distribution Compliance Test","easy","Kolmogorov-Smirnov Test for Normality","NOT_APPLICABLE","NOT_APPLICABLE","correct","head:\bNOT\s+APPLICABLE\b","['Kolmogorov-Smirnov Test for Gamma distribution']"
"24","Distribution Compliance Test","easy","Lilliefors Test","APPLICABLE","NOT_APPLICABLE","wrong","head:\bAPPLICABLE\b","['Kolmogorov-Smirnov Test for Gamma distribution']"
"24","Distribution Compliance Test","easy","Kolmogorov-Smirnov Test","APPLICABLE","NOT_APPLICABLE","wrong","head:\bAPPLICABLE\b","['Kolmogorov-Smirnov Test for Gamma distribution']"
"24","Distribution Compliance Test","easy","Kolmogorov-Smirnov Test for Uniform distribution","NOT_APPLICABLE","NOT_APPLICABLE","correct","head:\bNOT\s+APPLICABLE\b","['Kolmogorov-Smirnov Test for Gamma distribution']"
"24","Distribution Compliance Test","easy","Kolmogorov-Smirnov Test for Gamma distribution","APPLICABLE","APPLICABLE","correct","head:\bAPPLICABLE\b","['Kolmogorov-Smirnov Test for Gamma distribution']"
"24","Distribution Compliance Test","easy","Kolmogorov-Smirnov Test for Exponential distribution","NOT_APPLICABLE","NOT_APPLICABLE","correct","head:\bNOT\s+APPLICABLE\b","['Kolmogorov-Smirnov Test for Gamma distribution']"
"24","Distribution Compliance Test","easy","Chi-square Independence Test","NOT_APPLICABLE","NOT_APPLICABLE","correct","head:\bNOT\s+APPLICABLE\b","['Kolmogorov-Smirnov Test for Gamma distribution']"
"24","Distribution Compliance Test","easy","Fisher Exact Test","NOT_APPLICABLE","NOT_APPLICABLE","correct","head:\bNOT\s+APPLICABLE\b","['Kolmogorov-Smirnov Test for Gamma distribution']"
"24","Distribution Compliance Test","easy","Mantel-Haenszel Test","NOT_APPLICABLE","NOT_APPLICABLE","correct","head:\bNOT\s+APPLICABLE\b","['Kolmogorov-Smirnov Test for Gamma distribution']"
"24","Distribution Compliance Test","easy","Mean","NOT_APPLICABLE","NOT_APPLICABLE","correct","head:\bNOT\s+APPLICABLE\b","['Kolmogorov-Smirnov Test for Gamma distribution']"
"24","Distribution Compliance Test","easy","Median","APPLICABLE","NOT_APPLICABLE","wrong","head:\bAPPLICABLE\b","['Kolmogorov-Smirnov Test for Gamma distribution']"
"24","Distribution Compliance Test","easy","Mode","NOT_APPLICABLE","NOT_APPLICABLE","correct","head:\bNOT\s+APPLICABLE\b","['Kolmogorov-Smirnov Test for Gamma distribution']"
"24","Distribution Compliance Test","easy","Range","NOT_APPLICABLE","NOT_APPLICABLE","correct","head:\bNOT\s+APPLICABLE\b","['Kolmogorov-Smirnov Test for Gamma distribution']"
"24","Distribution Compliance Test","easy","Quartile","NOT_APPLICABLE","NOT_APPLICABLE","correct","head:\bNOT\s+APPLICABLE\b","['Kolmogorov-Smirnov Test for Gamma distribution']"
"24","Distribution Compliance Test","easy","Standard Deviation","NOT_APPLICABLE","NOT_APPLICABLE","correct","head:\bNOT\s+APPLICABLE\b","['Kolmogorov-Smirnov Test for Gamma distribution']"
"24","Distribution Compliance Test","easy","Skewness","APPLICABLE","NOT_APPLICABLE","wrong","head:\bAPPLICABLE\b","['Kolmogorov-Smirnov Test for Gamma distribution']"
"24","Distribution Compliance Test","easy","Kurtosis","APPLICABLE","NOT_APPLICABLE","wrong","head:\bAPPLICABLE\b","['Kolmogorov-Smirnov Test for Gamma distribution']"
"24","Distribution Compliance Test","easy","Mood Variance Test","NOT_APPLICABLE","NOT_APPLICABLE","correct","head:\bNOT\s+APPLICABLE\b","['Kolmogorov-Smirnov Test for Gamma distribution']"
"24","Distribution Compliance Test","easy","Levene Test","NOT_APPLICABLE","NOT_APPLICABLE","correct","head:\bNOT\s+APPLICABLE\b","['Kolmogorov-Smirnov Test for Gamma distribution']"
"24","Distribution Compliance Test","easy","Bartlett Test","NOT_APPLICABLE","NOT_APPLICABLE","correct","head:\bNOT\s+APPLICABLE\b","['Kolmogorov-Smirnov Test for Gamma distribution']"
"24","Distribution Compliance Test","easy","F-Test for Variance","NOT_APPLICABLE","NOT_APPLICABLE","correct","head:\bNOT\s+APPLICABLE\b","['Kolmogorov-Smirnov Test for Gamma distribution']"
"25","Correlation Analysis","easy","Pearson Correlation Coefficient","NOT_APPLICABLE","NOT_APPLICABLE","correct","head:\bNOT\s+APPLICABLE\b","['Partial Correlation Coefficient']"
"25","Correlation Analysis","easy","Spearman Correlation Coefficient","NOT_APPLICABLE","NOT_APPLICABLE","correct","head:\bNOT\s+APPLICABLE\b","['Partial Correlation Coefficient']"
"25","Correlation Analysis","easy","Kendall Correlation Coefficient","NOT_APPLICABLE","NOT_APPLICABLE","correct","head:\bNOT\s+APPLICABLE\b","['Partial Correlation Coefficient']"
"25","Correlation Analysis","easy","Partial Correlation Coefficient","APPLICABLE","APPLICABLE","correct","head:\bAPPLICABLE\b","['Partial Correlation Coefficient']"
"25","Correlation Analysis","easy","Anderson-Darling Test","NOT_APPLICABLE","NOT_APPLICABLE","correct","head:\bNOT\s+APPLICABLE\b","['Partial Correlation Coefficient']"
"25","Correlation Analysis","easy","Shapiro-Wilk Test of Normality","NOT_APPLICABLE","NOT_APPLICABLE","correct","head:\bNOT\s+APPLICABLE\b","['Partial Correlation Coefficient']"
"25","Correlation Analysis","easy","Kolmogorov-Smirnov Test for Normality","NOT_APPLICABLE","NOT_APPLICABLE","correct","head:\bNOT\s+APPLICABLE\b","['Partial Correlation Coefficient']"
"25","Correlation Analysis","easy","Lilliefors Test","NOT_APPLICABLE","NOT_APPLICABLE","correct","head:\bNOT\s+APPLICABLE\b","['Partial Correlation Coefficient']"
"25","Correlation Analysis","easy","Kolmogorov-Smirnov Test","NOT_APPLICABLE","NOT_APPLICABLE","correct","head:\bNOT\s+APPLICABLE\b","['Partial Correlation Coefficient']"
"25","Correlation Analysis","easy","Kolmogorov-Smirnov Test for Uniform distribution","NOT_APPLICABLE","NOT_APPLICABLE","correct","head:\bNOT\s+APPLICABLE\b","['Partial Correlation Coefficient']"
"25","Correlation Analysis","easy","Kolmogorov-Smirnov Test for Gamma distribution","NOT_APPLICABLE","NOT_APPLICABLE","correct","head:\bNOT\s+APPLICABLE\b","['Partial Correlation Coefficient']"
"25","Correlation Analysis","easy","Kolmogorov-Smirnov Test for Exponential distribution","NOT_APPLICABLE","NOT_APPLICABLE","correct","head:\bNOT\s+APPLICABLE\b","['Partial Correlation Coefficient']"
"25","Correlation Analysis","easy","Chi-square Independence Test","NOT_APPLICABLE","NOT_APPLICABLE","correct","head:\bNOT\s+APPLICABLE\b","['Partial Correlation Coefficient']"
"25","Correlation Analysis","easy","Fisher Exact Test","NOT_APPLICABLE","NOT_APPLICABLE","correct","head:\bNOT\s+APPLICABLE\b","['Partial Correlation Coefficient']"
"25","Correlation Analysis","easy","Mantel-Haenszel Test","NOT_APPLICABLE","NOT_APPLICABLE","correct","head:\bNOT\s+APPLICABLE\b","['Partial Correlation Coefficient']"
"25","Correlation Analysis","easy","Mean","NOT_APPLICABLE","NOT_APPLICABLE","correct","head:\bNOT\s+APPLICABLE\b","['Partial Correlation Coefficient']"
"25","Correlation Analysis","easy","Median","NOT_APPLICABLE","NOT_APPLICABLE","correct","head:\bNOT\s+APPLICABLE\b","['Partial Correlation Coefficient']"
"25","Correlation Analysis","easy","Mode","NOT_APPLICABLE","NOT_APPLICABLE","correct","head:\bNOT\s+APPLICABLE\b","['Partial Correlation Coefficient']"
"25","Correlation Analysis","easy","Range","NOT_APPLICABLE","NOT_APPLICABLE","correct","head:\bNOT\s+APPLICABLE\b","['Partial Correlation Coefficient']"
"25","Correlation Analysis","easy","Quartile","NOT_APPLICABLE","NOT_APPLICABLE","correct","head:\bNOT\s+APPLICABLE\b","['Partial Correlation Coefficient']"
"25","Correlation Analysis","easy","Standard Deviation","NOT_APPLICABLE","NOT_APPLICABLE","correct","head:\bNOT\s+APPLICABLE\b","['Partial Correlation Coefficient']"
"25","Correlation Analysis","easy","Skewness","NOT_APPLICABLE","NOT_APPLICABLE","correct","head:\bNOT\s+APPLICABLE\b","['Partial Correlation Coefficient']"
"25","Correlation Analysis","easy","Kurtosis","NOT_APPLICABLE","NOT_APPLICABLE","correct","head:\bNOT\s+APPLICABLE\b","['Partial Correlation Coefficient']"
"25","Correlation Analysis","easy","Mood Variance Test","NOT_APPLICABLE","NOT_APPLICABLE","correct","head:\bNOT\s+APPLICABLE\b","['Partial Correlation Coefficient']"
"25","Correlation Analysis","easy","Levene Test","NOT_APPLICABLE","NOT_APPLICABLE","correct","head:\bNOT\s+APPLICABLE\b","['Partial Correlation Coefficient']"
"25","Correlation Analysis","easy","Bartlett Test","NOT_APPLICABLE","NOT_APPLICABLE","correct","head:\bNOT\s+APPLICABLE\b","['Partial Correlation Coefficient']"
"25","Correlation Analysis","easy","F-Test for Variance","NOT_APPLICABLE","NOT_APPLICABLE","correct","head:\bNOT\s+APPLICABLE\b","['Partial Correlation Coefficient']"
"26","Descriptive Statistics","easy","Pearson Correlation Coefficient","NOT_APPLICABLE","NOT_APPLICABLE","correct","head:\bNOT\s+APPLICABLE\b","['Mean']"
"26","Descriptive Statistics","easy","Spearman Correlation Coefficient","NOT_APPLICABLE","NOT_APPLICABLE","correct","head:\bNOT\s+APPLICABLE\b","['Mean']"
"26","Descriptive Statistics","easy","Kendall Correlation Coefficient","NOT_APPLICABLE","NOT_APPLICABLE","correct","head:\bNOT\s+APPLICABLE\b","['Mean']"
"26","Descriptive Statistics","easy","Partial Correlation Coefficient","NOT_APPLICABLE","NOT_APPLICABLE","correct","head:\bNOT\s+APPLICABLE\b","['Mean']"
"26","Descriptive Statistics","easy","Anderson-Darling Test","NOT_APPLICABLE","NOT_APPLICABLE","correct","head:\bNOT\s+APPLICABLE\b","['Mean']"
"26","Descriptive Statistics","easy","Shapiro-Wilk Test of Normality","NOT_APPLICABLE","NOT_APPLICABLE","correct","head:\bNOT\s+APPLICABLE\b","['Mean']"
"26","Descriptive Statistics","easy","Kolmogorov-Smirnov Test for Normality","NOT_APPLICABLE","NOT_APPLICABLE","correct","head:\bNOT\s+APPLICABLE\b","['Mean']"
"26","Descriptive Statistics","easy","Lilliefors Test","NOT_APPLICABLE","NOT_APPLICABLE","correct","head:\bNOT\s+APPLICABLE\b","['Mean']"
"26","Descriptive Statistics","easy","Kolmogorov-Smirnov Test","NOT_APPLICABLE","NOT_APPLICABLE","correct","head:\bNOT\s+APPLICABLE\b","['Mean']"
"26","Descriptive Statistics","easy","Kolmogorov-Smirnov Test for Uniform distribution","NOT_APPLICABLE","NOT_APPLICABLE","correct","head:\bNOT\s+APPLICABLE\b","['Mean']"
"26","Descriptive Statistics","easy","Kolmogorov-Smirnov Test for Gamma distribution","NOT_APPLICABLE","NOT_APPLICABLE","correct","head:\bNOT\s+APPLICABLE\b","['Mean']"
"26","Descriptive Statistics","easy","Kolmogorov-Smirnov Test for Exponential distribution","NOT_APPLICABLE","NOT_APPLICABLE","correct","head:\bNOT\s+APPLICABLE\b","['Mean']"
"26","Descriptive Statistics","easy","Chi-square Independence Test","NOT_APPLICABLE","NOT_APPLICABLE","correct","head:\bNOT\s+APPLICABLE\b","['Mean']"
"26","Descriptive Statistics","easy","Fisher Exact Test","NOT_APPLICABLE","NOT_APPLICABLE","correct","head:\bNOT\s+APPLICABLE\b","['Mean']"
"26","Descriptive Statistics","easy","Mantel-Haenszel Test","NOT_APPLICABLE","NOT_APPLICABLE","correct","head:\bNOT\s+APPLICABLE\b","['Mean']"
"26","Descriptive Statistics","easy","Mean","APPLICABLE","APPLICABLE","correct","head:\bAPPLICABLE\b","['Mean']"
"26","Descriptive Statistics","easy","Median","APPLICABLE","NOT_APPLICABLE","wrong","head:\bAPPLICABLE\b","['Mean']"
"26","Descriptive Statistics","easy","Mode","NOT_APPLICABLE","NOT_APPLICABLE","correct","head:\bNOT\s+APPLICABLE\b","['Mean']"
"26","Descriptive Statistics","easy","Range","NOT_APPLICABLE","NOT_APPLICABLE","correct","head:\bNOT\s+APPLICABLE\b","['Mean']"
"26","Descriptive Statistics","easy","Quartile","NOT_APPLICABLE","NOT_APPLICABLE","correct","head:\bNOT\s+APPLICABLE\b","['Mean']"
"26","Descriptive Statistics","easy","Standard Deviation","APPLICABLE","NOT_APPLICABLE","wrong","head:\bAPPLICABLE\b","['Mean']"
"26","Descriptive Statistics","easy","Skewness","APPLICABLE","NOT_APPLICABLE","wrong","head:\bAPPLICABLE\b","['Mean']"
"26","Descriptive Statistics","easy","Kurtosis","NOT_APPLICABLE","NOT_APPLICABLE","correct","head:\bNOT\s+APPLICABLE\b","['Mean']"
"26","Descriptive Statistics","easy","Mood Variance Test","NOT_APPLICABLE","NOT_APPLICABLE","correct","head:\bNOT\s+APPLICABLE\b","['Mean']"
"26","Descriptive Statistics","easy","Levene Test","NOT_APPLICABLE","NOT_APPLICABLE","correct","head:\bNOT\s+APPLICABLE\b","['Mean']"
"26","Descriptive Statistics","easy","Bartlett Test","NOT_APPLICABLE","NOT_APPLICABLE","correct","head:\bNOT\s+APPLICABLE\b","['Mean']"
"26","Descriptive Statistics","easy","F-Test for Variance","NOT_APPLICABLE","NOT_APPLICABLE","correct","head:\bNOT\s+APPLICABLE\b","['Mean']"
"27","Descriptive Statistics","easy","Pearson Correlation Coefficient","NOT_APPLICABLE","NOT_APPLICABLE","correct","head:\bNOT\s+APPLICABLE\b","['Standard Deviation']"
"27","Descriptive Statistics","easy","Spearman Correlation Coefficient","NOT_APPLICABLE","NOT_APPLICABLE","correct","head:\bNOT\s+APPLICABLE\b","['Standard Deviation']"
"27","Descriptive Statistics","easy","Kendall Correlation Coefficient","NOT_APPLICABLE","NOT_APPLICABLE","correct","head:\bNOT\s+APPLICABLE\b","['Standard Deviation']"
"27","Descriptive Statistics","easy","Partial Correlation Coefficient","NOT_APPLICABLE","NOT_APPLICABLE","correct","head:\bNOT\s+APPLICABLE\b","['Standard Deviation']"
"27","Descriptive Statistics","easy","Anderson-Darling Test","NOT_APPLICABLE","NOT_APPLICABLE","correct","head:\bNOT\s+APPLICABLE\b","['Standard Deviation']"
"27","Descriptive Statistics","easy","Shapiro-Wilk Test of Normality","NOT_APPLICABLE","NOT_APPLICABLE","correct","head:\bNOT\s+APPLICABLE\b","['Standard Deviation']"
"27","Descriptive Statistics","easy","Kolmogorov-Smirnov Test for Normality","NOT_APPLICABLE","NOT_APPLICABLE","correct","head:\bNOT\s+APPLICABLE\b","['Standard Deviation']"
"27","Descriptive Statistics","easy","Lilliefors Test","NOT_APPLICABLE","NOT_APPLICABLE","correct","head:\bNOT\s+APPLICABLE\b","['Standard Deviation']"
"27","Descriptive Statistics","easy","Kolmogorov-Smirnov Test","NOT_APPLICABLE","NOT_APPLICABLE","correct","head:\bNOT\s+APPLICABLE\b","['Standard Deviation']"
"27","Descriptive Statistics","easy","Kolmogorov-Smirnov Test for Uniform distribution","NOT_APPLICABLE","NOT_APPLICABLE","correct","head:\bNOT\s+APPLICABLE\b","['Standard Deviation']"
"27","Descriptive Statistics","easy","Kolmogorov-Smirnov Test for Gamma distribution","NOT_APPLICABLE","NOT_APPLICABLE","correct","head:\bNOT\s+APPLICABLE\b","['Standard Deviation']"
"27","Descriptive Statistics","easy","Kolmogorov-Smirnov Test for Exponential distribution","NOT_APPLICABLE","NOT_APPLICABLE","correct","head:\bNOT\s+APPLICABLE\b","['Standard Deviation']"
"27","Descriptive Statistics","easy","Chi-square Independence Test","NOT_APPLICABLE","NOT_APPLICABLE","correct","head:\bNOT\s+APPLICABLE\b","['Standard Deviation']"
"27","Descriptive Statistics","easy","Fisher Exact Test","NOT_APPLICABLE","NOT_APPLICABLE","correct","head:\bNOT\s+APPLICABLE\b","['Standard Deviation']"
"27","Descriptive Statistics","easy","Mantel-Haenszel Test","NOT_APPLICABLE","NOT_APPLICABLE","correct","head:\bNOT\s+APPLICABLE\b","['Standard Deviation']"
"27","Descriptive Statistics","easy","Mean","NOT_APPLICABLE","NOT_APPLICABLE","correct","head:\bNOT\s+APPLICABLE\b","['Standard Deviation']"
"27","Descriptive Statistics","easy","Median","NOT_APPLICABLE","NOT_APPLICABLE","correct","head:\bNOT\s+APPLICABLE\b","['Standard Deviation']"
"27","Descriptive Statistics","easy","Mode","NOT_APPLICABLE","NOT_APPLICABLE","correct","head:\bNOT\s+APPLICABLE\b","['Standard Deviation']"
"27","Descriptive Statistics","easy","Range","NOT_APPLICABLE","NOT_APPLICABLE","correct","head:\bNOT\s+APPLICABLE\b","['Standard Deviation']"
"27","Descriptive Statistics","easy","Quartile","NOT_APPLICABLE","NOT_APPLICABLE","correct","head:\bNOT\s+APPLICABLE\b","['Standard Deviation']"
"27","Descriptive Statistics","easy","Standard Deviation","APPLICABLE","APPLICABLE","correct","head:\bAPPLICABLE\b","['Standard Deviation']"
"27","Descriptive Statistics","easy","Skewness","APPLICABLE","NOT_APPLICABLE","wrong","head:\bAPPLICABLE\b","['Standard Deviation']"
"27","Descriptive Statistics","easy","Kurtosis","NOT_APPLICABLE","NOT_APPLICABLE","correct","head:\bNOT\s+APPLICABLE\b","['Standard Deviation']"
"27","Descriptive Statistics","easy","Mood Variance Test","NOT_APPLICABLE","NOT_APPLICABLE","correct","head:\bNOT\s+APPLICABLE\b","['Standard Deviation']"
"27","Descriptive Statistics","easy","Levene Test","NOT_APPLICABLE","NOT_APPLICABLE","correct","head:\bNOT\s+APPLICABLE\b","['Standard Deviation']"
"27","Descriptive Statistics","easy","Bartlett Test","NOT_APPLICABLE","NOT_APPLICABLE","correct","head:\bNOT\s+APPLICABLE\b","['Standard Deviation']"
"27","Descriptive Statistics","easy","F-Test for Variance","NOT_APPLICABLE","NOT_APPLICABLE","correct","head:\bNOT\s+APPLICABLE\b","['Standard Deviation']"
"28","Variance Test","easy","Pearson Correlation Coefficient","NOT_APPLICABLE","NOT_APPLICABLE","correct","head:\bNOT\s+APPLICABLE\b","['Mood Variance Test', 'Levene Test', 'Bartlett Test', 'F-Test for Variance']"
"28","Variance Test","easy","Spearman Correlation Coefficient","NOT_APPLICABLE","NOT_APPLICABLE","correct","head:\bNOT\s+APPLICABLE\b","['Mood Variance Test', 'Levene Test', 'Bartlett Test', 'F-Test for Variance']"
"28","Variance Test","easy","Kendall Correlation Coefficient","NOT_APPLICABLE","NOT_APPLICABLE","correct","head:\bNOT\s+APPLICABLE\b","['Mood Variance Test', 'Levene Test', 'Bartlett Test', 'F-Test for Variance']"
"28","Variance Test","easy","Partial Correlation Coefficient","NOT_APPLICABLE","NOT_APPLICABLE","correct","head:\bNOT\s+APPLICABLE\b","['Mood Variance Test', 'Levene Test', 'Bartlett Test', 'F-Test for Variance']"
"28","Variance Test","easy","Anderson-Darling Test","NOT_APPLICABLE","NOT_APPLICABLE","correct","head:\bNOT\s+APPLICABLE\b","['Mood Variance Test', 'Levene Test', 'Bartlett Test', 'F-Test for Variance']"
"28","Variance Test","easy","Shapiro-Wilk Test of Normality","NOT_APPLICABLE","NOT_APPLICABLE","correct","head:\bNOT\s+APPLICABLE\b","['Mood Variance Test', 'Levene Test', 'Bartlett Test', 'F-Test for Variance']"
"28","Variance Test","easy","Kolmogorov-Smirnov Test for Normality","NOT_APPLICABLE","NOT_APPLICABLE","correct","head:\bNOT\s+APPLICABLE\b","['Mood Variance Test', 'Levene Test', 'Bartlett Test', 'F-Test for Variance']"
"28","Variance Test","easy","Lilliefors Test","NOT_APPLICABLE","NOT_APPLICABLE","correct","head:\bNOT\s+APPLICABLE\b","['Mood Variance Test', 'Levene Test', 'Bartlett Test', 'F-Test for Variance']"
"28","Variance Test","easy","Kolmogorov-Smirnov Test","APPLICABLE","NOT_APPLICABLE","wrong","head:\bAPPLICABLE\b","['Mood Variance Test', 'Levene Test', 'Bartlett Test', 'F-Test for Variance']"
"28","Variance Test","easy","Kolmogorov-Smirnov Test for Uniform distribution","NOT_APPLICABLE","NOT_APPLICABLE","correct","head:\bNOT\s+APPLICABLE\b","['Mood Variance Test', 'Levene Test', 'Bartlett Test', 'F-Test for Variance']"
"28","Variance Test","easy","Kolmogorov-Smirnov Test for Gamma distribution","NOT_APPLICABLE","NOT_APPLICABLE","correct","head:\bNOT\s+APPLICABLE\b","['Mood Variance Test', 'Levene Test', 'Bartlett Test', 'F-Test for Variance']"
"28","Variance Test","easy","Kolmogorov-Smirnov Test for Exponential distribution","NOT_APPLICABLE","NOT_APPLICABLE","correct","head:\bNOT\s+APPLICABLE\b","['Mood Variance Test', 'Levene Test', 'Bartlett Test', 'F-Test for Variance']"
"28","Variance Test","easy","Chi-square Independence Test","NOT_APPLICABLE","NOT_APPLICABLE","correct","head:\bNOT\s+APPLICABLE\b","['Mood Variance Test', 'Levene Test', 'Bartlett Test', 'F-Test for Variance']"
"28","Variance Test","easy","Fisher Exact Test","NOT_APPLICABLE","NOT_APPLICABLE","correct","head:\bNOT\s+APPLICABLE\b","['Mood Variance Test', 'Levene Test', 'Bartlett Test', 'F-Test for Variance']"
"28","Variance Test","easy","Mantel-Haenszel Test","NOT_APPLICABLE","NOT_APPLICABLE","correct","head:\bNOT\s+APPLICABLE\b","['Mood Variance Test', 'Levene Test', 'Bartlett Test', 'F-Test for Variance']"
"28","Variance Test","easy","Mean","NOT_APPLICABLE","NOT_APPLICABLE","correct","head:\bNOT\s+APPLICABLE\b","['Mood Variance Test', 'Levene Test', 'Bartlett Test', 'F-Test for Variance']"
"28","Variance Test","easy","Median","NOT_APPLICABLE","NOT_APPLICABLE","correct","head:\bNOT\s+APPLICABLE\b","['Mood Variance Test', 'Levene Test', 'Bartlett Test', 'F-Test for Variance']"
"28","Variance Test","easy","Mode","NOT_APPLICABLE","NOT_APPLICABLE","correct","head:\bNOT\s+APPLICABLE\b","['Mood Variance Test', 'Levene Test', 'Bartlett Test', 'F-Test for Variance']"
"28","Variance Test","easy","Range","NOT_APPLICABLE","NOT_APPLICABLE","correct","head:\bNOT\s+APPLICABLE\b","['Mood Variance Test', 'Levene Test', 'Bartlett Test', 'F-Test for Variance']"
"28","Variance Test","easy","Quartile","NOT_APPLICABLE","NOT_APPLICABLE","correct","head:\bNOT\s+APPLICABLE\b","['Mood Variance Test', 'Levene Test', 'Bartlett Test', 'F-Test for Variance']"
"28","Variance Test","easy","Standard Deviation","APPLICABLE","NOT_APPLICABLE","wrong","head:\bAPPLICABLE\b","['Mood Variance Test', 'Levene Test', 'Bartlett Test', 'F-Test for Variance']"
"28","Variance Test","easy","Skewness","NOT_APPLICABLE","NOT_APPLICABLE","correct","head:\bNOT\s+APPLICABLE\b","['Mood Variance Test', 'Levene Test', 'Bartlett Test', 'F-Test for Variance']"
"28","Variance Test","easy","Kurtosis","NOT_APPLICABLE","NOT_APPLICABLE","correct","head:\bNOT\s+APPLICABLE\b","['Mood Variance Test', 'Levene Test', 'Bartlett Test', 'F-Test for Variance']"
"28","Variance Test","easy","Mood Variance Test","NOT_APPLICABLE","APPLICABLE","wrong","head:\bNOT\s+APPLICABLE\b","['Mood Variance Test', 'Levene Test', 'Bartlett Test', 'F-Test for Variance']"
"28","Variance Test","easy","Levene Test","APPLICABLE","APPLICABLE","correct","head:\bAPPLICABLE\b","['Mood Variance Test', 'Levene Test', 'Bartlett Test', 'F-Test for Variance']"
"28","Variance Test","easy","Bartlett Test","NOT_APPLICABLE","APPLICABLE","wrong","head:\bNOT\s+APPLICABLE\b","['Mood Variance Test', 'Levene Test', 'Bartlett Test', 'F-Test for Variance']"
"28","Variance Test","easy","F-Test for Variance","NOT_APPLICABLE","APPLICABLE","wrong","head:\bNOT\s+APPLICABLE\b","['Mood Variance Test', 'Levene Test', 'Bartlett Test', 'F-Test for Variance']"
"29","Correlation Analysis","easy","Pearson Correlation Coefficient","NOT_APPLICABLE","NOT_APPLICABLE","correct","head:\bNOT\s+APPLICABLE\b","['Partial Correlation Coefficient']"
"29","Correlation Analysis","easy","Spearman Correlation Coefficient","APPLICABLE","NOT_APPLICABLE","wrong","head:\bAPPLICABLE\b","['Partial Correlation Coefficient']"
"29","Correlation Analysis","easy","Kendall Correlation Coefficient","NOT_APPLICABLE","NOT_APPLICABLE","correct","head:\bNOT\s+APPLICABLE\b","['Partial Correlation Coefficient']"
"29","Correlation Analysis","easy","Partial Correlation Coefficient","APPLICABLE","APPLICABLE","correct","head:\bAPPLICABLE\b","['Partial Correlation Coefficient']"
"29","Correlation Analysis","easy","Anderson-Darling Test","NOT_APPLICABLE","NOT_APPLICABLE","correct","head:\bNOT\s+APPLICABLE\b","['Partial Correlation Coefficient']"
"29","Correlation Analysis","easy","Shapiro-Wilk Test of Normality","NOT_APPLICABLE","NOT_APPLICABLE","correct","head:\bNOT\s+APPLICABLE\b","['Partial Correlation Coefficient']"
"29","Correlation Analysis","easy","Kolmogorov-Smirnov Test for Normality","NOT_APPLICABLE","NOT_APPLICABLE","correct","head:\bNOT\s+APPLICABLE\b","['Partial Correlation Coefficient']"
"29","Correlation Analysis","easy","Lilliefors Test","NOT_APPLICABLE","NOT_APPLICABLE","correct","head:\bNOT\s+APPLICABLE\b","['Partial Correlation Coefficient']"
"29","Correlation Analysis","easy","Kolmogorov-Smirnov Test","NOT_APPLICABLE","NOT_APPLICABLE","correct","head:\bNOT\s+APPLICABLE\b","['Partial Correlation Coefficient']"
"29","Correlation Analysis","easy","Kolmogorov-Smirnov Test for Uniform distribution","NOT_APPLICABLE","NOT_APPLICABLE","correct","head:\bNOT\s+APPLICABLE\b","['Partial Correlation Coefficient']"
"29","Correlation Analysis","easy","Kolmogorov-Smirnov Test for Gamma distribution","NOT_APPLICABLE","NOT_APPLICABLE","correct","head:\bNOT\s+APPLICABLE\b","['Partial Correlation Coefficient']"
"29","Correlation Analysis","easy","Kolmogorov-Smirnov Test for Exponential distribution","NOT_APPLICABLE","NOT_APPLICABLE","correct","head:\bNOT\s+APPLICABLE\b","['Partial Correlation Coefficient']"
"29","Correlation Analysis","easy","Chi-square Independence Test","NOT_APPLICABLE","NOT_APPLICABLE","correct","head:\bNOT\s+APPLICABLE\b","['Partial Correlation Coefficient']"
"29","Correlation Analysis","easy","Fisher Exact Test","NOT_APPLICABLE","NOT_APPLICABLE","correct","head:\bNOT\s+APPLICABLE\b","['Partial Correlation Coefficient']"
"29","Correlation Analysis","easy","Mantel-Haenszel Test","NOT_APPLICABLE","NOT_APPLICABLE","correct","head:\bNOT\s+APPLICABLE\b","['Partial Correlation Coefficient']"
"29","Correlation Analysis","easy","Mean","NOT_APPLICABLE","NOT_APPLICABLE","correct","head:\bNOT\s+APPLICABLE\b","['Partial Correlation Coefficient']"
"29","Correlation Analysis","easy","Median","NOT_APPLICABLE","NOT_APPLICABLE","correct","head:\bNOT\s+APPLICABLE\b","['Partial Correlation Coefficient']"
"29","Correlation Analysis","easy","Mode","NOT_APPLICABLE","NOT_APPLICABLE","correct","head:\bNOT\s+APPLICABLE\b","['Partial Correlation Coefficient']"
"29","Correlation Analysis","easy","Range","NOT_APPLICABLE","NOT_APPLICABLE","correct","head:\bNOT\s+APPLICABLE\b","['Partial Correlation Coefficient']"
"29","Correlation Analysis","easy","Quartile","NOT_APPLICABLE","NOT_APPLICABLE","correct","head:\bNOT\s+APPLICABLE\b","['Partial Correlation Coefficient']"
"29","Correlation Analysis","easy","Standard Deviation","NOT_APPLICABLE","NOT_APPLICABLE","correct","head:\bNOT\s+APPLICABLE\b","['Partial Correlation Coefficient']"
"29","Correlation Analysis","easy","Skewness","NOT_APPLICABLE","NOT_APPLICABLE","correct","head:\bNOT\s+APPLICABLE\b","['Partial Correlation Coefficient']"
"29","Correlation Analysis","easy","Kurtosis","NOT_APPLICABLE","NOT_APPLICABLE","correct","head:\bNOT\s+APPLICABLE\b","['Partial Correlation Coefficient']"
"29","Correlation Analysis","easy","Mood Variance Test","NOT_APPLICABLE","NOT_APPLICABLE","correct","head:\bNOT\s+APPLICABLE\b","['Partial Correlation Coefficient']"
"29","Correlation Analysis","easy","Levene Test","NOT_APPLICABLE","NOT_APPLICABLE","correct","head:\bNOT\s+APPLICABLE\b","['Partial Correlation Coefficient']"
"29","Correlation Analysis","easy","Bartlett Test","NOT_APPLICABLE","NOT_APPLICABLE","correct","head:\bNOT\s+APPLICABLE\b","['Partial Correlation Coefficient']"
"29","Correlation Analysis","easy","F-Test for Variance","NOT_APPLICABLE","NOT_APPLICABLE","correct","head:\bNOT\s+APPLICABLE\b","['Partial Correlation Coefficient']"
"30","Correlation Analysis","easy","Pearson Correlation Coefficient","APPLICABLE","NOT_APPLICABLE","wrong","head:\bAPPLICABLE\b","['Partial Correlation Coefficient']"
"30","Correlation Analysis","easy","Spearman Correlation Coefficient","APPLICABLE","NOT_APPLICABLE","wrong","head:\bAPPLICABLE\b","['Partial Correlation Coefficient']"
"30","Correlation Analysis","easy","Kendall Correlation Coefficient","APPLICABLE","NOT_APPLICABLE","wrong","head:\bAPPLICABLE\b","['Partial Correlation Coefficient']"
"30","Correlation Analysis","easy","Partial Correlation Coefficient","APPLICABLE","APPLICABLE","correct","head:\bAPPLICABLE\b","['Partial Correlation Coefficient']"
"30","Correlation Analysis","easy","Anderson-Darling Test","NOT_APPLICABLE","NOT_APPLICABLE","correct","head:\bNOT\s+APPLICABLE\b","['Partial Correlation Coefficient']"
"30","Correlation Analysis","easy","Shapiro-Wilk Test of Normality","NOT_APPLICABLE","NOT_APPLICABLE","correct","head:\bNOT\s+APPLICABLE\b","['Partial Correlation Coefficient']"
"30","Correlation Analysis","easy","Kolmogorov-Smirnov Test for Normality","NOT_APPLICABLE","NOT_APPLICABLE","correct","head:\bNOT\s+APPLICABLE\b","['Partial Correlation Coefficient']"
"30","Correlation Analysis","easy","Lilliefors Test","NOT_APPLICABLE","NOT_APPLICABLE","correct","head:\bNOT\s+APPLICABLE\b","['Partial Correlation Coefficient']"
"30","Correlation Analysis","easy","Kolmogorov-Smirnov Test","NOT_APPLICABLE","NOT_APPLICABLE","correct","head:\bNOT\s+APPLICABLE\b","['Partial Correlation Coefficient']"
"30","Correlation Analysis","easy","Kolmogorov-Smirnov Test for Uniform distribution","NOT_APPLICABLE","NOT_APPLICABLE","correct","head:\bNOT\s+APPLICABLE\b","['Partial Correlation Coefficient']"
"30","Correlation Analysis","easy","Kolmogorov-Smirnov Test for Gamma distribution","NOT_APPLICABLE","NOT_APPLICABLE","correct","head:\bNOT\s+APPLICABLE\b","['Partial Correlation Coefficient']"
"30","Correlation Analysis","easy","Kolmogorov-Smirnov Test for Exponential distribution","NOT_APPLICABLE","NOT_APPLICABLE","correct","head:\bNOT\s+APPLICABLE\b","['Partial Correlation Coefficient']"
"30","Correlation Analysis","easy","Chi-square Independence Test","NOT_APPLICABLE","NOT_APPLICABLE","correct","head:\bNOT\s+APPLICABLE\b","['Partial Correlation Coefficient']"
"30","Correlation Analysis","easy","Fisher Exact Test","NOT_APPLICABLE","NOT_APPLICABLE","correct","head:\bNOT\s+APPLICABLE\b","['Partial Correlation Coefficient']"
"30","Correlation Analysis","easy","Mantel-Haenszel Test","NOT_APPLICABLE","NOT_APPLICABLE","correct","head:\bNOT\s+APPLICABLE\b","['Partial Correlation Coefficient']"
"30","Correlation Analysis","easy","Mean","NOT_APPLICABLE","NOT_APPLICABLE","correct","head:\bNOT\s+APPLICABLE\b","['Partial Correlation Coefficient']"
"30","Correlation Analysis","easy","Median","NOT_APPLICABLE","NOT_APPLICABLE","correct","head:\bNOT\s+APPLICABLE\b","['Partial Correlation Coefficient']"
"30","Correlation Analysis","easy","Mode","NOT_APPLICABLE","NOT_APPLICABLE","correct","head:\bNOT\s+APPLICABLE\b","['Partial Correlation Coefficient']"
"30","Correlation Analysis","easy","Range","NOT_APPLICABLE","NOT_APPLICABLE","correct","head:\bNOT\s+APPLICABLE\b","['Partial Correlation Coefficient']"
"30","Correlation Analysis","easy","Quartile","NOT_APPLICABLE","NOT_APPLICABLE","correct","head:\bNOT\s+APPLICABLE\b","['Partial Correlation Coefficient']"
"30","Correlation Analysis","easy","Standard Deviation","NOT_APPLICABLE","NOT_APPLICABLE","correct","head:\bNOT\s+APPLICABLE\b","['Partial Correlation Coefficient']"
"30","Correlation Analysis","easy","Skewness","APPLICABLE","NOT_APPLICABLE","wrong","head:\bAPPLICABLE\b","['Partial Correlation Coefficient']"
"30","Correlation Analysis","easy","Kurtosis","NOT_APPLICABLE","NOT_APPLICABLE","correct","head:\bNOT\s+APPLICABLE\b","['Partial Correlation Coefficient']"
"30","Correlation Analysis","easy","Mood Variance Test","NOT_APPLICABLE","NOT_APPLICABLE","correct","head:\bNOT\s+APPLICABLE\b","['Partial Correlation Coefficient']"
"30","Correlation Analysis","easy","Levene Test","NOT_APPLICABLE","NOT_APPLICABLE","correct","head:\bNOT\s+APPLICABLE\b","['Partial Correlation Coefficient']"
"30","Correlation Analysis","easy","Bartlett Test","NOT_APPLICABLE","NOT_APPLICABLE","correct","head:\bNOT\s+APPLICABLE\b","['Partial Correlation Coefficient']"
"30","Correlation Analysis","easy","F-Test for Variance","NOT_APPLICABLE","NOT_APPLICABLE","correct","head:\bNOT\s+APPLICABLE\b","['Partial Correlation Coefficient']"
"31","Descriptive Statistics","easy","Pearson Correlation Coefficient","NOT_APPLICABLE","NOT_APPLICABLE","correct","head:\bNOT\s+APPLICABLE\b","['Mean']"
"31","Descriptive Statistics","easy","Spearman Correlation Coefficient","NOT_APPLICABLE","NOT_APPLICABLE","correct","head:\bNOT\s+APPLICABLE\b","['Mean']"
"31","Descriptive Statistics","easy","Kendall Correlation Coefficient","NOT_APPLICABLE","NOT_APPLICABLE","correct","head:\bNOT\s+APPLICABLE\b","['Mean']"
"31","Descriptive Statistics","easy","Partial Correlation Coefficient","NOT_APPLICABLE","NOT_APPLICABLE","correct","head:\bNOT\s+APPLICABLE\b","['Mean']"
"31","Descriptive Statistics","easy","Anderson-Darling Test","NOT_APPLICABLE","NOT_APPLICABLE","correct","head:\bNOT\s+APPLICABLE\b","['Mean']"
"31","Descriptive Statistics","easy","Shapiro-Wilk Test of Normality","APPLICABLE","NOT_APPLICABLE","wrong","head:\bAPPLICABLE\b","['Mean']"
"31","Descriptive Statistics","easy","Kolmogorov-Smirnov Test for Normality","APPLICABLE","NOT_APPLICABLE","wrong","head:\bAPPLICABLE\b","['Mean']"
"31","Descriptive Statistics","easy","Lilliefors Test","NOT_APPLICABLE","NOT_APPLICABLE","correct","head:\bNOT\s+APPLICABLE\b","['Mean']"
"31","Descriptive Statistics","easy","Kolmogorov-Smirnov Test","NOT_APPLICABLE","NOT_APPLICABLE","correct","head:\bNOT\s+APPLICABLE\b","['Mean']"
"31","Descriptive Statistics","easy","Kolmogorov-Smirnov Test for Uniform distribution","NOT_APPLICABLE","NOT_APPLICABLE","correct","head:\bNOT\s+APPLICABLE\b","['Mean']"
"31","Descriptive Statistics","easy","Kolmogorov-Smirnov Test for Gamma distribution","NOT_APPLICABLE","NOT_APPLICABLE","correct","head:\bNOT\s+APPLICABLE\b","['Mean']"
"31","Descriptive Statistics","easy","Kolmogorov-Smirnov Test for Exponential distribution","NOT_APPLICABLE","NOT_APPLICABLE","correct","head:\bNOT\s+APPLICABLE\b","['Mean']"
"31","Descriptive Statistics","easy","Chi-square Independence Test","NOT_APPLICABLE","NOT_APPLICABLE","correct","head:\bNOT\s+APPLICABLE\b","['Mean']"
"31","Descriptive Statistics","easy","Fisher Exact Test","NOT_APPLICABLE","NOT_APPLICABLE","correct","head:\bNOT\s+APPLICABLE\b","['Mean']"
"31","Descriptive Statistics","easy","Mantel-Haenszel Test","NOT_APPLICABLE","NOT_APPLICABLE","correct","head:\bNOT\s+APPLICABLE\b","['Mean']"
"31","Descriptive Statistics","easy","Mean","APPLICABLE","APPLICABLE","correct","head:\bAPPLICABLE\b","['Mean']"
"31","Descriptive Statistics","easy","Median","APPLICABLE","NOT_APPLICABLE","wrong","head:\bAPPLICABLE\b","['Mean']"
"31","Descriptive Statistics","easy","Mode","NOT_APPLICABLE","NOT_APPLICABLE","correct","head:\bNOT\s+APPLICABLE\b","['Mean']"
"31","Descriptive Statistics","easy","Range","NOT_APPLICABLE","NOT_APPLICABLE","correct","head:\bNOT\s+APPLICABLE\b","['Mean']"
"31","Descriptive Statistics","easy","Quartile","APPLICABLE","NOT_APPLICABLE","wrong","head:\bAPPLICABLE\b","['Mean']"
"31","Descriptive Statistics","easy","Standard Deviation","APPLICABLE","NOT_APPLICABLE","wrong","head:\bAPPLICABLE\b","['Mean']"
"31","Descriptive Statistics","easy","Skewness","APPLICABLE","NOT_APPLICABLE","wrong","head:\bAPPLICABLE\b","['Mean']"
"31","Descriptive Statistics","easy","Kurtosis","APPLICABLE","NOT_APPLICABLE","wrong","head:\bAPPLICABLE\b","['Mean']"
"31","Descriptive Statistics","easy","Mood Variance Test","NOT_APPLICABLE","NOT_APPLICABLE","correct","head:\bNOT\s+APPLICABLE\b","['Mean']"
"31","Descriptive Statistics","easy","Levene Test","NOT_APPLICABLE","NOT_APPLICABLE","correct","head:\bNOT\s+APPLICABLE\b","['Mean']"
"31","Descriptive Statistics","easy","Bartlett Test","NOT_APPLICABLE","NOT_APPLICABLE","correct","head:\bNOT\s+APPLICABLE\b","['Mean']"
"31","Descriptive Statistics","easy","F-Test for Variance","NOT_APPLICABLE","NOT_APPLICABLE","correct","head:\bNOT\s+APPLICABLE\b","['Mean']"
"32","Descriptive Statistics","easy","Pearson Correlation Coefficient","NOT_APPLICABLE","NOT_APPLICABLE","correct","head:\bNOT\s+APPLICABLE\b","['Skewness']"
"32","Descriptive Statistics","easy","Spearman Correlation Coefficient","NOT_APPLICABLE","NOT_APPLICABLE","correct","head:\bNOT\s+APPLICABLE\b","['Skewness']"
"32","Descriptive Statistics","easy","Kendall Correlation Coefficient","NOT_APPLICABLE","NOT_APPLICABLE","correct","head:\bNOT\s+APPLICABLE\b","['Skewness']"
"32","Descriptive Statistics","easy","Partial Correlation Coefficient","NOT_APPLICABLE","NOT_APPLICABLE","correct","head:\bNOT\s+APPLICABLE\b","['Skewness']"
"32","Descriptive Statistics","easy","Anderson-Darling Test","NOT_APPLICABLE","NOT_APPLICABLE","correct","head:\bNOT\s+APPLICABLE\b","['Skewness']"
"32","Descriptive Statistics","easy","Shapiro-Wilk Test of Normality","NOT_APPLICABLE","NOT_APPLICABLE","correct","head:\bNOT\s+APPLICABLE\b","['Skewness']"
"32","Descriptive Statistics","easy","Kolmogorov-Smirnov Test for Normality","NOT_APPLICABLE","NOT_APPLICABLE","correct","head:\bNOT\s+APPLICABLE\b","['Skewness']"
"32","Descriptive Statistics","easy","Lilliefors Test","NOT_APPLICABLE","NOT_APPLICABLE","correct","head:\bNOT\s+APPLICABLE\b","['Skewness']"
"32","Descriptive Statistics","easy","Kolmogorov-Smirnov Test","NOT_APPLICABLE","NOT_APPLICABLE","correct","head:\bNOT\s+APPLICABLE\b","['Skewness']"
"32","Descriptive Statistics","easy","Kolmogorov-Smirnov Test for Uniform distribution","NOT_APPLICABLE","NOT_APPLICABLE","correct","head:\bNOT\s+APPLICABLE\b","['Skewness']"
"32","Descriptive Statistics","easy","Kolmogorov-Smirnov Test for Gamma distribution","NOT_APPLICABLE","NOT_APPLICABLE","correct","head:\bNOT\s+APPLICABLE\b","['Skewness']"
"32","Descriptive Statistics","easy","Kolmogorov-Smirnov Test for Exponential distribution","NOT_APPLICABLE","NOT_APPLICABLE","correct","head:\bNOT\s+APPLICABLE\b","['Skewness']"
"32","Descriptive Statistics","easy","Chi-square Independence Test","NOT_APPLICABLE","NOT_APPLICABLE","correct","head:\bNOT\s+APPLICABLE\b","['Skewness']"
"32","Descriptive Statistics","easy","Fisher Exact Test","NOT_APPLICABLE","NOT_APPLICABLE","correct","head:\bNOT\s+APPLICABLE\b","['Skewness']"
"32","Descriptive Statistics","easy","Mantel-Haenszel Test","NOT_APPLICABLE","NOT_APPLICABLE","correct","head:\bNOT\s+APPLICABLE\b","['Skewness']"
"32","Descriptive Statistics","easy","Mean","NOT_APPLICABLE","NOT_APPLICABLE","correct","head:\bNOT\s+APPLICABLE\b","['Skewness']"
"32","Descriptive Statistics","easy","Median","APPLICABLE","NOT_APPLICABLE","wrong","head:\bAPPLICABLE\b","['Skewness']"
"32","Descriptive Statistics","easy","Mode","NOT_APPLICABLE","NOT_APPLICABLE","correct","head:\bNOT\s+APPLICABLE\b","['Skewness']"
"32","Descriptive Statistics","easy","Range","NOT_APPLICABLE","NOT_APPLICABLE","correct","head:\bNOT\s+APPLICABLE\b","['Skewness']"
"32","Descriptive Statistics","easy","Quartile","NOT_APPLICABLE","NOT_APPLICABLE","correct","head:\bNOT\s+APPLICABLE\b","['Skewness']"
"32","Descriptive Statistics","easy","Standard Deviation","APPLICABLE","NOT_APPLICABLE","wrong","head:\bAPPLICABLE\b","['Skewness']"
"32","Descriptive Statistics","easy","Skewness","APPLICABLE","APPLICABLE","correct","head:\bAPPLICABLE\b","['Skewness']"
"32","Descriptive Statistics","easy","Kurtosis","NOT_APPLICABLE","NOT_APPLICABLE","correct","head:\bNOT\s+APPLICABLE\b","['Skewness']"
"32","Descriptive Statistics","easy","Mood Variance Test","NOT_APPLICABLE","NOT_APPLICABLE","correct","head:\bNOT\s+APPLICABLE\b","['Skewness']"
"32","Descriptive Statistics","easy","Levene Test","NOT_APPLICABLE","NOT_APPLICABLE","correct","head:\bNOT\s+APPLICABLE\b","['Skewness']"
"32","Descriptive Statistics","easy","Bartlett Test","NOT_APPLICABLE","NOT_APPLICABLE","correct","head:\bNOT\s+APPLICABLE\b","['Skewness']"
"32","Descriptive Statistics","easy","F-Test for Variance","NOT_APPLICABLE","NOT_APPLICABLE","correct","head:\bNOT\s+APPLICABLE\b","['Skewness']"
"33","Distribution Compliance Test","easy","Pearson Correlation Coefficient","NOT_APPLICABLE","NOT_APPLICABLE","correct","head:\bNOT\s+APPLICABLE\b","['Kolmogorov-Smirnov Test for Uniform distribution']"
"33","Distribution Compliance Test","easy","Spearman Correlation Coefficient","NOT_APPLICABLE","NOT_APPLICABLE","correct","head:\bNOT\s+APPLICABLE\b","['Kolmogorov-Smirnov Test for Uniform distribution']"
"33","Distribution Compliance Test","easy","Kendall Correlation Coefficient","NOT_APPLICABLE","NOT_APPLICABLE","correct","head:\bNOT\s+APPLICABLE\b","['Kolmogorov-Smirnov Test for Uniform distribution']"
"33","Distribution Compliance Test","easy","Partial Correlation Coefficient","NOT_APPLICABLE","NOT_APPLICABLE","correct","head:\bNOT\s+APPLICABLE\b","['Kolmogorov-Smirnov Test for Uniform distribution']"
"33","Distribution Compliance Test","easy","Anderson-Darling Test","APPLICABLE","NOT_APPLICABLE","wrong","head:\bAPPLICABLE\b","['Kolmogorov-Smirnov Test for Uniform distribution']"
"33","Distribution Compliance Test","easy","Shapiro-Wilk Test of Normality","NOT_APPLICABLE","NOT_APPLICABLE","correct","head:\bNOT\s+APPLICABLE\b","['Kolmogorov-Smirnov Test for Uniform distribution']"
"33","Distribution Compliance Test","easy","Kolmogorov-Smirnov Test for Normality","NOT_APPLICABLE","NOT_APPLICABLE","correct","head:\bNOT\s+APPLICABLE\b","['Kolmogorov-Smirnov Test for Uniform distribution']"
"33","Distribution Compliance Test","easy","Lilliefors Test","APPLICABLE","NOT_APPLICABLE","wrong","head:\bAPPLICABLE\b","['Kolmogorov-Smirnov Test for Uniform distribution']"
"33","Distribution Compliance Test","easy","Kolmogorov-Smirnov Test","APPLICABLE","NOT_APPLICABLE","wrong","head:\bAPPLICABLE\b","['Kolmogorov-Smirnov Test for Uniform distribution']"
"33","Distribution Compliance Test","easy","Kolmogorov-Smirnov Test for Uniform distribution","NOT_APPLICABLE","APPLICABLE","wrong","head:\bNOT\s+APPLICABLE\b","['Kolmogorov-Smirnov Test for Uniform distribution']"
"33","Distribution Compliance Test","easy","Kolmogorov-Smirnov Test for Gamma distribution","NOT_APPLICABLE","NOT_APPLICABLE","correct","head:\bNOT\s+APPLICABLE\b","['Kolmogorov-Smirnov Test for Uniform distribution']"
"33","Distribution Compliance Test","easy","Kolmogorov-Smirnov Test for Exponential distribution","NOT_APPLICABLE","NOT_APPLICABLE","correct","head:\bNOT\s+APPLICABLE\b","['Kolmogorov-Smirnov Test for Uniform distribution']"
"33","Distribution Compliance Test","easy","Chi-square Independence Test","NOT_APPLICABLE","NOT_APPLICABLE","correct","head:\bNOT\s+APPLICABLE\b","['Kolmogorov-Smirnov Test for Uniform distribution']"
"33","Distribution Compliance Test","easy","Fisher Exact Test","NOT_APPLICABLE","NOT_APPLICABLE","correct","head:\bNOT\s+APPLICABLE\b","['Kolmogorov-Smirnov Test for Uniform distribution']"
"33","Distribution Compliance Test","easy","Mantel-Haenszel Test","NOT_APPLICABLE","NOT_APPLICABLE","correct","head:\bNOT\s+APPLICABLE\b","['Kolmogorov-Smirnov Test for Uniform distribution']"
"33","Distribution Compliance Test","easy","Mean","NOT_APPLICABLE","NOT_APPLICABLE","correct","head:\bNOT\s+APPLICABLE\b","['Kolmogorov-Smirnov Test for Uniform distribution']"
"33","Distribution Compliance Test","easy","Median","APPLICABLE","NOT_APPLICABLE","wrong","head:\bAPPLICABLE\b","['Kolmogorov-Smirnov Test for Uniform distribution']"
"33","Distribution Compliance Test","easy","Mode","NOT_APPLICABLE","NOT_APPLICABLE","correct","head:\bNOT\s+APPLICABLE\b","['Kolmogorov-Smirnov Test for Uniform distribution']"
"33","Distribution Compliance Test","easy","Range","NOT_APPLICABLE","NOT_APPLICABLE","correct","head:\bNOT\s+APPLICABLE\b","['Kolmogorov-Smirnov Test for Uniform distribution']"
"33","Distribution Compliance Test","easy","Quartile","NOT_APPLICABLE","NOT_APPLICABLE","correct","head:\bNOT\s+APPLICABLE\b","['Kolmogorov-Smirnov Test for Uniform distribution']"
"33","Distribution Compliance Test","easy","Standard Deviation","APPLICABLE","NOT_APPLICABLE","wrong","head:\bAPPLICABLE\b","['Kolmogorov-Smirnov Test for Uniform distribution']"
"33","Distribution Compliance Test","easy","Skewness","APPLICABLE","NOT_APPLICABLE","wrong","head:\bAPPLICABLE\b","['Kolmogorov-Smirnov Test for Uniform distribution']"
"33","Distribution Compliance Test","easy","Kurtosis","APPLICABLE","NOT_APPLICABLE","wrong","head:\bAPPLICABLE\b","['Kolmogorov-Smirnov Test for Uniform distribution']"
"33","Distribution Compliance Test","easy","Mood Variance Test","NOT_APPLICABLE","NOT_APPLICABLE","correct","head:\bNOT\s+APPLICABLE\b","['Kolmogorov-Smirnov Test for Uniform distribution']"
"33","Distribution Compliance Test","easy","Levene Test","NOT_APPLICABLE","NOT_APPLICABLE","correct","head:\bNOT\s+APPLICABLE\b","['Kolmogorov-Smirnov Test for Uniform distribution']"
"33","Distribution Compliance Test","easy","Bartlett Test","NOT_APPLICABLE","NOT_APPLICABLE","correct","head:\bNOT\s+APPLICABLE\b","['Kolmogorov-Smirnov Test for Uniform distribution']"
"33","Distribution Compliance Test","easy","F-Test for Variance","NOT_APPLICABLE","NOT_APPLICABLE","correct","head:\bNOT\s+APPLICABLE\b","['Kolmogorov-Smirnov Test for Uniform distribution']"
"34","Descriptive Statistics","easy","Pearson Correlation Coefficient","NOT_APPLICABLE","NOT_APPLICABLE","correct","head:\bNOT\s+APPLICABLE\b","['Median']"
"34","Descriptive Statistics","easy","Spearman Correlation Coefficient","NOT_APPLICABLE","NOT_APPLICABLE","correct","head:\bNOT\s+APPLICABLE\b","['Median']"
"34","Descriptive Statistics","easy","Kendall Correlation Coefficient","NOT_APPLICABLE","NOT_APPLICABLE","correct","head:\bNOT\s+APPLICABLE\b","['Median']"
"34","Descriptive Statistics","easy","Partial Correlation Coefficient","NOT_APPLICABLE","NOT_APPLICABLE","correct","head:\bNOT\s+APPLICABLE\b","['Median']"
"34","Descriptive Statistics","easy","Anderson-Darling Test","NOT_APPLICABLE","NOT_APPLICABLE","correct","head:\bNOT\s+APPLICABLE\b","['Median']"
"34","Descriptive Statistics","easy","Shapiro-Wilk Test of Normality","APPLICABLE","NOT_APPLICABLE","wrong","head:\bAPPLICABLE\b","['Median']"
"34","Descriptive Statistics","easy","Kolmogorov-Smirnov Test for Normality","NOT_APPLICABLE","NOT_APPLICABLE","correct","head:\bNOT\s+APPLICABLE\b","['Median']"
"34","Descriptive Statistics","easy","Lilliefors Test","NOT_APPLICABLE","NOT_APPLICABLE","correct","head:\bNOT\s+APPLICABLE\b","['Median']"
"34","Descriptive Statistics","easy","Kolmogorov-Smirnov Test","NOT_APPLICABLE","NOT_APPLICABLE","correct","head:\bNOT\s+APPLICABLE\b","['Median']"
"34","Descriptive Statistics","easy","Kolmogorov-Smirnov Test for Uniform distribution","NOT_APPLICABLE","NOT_APPLICABLE","correct","head:\bNOT\s+APPLICABLE\b","['Median']"
"34","Descriptive Statistics","easy","Kolmogorov-Smirnov Test for Gamma distribution","NOT_APPLICABLE","NOT_APPLICABLE","correct","head:\bNOT\s+APPLICABLE\b","['Median']"
"34","Descriptive Statistics","easy","Kolmogorov-Smirnov Test for Exponential distribution","NOT_APPLICABLE","NOT_APPLICABLE","correct","head:\bNOT\s+APPLICABLE\b","['Median']"
"34","Descriptive Statistics","easy","Chi-square Independence Test","NOT_APPLICABLE","NOT_APPLICABLE","correct","head:\bNOT\s+APPLICABLE\b","['Median']"
"34","Descriptive Statistics","easy","Fisher Exact Test","NOT_APPLICABLE","NOT_APPLICABLE","correct","head:\bNOT\s+APPLICABLE\b","['Median']"
"34","Descriptive Statistics","easy","Mantel-Haenszel Test","NOT_APPLICABLE","NOT_APPLICABLE","correct","head:\bNOT\s+APPLICABLE\b","['Median']"
"34","Descriptive Statistics","easy","Mean","NOT_APPLICABLE","NOT_APPLICABLE","correct","head:\bNOT\s+APPLICABLE\b","['Median']"
"34","Descriptive Statistics","easy","Median","APPLICABLE","APPLICABLE","correct","head:\bAPPLICABLE\b","['Median']"
"34","Descriptive Statistics","easy","Mode","NOT_APPLICABLE","NOT_APPLICABLE","correct","head:\bNOT\s+APPLICABLE\b","['Median']"
"34","Descriptive Statistics","easy","Range","NOT_APPLICABLE","NOT_APPLICABLE","correct","head:\bNOT\s+APPLICABLE\b","['Median']"
"34","Descriptive Statistics","easy","Quartile","APPLICABLE","NOT_APPLICABLE","wrong","head:\bAPPLICABLE\b","['Median']"
"34","Descriptive Statistics","easy","Standard Deviation","NOT_APPLICABLE","NOT_APPLICABLE","correct","head:\bNOT\s+APPLICABLE\b","['Median']"
"34","Descriptive Statistics","easy","Skewness","APPLICABLE","NOT_APPLICABLE","wrong","head:\bAPPLICABLE\b","['Median']"
"34","Descriptive Statistics","easy","Kurtosis","NOT_APPLICABLE","NOT_APPLICABLE","correct","head:\bNOT\s+APPLICABLE\b","['Median']"
"34","Descriptive Statistics","easy","Mood Variance Test","NOT_APPLICABLE","NOT_APPLICABLE","correct","head:\bNOT\s+APPLICABLE\b","['Median']"
"34","Descriptive Statistics","easy","Levene Test","NOT_APPLICABLE","NOT_APPLICABLE","correct","head:\bNOT\s+APPLICABLE\b","['Median']"
"34","Descriptive Statistics","easy","Bartlett Test","NOT_APPLICABLE","NOT_APPLICABLE","correct","head:\bNOT\s+APPLICABLE\b","['Median']"
"34","Descriptive Statistics","easy","F-Test for Variance","NOT_APPLICABLE","NOT_APPLICABLE","correct","head:\bNOT\s+APPLICABLE\b","['Median']"
"35","Variance Test","easy","Pearson Correlation Coefficient","NOT_APPLICABLE","NOT_APPLICABLE","correct","head:\bNOT\s+APPLICABLE\b","['Mood Variance Test', 'Levene Test', 'Bartlett Test', 'F-Test for Variance']"
"35","Variance Test","easy","Spearman Correlation Coefficient","APPLICABLE","NOT_APPLICABLE","wrong","head:\bAPPLICABLE\b","['Mood Variance Test', 'Levene Test', 'Bartlett Test', 'F-Test for Variance']"
"35","Variance Test","easy","Kendall Correlation Coefficient","NOT_APPLICABLE","NOT_APPLICABLE","correct","head:\bNOT\s+APPLICABLE\b","['Mood Variance Test', 'Levene Test', 'Bartlett Test', 'F-Test for Variance']"
"35","Variance Test","easy","Partial Correlation Coefficient","NOT_APPLICABLE","NOT_APPLICABLE","correct","head:\bNOT\s+APPLICABLE\b","['Mood Variance Test', 'Levene Test', 'Bartlett Test', 'F-Test for Variance']"
"35","Variance Test","easy","Anderson-Darling Test","NOT_APPLICABLE","NOT_APPLICABLE","correct","head:\bNOT\s+APPLICABLE\b","['Mood Variance Test', 'Levene Test', 'Bartlett Test', 'F-Test for Variance']"
"35","Variance Test","easy","Shapiro-Wilk Test of Normality","APPLICABLE","NOT_APPLICABLE","wrong","head:\bAPPLICABLE\b","['Mood Variance Test', 'Levene Test', 'Bartlett Test', 'F-Test for Variance']"
"35","Variance Test","easy","Kolmogorov-Smirnov Test for Normality","NOT_APPLICABLE","NOT_APPLICABLE","correct","head:\bNOT\s+APPLICABLE\b","['Mood Variance Test', 'Levene Test', 'Bartlett Test', 'F-Test for Variance']"
"35","Variance Test","easy","Lilliefors Test","NOT_APPLICABLE","NOT_APPLICABLE","correct","head:\bNOT\s+APPLICABLE\b","['Mood Variance Test', 'Levene Test', 'Bartlett Test', 'F-Test for Variance']"
"35","Variance Test","easy","Kolmogorov-Smirnov Test","NOT_APPLICABLE","NOT_APPLICABLE","correct","head:\bNOT\s+APPLICABLE\b","['Mood Variance Test', 'Levene Test', 'Bartlett Test', 'F-Test for Variance']"
"35","Variance Test","easy","Kolmogorov-Smirnov Test for Uniform distribution","NOT_APPLICABLE","NOT_APPLICABLE","correct","head:\bNOT\s+APPLICABLE\b","['Mood Variance Test', 'Levene Test', 'Bartlett Test', 'F-Test for Variance']"
"35","Variance Test","easy","Kolmogorov-Smirnov Test for Gamma distribution","NOT_APPLICABLE","NOT_APPLICABLE","correct","head:\bNOT\s+APPLICABLE\b","['Mood Variance Test', 'Levene Test', 'Bartlett Test', 'F-Test for Variance']"
"35","Variance Test","easy","Kolmogorov-Smirnov Test for Exponential distribution","NOT_APPLICABLE","NOT_APPLICABLE","correct","head:\bNOT\s+APPLICABLE\b","['Mood Variance Test', 'Levene Test', 'Bartlett Test', 'F-Test for Variance']"
"35","Variance Test","easy","Chi-square Independence Test","NOT_APPLICABLE","NOT_APPLICABLE","correct","head:\bNOT\s+APPLICABLE\b","['Mood Variance Test', 'Levene Test', 'Bartlett Test', 'F-Test for Variance']"
"35","Variance Test","easy","Fisher Exact Test","NOT_APPLICABLE","NOT_APPLICABLE","correct","head:\bNOT\s+APPLICABLE\b","['Mood Variance Test', 'Levene Test', 'Bartlett Test', 'F-Test for Variance']"
"35","Variance Test","easy","Mantel-Haenszel Test","NOT_APPLICABLE","NOT_APPLICABLE","correct","head:\bNOT\s+APPLICABLE\b","['Mood Variance Test', 'Levene Test', 'Bartlett Test', 'F-Test for Variance']"
"35","Variance Test","easy","Mean","NOT_APPLICABLE","NOT_APPLICABLE","correct","head:\bNOT\s+APPLICABLE\b","['Mood Variance Test', 'Levene Test', 'Bartlett Test', 'F-Test for Variance']"
"35","Variance Test","easy","Median","NOT_APPLICABLE","NOT_APPLICABLE","correct","head:\bNOT\s+APPLICABLE\b","['Mood Variance Test', 'Levene Test', 'Bartlett Test', 'F-Test for Variance']"
"35","Variance Test","easy","Mode","NOT_APPLICABLE","NOT_APPLICABLE","correct","head:\bNOT\s+APPLICABLE\b","['Mood Variance Test', 'Levene Test', 'Bartlett Test', 'F-Test for Variance']"
"35","Variance Test","easy","Range","NOT_APPLICABLE","NOT_APPLICABLE","correct","head:\bNOT\s+APPLICABLE\b","['Mood Variance Test', 'Levene Test', 'Bartlett Test', 'F-Test for Variance']"
"35","Variance Test","easy","Quartile","NOT_APPLICABLE","NOT_APPLICABLE","correct","head:\bNOT\s+APPLICABLE\b","['Mood Variance Test', 'Levene Test', 'Bartlett Test', 'F-Test for Variance']"
"35","Variance Test","easy","Standard Deviation","APPLICABLE","NOT_APPLICABLE","wrong","head:\bAPPLICABLE\b","['Mood Variance Test', 'Levene Test', 'Bartlett Test', 'F-Test for Variance']"
"35","Variance Test","easy","Skewness","APPLICABLE","NOT_APPLICABLE","wrong","head:\bAPPLICABLE\b","['Mood Variance Test', 'Levene Test', 'Bartlett Test', 'F-Test for Variance']"
"35","Variance Test","easy","Kurtosis","APPLICABLE","NOT_APPLICABLE","wrong","head:\bAPPLICABLE\b","['Mood Variance Test', 'Levene Test', 'Bartlett Test', 'F-Test for Variance']"
"35","Variance Test","easy","Mood Variance Test","NOT_APPLICABLE","APPLICABLE","wrong","head:\bNOT\s+APPLICABLE\b","['Mood Variance Test', 'Levene Test', 'Bartlett Test', 'F-Test for Variance']"
"35","Variance Test","easy","Levene Test","APPLICABLE","APPLICABLE","correct","head:\bAPPLICABLE\b","['Mood Variance Test', 'Levene Test', 'Bartlett Test', 'F-Test for Variance']"
"35","Variance Test","easy","Bartlett Test","NOT_APPLICABLE","APPLICABLE","wrong","head:\bNOT\s+APPLICABLE\b","['Mood Variance Test', 'Levene Test', 'Bartlett Test', 'F-Test for Variance']"
"35","Variance Test","easy","F-Test for Variance","NOT_APPLICABLE","APPLICABLE","wrong","head:\bNOT\s+APPLICABLE\b","['Mood Variance Test', 'Levene Test', 'Bartlett Test', 'F-Test for Variance']"
"36","Correlation Analysis","easy","Pearson Correlation Coefficient","NOT_APPLICABLE","NOT_APPLICABLE","correct","head:\bNOT\s+APPLICABLE\b","['Partial Correlation Coefficient']"
"36","Correlation Analysis","easy","Spearman Correlation Coefficient","NOT_APPLICABLE","NOT_APPLICABLE","correct","head:\bNOT\s+APPLICABLE\b","['Partial Correlation Coefficient']"
"36","Correlation Analysis","easy","Kendall Correlation Coefficient","NOT_APPLICABLE","NOT_APPLICABLE","correct","head:\bNOT\s+APPLICABLE\b","['Partial Correlation Coefficient']"
"36","Correlation Analysis","easy","Partial Correlation Coefficient","APPLICABLE","APPLICABLE","correct","head:\bAPPLICABLE\b","['Partial Correlation Coefficient']"
"36","Correlation Analysis","easy","Anderson-Darling Test","NOT_APPLICABLE","NOT_APPLICABLE","correct","head:\bNOT\s+APPLICABLE\b","['Partial Correlation Coefficient']"
"36","Correlation Analysis","easy","Shapiro-Wilk Test of Normality","NOT_APPLICABLE","NOT_APPLICABLE","correct","head:\bNOT\s+APPLICABLE\b","['Partial Correlation Coefficient']"
"36","Correlation Analysis","easy","Kolmogorov-Smirnov Test for Normality","NOT_APPLICABLE","NOT_APPLICABLE","correct","head:\bNOT\s+APPLICABLE\b","['Partial Correlation Coefficient']"
"36","Correlation Analysis","easy","Lilliefors Test","NOT_APPLICABLE","NOT_APPLICABLE","correct","head:\bNOT\s+APPLICABLE\b","['Partial Correlation Coefficient']"
"36","Correlation Analysis","easy","Kolmogorov-Smirnov Test","NOT_APPLICABLE","NOT_APPLICABLE","correct","head:\bNOT\s+APPLICABLE\b","['Partial Correlation Coefficient']"
"36","Correlation Analysis","easy","Kolmogorov-Smirnov Test for Uniform distribution","NOT_APPLICABLE","NOT_APPLICABLE","correct","head:\bNOT\s+APPLICABLE\b","['Partial Correlation Coefficient']"
"36","Correlation Analysis","easy","Kolmogorov-Smirnov Test for Gamma distribution","NOT_APPLICABLE","NOT_APPLICABLE","correct","head:\bNOT\s+APPLICABLE\b","['Partial Correlation Coefficient']"
"36","Correlation Analysis","easy","Kolmogorov-Smirnov Test for Exponential distribution","NOT_APPLICABLE","NOT_APPLICABLE","correct","head:\bNOT\s+APPLICABLE\b","['Partial Correlation Coefficient']"
"36","Correlation Analysis","easy","Chi-square Independence Test","NOT_APPLICABLE","NOT_APPLICABLE","correct","head:\bNOT\s+APPLICABLE\b","['Partial Correlation Coefficient']"
"36","Correlation Analysis","easy","Fisher Exact Test","NOT_APPLICABLE","NOT_APPLICABLE","correct","head:\bNOT\s+APPLICABLE\b","['Partial Correlation Coefficient']"
"36","Correlation Analysis","easy","Mantel-Haenszel Test","NOT_APPLICABLE","NOT_APPLICABLE","correct","head:\bNOT\s+APPLICABLE\b","['Partial Correlation Coefficient']"
"36","Correlation Analysis","easy","Mean","NOT_APPLICABLE","NOT_APPLICABLE","correct","head:\bNOT\s+APPLICABLE\b","['Partial Correlation Coefficient']"
"36","Correlation Analysis","easy","Median","NOT_APPLICABLE","NOT_APPLICABLE","correct","head:\bNOT\s+APPLICABLE\b","['Partial Correlation Coefficient']"
"36","Correlation Analysis","easy","Mode","NOT_APPLICABLE","NOT_APPLICABLE","correct","head:\bNOT\s+APPLICABLE\b","['Partial Correlation Coefficient']"
"36","Correlation Analysis","easy","Range","NOT_APPLICABLE","NOT_APPLICABLE","correct","head:\bNOT\s+APPLICABLE\b","['Partial Correlation Coefficient']"
"36","Correlation Analysis","easy","Quartile","NOT_APPLICABLE","NOT_APPLICABLE","correct","head:\bNOT\s+APPLICABLE\b","['Partial Correlation Coefficient']"
"36","Correlation Analysis","easy","Standard Deviation","NOT_APPLICABLE","NOT_APPLICABLE","correct","head:\bNOT\s+APPLICABLE\b","['Partial Correlation Coefficient']"
"36","Correlation Analysis","easy","Skewness","NOT_APPLICABLE","NOT_APPLICABLE","correct","head:\bNOT\s+APPLICABLE\b","['Partial Correlation Coefficient']"
"36","Correlation Analysis","easy","Kurtosis","NOT_APPLICABLE","NOT_APPLICABLE","correct","head:\bNOT\s+APPLICABLE\b","['Partial Correlation Coefficient']"
"36","Correlation Analysis","easy","Mood Variance Test","NOT_APPLICABLE","NOT_APPLICABLE","correct","head:\bNOT\s+APPLICABLE\b","['Partial Correlation Coefficient']"
"36","Correlation Analysis","easy","Levene Test","NOT_APPLICABLE","NOT_APPLICABLE","correct","head:\bNOT\s+APPLICABLE\b","['Partial Correlation Coefficient']"
"36","Correlation Analysis","easy","Bartlett Test","NOT_APPLICABLE","NOT_APPLICABLE","correct","head:\bNOT\s+APPLICABLE\b","['Partial Correlation Coefficient']"
"36","Correlation Analysis","easy","F-Test for Variance","NOT_APPLICABLE","NOT_APPLICABLE","correct","head:\bNOT\s+APPLICABLE\b","['Partial Correlation Coefficient']"
"37","Contingency Table Test","hard","Pearson Correlation Coefficient","NOT_APPLICABLE","NOT_APPLICABLE","correct","head:\bNOT\s+APPLICABLE\b","['Chi-square Independence Test']"
"37","Contingency Table Test","hard","Spearman Correlation Coefficient","NOT_APPLICABLE","NOT_APPLICABLE","correct","head:\bNOT\s+APPLICABLE\b","['Chi-square Independence Test']"
"37","Contingency Table Test","hard","Kendall Correlation Coefficient","NOT_APPLICABLE","NOT_APPLICABLE","correct","head:\bNOT\s+APPLICABLE\b","['Chi-square Independence Test']"
"37","Contingency Table Test","hard","Partial Correlation Coefficient","NOT_APPLICABLE","NOT_APPLICABLE","correct","head:\bNOT\s+APPLICABLE\b","['Chi-square Independence Test']"
"37","Contingency Table Test","hard","Anderson-Darling Test","NOT_APPLICABLE","NOT_APPLICABLE","correct","head:\bNOT\s+APPLICABLE\b","['Chi-square Independence Test']"
"37","Contingency Table Test","hard","Shapiro-Wilk Test of Normality","NOT_APPLICABLE","NOT_APPLICABLE","correct","head:\bNOT\s+APPLICABLE\b","['Chi-square Independence Test']"
"37","Contingency Table Test","hard","Kolmogorov-Smirnov Test for Normality","NOT_APPLICABLE","NOT_APPLICABLE","correct","head:\bNOT\s+APPLICABLE\b","['Chi-square Independence Test']"
"37","Contingency Table Test","hard","Lilliefors Test","NOT_APPLICABLE","NOT_APPLICABLE","correct","head:\bNOT\s+APPLICABLE\b","['Chi-square Independence Test']"
"37","Contingency Table Test","hard","Kolmogorov-Smirnov Test","NOT_APPLICABLE","NOT_APPLICABLE","correct","head:\bNOT\s+APPLICABLE\b","['Chi-square Independence Test']"
"37","Contingency Table Test","hard","Kolmogorov-Smirnov Test for Uniform distribution","NOT_APPLICABLE","NOT_APPLICABLE","correct","head:\bNOT\s+APPLICABLE\b","['Chi-square Independence Test']"
"37","Contingency Table Test","hard","Kolmogorov-Smirnov Test for Gamma distribution","NOT_APPLICABLE","NOT_APPLICABLE","correct","head:\bNOT\s+APPLICABLE\b","['Chi-square Independence Test']"
"37","Contingency Table Test","hard","Kolmogorov-Smirnov Test for Exponential distribution","NOT_APPLICABLE","NOT_APPLICABLE","correct","head:\bNOT\s+APPLICABLE\b","['Chi-square Independence Test']"
"37","Contingency Table Test","hard","Chi-square Independence Test","NOT_APPLICABLE","APPLICABLE","wrong","head:\bNOT\s+APPLICABLE\b","['Chi-square Independence Test']"
"37","Contingency Table Test","hard","Fisher Exact Test","NOT_APPLICABLE","NOT_APPLICABLE","correct","head:\bNOT\s+APPLICABLE\b","['Chi-square Independence Test']"
"37","Contingency Table Test","hard","Mantel-Haenszel Test","NOT_APPLICABLE","NOT_APPLICABLE","correct","head:\bNOT\s+APPLICABLE\b","['Chi-square Independence Test']"
"37","Contingency Table Test","hard","Mean","NOT_APPLICABLE","NOT_APPLICABLE","correct","head:\bNOT\s+APPLICABLE\b","['Chi-square Independence Test']"
"37","Contingency Table Test","hard","Median","NOT_APPLICABLE","NOT_APPLICABLE","correct","head:\bNOT\s+APPLICABLE\b","['Chi-square Independence Test']"
"37","Contingency Table Test","hard","Mode","NOT_APPLICABLE","NOT_APPLICABLE","correct","head:\bNOT\s+APPLICABLE\b","['Chi-square Independence Test']"
"37","Contingency Table Test","hard","Range","NOT_APPLICABLE","NOT_APPLICABLE","correct","head:\bNOT\s+APPLICABLE\b","['Chi-square Independence Test']"
"37","Contingency Table Test","hard","Quartile","NOT_APPLICABLE","NOT_APPLICABLE","correct","head:\bNOT\s+APPLICABLE\b","['Chi-square Independence Test']"
"37","Contingency Table Test","hard","Standard Deviation","NOT_APPLICABLE","NOT_APPLICABLE","correct","head:\bNOT\s+APPLICABLE\b","['Chi-square Independence Test']"
"37","Contingency Table Test","hard","Skewness","NOT_APPLICABLE","NOT_APPLICABLE","correct","head:\bNOT\s+APPLICABLE\b","['Chi-square Independence Test']"
"37","Contingency Table Test","hard","Kurtosis","NOT_APPLICABLE","NOT_APPLICABLE","correct","head:\bNOT\s+APPLICABLE\b","['Chi-square Independence Test']"
"37","Contingency Table Test","hard","Mood Variance Test","NOT_APPLICABLE","NOT_APPLICABLE","correct","head:\bNOT\s+APPLICABLE\b","['Chi-square Independence Test']"
"37","Contingency Table Test","hard","Levene Test","NOT_APPLICABLE","NOT_APPLICABLE","correct","head:\bNOT\s+APPLICABLE\b","['Chi-square Independence Test']"
"37","Contingency Table Test","hard","Bartlett Test","NOT_APPLICABLE","NOT_APPLICABLE","correct","head:\bNOT\s+APPLICABLE\b","['Chi-square Independence Test']"
"37","Contingency Table Test","hard","F-Test for Variance","NOT_APPLICABLE","NOT_APPLICABLE","correct","head:\bNOT\s+APPLICABLE\b","['Chi-square Independence Test']"
"38","Descriptive Statistics","easy","Pearson Correlation Coefficient","NOT_APPLICABLE","NOT_APPLICABLE","correct","head:\bNOT\s+APPLICABLE\b","['Mode']"
"38","Descriptive Statistics","easy","Spearman Correlation Coefficient","NOT_APPLICABLE","NOT_APPLICABLE","correct","head:\bNOT\s+APPLICABLE\b","['Mode']"
"38","Descriptive Statistics","easy","Kendall Correlation Coefficient","NOT_APPLICABLE","NOT_APPLICABLE","correct","head:\bNOT\s+APPLICABLE\b","['Mode']"
"38","Descriptive Statistics","easy","Partial Correlation Coefficient","NOT_APPLICABLE","NOT_APPLICABLE","correct","head:\bNOT\s+APPLICABLE\b","['Mode']"
"38","Descriptive Statistics","easy","Anderson-Darling Test","NOT_APPLICABLE","NOT_APPLICABLE","correct","head:\bNOT\s+APPLICABLE\b","['Mode']"
"38","Descriptive Statistics","easy","Shapiro-Wilk Test of Normality","NOT_APPLICABLE","NOT_APPLICABLE","correct","head:\bNOT\s+APPLICABLE\b","['Mode']"
"38","Descriptive Statistics","easy","Kolmogorov-Smirnov Test for Normality","NOT_APPLICABLE","NOT_APPLICABLE","correct","head:\bNOT\s+APPLICABLE\b","['Mode']"
"38","Descriptive Statistics","easy","Lilliefors Test","NOT_APPLICABLE","NOT_APPLICABLE","correct","head:\bNOT\s+APPLICABLE\b","['Mode']"
"38","Descriptive Statistics","easy","Kolmogorov-Smirnov Test","NOT_APPLICABLE","NOT_APPLICABLE","correct","head:\bNOT\s+APPLICABLE\b","['Mode']"
"38","Descriptive Statistics","easy","Kolmogorov-Smirnov Test for Uniform distribution","NOT_APPLICABLE","NOT_APPLICABLE","correct","head:\bNOT\s+APPLICABLE\b","['Mode']"
"38","Descriptive Statistics","easy","Kolmogorov-Smirnov Test for Gamma distribution","NOT_APPLICABLE","NOT_APPLICABLE","correct","head:\bNOT\s+APPLICABLE\b","['Mode']"
"38","Descriptive Statistics","easy","Kolmogorov-Smirnov Test for Exponential distribution","NOT_APPLICABLE","NOT_APPLICABLE","correct","head:\bNOT\s+APPLICABLE\b","['Mode']"
"38","Descriptive Statistics","easy","Chi-square Independence Test","NOT_APPLICABLE","NOT_APPLICABLE","correct","head:\bNOT\s+APPLICABLE\b","['Mode']"
"38","Descriptive Statistics","easy","Fisher Exact Test","NOT_APPLICABLE","NOT_APPLICABLE","correct","head:\bNOT\s+APPLICABLE\b","['Mode']"
"38","Descriptive Statistics","easy","Mantel-Haenszel Test","NOT_APPLICABLE","NOT_APPLICABLE","correct","head:\bNOT\s+APPLICABLE\b","['Mode']"
"38","Descriptive Statistics","easy","Mean","NOT_APPLICABLE","NOT_APPLICABLE","correct","head:\bNOT\s+APPLICABLE\b","['Mode']"
"38","Descriptive Statistics","easy","Median","NOT_APPLICABLE","NOT_APPLICABLE","correct","head:\bNOT\s+APPLICABLE\b","['Mode']"
"38","Descriptive Statistics","easy","Mode","APPLICABLE","APPLICABLE","correct","head:\bAPPLICABLE\b","['Mode']"
"38","Descriptive Statistics","easy","Range","NOT_APPLICABLE","NOT_APPLICABLE","correct","head:\bNOT\s+APPLICABLE\b","['Mode']"
"38","Descriptive Statistics","easy","Quartile","NOT_APPLICABLE","NOT_APPLICABLE","correct","head:\bNOT\s+APPLICABLE\b","['Mode']"
"38","Descriptive Statistics","easy","Standard Deviation","NOT_APPLICABLE","NOT_APPLICABLE","correct","head:\bNOT\s+APPLICABLE\b","['Mode']"
"38","Descriptive Statistics","easy","Skewness","NOT_APPLICABLE","NOT_APPLICABLE","correct","head:\bNOT\s+APPLICABLE\b","['Mode']"
"38","Descriptive Statistics","easy","Kurtosis","NOT_APPLICABLE","NOT_APPLICABLE","correct","head:\bNOT\s+APPLICABLE\b","['Mode']"
"38","Descriptive Statistics","easy","Mood Variance Test","NOT_APPLICABLE","NOT_APPLICABLE","correct","head:\bNOT\s+APPLICABLE\b","['Mode']"
"38","Descriptive Statistics","easy","Levene Test","NOT_APPLICABLE","NOT_APPLICABLE","correct","head:\bNOT\s+APPLICABLE\b","['Mode']"
"38","Descriptive Statistics","easy","Bartlett Test","NOT_APPLICABLE","NOT_APPLICABLE","correct","head:\bNOT\s+APPLICABLE\b","['Mode']"
"38","Descriptive Statistics","easy","F-Test for Variance","NOT_APPLICABLE","NOT_APPLICABLE","correct","head:\bNOT\s+APPLICABLE\b","['Mode']"
"39","Correlation Analysis","easy","Pearson Correlation Coefficient","NOT_APPLICABLE","NOT_APPLICABLE","correct","head:\bNOT\s+APPLICABLE\b","['Partial Correlation Coefficient']"
"39","Correlation Analysis","easy","Spearman Correlation Coefficient","APPLICABLE","NOT_APPLICABLE","wrong","head:\bAPPLICABLE\b","['Partial Correlation Coefficient']"
"39","Correlation Analysis","easy","Kendall Correlation Coefficient","APPLICABLE","NOT_APPLICABLE","wrong","head:\bAPPLICABLE\b","['Partial Correlation Coefficient']"
"39","Correlation Analysis","easy","Partial Correlation Coefficient","APPLICABLE","APPLICABLE","correct","head:\bAPPLICABLE\b","['Partial Correlation Coefficient']"
"39","Correlation Analysis","easy","Anderson-Darling Test","NOT_APPLICABLE","NOT_APPLICABLE","correct","head:\bNOT\s+APPLICABLE\b","['Partial Correlation Coefficient']"
"39","Correlation Analysis","easy","Shapiro-Wilk Test of Normality","NOT_APPLICABLE","NOT_APPLICABLE","correct","head:\bNOT\s+APPLICABLE\b","['Partial Correlation Coefficient']"
"39","Correlation Analysis","easy","Kolmogorov-Smirnov Test for Normality","NOT_APPLICABLE","NOT_APPLICABLE","correct","head:\bNOT\s+APPLICABLE\b","['Partial Correlation Coefficient']"
"39","Correlation Analysis","easy","Lilliefors Test","NOT_APPLICABLE","NOT_APPLICABLE","correct","head:\bNOT\s+APPLICABLE\b","['Partial Correlation Coefficient']"
"39","Correlation Analysis","easy","Kolmogorov-Smirnov Test","NOT_APPLICABLE","NOT_APPLICABLE","correct","head:\bNOT\s+APPLICABLE\b","['Partial Correlation Coefficient']"
"39","Correlation Analysis","easy","Kolmogorov-Smirnov Test for Uniform distribution","NOT_APPLICABLE","NOT_APPLICABLE","correct","head:\bNOT\s+APPLICABLE\b","['Partial Correlation Coefficient']"
"39","Correlation Analysis","easy","Kolmogorov-Smirnov Test for Gamma distribution","NOT_APPLICABLE","NOT_APPLICABLE","correct","head:\bNOT\s+APPLICABLE\b","['Partial Correlation Coefficient']"
"39","Correlation Analysis","easy","Kolmogorov-Smirnov Test for Exponential distribution","NOT_APPLICABLE","NOT_APPLICABLE","correct","head:\bNOT\s+APPLICABLE\b","['Partial Correlation Coefficient']"
"39","Correlation Analysis","easy","Chi-square Independence Test","NOT_APPLICABLE","NOT_APPLICABLE","correct","head:\bNOT\s+APPLICABLE\b","['Partial Correlation Coefficient']"
"39","Correlation Analysis","easy","Fisher Exact Test","NOT_APPLICABLE","NOT_APPLICABLE","correct","head:\bNOT\s+APPLICABLE\b","['Partial Correlation Coefficient']"
"39","Correlation Analysis","easy","Mantel-Haenszel Test","NOT_APPLICABLE","NOT_APPLICABLE","correct","head:\bNOT\s+APPLICABLE\b","['Partial Correlation Coefficient']"
"39","Correlation Analysis","easy","Mean","NOT_APPLICABLE","NOT_APPLICABLE","correct","head:\bNOT\s+APPLICABLE\b","['Partial Correlation Coefficient']"
"39","Correlation Analysis","easy","Median","NOT_APPLICABLE","NOT_APPLICABLE","correct","head:\bNOT\s+APPLICABLE\b","['Partial Correlation Coefficient']"
"39","Correlation Analysis","easy","Mode","NOT_APPLICABLE","NOT_APPLICABLE","correct","head:\bNOT\s+APPLICABLE\b","['Partial Correlation Coefficient']"
"39","Correlation Analysis","easy","Range","NOT_APPLICABLE","NOT_APPLICABLE","correct","head:\bNOT\s+APPLICABLE\b","['Partial Correlation Coefficient']"
"39","Correlation Analysis","easy","Quartile","NOT_APPLICABLE","NOT_APPLICABLE","correct","head:\bNOT\s+APPLICABLE\b","['Partial Correlation Coefficient']"
"39","Correlation Analysis","easy","Standard Deviation","NOT_APPLICABLE","NOT_APPLICABLE","correct","head:\bNOT\s+APPLICABLE\b","['Partial Correlation Coefficient']"
"39","Correlation Analysis","easy","Skewness","NOT_APPLICABLE","NOT_APPLICABLE","correct","head:\bNOT\s+APPLICABLE\b","['Partial Correlation Coefficient']"
"39","Correlation Analysis","easy","Kurtosis","NOT_APPLICABLE","NOT_APPLICABLE","correct","head:\bNOT\s+APPLICABLE\b","['Partial Correlation Coefficient']"
"39","Correlation Analysis","easy","Mood Variance Test","NOT_APPLICABLE","NOT_APPLICABLE","correct","head:\bNOT\s+APPLICABLE\b","['Partial Correlation Coefficient']"
"39","Correlation Analysis","easy","Levene Test","NOT_APPLICABLE","NOT_APPLICABLE","correct","head:\bNOT\s+APPLICABLE\b","['Partial Correlation Coefficient']"
"39","Correlation Analysis","easy","Bartlett Test","NOT_APPLICABLE","NOT_APPLICABLE","correct","head:\bNOT\s+APPLICABLE\b","['Partial Correlation Coefficient']"
"39","Correlation Analysis","easy","F-Test for Variance","NOT_APPLICABLE","NOT_APPLICABLE","correct","head:\bNOT\s+APPLICABLE\b","['Partial Correlation Coefficient']"
"40","Descriptive Statistics","easy","Pearson Correlation Coefficient","NOT_APPLICABLE","NOT_APPLICABLE","correct","head:\bNOT\s+APPLICABLE\b","['Skewness']"
"40","Descriptive Statistics","easy","Spearman Correlation Coefficient","NOT_APPLICABLE","NOT_APPLICABLE","correct","head:\bNOT\s+APPLICABLE\b","['Skewness']"
"40","Descriptive Statistics","easy","Kendall Correlation Coefficient","NOT_APPLICABLE","NOT_APPLICABLE","correct","head:\bNOT\s+APPLICABLE\b","['Skewness']"
"40","Descriptive Statistics","easy","Partial Correlation Coefficient","NOT_APPLICABLE","NOT_APPLICABLE","correct","head:\bNOT\s+APPLICABLE\b","['Skewness']"
"40","Descriptive Statistics","easy","Anderson-Darling Test","NOT_APPLICABLE","NOT_APPLICABLE","correct","head:\bNOT\s+APPLICABLE\b","['Skewness']"
"40","Descriptive Statistics","easy","Shapiro-Wilk Test of Normality","NOT_APPLICABLE","NOT_APPLICABLE","correct","head:\bNOT\s+APPLICABLE\b","['Skewness']"
"40","Descriptive Statistics","easy","Kolmogorov-Smirnov Test for Normality","NOT_APPLICABLE","NOT_APPLICABLE","correct","head:\bNOT\s+APPLICABLE\b","['Skewness']"
"40","Descriptive Statistics","easy","Lilliefors Test","NOT_APPLICABLE","NOT_APPLICABLE","correct","head:\bNOT\s+APPLICABLE\b","['Skewness']"
"40","Descriptive Statistics","easy","Kolmogorov-Smirnov Test","NOT_APPLICABLE","NOT_APPLICABLE","correct","head:\bNOT\s+APPLICABLE\b","['Skewness']"
"40","Descriptive Statistics","easy","Kolmogorov-Smirnov Test for Uniform distribution","NOT_APPLICABLE","NOT_APPLICABLE","correct","head:\bNOT\s+APPLICABLE\b","['Skewness']"
"40","Descriptive Statistics","easy","Kolmogorov-Smirnov Test for Gamma distribution","NOT_APPLICABLE","NOT_APPLICABLE","correct","head:\bNOT\s+APPLICABLE\b","['Skewness']"
"40","Descriptive Statistics","easy","Kolmogorov-Smirnov Test for Exponential distribution","NOT_APPLICABLE","NOT_APPLICABLE","correct","head:\bNOT\s+APPLICABLE\b","['Skewness']"
"40","Descriptive Statistics","easy","Chi-square Independence Test","NOT_APPLICABLE","NOT_APPLICABLE","correct","head:\bNOT\s+APPLICABLE\b","['Skewness']"
"40","Descriptive Statistics","easy","Fisher Exact Test","NOT_APPLICABLE","NOT_APPLICABLE","correct","head:\bNOT\s+APPLICABLE\b","['Skewness']"
"40","Descriptive Statistics","easy","Mantel-Haenszel Test","NOT_APPLICABLE","NOT_APPLICABLE","correct","head:\bNOT\s+APPLICABLE\b","['Skewness']"
"40","Descriptive Statistics","easy","Mean","NOT_APPLICABLE","NOT_APPLICABLE","correct","head:\bNOT\s+APPLICABLE\b","['Skewness']"
"40","Descriptive Statistics","easy","Median","NOT_APPLICABLE","NOT_APPLICABLE","correct","head:\bNOT\s+APPLICABLE\b","['Skewness']"
"40","Descriptive Statistics","easy","Mode","NOT_APPLICABLE","NOT_APPLICABLE","correct","head:\bNOT\s+APPLICABLE\b","['Skewness']"
"40","Descriptive Statistics","easy","Range","NOT_APPLICABLE","NOT_APPLICABLE","correct","head:\bNOT\s+APPLICABLE\b","['Skewness']"
"40","Descriptive Statistics","easy","Quartile","NOT_APPLICABLE","NOT_APPLICABLE","correct","head:\bNOT\s+APPLICABLE\b","['Skewness']"
"40","Descriptive Statistics","easy","Standard Deviation","NOT_APPLICABLE","NOT_APPLICABLE","correct","head:\bNOT\s+APPLICABLE\b","['Skewness']"
"40","Descriptive Statistics","easy","Skewness","APPLICABLE","APPLICABLE","correct","head:\bAPPLICABLE\b","['Skewness']"
"40","Descriptive Statistics","easy","Kurtosis","NOT_APPLICABLE","NOT_APPLICABLE","correct","head:\bNOT\s+APPLICABLE\b","['Skewness']"
"40","Descriptive Statistics","easy","Mood Variance Test","NOT_APPLICABLE","NOT_APPLICABLE","correct","head:\bNOT\s+APPLICABLE\b","['Skewness']"
"40","Descriptive Statistics","easy","Levene Test","NOT_APPLICABLE","NOT_APPLICABLE","correct","head:\bNOT\s+APPLICABLE\b","['Skewness']"
"40","Descriptive Statistics","easy","Bartlett Test","NOT_APPLICABLE","NOT_APPLICABLE","correct","head:\bNOT\s+APPLICABLE\b","['Skewness']"
"40","Descriptive Statistics","easy","F-Test for Variance","NOT_APPLICABLE","NOT_APPLICABLE","correct","head:\bNOT\s+APPLICABLE\b","['Skewness']"
"41","Descriptive Statistics","easy","Pearson Correlation Coefficient","NOT_APPLICABLE","NOT_APPLICABLE","correct","head:\bNOT\s+APPLICABLE\b","['Skewness']"
"41","Descriptive Statistics","easy","Spearman Correlation Coefficient","NOT_APPLICABLE","NOT_APPLICABLE","correct","head:\bNOT\s+APPLICABLE\b","['Skewness']"
"41","Descriptive Statistics","easy","Kendall Correlation Coefficient","NOT_APPLICABLE","NOT_APPLICABLE","correct","head:\bNOT\s+APPLICABLE\b","['Skewness']"
"41","Descriptive Statistics","easy","Partial Correlation Coefficient","NOT_APPLICABLE","NOT_APPLICABLE","correct","head:\bNOT\s+APPLICABLE\b","['Skewness']"
"41","Descriptive Statistics","easy","Anderson-Darling Test","NOT_APPLICABLE","NOT_APPLICABLE","correct","head:\bNOT\s+APPLICABLE\b","['Skewness']"
"41","Descriptive Statistics","easy","Shapiro-Wilk Test of Normality","NOT_APPLICABLE","NOT_APPLICABLE","correct","head:\bNOT\s+APPLICABLE\b","['Skewness']"
"41","Descriptive Statistics","easy","Kolmogorov-Smirnov Test for Normality","NOT_APPLICABLE","NOT_APPLICABLE","correct","head:\bNOT\s+APPLICABLE\b","['Skewness']"
"41","Descriptive Statistics","easy","Lilliefors Test","NOT_APPLICABLE","NOT_APPLICABLE","correct","head:\bNOT\s+APPLICABLE\b","['Skewness']"
"41","Descriptive Statistics","easy","Kolmogorov-Smirnov Test","NOT_APPLICABLE","NOT_APPLICABLE","correct","head:\bNOT\s+APPLICABLE\b","['Skewness']"
"41","Descriptive Statistics","easy","Kolmogorov-Smirnov Test for Uniform distribution","NOT_APPLICABLE","NOT_APPLICABLE","correct","head:\bNOT\s+APPLICABLE\b","['Skewness']"
"41","Descriptive Statistics","easy","Kolmogorov-Smirnov Test for Gamma distribution","NOT_APPLICABLE","NOT_APPLICABLE","correct","head:\bNOT\s+APPLICABLE\b","['Skewness']"
"41","Descriptive Statistics","easy","Kolmogorov-Smirnov Test for Exponential distribution","NOT_APPLICABLE","NOT_APPLICABLE","correct","head:\bNOT\s+APPLICABLE\b","['Skewness']"
"41","Descriptive Statistics","easy","Chi-square Independence Test","NOT_APPLICABLE","NOT_APPLICABLE","correct","head:\bNOT\s+APPLICABLE\b","['Skewness']"
"41","Descriptive Statistics","easy","Fisher Exact Test","NOT_APPLICABLE","NOT_APPLICABLE","correct","head:\bNOT\s+APPLICABLE\b","['Skewness']"
"41","Descriptive Statistics","easy","Mantel-Haenszel Test","NOT_APPLICABLE","NOT_APPLICABLE","correct","head:\bNOT\s+APPLICABLE\b","['Skewness']"
"41","Descriptive Statistics","easy","Mean","NOT_APPLICABLE","NOT_APPLICABLE","correct","head:\bNOT\s+APPLICABLE\b","['Skewness']"
"41","Descriptive Statistics","easy","Median","NOT_APPLICABLE","NOT_APPLICABLE","correct","head:\bNOT\s+APPLICABLE\b","['Skewness']"
"41","Descriptive Statistics","easy","Mode","NOT_APPLICABLE","NOT_APPLICABLE","correct","head:\bNOT\s+APPLICABLE\b","['Skewness']"
"41","Descriptive Statistics","easy","Range","NOT_APPLICABLE","NOT_APPLICABLE","correct","head:\bNOT\s+APPLICABLE\b","['Skewness']"
"41","Descriptive Statistics","easy","Quartile","NOT_APPLICABLE","NOT_APPLICABLE","correct","head:\bNOT\s+APPLICABLE\b","['Skewness']"
"41","Descriptive Statistics","easy","Standard Deviation","NOT_APPLICABLE","NOT_APPLICABLE","correct","head:\bNOT\s+APPLICABLE\b","['Skewness']"
"41","Descriptive Statistics","easy","Skewness","APPLICABLE","APPLICABLE","correct","head:\bAPPLICABLE\b","['Skewness']"
"41","Descriptive Statistics","easy","Kurtosis","NOT_APPLICABLE","NOT_APPLICABLE","correct","head:\bNOT\s+APPLICABLE\b","['Skewness']"
"41","Descriptive Statistics","easy","Mood Variance Test","NOT_APPLICABLE","NOT_APPLICABLE","correct","head:\bNOT\s+APPLICABLE\b","['Skewness']"
"41","Descriptive Statistics","easy","Levene Test","NOT_APPLICABLE","NOT_APPLICABLE","correct","head:\bNOT\s+APPLICABLE\b","['Skewness']"
"41","Descriptive Statistics","easy","Bartlett Test","NOT_APPLICABLE","NOT_APPLICABLE","correct","head:\bNOT\s+APPLICABLE\b","['Skewness']"
"41","Descriptive Statistics","easy","F-Test for Variance","NOT_APPLICABLE","NOT_APPLICABLE","correct","head:\bNOT\s+APPLICABLE\b","['Skewness']"
"42","Descriptive Statistics","easy","Pearson Correlation Coefficient","NOT_APPLICABLE","NOT_APPLICABLE","correct","head:\bNOT\s+APPLICABLE\b","['Range']"
"42","Descriptive Statistics","easy","Spearman Correlation Coefficient","NOT_APPLICABLE","NOT_APPLICABLE","correct","head:\bNOT\s+APPLICABLE\b","['Range']"
"42","Descriptive Statistics","easy","Kendall Correlation Coefficient","NOT_APPLICABLE","NOT_APPLICABLE","correct","head:\bNOT\s+APPLICABLE\b","['Range']"
"42","Descriptive Statistics","easy","Partial Correlation Coefficient","NOT_APPLICABLE","NOT_APPLICABLE","correct","head:\bNOT\s+APPLICABLE\b","['Range']"
"42","Descriptive Statistics","easy","Anderson-Darling Test","NOT_APPLICABLE","NOT_APPLICABLE","correct","head:\bNOT\s+APPLICABLE\b","['Range']"
"42","Descriptive Statistics","easy","Shapiro-Wilk Test of Normality","NOT_APPLICABLE","NOT_APPLICABLE","correct","head:\bNOT\s+APPLICABLE\b","['Range']"
"42","Descriptive Statistics","easy","Kolmogorov-Smirnov Test for Normality","NOT_APPLICABLE","NOT_APPLICABLE","correct","head:\bNOT\s+APPLICABLE\b","['Range']"
"42","Descriptive Statistics","easy","Lilliefors Test","NOT_APPLICABLE","NOT_APPLICABLE","correct","head:\bNOT\s+APPLICABLE\b","['Range']"
"42","Descriptive Statistics","easy","Kolmogorov-Smirnov Test","NOT_APPLICABLE","NOT_APPLICABLE","correct","head:\bNOT\s+APPLICABLE\b","['Range']"
"42","Descriptive Statistics","easy","Kolmogorov-Smirnov Test for Uniform distribution","NOT_APPLICABLE","NOT_APPLICABLE","correct","head:\bNOT\s+APPLICABLE\b","['Range']"
"42","Descriptive Statistics","easy","Kolmogorov-Smirnov Test for Gamma distribution","NOT_APPLICABLE","NOT_APPLICABLE","correct","head:\bNOT\s+APPLICABLE\b","['Range']"
"42","Descriptive Statistics","easy","Kolmogorov-Smirnov Test for Exponential distribution","NOT_APPLICABLE","NOT_APPLICABLE","correct","head:\bNOT\s+APPLICABLE\b","['Range']"
"42","Descriptive Statistics","easy","Chi-square Independence Test","NOT_APPLICABLE","NOT_APPLICABLE","correct","head:\bNOT\s+APPLICABLE\b","['Range']"
"42","Descriptive Statistics","easy","Fisher Exact Test","NOT_APPLICABLE","NOT_APPLICABLE","correct","head:\bNOT\s+APPLICABLE\b","['Range']"
"42","Descriptive Statistics","easy","Mantel-Haenszel Test","NOT_APPLICABLE","NOT_APPLICABLE","correct","head:\bNOT\s+APPLICABLE\b","['Range']"
"42","Descriptive Statistics","easy","Mean","NOT_APPLICABLE","NOT_APPLICABLE","correct","head:\bNOT\s+APPLICABLE\b","['Range']"
"42","Descriptive Statistics","easy","Median","NOT_APPLICABLE","NOT_APPLICABLE","correct","head:\bNOT\s+APPLICABLE\b","['Range']"
"42","Descriptive Statistics","easy","Mode","NOT_APPLICABLE","NOT_APPLICABLE","correct","head:\bNOT\s+APPLICABLE\b","['Range']"
"42","Descriptive Statistics","easy","Range","APPLICABLE","APPLICABLE","correct","head:\bAPPLICABLE\b","['Range']"
"42","Descriptive Statistics","easy","Quartile","APPLICABLE","NOT_APPLICABLE","wrong","head:\bAPPLICABLE\b","['Range']"
"42","Descriptive Statistics","easy","Standard Deviation","NOT_APPLICABLE","NOT_APPLICABLE","correct","head:\bNOT\s+APPLICABLE\b","['Range']"
"42","Descriptive Statistics","easy","Skewness","APPLICABLE","NOT_APPLICABLE","wrong","head:\bAPPLICABLE\b","['Range']"
"42","Descriptive Statistics","easy","Kurtosis","NOT_APPLICABLE","NOT_APPLICABLE","correct","head:\bNOT\s+APPLICABLE\b","['Range']"
"42","Descriptive Statistics","easy","Mood Variance Test","NOT_APPLICABLE","NOT_APPLICABLE","correct","head:\bNOT\s+APPLICABLE\b","['Range']"
"42","Descriptive Statistics","easy","Levene Test","NOT_APPLICABLE","NOT_APPLICABLE","correct","head:\bNOT\s+APPLICABLE\b","['Range']"
"42","Descriptive Statistics","easy","Bartlett Test","NOT_APPLICABLE","NOT_APPLICABLE","correct","head:\bNOT\s+APPLICABLE\b","['Range']"
"42","Descriptive Statistics","easy","F-Test for Variance","NOT_APPLICABLE","NOT_APPLICABLE","correct","head:\bNOT\s+APPLICABLE\b","['Range']"
"43","Descriptive Statistics","easy","Pearson Correlation Coefficient","NOT_APPLICABLE","NOT_APPLICABLE","correct","head:\bNOT\s+APPLICABLE\b","['Range']"
"43","Descriptive Statistics","easy","Spearman Correlation Coefficient","NOT_APPLICABLE","NOT_APPLICABLE","correct","head:\bNOT\s+APPLICABLE\b","['Range']"
"43","Descriptive Statistics","easy","Kendall Correlation Coefficient","NOT_APPLICABLE","NOT_APPLICABLE","correct","head:\bNOT\s+APPLICABLE\b","['Range']"
"43","Descriptive Statistics","easy","Partial Correlation Coefficient","NOT_APPLICABLE","NOT_APPLICABLE","correct","head:\bNOT\s+APPLICABLE\b","['Range']"
"43","Descriptive Statistics","easy","Anderson-Darling Test","NOT_APPLICABLE","NOT_APPLICABLE","correct","head:\bNOT\s+APPLICABLE\b","['Range']"
"43","Descriptive Statistics","easy","Shapiro-Wilk Test of Normality","NOT_APPLICABLE","NOT_APPLICABLE","correct","head:\bNOT\s+APPLICABLE\b","['Range']"
"43","Descriptive Statistics","easy","Kolmogorov-Smirnov Test for Normality","NOT_APPLICABLE","NOT_APPLICABLE","correct","head:\bNOT\s+APPLICABLE\b","['Range']"
"43","Descriptive Statistics","easy","Lilliefors Test","NOT_APPLICABLE","NOT_APPLICABLE","correct","head:\bNOT\s+APPLICABLE\b","['Range']"
"43","Descriptive Statistics","easy","Kolmogorov-Smirnov Test","NOT_APPLICABLE","NOT_APPLICABLE","correct","head:\bNOT\s+APPLICABLE\b","['Range']"
"43","Descriptive Statistics","easy","Kolmogorov-Smirnov Test for Uniform distribution","NOT_APPLICABLE","NOT_APPLICABLE","correct","head:\bNOT\s+APPLICABLE\b","['Range']"
"43","Descriptive Statistics","easy","Kolmogorov-Smirnov Test for Gamma distribution","NOT_APPLICABLE","NOT_APPLICABLE","correct","head:\bNOT\s+APPLICABLE\b","['Range']"
"43","Descriptive Statistics","easy","Kolmogorov-Smirnov Test for Exponential distribution","NOT_APPLICABLE","NOT_APPLICABLE","correct","head:\bNOT\s+APPLICABLE\b","['Range']"
"43","Descriptive Statistics","easy","Chi-square Independence Test","NOT_APPLICABLE","NOT_APPLICABLE","correct","head:\bNOT\s+APPLICABLE\b","['Range']"
"43","Descriptive Statistics","easy","Fisher Exact Test","NOT_APPLICABLE","NOT_APPLICABLE","correct","head:\bNOT\s+APPLICABLE\b","['Range']"
"43","Descriptive Statistics","easy","Mantel-Haenszel Test","NOT_APPLICABLE","NOT_APPLICABLE","correct","head:\bNOT\s+APPLICABLE\b","['Range']"
"43","Descriptive Statistics","easy","Mean","NOT_APPLICABLE","NOT_APPLICABLE","correct","head:\bNOT\s+APPLICABLE\b","['Range']"
"43","Descriptive Statistics","easy","Median","APPLICABLE","NOT_APPLICABLE","wrong","head:\bAPPLICABLE\b","['Range']"
"43","Descriptive Statistics","easy","Mode","NOT_APPLICABLE","NOT_APPLICABLE","correct","head:\bNOT\s+APPLICABLE\b","['Range']"
"43","Descriptive Statistics","easy","Range","APPLICABLE","APPLICABLE","correct","head:\bAPPLICABLE\b","['Range']"
"43","Descriptive Statistics","easy","Quartile","APPLICABLE","NOT_APPLICABLE","wrong","head:\bAPPLICABLE\b","['Range']"
"43","Descriptive Statistics","easy","Standard Deviation","NOT_APPLICABLE","NOT_APPLICABLE","correct","head:\bNOT\s+APPLICABLE\b","['Range']"
"43","Descriptive Statistics","easy","Skewness","APPLICABLE","NOT_APPLICABLE","wrong","head:\bAPPLICABLE\b","['Range']"
"43","Descriptive Statistics","easy","Kurtosis","NOT_APPLICABLE","NOT_APPLICABLE","correct","head:\bNOT\s+APPLICABLE\b","['Range']"
"43","Descriptive Statistics","easy","Mood Variance Test","NOT_APPLICABLE","NOT_APPLICABLE","correct","head:\bNOT\s+APPLICABLE\b","['Range']"
"43","Descriptive Statistics","easy","Levene Test","NOT_APPLICABLE","NOT_APPLICABLE","correct","head:\bNOT\s+APPLICABLE\b","['Range']"
"43","Descriptive Statistics","easy","Bartlett Test","NOT_APPLICABLE","NOT_APPLICABLE","correct","head:\bNOT\s+APPLICABLE\b","['Range']"
"43","Descriptive Statistics","easy","F-Test for Variance","NOT_APPLICABLE","NOT_APPLICABLE","correct","head:\bNOT\s+APPLICABLE\b","['Range']"
"44","Variance Test","easy","Pearson Correlation Coefficient","NOT_APPLICABLE","NOT_APPLICABLE","correct","head:\bNOT\s+APPLICABLE\b","['Mood Variance Test', 'Levene Test', 'Bartlett Test', 'F-Test for Variance']"
"44","Variance Test","easy","Spearman Correlation Coefficient","NOT_APPLICABLE","NOT_APPLICABLE","correct","head:\bNOT\s+APPLICABLE\b","['Mood Variance Test', 'Levene Test', 'Bartlett Test', 'F-Test for Variance']"
"44","Variance Test","easy","Kendall Correlation Coefficient","NOT_APPLICABLE","NOT_APPLICABLE","correct","head:\bNOT\s+APPLICABLE\b","['Mood Variance Test', 'Levene Test', 'Bartlett Test', 'F-Test for Variance']"
"44","Variance Test","easy","Partial Correlation Coefficient","NOT_APPLICABLE","NOT_APPLICABLE","correct","head:\bNOT\s+APPLICABLE\b","['Mood Variance Test', 'Levene Test', 'Bartlett Test', 'F-Test for Variance']"
"44","Variance Test","easy","Anderson-Darling Test","NOT_APPLICABLE","NOT_APPLICABLE","correct","head:\bNOT\s+APPLICABLE\b","['Mood Variance Test', 'Levene Test', 'Bartlett Test', 'F-Test for Variance']"
"44","Variance Test","easy","Shapiro-Wilk Test of Normality","NOT_APPLICABLE","NOT_APPLICABLE","correct","head:\bNOT\s+APPLICABLE\b","['Mood Variance Test', 'Levene Test', 'Bartlett Test', 'F-Test for Variance']"
"44","Variance Test","easy","Kolmogorov-Smirnov Test for Normality","NOT_APPLICABLE","NOT_APPLICABLE","correct","head:\bNOT\s+APPLICABLE\b","['Mood Variance Test', 'Levene Test', 'Bartlett Test', 'F-Test for Variance']"
"44","Variance Test","easy","Lilliefors Test","NOT_APPLICABLE","NOT_APPLICABLE","correct","head:\bNOT\s+APPLICABLE\b","['Mood Variance Test', 'Levene Test', 'Bartlett Test', 'F-Test for Variance']"
"44","Variance Test","easy","Kolmogorov-Smirnov Test","NOT_APPLICABLE","NOT_APPLICABLE","correct","head:\bNOT\s+APPLICABLE\b","['Mood Variance Test', 'Levene Test', 'Bartlett Test', 'F-Test for Variance']"
"44","Variance Test","easy","Kolmogorov-Smirnov Test for Uniform distribution","NOT_APPLICABLE","NOT_APPLICABLE","correct","head:\bNOT\s+APPLICABLE\b","['Mood Variance Test', 'Levene Test', 'Bartlett Test', 'F-Test for Variance']"
"44","Variance Test","easy","Kolmogorov-Smirnov Test for Gamma distribution","NOT_APPLICABLE","NOT_APPLICABLE","correct","head:\bNOT\s+APPLICABLE\b","['Mood Variance Test', 'Levene Test', 'Bartlett Test', 'F-Test for Variance']"
"44","Variance Test","easy","Kolmogorov-Smirnov Test for Exponential distribution","NOT_APPLICABLE","NOT_APPLICABLE","correct","head:\bNOT\s+APPLICABLE\b","['Mood Variance Test', 'Levene Test', 'Bartlett Test', 'F-Test for Variance']"
"44","Variance Test","easy","Chi-square Independence Test","NOT_APPLICABLE","NOT_APPLICABLE","correct","head:\bNOT\s+APPLICABLE\b","['Mood Variance Test', 'Levene Test', 'Bartlett Test', 'F-Test for Variance']"
"44","Variance Test","easy","Fisher Exact Test","NOT_APPLICABLE","NOT_APPLICABLE","correct","head:\bNOT\s+APPLICABLE\b","['Mood Variance Test', 'Levene Test', 'Bartlett Test', 'F-Test for Variance']"
"44","Variance Test","easy","Mantel-Haenszel Test","NOT_APPLICABLE","NOT_APPLICABLE","correct","head:\bNOT\s+APPLICABLE\b","['Mood Variance Test', 'Levene Test', 'Bartlett Test', 'F-Test for Variance']"
"44","Variance Test","easy","Mean","APPLICABLE","NOT_APPLICABLE","wrong","head:\bAPPLICABLE\b","['Mood Variance Test', 'Levene Test', 'Bartlett Test', 'F-Test for Variance']"
"44","Variance Test","easy","Median","APPLICABLE","NOT_APPLICABLE","wrong","head:\bAPPLICABLE\b","['Mood Variance Test', 'Levene Test', 'Bartlett Test', 'F-Test for Variance']"
"44","Variance Test","easy","Mode","NOT_APPLICABLE","NOT_APPLICABLE","correct","head:\bNOT\s+APPLICABLE\b","['Mood Variance Test', 'Levene Test', 'Bartlett Test', 'F-Test for Variance']"
"44","Variance Test","easy","Range","APPLICABLE","NOT_APPLICABLE","wrong","head:\bAPPLICABLE\b","['Mood Variance Test', 'Levene Test', 'Bartlett Test', 'F-Test for Variance']"
"44","Variance Test","easy","Quartile","APPLICABLE","NOT_APPLICABLE","wrong","head:\bAPPLICABLE\b","['Mood Variance Test', 'Levene Test', 'Bartlett Test', 'F-Test for Variance']"
"44","Variance Test","easy","Standard Deviation","APPLICABLE","NOT_APPLICABLE","wrong","head:\bAPPLICABLE\b","['Mood Variance Test', 'Levene Test', 'Bartlett Test', 'F-Test for Variance']"
"44","Variance Test","easy","Skewness","APPLICABLE","NOT_APPLICABLE","wrong","head:\bAPPLICABLE\b","['Mood Variance Test', 'Levene Test', 'Bartlett Test', 'F-Test for Variance']"
"44","Variance Test","easy","Kurtosis","APPLICABLE","NOT_APPLICABLE","wrong","head:\bAPPLICABLE\b","['Mood Variance Test', 'Levene Test', 'Bartlett Test', 'F-Test for Variance']"
"44","Variance Test","easy","Mood Variance Test","NOT_APPLICABLE","APPLICABLE","wrong","head:\bNOT\s+APPLICABLE\b","['Mood Variance Test', 'Levene Test', 'Bartlett Test', 'F-Test for Variance']"
"44","Variance Test","easy","Levene Test","APPLICABLE","APPLICABLE","correct","head:\bAPPLICABLE\b","['Mood Variance Test', 'Levene Test', 'Bartlett Test', 'F-Test for Variance']"
"44","Variance Test","easy","Bartlett Test","NOT_APPLICABLE","APPLICABLE","wrong","head:\bNOT\s+APPLICABLE\b","['Mood Variance Test', 'Levene Test', 'Bartlett Test', 'F-Test for Variance']"
"44","Variance Test","easy","F-Test for Variance","NOT_APPLICABLE","APPLICABLE","wrong","head:\bNOT\s+APPLICABLE\b","['Mood Variance Test', 'Levene Test', 'Bartlett Test', 'F-Test for Variance']"
"45","Correlation Analysis","easy","Pearson Correlation Coefficient","NOT_APPLICABLE","NOT_APPLICABLE","correct","head:\bNOT\s+APPLICABLE\b","['Partial Correlation Coefficient']"
"45","Correlation Analysis","easy","Spearman Correlation Coefficient","NOT_APPLICABLE","NOT_APPLICABLE","correct","head:\bNOT\s+APPLICABLE\b","['Partial Correlation Coefficient']"
"45","Correlation Analysis","easy","Kendall Correlation Coefficient","NOT_APPLICABLE","NOT_APPLICABLE","correct","head:\bNOT\s+APPLICABLE\b","['Partial Correlation Coefficient']"
"45","Correlation Analysis","easy","Partial Correlation Coefficient","NOT_APPLICABLE","APPLICABLE","wrong","head:\bNOT\s+APPLICABLE\b","['Partial Correlation Coefficient']"
"45","Correlation Analysis","easy","Anderson-Darling Test","NOT_APPLICABLE","NOT_APPLICABLE","correct","head:\bNOT\s+APPLICABLE\b","['Partial Correlation Coefficient']"
"45","Correlation Analysis","easy","Shapiro-Wilk Test of Normality","NOT_APPLICABLE","NOT_APPLICABLE","correct","head:\bNOT\s+APPLICABLE\b","['Partial Correlation Coefficient']"
"45","Correlation Analysis","easy","Kolmogorov-Smirnov Test for Normality","NOT_APPLICABLE","NOT_APPLICABLE","correct","head:\bNOT\s+APPLICABLE\b","['Partial Correlation Coefficient']"
"45","Correlation Analysis","easy","Lilliefors Test","NOT_APPLICABLE","NOT_APPLICABLE","correct","head:\bNOT\s+APPLICABLE\b","['Partial Correlation Coefficient']"
"45","Correlation Analysis","easy","Kolmogorov-Smirnov Test","NOT_APPLICABLE","NOT_APPLICABLE","correct","head:\bNOT\s+APPLICABLE\b","['Partial Correlation Coefficient']"
"45","Correlation Analysis","easy","Kolmogorov-Smirnov Test for Uniform distribution","NOT_APPLICABLE","NOT_APPLICABLE","correct","head:\bNOT\s+APPLICABLE\b","['Partial Correlation Coefficient']"
"45","Correlation Analysis","easy","Kolmogorov-Smirnov Test for Gamma distribution","NOT_APPLICABLE","NOT_APPLICABLE","correct","head:\bNOT\s+APPLICABLE\b","['Partial Correlation Coefficient']"
"45","Correlation Analysis","easy","Kolmogorov-Smirnov Test for Exponential distribution","NOT_APPLICABLE","NOT_APPLICABLE","correct","head:\bNOT\s+APPLICABLE\b","['Partial Correlation Coefficient']"
"45","Correlation Analysis","easy","Chi-square Independence Test","NOT_APPLICABLE","NOT_APPLICABLE","correct","head:\bNOT\s+APPLICABLE\b","['Partial Correlation Coefficient']"
"45","Correlation Analysis","easy","Fisher Exact Test","NOT_APPLICABLE","NOT_APPLICABLE","correct","head:\bNOT\s+APPLICABLE\b","['Partial Correlation Coefficient']"
"45","Correlation Analysis","easy","Mantel-Haenszel Test","NOT_APPLICABLE","NOT_APPLICABLE","correct","head:\bNOT\s+APPLICABLE\b","['Partial Correlation Coefficient']"
"45","Correlation Analysis","easy","Mean","NOT_APPLICABLE","NOT_APPLICABLE","correct","head:\bNOT\s+APPLICABLE\b","['Partial Correlation Coefficient']"
"45","Correlation Analysis","easy","Median","NOT_APPLICABLE","NOT_APPLICABLE","correct","head:\bNOT\s+APPLICABLE\b","['Partial Correlation Coefficient']"
"45","Correlation Analysis","easy","Mode","NOT_APPLICABLE","NOT_APPLICABLE","correct","head:\bNOT\s+APPLICABLE\b","['Partial Correlation Coefficient']"
"45","Correlation Analysis","easy","Range","NOT_APPLICABLE","NOT_APPLICABLE","correct","head:\bNOT\s+APPLICABLE\b","['Partial Correlation Coefficient']"
"45","Correlation Analysis","easy","Quartile","NOT_APPLICABLE","NOT_APPLICABLE","correct","head:\bNOT\s+APPLICABLE\b","['Partial Correlation Coefficient']"
"45","Correlation Analysis","easy","Standard Deviation","NOT_APPLICABLE","NOT_APPLICABLE","correct","head:\bNOT\s+APPLICABLE\b","['Partial Correlation Coefficient']"
"45","Correlation Analysis","easy","Skewness","APPLICABLE","NOT_APPLICABLE","wrong","head:\bAPPLICABLE\b","['Partial Correlation Coefficient']"
"45","Correlation Analysis","easy","Kurtosis","NOT_APPLICABLE","NOT_APPLICABLE","correct","head:\bNOT\s+APPLICABLE\b","['Partial Correlation Coefficient']"
"45","Correlation Analysis","easy","Mood Variance Test","NOT_APPLICABLE","NOT_APPLICABLE","correct","head:\bNOT\s+APPLICABLE\b","['Partial Correlation Coefficient']"
"45","Correlation Analysis","easy","Levene Test","NOT_APPLICABLE","NOT_APPLICABLE","correct","head:\bNOT\s+APPLICABLE\b","['Partial Correlation Coefficient']"
"45","Correlation Analysis","easy","Bartlett Test","NOT_APPLICABLE","NOT_APPLICABLE","correct","head:\bNOT\s+APPLICABLE\b","['Partial Correlation Coefficient']"
"45","Correlation Analysis","easy","F-Test for Variance","NOT_APPLICABLE","NOT_APPLICABLE","correct","head:\bNOT\s+APPLICABLE\b","['Partial Correlation Coefficient']"
"46","Descriptive Statistics","easy","Pearson Correlation Coefficient","NOT_APPLICABLE","NOT_APPLICABLE","correct","head:\bNOT\s+APPLICABLE\b","['Kurtosis']"
"46","Descriptive Statistics","easy","Spearman Correlation Coefficient","NOT_APPLICABLE","NOT_APPLICABLE","correct","head:\bNOT\s+APPLICABLE\b","['Kurtosis']"
"46","Descriptive Statistics","easy","Kendall Correlation Coefficient","NOT_APPLICABLE","NOT_APPLICABLE","correct","head:\bNOT\s+APPLICABLE\b","['Kurtosis']"
"46","Descriptive Statistics","easy","Partial Correlation Coefficient","NOT_APPLICABLE","NOT_APPLICABLE","correct","head:\bNOT\s+APPLICABLE\b","['Kurtosis']"
"46","Descriptive Statistics","easy","Anderson-Darling Test","NOT_APPLICABLE","NOT_APPLICABLE","correct","head:\bNOT\s+APPLICABLE\b","['Kurtosis']"
"46","Descriptive Statistics","easy","Shapiro-Wilk Test of Normality","NOT_APPLICABLE","NOT_APPLICABLE","correct","head:\bNOT\s+APPLICABLE\b","['Kurtosis']"
"46","Descriptive Statistics","easy","Kolmogorov-Smirnov Test for Normality","NOT_APPLICABLE","NOT_APPLICABLE","correct","head:\bNOT\s+APPLICABLE\b","['Kurtosis']"
"46","Descriptive Statistics","easy","Lilliefors Test","NOT_APPLICABLE","NOT_APPLICABLE","correct","head:\bNOT\s+APPLICABLE\b","['Kurtosis']"
"46","Descriptive Statistics","easy","Kolmogorov-Smirnov Test","NOT_APPLICABLE","NOT_APPLICABLE","correct","head:\bNOT\s+APPLICABLE\b","['Kurtosis']"
"46","Descriptive Statistics","easy","Kolmogorov-Smirnov Test for Uniform distribution","NOT_APPLICABLE","NOT_APPLICABLE","correct","head:\bNOT\s+APPLICABLE\b","['Kurtosis']"
"46","Descriptive Statistics","easy","Kolmogorov-Smirnov Test for Gamma distribution","NOT_APPLICABLE","NOT_APPLICABLE","correct","head:\bNOT\s+APPLICABLE\b","['Kurtosis']"
"46","Descriptive Statistics","easy","Kolmogorov-Smirnov Test for Exponential distribution","NOT_APPLICABLE","NOT_APPLICABLE","correct","head:\bNOT\s+APPLICABLE\b","['Kurtosis']"
"46","Descriptive Statistics","easy","Chi-square Independence Test","NOT_APPLICABLE","NOT_APPLICABLE","correct","head:\bNOT\s+APPLICABLE\b","['Kurtosis']"
"46","Descriptive Statistics","easy","Fisher Exact Test","NOT_APPLICABLE","NOT_APPLICABLE","correct","head:\bNOT\s+APPLICABLE\b","['Kurtosis']"
"46","Descriptive Statistics","easy","Mantel-Haenszel Test","NOT_APPLICABLE","NOT_APPLICABLE","correct","head:\bNOT\s+APPLICABLE\b","['Kurtosis']"
"46","Descriptive Statistics","easy","Mean","NOT_APPLICABLE","NOT_APPLICABLE","correct","head:\bNOT\s+APPLICABLE\b","['Kurtosis']"
"46","Descriptive Statistics","easy","Median","NOT_APPLICABLE","NOT_APPLICABLE","correct","head:\bNOT\s+APPLICABLE\b","['Kurtosis']"
"46","Descriptive Statistics","easy","Mode","NOT_APPLICABLE","NOT_APPLICABLE","correct","head:\bNOT\s+APPLICABLE\b","['Kurtosis']"
"46","Descriptive Statistics","easy","Range","NOT_APPLICABLE","NOT_APPLICABLE","correct","head:\bNOT\s+APPLICABLE\b","['Kurtosis']"
"46","Descriptive Statistics","easy","Quartile","NOT_APPLICABLE","NOT_APPLICABLE","correct","head:\bNOT\s+APPLICABLE\b","['Kurtosis']"
"46","Descriptive Statistics","easy","Standard Deviation","APPLICABLE","NOT_APPLICABLE","wrong","head:\bAPPLICABLE\b","['Kurtosis']"
"46","Descriptive Statistics","easy","Skewness","NOT_APPLICABLE","NOT_APPLICABLE","correct","head:\bNOT\s+APPLICABLE\b","['Kurtosis']"
"46","Descriptive Statistics","easy","Kurtosis","APPLICABLE","APPLICABLE","correct","head:\bAPPLICABLE\b","['Kurtosis']"
"46","Descriptive Statistics","easy","Mood Variance Test","NOT_APPLICABLE","NOT_APPLICABLE","correct","head:\bNOT\s+APPLICABLE\b","['Kurtosis']"
"46","Descriptive Statistics","easy","Levene Test","NOT_APPLICABLE","NOT_APPLICABLE","correct","head:\bNOT\s+APPLICABLE\b","['Kurtosis']"
"46","Descriptive Statistics","easy","Bartlett Test","NOT_APPLICABLE","NOT_APPLICABLE","correct","head:\bNOT\s+APPLICABLE\b","['Kurtosis']"
"46","Descriptive Statistics","easy","F-Test for Variance","NOT_APPLICABLE","NOT_APPLICABLE","correct","head:\bNOT\s+APPLICABLE\b","['Kurtosis']"
"47","Descriptive Statistics","easy","Pearson Correlation Coefficient","NOT_APPLICABLE","NOT_APPLICABLE","correct","head:\bNOT\s+APPLICABLE\b","['Median']"
"47","Descriptive Statistics","easy","Spearman Correlation Coefficient","NOT_APPLICABLE","NOT_APPLICABLE","correct","head:\bNOT\s+APPLICABLE\b","['Median']"
"47","Descriptive Statistics","easy","Kendall Correlation Coefficient","NOT_APPLICABLE","NOT_APPLICABLE","correct","head:\bNOT\s+APPLICABLE\b","['Median']"
"47","Descriptive Statistics","easy","Partial Correlation Coefficient","NOT_APPLICABLE","NOT_APPLICABLE","correct","head:\bNOT\s+APPLICABLE\b","['Median']"
"47","Descriptive Statistics","easy","Anderson-Darling Test","NOT_APPLICABLE","NOT_APPLICABLE","correct","head:\bNOT\s+APPLICABLE\b","['Median']"
"47","Descriptive Statistics","easy","Shapiro-Wilk Test of Normality","NOT_APPLICABLE","NOT_APPLICABLE","correct","head:\bNOT\s+APPLICABLE\b","['Median']"
"47","Descriptive Statistics","easy","Kolmogorov-Smirnov Test for Normality","NOT_APPLICABLE","NOT_APPLICABLE","correct","head:\bNOT\s+APPLICABLE\b","['Median']"
"47","Descriptive Statistics","easy","Lilliefors Test","NOT_APPLICABLE","NOT_APPLICABLE","correct","head:\bNOT\s+APPLICABLE\b","['Median']"
"47","Descriptive Statistics","easy","Kolmogorov-Smirnov Test","NOT_APPLICABLE","NOT_APPLICABLE","correct","head:\bNOT\s+APPLICABLE\b","['Median']"
"47","Descriptive Statistics","easy","Kolmogorov-Smirnov Test for Uniform distribution","NOT_APPLICABLE","NOT_APPLICABLE","correct","head:\bNOT\s+APPLICABLE\b","['Median']"
"47","Descriptive Statistics","easy","Kolmogorov-Smirnov Test for Gamma distribution","NOT_APPLICABLE","NOT_APPLICABLE","correct","head:\bNOT\s+APPLICABLE\b","['Median']"
"47","Descriptive Statistics","easy","Kolmogorov-Smirnov Test for Exponential distribution","NOT_APPLICABLE","NOT_APPLICABLE","correct","head:\bNOT\s+APPLICABLE\b","['Median']"
"47","Descriptive Statistics","easy","Chi-square Independence Test","NOT_APPLICABLE","NOT_APPLICABLE","correct","head:\bNOT\s+APPLICABLE\b","['Median']"
"47","Descriptive Statistics","easy","Fisher Exact Test","NOT_APPLICABLE","NOT_APPLICABLE","correct","head:\bNOT\s+APPLICABLE\b","['Median']"
"47","Descriptive Statistics","easy","Mantel-Haenszel Test","NOT_APPLICABLE","NOT_APPLICABLE","correct","head:\bNOT\s+APPLICABLE\b","['Median']"
"47","Descriptive Statistics","easy","Mean","NOT_APPLICABLE","NOT_APPLICABLE","correct","head:\bNOT\s+APPLICABLE\b","['Median']"
"47","Descriptive Statistics","easy","Median","APPLICABLE","APPLICABLE","correct","head:\bAPPLICABLE\b","['Median']"
"47","Descriptive Statistics","easy","Mode","NOT_APPLICABLE","NOT_APPLICABLE","correct","head:\bNOT\s+APPLICABLE\b","['Median']"
"47","Descriptive Statistics","easy","Range","NOT_APPLICABLE","NOT_APPLICABLE","correct","head:\bNOT\s+APPLICABLE\b","['Median']"
"47","Descriptive Statistics","easy","Quartile","NOT_APPLICABLE","NOT_APPLICABLE","correct","head:\bNOT\s+APPLICABLE\b","['Median']"
"47","Descriptive Statistics","easy","Standard Deviation","NOT_APPLICABLE","NOT_APPLICABLE","correct","head:\bNOT\s+APPLICABLE\b","['Median']"
"47","Descriptive Statistics","easy","Skewness","APPLICABLE","NOT_APPLICABLE","wrong","head:\bAPPLICABLE\b","['Median']"
"47","Descriptive Statistics","easy","Kurtosis","NOT_APPLICABLE","NOT_APPLICABLE","correct","head:\bNOT\s+APPLICABLE\b","['Median']"
"47","Descriptive Statistics","easy","Mood Variance Test","NOT_APPLICABLE","NOT_APPLICABLE","correct","head:\bNOT\s+APPLICABLE\b","['Median']"
"47","Descriptive Statistics","easy","Levene Test","NOT_APPLICABLE","NOT_APPLICABLE","correct","head:\bNOT\s+APPLICABLE\b","['Median']"
"47","Descriptive Statistics","easy","Bartlett Test","NOT_APPLICABLE","NOT_APPLICABLE","correct","head:\bNOT\s+APPLICABLE\b","['Median']"
"47","Descriptive Statistics","easy","F-Test for Variance","NOT_APPLICABLE","NOT_APPLICABLE","correct","head:\bNOT\s+APPLICABLE\b","['Median']"
"48","Contingency Table Test","hard","Pearson Correlation Coefficient","NOT_APPLICABLE","NOT_APPLICABLE","correct","head:\bNOT\s+APPLICABLE\b","['Chi-square Independence Test']"
"48","Contingency Table Test","hard","Spearman Correlation Coefficient","NOT_APPLICABLE","NOT_APPLICABLE","correct","head:\bNOT\s+APPLICABLE\b","['Chi-square Independence Test']"
"48","Contingency Table Test","hard","Kendall Correlation Coefficient","NOT_APPLICABLE","NOT_APPLICABLE","correct","head:\bNOT\s+APPLICABLE\b","['Chi-square Independence Test']"
"48","Contingency Table Test","hard","Partial Correlation Coefficient","NOT_APPLICABLE","NOT_APPLICABLE","correct","head:\bNOT\s+APPLICABLE\b","['Chi-square Independence Test']"
"48","Contingency Table Test","hard","Anderson-Darling Test","NOT_APPLICABLE","NOT_APPLICABLE","correct","head:\bNOT\s+APPLICABLE\b","['Chi-square Independence Test']"
"48","Contingency Table Test","hard","Shapiro-Wilk Test of Normality","NOT_APPLICABLE","NOT_APPLICABLE","correct","head:\bNOT\s+APPLICABLE\b","['Chi-square Independence Test']"
"48","Contingency Table Test","hard","Kolmogorov-Smirnov Test for Normality","NOT_APPLICABLE","NOT_APPLICABLE","correct","head:\bNOT\s+APPLICABLE\b","['Chi-square Independence Test']"
"48","Contingency Table Test","hard","Lilliefors Test","NOT_APPLICABLE","NOT_APPLICABLE","correct","head:\bNOT\s+APPLICABLE\b","['Chi-square Independence Test']"
"48","Contingency Table Test","hard","Kolmogorov-Smirnov Test","NOT_APPLICABLE","NOT_APPLICABLE","correct","head:\bNOT\s+APPLICABLE\b","['Chi-square Independence Test']"
"48","Contingency Table Test","hard","Kolmogorov-Smirnov Test for Uniform distribution","NOT_APPLICABLE","NOT_APPLICABLE","correct","head:\bNOT\s+APPLICABLE\b","['Chi-square Independence Test']"
"48","Contingency Table Test","hard","Kolmogorov-Smirnov Test for Gamma distribution","NOT_APPLICABLE","NOT_APPLICABLE","correct","head:\bNOT\s+APPLICABLE\b","['Chi-square Independence Test']"
"48","Contingency Table Test","hard","Kolmogorov-Smirnov Test for Exponential distribution","NOT_APPLICABLE","NOT_APPLICABLE","correct","head:\bNOT\s+APPLICABLE\b","['Chi-square Independence Test']"
"48","Contingency Table Test","hard","Chi-square Independence Test","APPLICABLE","APPLICABLE","correct","head:\bAPPLICABLE\b","['Chi-square Independence Test']"
"48","Contingency Table Test","hard","Fisher Exact Test","NOT_APPLICABLE","NOT_APPLICABLE","correct","head:\bNOT\s+APPLICABLE\b","['Chi-square Independence Test']"
"48","Contingency Table Test","hard","Mantel-Haenszel Test","NOT_APPLICABLE","NOT_APPLICABLE","correct","head:\bNOT\s+APPLICABLE\b","['Chi-square Independence Test']"
"48","Contingency Table Test","hard","Mean","NOT_APPLICABLE","NOT_APPLICABLE","correct","head:\bNOT\s+APPLICABLE\b","['Chi-square Independence Test']"
"48","Contingency Table Test","hard","Median","NOT_APPLICABLE","NOT_APPLICABLE","correct","head:\bNOT\s+APPLICABLE\b","['Chi-square Independence Test']"
"48","Contingency Table Test","hard","Mode","NOT_APPLICABLE","NOT_APPLICABLE","correct","head:\bNOT\s+APPLICABLE\b","['Chi-square Independence Test']"
"48","Contingency Table Test","hard","Range","NOT_APPLICABLE","NOT_APPLICABLE","correct","head:\bNOT\s+APPLICABLE\b","['Chi-square Independence Test']"
"48","Contingency Table Test","hard","Quartile","NOT_APPLICABLE","NOT_APPLICABLE","correct","head:\bNOT\s+APPLICABLE\b","['Chi-square Independence Test']"
"48","Contingency Table Test","hard","Standard Deviation","NOT_APPLICABLE","NOT_APPLICABLE","correct","head:\bNOT\s+APPLICABLE\b","['Chi-square Independence Test']"
"48","Contingency Table Test","hard","Skewness","NOT_APPLICABLE","NOT_APPLICABLE","correct","head:\bNOT\s+APPLICABLE\b","['Chi-square Independence Test']"
"48","Contingency Table Test","hard","Kurtosis","NOT_APPLICABLE","NOT_APPLICABLE","correct","head:\bNOT\s+APPLICABLE\b","['Chi-square Independence Test']"
"48","Contingency Table Test","hard","Mood Variance Test","NOT_APPLICABLE","NOT_APPLICABLE","correct","head:\bNOT\s+APPLICABLE\b","['Chi-square Independence Test']"
"48","Contingency Table Test","hard","Levene Test","NOT_APPLICABLE","NOT_APPLICABLE","correct","head:\bNOT\s+APPLICABLE\b","['Chi-square Independence Test']"
"48","Contingency Table Test","hard","Bartlett Test","NOT_APPLICABLE","NOT_APPLICABLE","correct","head:\bNOT\s+APPLICABLE\b","['Chi-square Independence Test']"
"48","Contingency Table Test","hard","F-Test for Variance","NOT_APPLICABLE","NOT_APPLICABLE","correct","head:\bNOT\s+APPLICABLE\b","['Chi-square Independence Test']"
"49","Descriptive Statistics","easy","Pearson Correlation Coefficient","NOT_APPLICABLE","NOT_APPLICABLE","correct","head:\bNOT\s+APPLICABLE\b","['Mode']"
"49","Descriptive Statistics","easy","Spearman Correlation Coefficient","NOT_APPLICABLE","NOT_APPLICABLE","correct","head:\bNOT\s+APPLICABLE\b","['Mode']"
"49","Descriptive Statistics","easy","Kendall Correlation Coefficient","NOT_APPLICABLE","NOT_APPLICABLE","correct","head:\bNOT\s+APPLICABLE\b","['Mode']"
"49","Descriptive Statistics","easy","Partial Correlation Coefficient","NOT_APPLICABLE","NOT_APPLICABLE","correct","head:\bNOT\s+APPLICABLE\b","['Mode']"
"49","Descriptive Statistics","easy","Anderson-Darling Test","NOT_APPLICABLE","NOT_APPLICABLE","correct","head:\bNOT\s+APPLICABLE\b","['Mode']"
"49","Descriptive Statistics","easy","Shapiro-Wilk Test of Normality","NOT_APPLICABLE","NOT_APPLICABLE","correct","head:\bNOT\s+APPLICABLE\b","['Mode']"
"49","Descriptive Statistics","easy","Kolmogorov-Smirnov Test for Normality","NOT_APPLICABLE","NOT_APPLICABLE","correct","head:\bNOT\s+APPLICABLE\b","['Mode']"
"49","Descriptive Statistics","easy","Lilliefors Test","NOT_APPLICABLE","NOT_APPLICABLE","correct","head:\bNOT\s+APPLICABLE\b","['Mode']"
"49","Descriptive Statistics","easy","Kolmogorov-Smirnov Test","NOT_APPLICABLE","NOT_APPLICABLE","correct","head:\bNOT\s+APPLICABLE\b","['Mode']"
"49","Descriptive Statistics","easy","Kolmogorov-Smirnov Test for Uniform distribution","NOT_APPLICABLE","NOT_APPLICABLE","correct","head:\bNOT\s+APPLICABLE\b","['Mode']"
"49","Descriptive Statistics","easy","Kolmogorov-Smirnov Test for Gamma distribution","NOT_APPLICABLE","NOT_APPLICABLE","correct","head:\bNOT\s+APPLICABLE\b","['Mode']"
"49","Descriptive Statistics","easy","Kolmogorov-Smirnov Test for Exponential distribution","NOT_APPLICABLE","NOT_APPLICABLE","correct","head:\bNOT\s+APPLICABLE\b","['Mode']"
"49","Descriptive Statistics","easy","Chi-square Independence Test","NOT_APPLICABLE","NOT_APPLICABLE","correct","head:\bNOT\s+APPLICABLE\b","['Mode']"
"49","Descriptive Statistics","easy","Fisher Exact Test","NOT_APPLICABLE","NOT_APPLICABLE","correct","head:\bNOT\s+APPLICABLE\b","['Mode']"
"49","Descriptive Statistics","easy","Mantel-Haenszel Test","NOT_APPLICABLE","NOT_APPLICABLE","correct","head:\bNOT\s+APPLICABLE\b","['Mode']"
"49","Descriptive Statistics","easy","Mean","NOT_APPLICABLE","NOT_APPLICABLE","correct","head:\bNOT\s+APPLICABLE\b","['Mode']"
"49","Descriptive Statistics","easy","Median","NOT_APPLICABLE","NOT_APPLICABLE","correct","head:\bNOT\s+APPLICABLE\b","['Mode']"
"49","Descriptive Statistics","easy","Mode","APPLICABLE","APPLICABLE","correct","head:\bAPPLICABLE\b","['Mode']"
"49","Descriptive Statistics","easy","Range","NOT_APPLICABLE","NOT_APPLICABLE","correct","head:\bNOT\s+APPLICABLE\b","['Mode']"
"49","Descriptive Statistics","easy","Quartile","NOT_APPLICABLE","NOT_APPLICABLE","correct","head:\bNOT\s+APPLICABLE\b","['Mode']"
"49","Descriptive Statistics","easy","Standard Deviation","NOT_APPLICABLE","NOT_APPLICABLE","correct","head:\bNOT\s+APPLICABLE\b","['Mode']"
"49","Descriptive Statistics","easy","Skewness","NOT_APPLICABLE","NOT_APPLICABLE","correct","head:\bNOT\s+APPLICABLE\b","['Mode']"
"49","Descriptive Statistics","easy","Kurtosis","NOT_APPLICABLE","NOT_APPLICABLE","correct","head:\bNOT\s+APPLICABLE\b","['Mode']"
"49","Descriptive Statistics","easy","Mood Variance Test","NOT_APPLICABLE","NOT_APPLICABLE","correct","head:\bNOT\s+APPLICABLE\b","['Mode']"
"49","Descriptive Statistics","easy","Levene Test","NOT_APPLICABLE","NOT_APPLICABLE","correct","head:\bNOT\s+APPLICABLE\b","['Mode']"
"49","Descriptive Statistics","easy","Bartlett Test","NOT_APPLICABLE","NOT_APPLICABLE","correct","head:\bNOT\s+APPLICABLE\b","['Mode']"
"49","Descriptive Statistics","easy","F-Test for Variance","NOT_APPLICABLE","NOT_APPLICABLE","correct","head:\bNOT\s+APPLICABLE\b","['Mode']"
