dataset,refined_question,relevant_column,task,difficulty,results,prompt,model_answer,ground_truth,extracted_answer,methods_comparison_result,columns_comparison_result,methods_score,columns_score,selection_overall,invalid_answer,column_error,statistical_confusion,applicability_error
FIFA Official Dataset 2023,Are the data variabilities of Age and Height comparable?,"[{""column_header"": ""Age"", ""is_strata"": false, ""is_control"": false}, {""column_header"": ""Height"", ""is_strata"": false, ""is_control"": false}]",Variance Test,hard,"[{""method"": ""Mood Variance Test"", ""result"": ""{\""stat\"": 0.0, \""p value\"": 1.0}"", ""conclusion"": ""Variance not significantly difference between them""}, {""method"": ""Levene Test"", ""result"": ""{\""stat\"": 2880.98196, \""p value\"": 0.0}"", ""conclusion"": ""Variance significantly difference between them""}]","### Task Description: You need to select relevant columns and all applicable methods from provided list for the given statistical question.
### Instruction: You should only reply with one answer in JSON format containing two keys: 'columns' and 'methods'. The value of 'columns' is a list of columns' headers relevant to the given statistical question, and the value of 'methods' is a list containing all methods you think applicable. For example: {""columns"": [""c1"", ""c2"", ""...""], ""methods"": [""m1"", ""m2"", ""...""]}. If you think there is a strata or control variable involved, put its column header in the last item of the columns list. Ensure your methods selection is only limited to the classification list provided.
### Classification List: 
Correlation Analysis: Pearson Correlation Coefficient, Spearman Correlation Coefficient, Kendall Correlation Coefficient, Partial Correlation Coefficient;
Distribution Compliance Test: Anderson-Darling Test, Shapiro-Wilk Test of Normality, Kolmogorov-Smirnov Test for Normality, Lilliefors Test, Kolmogorov-Smirnov Test, Kolmogorov-Smirnov Test for Uniform distribution, Kolmogorov-Smirnov Test for Gamma distribution, Kolmogorov-Smirnov Test for Exponential distribution;
Contingency Table Test: Chi-square Independence Test, Fisher Exact Test, Mantel-Haenszel Test;
Descriptive Statistics: Mean, Median, Mode, Range, Quartile, Standard Deviation, Skewness, Kurtosis;
Variance Test: Mood Variance Test, Levene Test, Bartlett Test, F-Test for Variance.
### Column Information: 
column_header: ID; data_type: id; num_of_rows: 17660; is_normality: False.
column_header: Name; data_type: other; num_of_rows: 17660; is_normality: False.
column_header: Age; data_type: quantitative; num_of_rows: 17660; is_normality: False.
column_header: Photo; data_type: other; num_of_rows: 17660; is_normality: False.
column_header: Nationality; data_type: categorical; num_of_rows: 17660; is_normality: False.
column_header: Flag; data_type: other; num_of_rows: 17660; is_normality: False.
column_header: Overall; data_type: quantitative; num_of_rows: 17660; is_normality: False.
column_header: Potential; data_type: quantitative; num_of_rows: 17660; is_normality: False.
column_header: Club; data_type: categorical; num_of_rows: 17660; is_normality: False.
column_header: Club Logo; data_type: other; num_of_rows: 17660; is_normality: False.
column_header: Value; data_type: quantitative; num_of_rows: 17660; is_normality: False.
column_header: Wage; data_type: quantitative; num_of_rows: 17660; is_normality: False.
column_header: Special; data_type: quantitative; num_of_rows: 17660; is_normality: False.
column_header: Preferred Foot; data_type: categorical; num_of_rows: 17660; is_normality: False.
column_header: International Reputation; data_type: categorical; num_of_rows: 17660; is_normality: False.
column_header: Weak Foot; data_type: categorical; num_of_rows: 17660; is_normality: False.
column_header: Skill Moves; data_type: categorical; num_of_rows: 17660; is_normality: False.
column_header: Work Rate; data_type: categorical; num_of_rows: 17660; is_normality: False.
column_header: Body Type; data_type: categorical; num_of_rows: 17660; is_normality: False.
column_header: Real Face; data_type: categorical; num_of_rows: 17660; is_normality: False.
column_header: Position; data_type: categorical; num_of_rows: 17660; is_normality: False.
column_header: Joined; data_type: other; num_of_rows: 17660; is_normality: False.
column_header: Loaned From; data_type: other; num_of_rows: 17660; is_normality: False.
column_header: Contract Valid Until; data_type: categorical; num_of_rows: 17660; is_normality: False.
column_header: Height; data_type: quantitative; num_of_rows: 17660; is_normality: False.
column_header: Weight; data_type: quantitative; num_of_rows: 17660; is_normality: False.
column_header: Release Clause; data_type: quantitative; num_of_rows: 17660; is_normality: False.
column_header: Kit Number; data_type: categorical; num_of_rows: 17660; is_normality: False.
column_header: Best Overall Rating; data_type: other; num_of_rows: 17660; is_normality: False.
### Statistical Question: Are the data variabilities of Age and Height comparable?
### Response: Let's first understand the problem and follow this plan:
1. Identify the variables involved.
2. Determine the statistical task type.
3. Select the appropriate method category.
4. From the candidate methods in the provided classification list, keep only those that satisfy the data type, sample size and assumptions. Evaluate each method 
   individually and state whether it is included or excluded.
5. Self-check: list only the methods marked INCLUDED in Step 4. For each one, confirm it does not contradict any condition identified in Step 4. Remove any method that does. Do not add any new method at this stage.
6. Provide the final answer in JSON format containing both the selected columns and only the methods that remain after Step 5.
Now solve the problem step by step following the plan.The answer of relevant columns and applicable methods in JSON format and reason is:","### Step-by-Step Solution:

1. **Identify the variables involved:**
   - Age (quantitative)
   - Height (quantitative)

2. **Determine the statistical task type:**
   - The task is to compare the variabilities of two quantitative variables (Age and Height).

3. **Select the appropriate method category:**
   - The task involves comparing the variances of two quantitative variables, which falls under the category of Variance Test.

4. **From the candidate methods in the provided classification list, keep only those that satisfy the data type, sample size, and assumptions:**
   - Variance Test methods: Mood Variance Test, Levene Test, Bartlett Test, F-Test for Variance.
   - All these methods are applicable for quantitative data and can be used to compare the variances of two groups.

5. **Self-check:**
   - All methods (Mood Variance Test, Levene Test, Bartlett Test, F-Test for Variance) are appropriate for comparing the variances of two quantitative variables (Age and Height).

6. **Provide the final answer in JSON format containing both the selected columns and only the methods that remain after Step 5:**

```json
{
  ""columns"": [""Age"", ""Height""],
  ""methods"": [""Mood Variance Test"", ""Levene Test"", ""Bartlett Test"", ""F-Test for Variance""]
}
```","{""columns"": [""Age"", ""Height""], ""methods"": [""Mood Variance Test"", ""Levene Test""]}","{
  ""columns"": [""Age"", ""Height""],
  ""methods"": [""Mood Variance Test"", ""Levene Test"", ""Bartlett Test"", ""F-Test for Variance""]
}","{""Correct"": 2, ""Wrong"": 2, ""Missed"": 0}","{""Correct"": 2, ""Wrong"": 0, ""Missed"": 0}",0,1,0,False,False,False,True
Student Performance Prediction Dataset,Do the frequencies of urban/rural residence and reasons for school choice observed align with the assumption of independence?,"[{""column_header"": ""address"", ""is_strata"": false, ""is_control"": false}, {""column_header"": ""reason"", ""is_strata"": false, ""is_control"": false}]",Contingency Table Test,hard,"[{""method"": ""Chi-square Independence Test"", ""result"": ""{\""p value\"": 0.00024}"", ""conclusion"": ""Not independent""}]","### Task Description: You need to select relevant columns and all applicable methods from provided list for the given statistical question.
### Instruction: You should only reply with one answer in JSON format containing two keys: 'columns' and 'methods'. The value of 'columns' is a list of columns' headers relevant to the given statistical question, and the value of 'methods' is a list containing all methods you think applicable. For example: {""columns"": [""c1"", ""c2"", ""...""], ""methods"": [""m1"", ""m2"", ""...""]}. If you think there is a strata or control variable involved, put its column header in the last item of the columns list. Ensure your methods selection is only limited to the classification list provided.
### Classification List: 
Correlation Analysis: Pearson Correlation Coefficient, Spearman Correlation Coefficient, Kendall Correlation Coefficient, Partial Correlation Coefficient;
Distribution Compliance Test: Anderson-Darling Test, Shapiro-Wilk Test of Normality, Kolmogorov-Smirnov Test for Normality, Lilliefors Test, Kolmogorov-Smirnov Test, Kolmogorov-Smirnov Test for Uniform distribution, Kolmogorov-Smirnov Test for Gamma distribution, Kolmogorov-Smirnov Test for Exponential distribution;
Contingency Table Test: Chi-square Independence Test, Fisher Exact Test, Mantel-Haenszel Test;
Descriptive Statistics: Mean, Median, Mode, Range, Quartile, Standard Deviation, Skewness, Kurtosis;
Variance Test: Mood Variance Test, Levene Test, Bartlett Test, F-Test for Variance.
### Column Information: 
column_header: Unnamed: 0; data_type: id; num_of_rows: 649; is_normality: False.
column_header: school; data_type: categorical; num_of_rows: 649; is_normality: False.
column_header: sex; data_type: categorical; num_of_rows: 649; is_normality: False.
column_header: age; data_type: quantitative; num_of_rows: 649; is_normality: False.
column_header: address; data_type: categorical; num_of_rows: 649; is_normality: False.
column_header: famsize; data_type: categorical; num_of_rows: 649; is_normality: False.
column_header: Pstatus; data_type: categorical; num_of_rows: 649; is_normality: False.
column_header: Medu; data_type: quantitative; num_of_rows: 649; is_normality: False.
column_header: Fedu; data_type: quantitative; num_of_rows: 649; is_normality: False.
column_header: Mjob; data_type: categorical; num_of_rows: 649; is_normality: False.
column_header: Fjob; data_type: categorical; num_of_rows: 649; is_normality: False.
column_header: reason; data_type: categorical; num_of_rows: 649; is_normality: False.
column_header: guardian; data_type: categorical; num_of_rows: 649; is_normality: False.
column_header: traveltime; data_type: quantitative; num_of_rows: 649; is_normality: False.
column_header: studytime; data_type: quantitative; num_of_rows: 649; is_normality: False.
column_header: failures; data_type: quantitative; num_of_rows: 649; is_normality: False.
column_header: schoolsup; data_type: categorical; num_of_rows: 649; is_normality: False.
column_header: famsup; data_type: categorical; num_of_rows: 649; is_normality: False.
column_header: paid; data_type: categorical; num_of_rows: 649; is_normality: False.
column_header: activities; data_type: categorical; num_of_rows: 649; is_normality: False.
column_header: nursery; data_type: categorical; num_of_rows: 649; is_normality: False.
column_header: higher; data_type: categorical; num_of_rows: 649; is_normality: False.
column_header: internet; data_type: categorical; num_of_rows: 649; is_normality: False.
column_header: romantic; data_type: categorical; num_of_rows: 649; is_normality: False.
column_header: famrel; data_type: quantitative; num_of_rows: 649; is_normality: False.
column_header: freetime; data_type: quantitative; num_of_rows: 649; is_normality: False.
column_header: goout; data_type: quantitative; num_of_rows: 649; is_normality: False.
column_header: Dalc; data_type: quantitative; num_of_rows: 649; is_normality: False.
column_header: Walc; data_type: quantitative; num_of_rows: 649; is_normality: False.
column_header: health; data_type: quantitative; num_of_rows: 649; is_normality: False.
column_header: absences; data_type: quantitative; num_of_rows: 649; is_normality: False.
column_header: G1; data_type: quantitative; num_of_rows: 649; is_normality: False.
column_header: G2; data_type: quantitative; num_of_rows: 649; is_normality: False.
column_header: G3; data_type: quantitative; num_of_rows: 649; is_normality: False.
### Statistical Question: Do the frequencies of urban/rural residence and reasons for school choice observed align with the assumption of independence?
### Response: Let's first understand the problem and follow this plan:
1. Identify the variables involved.
2. Determine the statistical task type.
3. Select the appropriate method category.
4. From the candidate methods in the provided classification list, keep only those that satisfy the data type, sample size and assumptions. Evaluate each method 
   individually and state whether it is included or excluded.
5. Self-check: list only the methods marked INCLUDED in Step 4. For each one, confirm it does not contradict any condition identified in Step 4. Remove any method that does. Do not add any new method at this stage.
6. Provide the final answer in JSON format containing both the selected columns and only the methods that remain after Step 5.
Now solve the problem step by step following the plan.The answer of relevant columns and applicable methods in JSON format and reason is:","### Step-by-Step Solution:

1. **Identify the Variables Involved:**
   - The variables involved are `address` (urban/rural residence) and `reason` (reasons for school choice).

2. **Determine the Statistical Task Type:**
   - The task is to determine if the frequencies of urban/rural residence and reasons for school choice are independent. This is a contingency table test.

3. **Select the Appropriate Method Category:**
   - The appropriate method category is Contingency Table Test.

4. **From the Candidate Methods in the Provided Classification List, Keep Only Those That Satisfy the Data Type, Sample Size, and Assumptions:**
   - The candidate methods for Contingency Table Test are:
     - Chi-square Independence Test
     - Fisher Exact Test
     - Mantel-Haenszel Test

   - **Chi-square Independence Test:**
     - Data Type: Both `address` and `reason` are categorical.
     - Sample Size: 649 rows, which is sufficient for the Chi-square test.
     - Assumptions: Expected cell counts should generally be 5 or more. This can be checked after constructing the contingency table.
     - **Included.**

   - **Fisher Exact Test:**
     - Data Type: Both `address` and `reason` are categorical.
     - Sample Size: 649 rows, which is relatively large for the Fisher Exact Test, but it can still be used for smaller tables.
     - Assumptions: No specific assumptions other than the data being categorical.
     - **Included.**

   - **Mantel-Haenszel Test:**
     - Data Type: Both `address` and `reason` are categorical.
     - Sample Size: 649 rows, which is sufficient.
     - Assumptions: Requires a stratifying variable, which is not provided in the question.
     - **Excluded.**

5. **Self-Check:**
   - The methods marked as included are Chi-square Independence Test and Fisher Exact Test. Both methods do not contradict any conditions identified in Step 4.

6. **Provide the Final Answer in JSON Format:**

```json
{
  ""columns"": [""address"", ""reason""],
  ""methods"": [""Chi-square Independence Test"", ""Fisher Exact Test""]
}
```

This JSON format contains the relevant columns and the applicable methods for the given statistical question.","{""columns"": [""address"", ""reason""], ""methods"": [""Chi-square Independence Test""]}","{
  ""columns"": [""address"", ""reason""],
  ""methods"": [""Chi-square Independence Test"", ""Fisher Exact Test""]
}","{""Correct"": 1, ""Wrong"": 1, ""Missed"": 0}","{""Correct"": 2, ""Wrong"": 0, ""Missed"": 0}",0,1,0,False,False,False,True
Students Math-Reading-Writing Performance Dataset,Is the reading score distributed according to a Gamma distribution?,"[{""column_header"": ""reading score"", ""is_strata"": false, ""is_control"": false}]",Distribution Compliance Test,easy,"[{""method"": ""Kolmogorov-Smirnov Test for Gamma distribution"", ""result"": ""{\""p value\"": 0.0}"", ""conclusion"": ""Non-compliance""}]","### Task Description: You need to select relevant columns and all applicable methods from provided list for the given statistical question.
### Instruction: You should only reply with one answer in JSON format containing two keys: 'columns' and 'methods'. The value of 'columns' is a list of columns' headers relevant to the given statistical question, and the value of 'methods' is a list containing all methods you think applicable. For example: {""columns"": [""c1"", ""c2"", ""...""], ""methods"": [""m1"", ""m2"", ""...""]}. If you think there is a strata or control variable involved, put its column header in the last item of the columns list. Ensure your methods selection is only limited to the classification list provided.
### Classification List: 
Correlation Analysis: Pearson Correlation Coefficient, Spearman Correlation Coefficient, Kendall Correlation Coefficient, Partial Correlation Coefficient;
Distribution Compliance Test: Anderson-Darling Test, Shapiro-Wilk Test of Normality, Kolmogorov-Smirnov Test for Normality, Lilliefors Test, Kolmogorov-Smirnov Test, Kolmogorov-Smirnov Test for Uniform distribution, Kolmogorov-Smirnov Test for Gamma distribution, Kolmogorov-Smirnov Test for Exponential distribution;
Contingency Table Test: Chi-square Independence Test, Fisher Exact Test, Mantel-Haenszel Test;
Descriptive Statistics: Mean, Median, Mode, Range, Quartile, Standard Deviation, Skewness, Kurtosis;
Variance Test: Mood Variance Test, Levene Test, Bartlett Test, F-Test for Variance.
### Column Information: 
column_header: gender; data_type: categorical; num_of_rows: 1000; is_normality: False.
column_header: race/ethnicity; data_type: categorical; num_of_rows: 1000; is_normality: False.
column_header: parental level of education; data_type: categorical; num_of_rows: 1000; is_normality: False.
column_header: lunch; data_type: categorical; num_of_rows: 1000; is_normality: False.
column_header: test preparation course; data_type: categorical; num_of_rows: 1000; is_normality: False.
column_header: math score; data_type: quantitative; num_of_rows: 1000; is_normality: True.
column_header: reading score; data_type: quantitative; num_of_rows: 1000; is_normality: False.
column_header: writing score; data_type: quantitative; num_of_rows: 1000; is_normality: False.
### Statistical Question: Is the reading score distributed according to a Gamma distribution?
### Response: Let's first understand the problem and follow this plan:
1. Identify the variables involved.
2. Determine the statistical task type.
3. Select the appropriate method category.
4. From the candidate methods in the provided classification list, keep only those that satisfy the data type, sample size and assumptions. Evaluate each method 
   individually and state whether it is included or excluded.
5. Self-check: list only the methods marked INCLUDED in Step 4. For each one, confirm it does not contradict any condition identified in Step 4. Remove any method that does. Do not add any new method at this stage.
6. Provide the final answer in JSON format containing both the selected columns and only the methods that remain after Step 5.
Now solve the problem step by step following the plan.The answer of relevant columns and applicable methods in JSON format and reason is:","### Step-by-Step Solution:

1. **Identify the Variables Involved:**
   - The statistical question is about the distribution of the ""reading score"" variable.
   - The ""reading score"" is a quantitative variable.

2. **Determine the Statistical Task Type:**
   - The task is to test if the ""reading score"" follows a Gamma distribution.
   - This falls under the category of Distribution Compliance Test.

3. **Select the Appropriate Method Category:**
   - From the provided classification list, we need to look at the Distribution Compliance Test methods.

4. **Evaluate Each Method Individually:**
   - **Anderson-Darling Test:** This test can be used for various distributions, including Gamma.
   - **Shapiro-Wilk Test of Normality:** This test is specifically for normality and not for Gamma distribution.
   - **Kolmogorov-Smirnov Test for Normality:** This test is also for normality and not for Gamma distribution.
   - **Lilliefors Test:** This test is for normality with unknown parameters and not for Gamma distribution.
   - **Kolmogorov-Smirnov Test for Gamma distribution:** This test is specifically for the Gamma distribution.
   - **Kolmogorov-Smirnov Test for Uniform distribution:** This test is for the uniform distribution and not for Gamma distribution.
   - **Kolmogorov-Smirnov Test for Exponential distribution:** This test is for the exponential distribution and not for Gamma distribution.

   Based on the above evaluation, the applicable methods are:
   - Anderson-Darling Test
   - Kolmogorov-Smirnov Test for Gamma distribution

5. **Self-Check:**
   - Both methods (Anderson-Darling Test and Kolmogorov-Smirnov Test for Gamma distribution) are appropriate for testing the distribution of a quantitative variable against a Gamma distribution.

6. **Final Answer:**
   - The relevant column is ""reading score"".
   - The applicable methods are Anderson-Darling Test and Kolmogorov-Smirnov Test for Gamma distribution.

### JSON Format Response:
```json
{
  ""columns"": [""reading score""],
  ""methods"": [""Anderson-Darling Test"", ""Kolmogorov-Smirnov Test for Gamma distribution""]
}
```","{""columns"": [""reading score""], ""methods"": [""Kolmogorov-Smirnov Test for Gamma distribution""]}","{
  ""columns"": [""reading score""],
  ""methods"": [""Anderson-Darling Test"", ""Kolmogorov-Smirnov Test for Gamma distribution""]
}","{""Correct"": 1, ""Wrong"": 1, ""Missed"": 0}","{""Correct"": 1, ""Wrong"": 0, ""Missed"": 0}",0,1,0,False,False,False,True
FIFA Official Dataset 2023,Is there a direct relationship between a player's overall rating of skills and abilities and their height in centimeters?,"[{""column_header"": ""Overall"", ""is_strata"": false, ""is_control"": false}, {""column_header"": ""Height"", ""is_strata"": false, ""is_control"": false}]",Correlation Analysis,easy,"[{""method"": ""Pearson Correlation Coefficient"", ""result"": ""{\""coefficient\"": 0.05927}"", ""conclusion"": ""Not strongly correlated""}, {""method"": ""Spearman Correlation Coefficient"", ""result"": ""{\""coefficient\"": 0.05173}"", ""conclusion"": ""Not strongly correlated""}, {""method"": ""Kendall Correlation Coefficient"", ""result"": ""{\""coefficient\"": 0.03581}"", ""conclusion"": ""Not strongly correlated""}]","### Task Description: You need to select relevant columns and all applicable methods from provided list for the given statistical question.
### Instruction: You should only reply with one answer in JSON format containing two keys: 'columns' and 'methods'. The value of 'columns' is a list of columns' headers relevant to the given statistical question, and the value of 'methods' is a list containing all methods you think applicable. For example: {""columns"": [""c1"", ""c2"", ""...""], ""methods"": [""m1"", ""m2"", ""...""]}. If you think there is a strata or control variable involved, put its column header in the last item of the columns list. Ensure your methods selection is only limited to the classification list provided.
### Classification List: 
Correlation Analysis: Pearson Correlation Coefficient, Spearman Correlation Coefficient, Kendall Correlation Coefficient, Partial Correlation Coefficient;
Distribution Compliance Test: Anderson-Darling Test, Shapiro-Wilk Test of Normality, Kolmogorov-Smirnov Test for Normality, Lilliefors Test, Kolmogorov-Smirnov Test, Kolmogorov-Smirnov Test for Uniform distribution, Kolmogorov-Smirnov Test for Gamma distribution, Kolmogorov-Smirnov Test for Exponential distribution;
Contingency Table Test: Chi-square Independence Test, Fisher Exact Test, Mantel-Haenszel Test;
Descriptive Statistics: Mean, Median, Mode, Range, Quartile, Standard Deviation, Skewness, Kurtosis;
Variance Test: Mood Variance Test, Levene Test, Bartlett Test, F-Test for Variance.
### Column Information: 
column_header: ID; data_type: id; num_of_rows: 17660; is_normality: False.
column_header: Name; data_type: other; num_of_rows: 17660; is_normality: False.
column_header: Age; data_type: quantitative; num_of_rows: 17660; is_normality: False.
column_header: Photo; data_type: other; num_of_rows: 17660; is_normality: False.
column_header: Nationality; data_type: categorical; num_of_rows: 17660; is_normality: False.
column_header: Flag; data_type: other; num_of_rows: 17660; is_normality: False.
column_header: Overall; data_type: quantitative; num_of_rows: 17660; is_normality: False.
column_header: Potential; data_type: quantitative; num_of_rows: 17660; is_normality: False.
column_header: Club; data_type: categorical; num_of_rows: 17660; is_normality: False.
column_header: Club Logo; data_type: other; num_of_rows: 17660; is_normality: False.
column_header: Value; data_type: quantitative; num_of_rows: 17660; is_normality: False.
column_header: Wage; data_type: quantitative; num_of_rows: 17660; is_normality: False.
column_header: Special; data_type: quantitative; num_of_rows: 17660; is_normality: False.
column_header: Preferred Foot; data_type: categorical; num_of_rows: 17660; is_normality: False.
column_header: International Reputation; data_type: categorical; num_of_rows: 17660; is_normality: False.
column_header: Weak Foot; data_type: categorical; num_of_rows: 17660; is_normality: False.
column_header: Skill Moves; data_type: categorical; num_of_rows: 17660; is_normality: False.
column_header: Work Rate; data_type: categorical; num_of_rows: 17660; is_normality: False.
column_header: Body Type; data_type: categorical; num_of_rows: 17660; is_normality: False.
column_header: Real Face; data_type: categorical; num_of_rows: 17660; is_normality: False.
column_header: Position; data_type: categorical; num_of_rows: 17660; is_normality: False.
column_header: Joined; data_type: other; num_of_rows: 17660; is_normality: False.
column_header: Loaned From; data_type: other; num_of_rows: 17660; is_normality: False.
column_header: Contract Valid Until; data_type: categorical; num_of_rows: 17660; is_normality: False.
column_header: Height; data_type: quantitative; num_of_rows: 17660; is_normality: False.
column_header: Weight; data_type: quantitative; num_of_rows: 17660; is_normality: False.
column_header: Release Clause; data_type: quantitative; num_of_rows: 17660; is_normality: False.
column_header: Kit Number; data_type: categorical; num_of_rows: 17660; is_normality: False.
column_header: Best Overall Rating; data_type: other; num_of_rows: 17660; is_normality: False.
### Statistical Question: Is there a direct relationship between a player's overall rating of skills and abilities and their height in centimeters?
### Response: Let's first understand the problem and follow this plan:
1. Identify the variables involved.
2. Determine the statistical task type.
3. Select the appropriate method category.
4. From the candidate methods in the provided classification list, keep only those that satisfy the data type, sample size and assumptions. Evaluate each method 
   individually and state whether it is included or excluded.
5. Self-check: list only the methods marked INCLUDED in Step 4. For each one, confirm it does not contradict any condition identified in Step 4. Remove any method that does. Do not add any new method at this stage.
6. Provide the final answer in JSON format containing both the selected columns and only the methods that remain after Step 5.
Now solve the problem step by step following the plan.The answer of relevant columns and applicable methods in JSON format and reason is:","### Step-by-Step Solution:

1. **Identify the Variables Involved:**
   - The statistical question asks about the relationship between a player's overall rating (Overall) and their height (Height).

2. **Determine the Statistical Task Type:**
   - The question is asking about the relationship between two quantitative variables, which suggests a correlation analysis.

3. **Select the Appropriate Method Category:**
   - Given the nature of the question, the appropriate method category is Correlation Analysis.

4. **From the Candidate Methods in the Provided Classification List, Keep Only Those That Satisfy the Data Type, Sample Size, and Assumptions:**
   - The candidate methods for Correlation Analysis are:
     - Pearson Correlation Coefficient
     - Spearman Correlation Coefficient
     - Kendall Correlation Coefficient
     - Partial Correlation Coefficient
   - Since both Overall and Height are quantitative variables, all these methods are applicable. There is no specific mention of normality or other assumptions that would exclude any of these methods.

5. **Self-Check:**
   - All methods listed in the Correlation Analysis category are valid and do not contradict any conditions identified in Step 4.

6. **Provide the Final Answer in JSON Format:**

```json
{
  ""columns"": [""Overall"", ""Height""],
  ""methods"": [""Pearson Correlation Coefficient"", ""Spearman Correlation Coefficient"", ""Kendall Correlation Coefficient"", ""Partial Correlation Coefficient""]
}
```

### Reason:
- The columns ""Overall"" and ""Height"" are the relevant quantitative variables for the statistical question.
- The methods listed under Correlation Analysis are all applicable to assess the relationship between these two quantitative variables.","{""columns"": [""Overall"", ""Height""], ""methods"": [""Pearson Correlation Coefficient"", ""Spearman Correlation Coefficient"", ""Kendall Correlation Coefficient""]}","{
  ""columns"": [""Overall"", ""Height""],
  ""methods"": [""Pearson Correlation Coefficient"", ""Spearman Correlation Coefficient"", ""Kendall Correlation Coefficient"", ""Partial Correlation Coefficient""]
}","{""Correct"": 3, ""Wrong"": 1, ""Missed"": 0}","{""Correct"": 2, ""Wrong"": 0, ""Missed"": 0}",0,1,0,False,False,False,True
Crop Production Dataset,Is the distribution of annual crop production in Brazil approximately normal?,"[{""column_header"": ""Brazil"", ""is_strata"": false, ""is_control"": false}]",Distribution Compliance Test,hard,"[{""method"": ""Anderson-Darling Test"", ""result"": ""{\""AD results\"": \""{\\\""stat\\\"": 0.78351, \\\""crit\\\"": 1.317}\""}"", ""conclusion"": ""Normally distributed""}, {""method"": ""Shapiro-Wilk Test of Normality"", ""result"": ""{\""p value\"": 0.00275}"", ""conclusion"": ""Non-normally distributed""}, {""method"": ""Kolmogorov-Smirnov Test for Normality"", ""result"": ""{\""p value\"": 0.26566}"", ""conclusion"": ""Normally distributed""}]","### Task Description: You need to select relevant columns and all applicable methods from provided list for the given statistical question.
### Instruction: You should only reply with one answer in JSON format containing two keys: 'columns' and 'methods'. The value of 'columns' is a list of columns' headers relevant to the given statistical question, and the value of 'methods' is a list containing all methods you think applicable. For example: {""columns"": [""c1"", ""c2"", ""...""], ""methods"": [""m1"", ""m2"", ""...""]}. If you think there is a strata or control variable involved, put its column header in the last item of the columns list. Ensure your methods selection is only limited to the classification list provided.
### Classification List: 
Correlation Analysis: Pearson Correlation Coefficient, Spearman Correlation Coefficient, Kendall Correlation Coefficient, Partial Correlation Coefficient;
Distribution Compliance Test: Anderson-Darling Test, Shapiro-Wilk Test of Normality, Kolmogorov-Smirnov Test for Normality, Lilliefors Test, Kolmogorov-Smirnov Test, Kolmogorov-Smirnov Test for Uniform distribution, Kolmogorov-Smirnov Test for Gamma distribution, Kolmogorov-Smirnov Test for Exponential distribution;
Contingency Table Test: Chi-square Independence Test, Fisher Exact Test, Mantel-Haenszel Test;
Descriptive Statistics: Mean, Median, Mode, Range, Quartile, Standard Deviation, Skewness, Kurtosis;
Variance Test: Mood Variance Test, Levene Test, Bartlett Test, F-Test for Variance.
### Column Information: 
column_header: Year; data_type: Other; num_of_rows: 4; is_normality: False.
column_header: Nigeria; data_type: quantitative; num_of_rows: 4; is_normality: True.
column_header: Pakistan; data_type: quantitative; num_of_rows: 4; is_normality: True.
column_header: Japan; data_type: quantitative; num_of_rows: 4; is_normality: True.
column_header: United States; data_type: quantitative; num_of_rows: 4; is_normality: True.
column_header: Brazil; data_type: quantitative; num_of_rows: 4; is_normality: True.
column_header: Philippines; data_type: quantitative; num_of_rows: 4; is_normality: True.
column_header: Myanmar; data_type: quantitative; num_of_rows: 4; is_normality: True.
column_header: Thailand; data_type: quantitative; num_of_rows: 4; is_normality: True.
column_header: Vietnam; data_type: quantitative; num_of_rows: 4; is_normality: True.
column_header: Indonesia; data_type: quantitative; num_of_rows: 4; is_normality: True.
column_header: Bangladesh; data_type: quantitative; num_of_rows: 4; is_normality: True.
column_header: India; data_type: quantitative; num_of_rows: 4; is_normality: True.
column_header: China; data_type: quantitative; num_of_rows: 4; is_normality: True.
### Statistical Question: Is the distribution of annual crop production in Brazil approximately normal?
### Response: Let's first understand the problem and follow this plan:
1. Identify the variables involved.
2. Determine the statistical task type.
3. Select the appropriate method category.
4. From the candidate methods in the provided classification list, keep only those that satisfy the data type, sample size and assumptions. Evaluate each method 
   individually and state whether it is included or excluded.
5. Self-check: list only the methods marked INCLUDED in Step 4. For each one, confirm it does not contradict any condition identified in Step 4. Remove any method that does. Do not add any new method at this stage.
6. Provide the final answer in JSON format containing both the selected columns and only the methods that remain after Step 5.
Now solve the problem step by step following the plan.The answer of relevant columns and applicable methods in JSON format and reason is:","### Step-by-Step Solution:

1. **Identify the variables involved:**
   - The statistical question is about the distribution of annual crop production in Brazil.
   - The relevant column is ""Brazil"" (quantitative data).

2. **Determine the statistical task type:**
   - The task is to test whether the distribution of annual crop production in Brazil is approximately normal.

3. **Select the appropriate method category:**
   - The appropriate method category is ""Distribution Compliance Test"" since we are testing for normality.

4. **From the candidate methods in the provided classification list, keep only those that satisfy the data type, sample size, and assumptions:**
   - The data type is quantitative.
   - The number of rows is 4.
   - The methods that can be used for normality testing are:
     - Anderson-Darling Test
     - Shapiro-Wilk Test of Normality
     - Kolmogorov-Smirnov Test for Normality
     - Lilliefors Test

5. **Self-check:**
   - All the methods listed above are appropriate for testing normality on a small sample size (n=4).

6. **Provide the final answer in JSON format containing both the selected columns and only the methods that remain after Step 5:**

```json
{
  ""columns"": [""Brazil""],
  ""methods"": [""Anderson-Darling Test"", ""Shapiro-Wilk Test of Normality"", ""Kolmogorov-Smirnov Test for Normality"", ""Lilliefors Test""]
}
```","{""columns"": [""Brazil""], ""methods"": [""Anderson-Darling Test"", ""Shapiro-Wilk Test of Normality"", ""Kolmogorov-Smirnov Test for Normality""]}","{
  ""columns"": [""Brazil""],
  ""methods"": [""Anderson-Darling Test"", ""Shapiro-Wilk Test of Normality"", ""Kolmogorov-Smirnov Test for Normality"", ""Lilliefors Test""]
}","{""Correct"": 3, ""Wrong"": 1, ""Missed"": 0}","{""Correct"": 1, ""Wrong"": 0, ""Missed"": 0}",0,1,0,False,False,False,True
Lung Cancer Survey Dataset,Is there evidence of an association between gender and the presence of swallowing difficulty symptoms in the data?,"[{""column_header"": ""GENDER"", ""is_strata"": false, ""is_control"": false}, {""column_header"": ""SWALLOWING DIFFICULTY"", ""is_strata"": false, ""is_control"": false}]",Contingency Table Test,easy,"[{""method"": ""Chi-square Independence Test"", ""result"": ""{\""p value\"": 0.20773}"", ""conclusion"": ""Independent""}, {""method"": ""Fisher Exact Test"", ""result"": ""{\""p value\"": 0.1733}"", ""conclusion"": ""Independent""}]","### Task Description: You need to select relevant columns and all applicable methods from provided list for the given statistical question.
### Instruction: You should only reply with one answer in JSON format containing two keys: 'columns' and 'methods'. The value of 'columns' is a list of columns' headers relevant to the given statistical question, and the value of 'methods' is a list containing all methods you think applicable. For example: {""columns"": [""c1"", ""c2"", ""...""], ""methods"": [""m1"", ""m2"", ""...""]}. If you think there is a strata or control variable involved, put its column header in the last item of the columns list. Ensure your methods selection is only limited to the classification list provided.
### Classification List: 
Correlation Analysis: Pearson Correlation Coefficient, Spearman Correlation Coefficient, Kendall Correlation Coefficient, Partial Correlation Coefficient;
Distribution Compliance Test: Anderson-Darling Test, Shapiro-Wilk Test of Normality, Kolmogorov-Smirnov Test for Normality, Lilliefors Test, Kolmogorov-Smirnov Test, Kolmogorov-Smirnov Test for Uniform distribution, Kolmogorov-Smirnov Test for Gamma distribution, Kolmogorov-Smirnov Test for Exponential distribution;
Contingency Table Test: Chi-square Independence Test, Fisher Exact Test, Mantel-Haenszel Test;
Descriptive Statistics: Mean, Median, Mode, Range, Quartile, Standard Deviation, Skewness, Kurtosis;
Variance Test: Mood Variance Test, Levene Test, Bartlett Test, F-Test for Variance.
### Column Information: 
column_header: GENDER; data_type: categorical; num_of_rows: 309; is_normality: False.
column_header: AGE; data_type: quantitative; num_of_rows: 309; is_normality: False.
column_header: SMOKING; data_type: categorical; num_of_rows: 309; is_normality: False.
column_header: YELLOW_FINGERS; data_type: categorical; num_of_rows: 309; is_normality: False.
column_header: ANXIETY; data_type: categorical; num_of_rows: 309; is_normality: False.
column_header: PEER_PRESSURE; data_type: categorical; num_of_rows: 309; is_normality: False.
column_header: CHRONIC DISEASE; data_type: categorical; num_of_rows: 309; is_normality: False.
column_header: FATIGUE ; data_type: categorical; num_of_rows: 309; is_normality: False.
column_header: ALLERGY ; data_type: categorical; num_of_rows: 309; is_normality: False.
column_header: WHEEZING; data_type: categorical; num_of_rows: 309; is_normality: False.
column_header: ALCOHOL CONSUMING; data_type: categorical; num_of_rows: 309; is_normality: False.
column_header: COUGHING; data_type: categorical; num_of_rows: 309; is_normality: False.
column_header: SHORTNESS OF BREATH; data_type: categorical; num_of_rows: 309; is_normality: False.
column_header: SWALLOWING DIFFICULTY; data_type: categorical; num_of_rows: 309; is_normality: False.
column_header: CHEST PAIN; data_type: categorical; num_of_rows: 309; is_normality: False.
column_header: LUNG_CANCER; data_type: categorical; num_of_rows: 309; is_normality: False.
### Statistical Question: Is there evidence of an association between gender and the presence of swallowing difficulty symptoms in the data?
### Response: Let's first understand the problem and follow this plan:
1. Identify the variables involved.
2. Determine the statistical task type.
3. Select the appropriate method category.
4. From the candidate methods in the provided classification list, keep only those that satisfy the data type, sample size and assumptions. Evaluate each method 
   individually and state whether it is included or excluded.
5. Self-check: list only the methods marked INCLUDED in Step 4. For each one, confirm it does not contradict any condition identified in Step 4. Remove any method that does. Do not add any new method at this stage.
6. Provide the final answer in JSON format containing both the selected columns and only the methods that remain after Step 5.
Now solve the problem step by step following the plan.The answer of relevant columns and applicable methods in JSON format and reason is:","Let's follow the plan step by step:

1. **Identify the variables involved:**
   - **GENDER:** Categorical variable.
   - **SWALLOWING DIFFICULTY:** Categorical variable.

2. **Determine the statistical task type:**
   - The task is to determine if there is an association between two categorical variables (GENDER and SWALLOWING DIFFICULTY).

3. **Select the appropriate method category:**
   - The appropriate method category for testing the association between two categorical variables is the Contingency Table Test.

4. **From the candidate methods in the provided classification list, keep only those that satisfy the data type, sample size, and assumptions:**
   - **Chi-square Independence Test:** This test is used to determine if there is a significant association between two categorical variables. It is suitable for the given data type and sample size.
   - **Fisher Exact Test:** This test is used for small sample sizes and is exact, but it is typically used when the sample size is small (e.g., less than 50). Given the sample size of 309, the Chi-square Independence Test is more appropriate.
   - **Mantel-Haenszel Test:** This test is used for stratified contingency tables, but there is no indication of a stratified design in the given data.

5. **Self-check:**
   - The Chi-square Independence Test is the most appropriate method for the given data.

6. **Provide the final answer in JSON format containing both the selected columns and only the methods that remain after Step 5:**

```json
{
  ""columns"": [""GENDER"", ""SWALLOWING DIFFICULTY""],
  ""methods"": [""Chi-square Independence Test""]
}
```","{""columns"": [""GENDER"", ""SWALLOWING DIFFICULTY""], ""methods"": [""Chi-square Independence Test"", ""Fisher Exact Test""]}","{
  ""columns"": [""GENDER"", ""SWALLOWING DIFFICULTY""],
  ""methods"": [""Chi-square Independence Test""]
}","{""Correct"": 1, ""Wrong"": 0, ""Missed"": 1}","{""Correct"": 2, ""Wrong"": 0, ""Missed"": 0}",0,1,0,False,False,False,True
Dataset for Admission in the University,How is the relationship between changes in GRE scores and the probability of admission to the university?,"[{""column_header"": ""GRE Score"", ""is_strata"": false, ""is_control"": false}, {""column_header"": ""Chance of Admit "", ""is_strata"": false, ""is_control"": false}]",Correlation Analysis,easy,"[{""method"": ""Pearson Correlation Coefficient"", ""result"": ""{\""coefficient\"": 0.80261}"", ""conclusion"": ""Strongly correlated""}, {""method"": ""Spearman Correlation Coefficient"", ""result"": ""{\""coefficient\"": 0.81535}"", ""conclusion"": ""Strongly correlated""}, {""method"": ""Kendall Correlation Coefficient"", ""result"": ""{\""coefficient\"": 0.63993}"", ""conclusion"": ""Strongly correlated""}]","### Task Description: You need to select relevant columns and all applicable methods from provided list for the given statistical question.
### Instruction: You should only reply with one answer in JSON format containing two keys: 'columns' and 'methods'. The value of 'columns' is a list of columns' headers relevant to the given statistical question, and the value of 'methods' is a list containing all methods you think applicable. For example: {""columns"": [""c1"", ""c2"", ""...""], ""methods"": [""m1"", ""m2"", ""...""]}. If you think there is a strata or control variable involved, put its column header in the last item of the columns list. Ensure your methods selection is only limited to the classification list provided.
### Classification List: 
Correlation Analysis: Pearson Correlation Coefficient, Spearman Correlation Coefficient, Kendall Correlation Coefficient, Partial Correlation Coefficient;
Distribution Compliance Test: Anderson-Darling Test, Shapiro-Wilk Test of Normality, Kolmogorov-Smirnov Test for Normality, Lilliefors Test, Kolmogorov-Smirnov Test, Kolmogorov-Smirnov Test for Uniform distribution, Kolmogorov-Smirnov Test for Gamma distribution, Kolmogorov-Smirnov Test for Exponential distribution;
Contingency Table Test: Chi-square Independence Test, Fisher Exact Test, Mantel-Haenszel Test;
Descriptive Statistics: Mean, Median, Mode, Range, Quartile, Standard Deviation, Skewness, Kurtosis;
Variance Test: Mood Variance Test, Levene Test, Bartlett Test, F-Test for Variance.
### Column Information: 
column_header: Serial No.; data_type: id; num_of_rows: 400; is_normality: False.
column_header: GRE Score; data_type: quantitative; num_of_rows: 400; is_normality: False.
column_header: TOEFL Score; data_type: quantitative; num_of_rows: 400; is_normality: False.
column_header: University Rating; data_type: categorical; num_of_rows: 400; is_normality: False.
column_header: SOP; data_type: quantitative; num_of_rows: 400; is_normality: False.
column_header: LOR ; data_type: quantitative; num_of_rows: 400; is_normality: False.
column_header: CGPA; data_type: quantitative; num_of_rows: 400; is_normality: True.
column_header: Research; data_type: categorical; num_of_rows: 400; is_normality: False.
column_header: Chance of Admit ; data_type: quantitative; num_of_rows: 400; is_normality: False.
### Statistical Question: How is the relationship between changes in GRE scores and the probability of admission to the university?
### Response: Let's first understand the problem and follow this plan:
1. Identify the variables involved.
2. Determine the statistical task type.
3. Select the appropriate method category.
4. From the candidate methods in the provided classification list, keep only those that satisfy the data type, sample size and assumptions. Evaluate each method 
   individually and state whether it is included or excluded.
5. Self-check: list only the methods marked INCLUDED in Step 4. For each one, confirm it does not contradict any condition identified in Step 4. Remove any method that does. Do not add any new method at this stage.
6. Provide the final answer in JSON format containing both the selected columns and only the methods that remain after Step 5.
Now solve the problem step by step following the plan.The answer of relevant columns and applicable methods in JSON format and reason is:","Let's follow the plan step by step:

1. **Identify the variables involved:**
   - GRE Score (quantitative)
   - Chance of Admit (quantitative)

2. **Determine the statistical task type:**
   - The task is to understand the relationship between two quantitative variables (GRE Score and Chance of Admit).

3. **Select the appropriate method category:**
   - The appropriate method category for understanding the relationship between two quantitative variables is **Correlation Analysis**.

4. **From the candidate methods in the provided classification list, keep only those that satisfy the data type, sample size, and assumptions:**
   - **Pearson Correlation Coefficient:** This method assumes that both variables are normally distributed. However, the normality of GRE Score is not specified, and the normality of Chance of Admit is False. Therefore, Pearson Correlation Coefficient is not suitable.
   - **Spearman Correlation Coefficient:** This method does not assume normality and is based on the ranks of the data. It is suitable for non-normal data.
   - **Kendall Correlation Coefficient:** This method also does not assume normality and is based on the ranks of the data. It is suitable for non-normal data.
   - **Partial Correlation Coefficient:** This method is used to assess the relationship between two variables while controlling for the effects of one or more additional variables. Since no additional variables are mentioned, this method is not directly applicable here.

5. **Self-check:**
   - The methods that remain after evaluation are Spearman Correlation Coefficient and Kendall Correlation Coefficient.

6. **Provide the final answer in JSON format:**

```json
{
  ""columns"": [""GRE Score"", ""Chance of Admit""],
  ""methods"": [""Spearman Correlation Coefficient"", ""Kendall Correlation Coefficient""]
}
```

This JSON format includes the relevant columns and the applicable methods based on the statistical question and the provided classification list.","{""columns"": [""GRE Score"", ""Chance of Admit ""], ""methods"": [""Pearson Correlation Coefficient"", ""Spearman Correlation Coefficient"", ""Kendall Correlation Coefficient""]}","{
  ""columns"": [""GRE Score"", ""Chance of Admit""],
  ""methods"": [""Spearman Correlation Coefficient"", ""Kendall Correlation Coefficient""]
}","{""Correct"": 2, ""Wrong"": 0, ""Missed"": 1}","{""Correct"": 2, ""Wrong"": 0, ""Missed"": 0}",0,1,0,False,False,False,True
Heart Failure Prediction Dataset,Is there a relationship between the sex of the patient and the type of chest pain experienced?,"[{""column_header"": ""Sex"", ""is_strata"": false, ""is_control"": false}, {""column_header"": ""ChestPainType"", ""is_strata"": false, ""is_control"": false}]",Contingency Table Test,hard,"[{""method"": ""Chi-square Independence Test"", ""result"": ""{\""p value\"": 0.0}"", ""conclusion"": ""Not independent""}]","### Task Description: You need to select relevant columns and all applicable methods from provided list for the given statistical question.
### Instruction: You should only reply with one answer in JSON format containing two keys: 'columns' and 'methods'. The value of 'columns' is a list of columns' headers relevant to the given statistical question, and the value of 'methods' is a list containing all methods you think applicable. For example: {""columns"": [""c1"", ""c2"", ""...""], ""methods"": [""m1"", ""m2"", ""...""]}. If you think there is a strata or control variable involved, put its column header in the last item of the columns list. Ensure your methods selection is only limited to the classification list provided.
### Classification List: 
Correlation Analysis: Pearson Correlation Coefficient, Spearman Correlation Coefficient, Kendall Correlation Coefficient, Partial Correlation Coefficient;
Distribution Compliance Test: Anderson-Darling Test, Shapiro-Wilk Test of Normality, Kolmogorov-Smirnov Test for Normality, Lilliefors Test, Kolmogorov-Smirnov Test, Kolmogorov-Smirnov Test for Uniform distribution, Kolmogorov-Smirnov Test for Gamma distribution, Kolmogorov-Smirnov Test for Exponential distribution;
Contingency Table Test: Chi-square Independence Test, Fisher Exact Test, Mantel-Haenszel Test;
Descriptive Statistics: Mean, Median, Mode, Range, Quartile, Standard Deviation, Skewness, Kurtosis;
Variance Test: Mood Variance Test, Levene Test, Bartlett Test, F-Test for Variance.
### Column Information: 
column_header: Age; data_type: quantitative; num_of_rows: 918; is_normality: False.
column_header: Sex; data_type: categorical; num_of_rows: 918; is_normality: False.
column_header: ChestPainType; data_type: categorical; num_of_rows: 918; is_normality: False.
column_header: RestingBP; data_type: quantitative; num_of_rows: 918; is_normality: False.
column_header: Cholesterol; data_type: quantitative; num_of_rows: 918; is_normality: False.
column_header: FastingBS; data_type: categorical; num_of_rows: 918; is_normality: False.
column_header: RestingECG; data_type: categorical; num_of_rows: 918; is_normality: False.
column_header: MaxHR; data_type: quantitative; num_of_rows: 918; is_normality: False.
column_header: ExerciseAngina; data_type: categorical; num_of_rows: 918; is_normality: False.
column_header: Oldpeak; data_type: quantitative; num_of_rows: 918; is_normality: False.
column_header: ST_Slope; data_type: categorical; num_of_rows: 918; is_normality: False.
column_header: HeartDisease; data_type: categorical; num_of_rows: 918; is_normality: False.
### Statistical Question: Is there a relationship between the sex of the patient and the type of chest pain experienced?
### Response: Let's first understand the problem and follow this plan:
1. Identify the variables involved.
2. Determine the statistical task type.
3. Select the appropriate method category.
4. From the candidate methods in the provided classification list, keep only those that satisfy the data type, sample size and assumptions. Evaluate each method 
   individually and state whether it is included or excluded.
5. Self-check: list only the methods marked INCLUDED in Step 4. For each one, confirm it does not contradict any condition identified in Step 4. Remove any method that does. Do not add any new method at this stage.
6. Provide the final answer in JSON format containing both the selected columns and only the methods that remain after Step 5.
Now solve the problem step by step following the plan.The answer of relevant columns and applicable methods in JSON format and reason is:","Let's follow the plan step by step:

1. **Identify the variables involved:**
   - Sex (categorical)
   - ChestPainType (categorical)

2. **Determine the statistical task type:**
   - The task is to determine if there is a relationship between two categorical variables. This falls under the category of Contingency Table Test.

3. **Select the appropriate method category:**
   - The appropriate method category is Contingency Table Test.

4. **From the candidate methods in the provided classification list, keep only those that satisfy the data type, sample size, and assumptions:**
   - The candidate methods for Contingency Table Test are:
     - Chi-square Independence Test
     - Fisher Exact Test
     - Mantel-Haenszel Test

   - **Chi-square Independence Test:**
     - Suitable for large sample sizes (n > 30) and when expected cell counts are generally greater than 5.
     - Sample size: 918 (large enough)
     - Expected cell counts need to be checked, but generally, this test is suitable for large samples.

   - **Fisher Exact Test:**
     - Suitable for small sample sizes and when expected cell counts are less than 5.
     - Sample size: 918 (large, but can still be used for exact probabilities)
     - Generally used for smaller tables, but can be computationally intensive for large tables.

   - **Mantel-Haenszel Test:**
     - Used for stratified contingency tables, but not applicable here as there is no strata mentioned.

5. **Self-check:**
   - Both Chi-square Independence Test and Fisher Exact Test are suitable for the given data type and sample size.

6. **Provide the final answer in JSON format containing both the selected columns and only the methods that remain after Step 5:**

```json
{
  ""columns"": [""Sex"", ""ChestPainType""],
  ""methods"": [""Chi-square Independence Test"", ""Fisher Exact Test""]
}
```","{""columns"": [""Sex"", ""ChestPainType""], ""methods"": [""Chi-square Independence Test""]}","{
  ""columns"": [""Sex"", ""ChestPainType""],
  ""methods"": [""Chi-square Independence Test"", ""Fisher Exact Test""]
}","{""Correct"": 1, ""Wrong"": 1, ""Missed"": 0}","{""Correct"": 2, ""Wrong"": 0, ""Missed"": 0}",0,1,0,False,False,False,True
Terrorist Attacks Dataset,Is there evidence to suggest that the number of deaths of individuals aged 100 or above does not follow a normal distribution?,"[{""column_header"": ""Death Age 100+"", ""is_strata"": false, ""is_control"": false}]",Distribution Compliance Test,hard,"[{""method"": ""Anderson-Darling Test"", ""result"": ""{\""AD results\"": \""{\\\""stat\\\"": 3727.21048, \\\""crit\\\"": 0.576}\""}"", ""conclusion"": ""Non-normally distributed""}, {""method"": ""Kolmogorov-Smirnov Test for Normality"", ""result"": ""{\""p value\"": 0.0}"", ""conclusion"": ""Non-normally distributed""}, {""method"": ""Lilliefors Test"", ""result"": ""{\""p value\"": 0.001}"", ""conclusion"": ""Non-normally distributed""}]","### Task Description: You need to select relevant columns and all applicable methods from provided list for the given statistical question.
### Instruction: You should only reply with one answer in JSON format containing two keys: 'columns' and 'methods'. The value of 'columns' is a list of columns' headers relevant to the given statistical question, and the value of 'methods' is a list containing all methods you think applicable. For example: {""columns"": [""c1"", ""c2"", ""...""], ""methods"": [""m1"", ""m2"", ""...""]}. If you think there is a strata or control variable involved, put its column header in the last item of the columns list. Ensure your methods selection is only limited to the classification list provided.
### Classification List: 
Correlation Analysis: Pearson Correlation Coefficient, Spearman Correlation Coefficient, Kendall Correlation Coefficient, Partial Correlation Coefficient;
Distribution Compliance Test: Anderson-Darling Test, Shapiro-Wilk Test of Normality, Kolmogorov-Smirnov Test for Normality, Lilliefors Test, Kolmogorov-Smirnov Test, Kolmogorov-Smirnov Test for Uniform distribution, Kolmogorov-Smirnov Test for Gamma distribution, Kolmogorov-Smirnov Test for Exponential distribution;
Contingency Table Test: Chi-square Independence Test, Fisher Exact Test, Mantel-Haenszel Test;
Descriptive Statistics: Mean, Median, Mode, Range, Quartile, Standard Deviation, Skewness, Kurtosis;
Variance Test: Mood Variance Test, Levene Test, Bartlett Test, F-Test for Variance.
### Column Information: 
column_header: Entity; data_type: other; num_of_rows: 10517; is_normality: False.
column_header: Code; data_type: other; num_of_rows: 10517; is_normality: False.
column_header: Year; data_type: other; num_of_rows: 10517; is_normality: False.
column_header: Terrorist attacks; data_type: quantitative; num_of_rows: 10517; is_normality: False.
column_header: Terrorism deaths; data_type: quantitative; num_of_rows: 10517; is_normality: False.
column_header: Attack method: Hijacking; data_type: quantitative; num_of_rows: 10517; is_normality: False.
column_header: Attack method: Hostage Taking (Barricade Incident); data_type: quantitative; num_of_rows: 10517; is_normality: False.
column_header: Attack method: Unarmed Assault; data_type: quantitative; num_of_rows: 10517; is_normality: False.
column_header: Attack method: Facility/Infrastructure Attack; data_type: quantitative; num_of_rows: 10517; is_normality: False.
column_header: Attack method: Hostage Taking (Kidnapping); data_type: quantitative; num_of_rows: 10517; is_normality: False.
column_header: Attack method: Assassination; data_type: quantitative; num_of_rows: 10517; is_normality: False.
column_header: Attack method: Armed Assault; data_type: quantitative; num_of_rows: 10517; is_normality: False.
column_header: Attack method: Bombing/Explosion; data_type: quantitative; num_of_rows: 10517; is_normality: False.
column_header: Death Age 100+; data_type: quantitative; num_of_rows: 10517; is_normality: False.
column_header: Death Age: 51-99 ; data_type: quantitative; num_of_rows: 10517; is_normality: False.
column_header: Death Age : 21-50 ; data_type: quantitative; num_of_rows: 10517; is_normality: False.
column_header: Death Age : 11-20 ; data_type: quantitative; num_of_rows: 10517; is_normality: False.
column_header: Death Age : 6-10 ; data_type: quantitative; num_of_rows: 10517; is_normality: False.
column_header: Death Age :  1-5; data_type: quantitative; num_of_rows: 10517; is_normality: False.
column_header: Terrorist Death Type : Suicide; data_type: quantitative; num_of_rows: 10517; is_normality: False.
column_header: Terrorist Death Type : Killed; data_type: quantitative; num_of_rows: 10517; is_normality: False.
### Statistical Question: Is there evidence to suggest that the number of deaths of individuals aged 100 or above does not follow a normal distribution?
### Response: Let's first understand the problem and follow this plan:
1. Identify the variables involved.
2. Determine the statistical task type.
3. Select the appropriate method category.
4. From the candidate methods in the provided classification list, keep only those that satisfy the data type, sample size and assumptions. Evaluate each method 
   individually and state whether it is included or excluded.
5. Self-check: list only the methods marked INCLUDED in Step 4. For each one, confirm it does not contradict any condition identified in Step 4. Remove any method that does. Do not add any new method at this stage.
6. Provide the final answer in JSON format containing both the selected columns and only the methods that remain after Step 5.
Now solve the problem step by step following the plan.The answer of relevant columns and applicable methods in JSON format and reason is:","### Step-by-Step Solution:

1. **Identify the Variables Involved:**
   - The variable of interest is ""Death Age 100+"" which is quantitative.

2. **Determine the Statistical Task Type:**
   - The task is to test whether the distribution of ""Death Age 100+"" does not follow a normal distribution. This falls under the category of Distribution Compliance Test.

3. **Select the Appropriate Method Category:**
   - From the provided classification list, the relevant methods are:
     - Anderson-Darling Test
     - Shapiro-Wilk Test of Normality
     - Kolmogorov-Smirnov Test for Normality
     - Lilliefors Test

4. **Evaluate Each Method:**
   - **Anderson-Darling Test:** Suitable for testing normality, especially for small to moderate sample sizes. It is a good choice for this task.
   - **Shapiro-Wilk Test of Normality:** Suitable for testing normality, especially for small to moderate sample sizes. It is a good choice for this task.
   - **Kolmogorov-Smirnov Test for Normality:** Suitable for testing normality, but less powerful than Anderson-Darling and Shapiro-Wilk for small to moderate sample sizes. It is still a valid choice.
   - **Lilliefors Test:** Suitable for testing normality, especially when the mean and variance are unknown. It is a good choice for this task.

5. **Self-Check:**
   - All the methods listed above are suitable for the task and do not contradict any conditions.

6. **Final Answer:**
   - The relevant column is ""Death Age 100+"".
   - The applicable methods are Anderson-Darling Test, Shapiro-Wilk Test of Normality, Kolmogorov-Smirnov Test for Normality, and Lilliefors Test.

### JSON Format Response:
```json
{
  ""columns"": [""Death Age 100+""],
  ""methods"": [""Anderson-Darling Test"", ""Shapiro-Wilk Test of Normality"", ""Kolmogorov-Smirnov Test for Normality"", ""Lilliefors Test""]
}
```","{""columns"": [""Death Age 100+""], ""methods"": [""Anderson-Darling Test"", ""Kolmogorov-Smirnov Test for Normality"", ""Lilliefors Test""]}","{
  ""columns"": [""Death Age 100+""],
  ""methods"": [""Anderson-Darling Test"", ""Shapiro-Wilk Test of Normality"", ""Kolmogorov-Smirnov Test for Normality"", ""Lilliefors Test""]
}","{""Correct"": 3, ""Wrong"": 1, ""Missed"": 0}","{""Correct"": 1, ""Wrong"": 0, ""Missed"": 0}",0,1,0,False,False,False,True
Student Performance Prediction Dataset,How does the distribution of nursery attendance vary across urban and rural addresses?,"[{""column_header"": ""address"", ""is_strata"": false, ""is_control"": false}, {""column_header"": ""nursery"", ""is_strata"": false, ""is_control"": false}]",Contingency Table Test,easy,"[{""method"": ""Chi-square Independence Test"", ""result"": ""{\""p value\"": 0.72391}"", ""conclusion"": ""Independent""}, {""method"": ""Fisher Exact Test"", ""result"": ""{\""p value\"": 0.66832}"", ""conclusion"": ""Independent""}]","### Task Description: You need to select relevant columns and all applicable methods from provided list for the given statistical question.
### Instruction: You should only reply with one answer in JSON format containing two keys: 'columns' and 'methods'. The value of 'columns' is a list of columns' headers relevant to the given statistical question, and the value of 'methods' is a list containing all methods you think applicable. For example: {""columns"": [""c1"", ""c2"", ""...""], ""methods"": [""m1"", ""m2"", ""...""]}. If you think there is a strata or control variable involved, put its column header in the last item of the columns list. Ensure your methods selection is only limited to the classification list provided.
### Classification List: 
Correlation Analysis: Pearson Correlation Coefficient, Spearman Correlation Coefficient, Kendall Correlation Coefficient, Partial Correlation Coefficient;
Distribution Compliance Test: Anderson-Darling Test, Shapiro-Wilk Test of Normality, Kolmogorov-Smirnov Test for Normality, Lilliefors Test, Kolmogorov-Smirnov Test, Kolmogorov-Smirnov Test for Uniform distribution, Kolmogorov-Smirnov Test for Gamma distribution, Kolmogorov-Smirnov Test for Exponential distribution;
Contingency Table Test: Chi-square Independence Test, Fisher Exact Test, Mantel-Haenszel Test;
Descriptive Statistics: Mean, Median, Mode, Range, Quartile, Standard Deviation, Skewness, Kurtosis;
Variance Test: Mood Variance Test, Levene Test, Bartlett Test, F-Test for Variance.
### Column Information: 
column_header: Unnamed: 0; data_type: id; num_of_rows: 649; is_normality: False.
column_header: school; data_type: categorical; num_of_rows: 649; is_normality: False.
column_header: sex; data_type: categorical; num_of_rows: 649; is_normality: False.
column_header: age; data_type: quantitative; num_of_rows: 649; is_normality: False.
column_header: address; data_type: categorical; num_of_rows: 649; is_normality: False.
column_header: famsize; data_type: categorical; num_of_rows: 649; is_normality: False.
column_header: Pstatus; data_type: categorical; num_of_rows: 649; is_normality: False.
column_header: Medu; data_type: quantitative; num_of_rows: 649; is_normality: False.
column_header: Fedu; data_type: quantitative; num_of_rows: 649; is_normality: False.
column_header: Mjob; data_type: categorical; num_of_rows: 649; is_normality: False.
column_header: Fjob; data_type: categorical; num_of_rows: 649; is_normality: False.
column_header: reason; data_type: categorical; num_of_rows: 649; is_normality: False.
column_header: guardian; data_type: categorical; num_of_rows: 649; is_normality: False.
column_header: traveltime; data_type: quantitative; num_of_rows: 649; is_normality: False.
column_header: studytime; data_type: quantitative; num_of_rows: 649; is_normality: False.
column_header: failures; data_type: quantitative; num_of_rows: 649; is_normality: False.
column_header: schoolsup; data_type: categorical; num_of_rows: 649; is_normality: False.
column_header: famsup; data_type: categorical; num_of_rows: 649; is_normality: False.
column_header: paid; data_type: categorical; num_of_rows: 649; is_normality: False.
column_header: activities; data_type: categorical; num_of_rows: 649; is_normality: False.
column_header: nursery; data_type: categorical; num_of_rows: 649; is_normality: False.
column_header: higher; data_type: categorical; num_of_rows: 649; is_normality: False.
column_header: internet; data_type: categorical; num_of_rows: 649; is_normality: False.
column_header: romantic; data_type: categorical; num_of_rows: 649; is_normality: False.
column_header: famrel; data_type: quantitative; num_of_rows: 649; is_normality: False.
column_header: freetime; data_type: quantitative; num_of_rows: 649; is_normality: False.
column_header: goout; data_type: quantitative; num_of_rows: 649; is_normality: False.
column_header: Dalc; data_type: quantitative; num_of_rows: 649; is_normality: False.
column_header: Walc; data_type: quantitative; num_of_rows: 649; is_normality: False.
column_header: health; data_type: quantitative; num_of_rows: 649; is_normality: False.
column_header: absences; data_type: quantitative; num_of_rows: 649; is_normality: False.
column_header: G1; data_type: quantitative; num_of_rows: 649; is_normality: False.
column_header: G2; data_type: quantitative; num_of_rows: 649; is_normality: False.
column_header: G3; data_type: quantitative; num_of_rows: 649; is_normality: False.
### Statistical Question: How does the distribution of nursery attendance vary across urban and rural addresses?
### Response: Let's first understand the problem and follow this plan:
1. Identify the variables involved.
2. Determine the statistical task type.
3. Select the appropriate method category.
4. From the candidate methods in the provided classification list, keep only those that satisfy the data type, sample size and assumptions. Evaluate each method 
   individually and state whether it is included or excluded.
5. Self-check: list only the methods marked INCLUDED in Step 4. For each one, confirm it does not contradict any condition identified in Step 4. Remove any method that does. Do not add any new method at this stage.
6. Provide the final answer in JSON format containing both the selected columns and only the methods that remain after Step 5.
Now solve the problem step by step following the plan.The answer of relevant columns and applicable methods in JSON format and reason is:","### Step-by-Step Solution:

1. **Identify the Variables Involved:**
   - The statistical question is about the distribution of nursery attendance (`nursery`) across urban (`address == ""U""`) and rural (`address == ""R""`) addresses.

2. **Determine the Statistical Task Type:**
   - The task involves comparing the distribution of a categorical variable (`nursery`) between two groups defined by another categorical variable (`address`).

3. **Select the Appropriate Method Category:**
   - The appropriate method category for comparing the distribution of a categorical variable between two groups is the Contingency Table Test.

4. **From the Candidate Methods in the Provided Classification List, Keep Only Those That Satisfy the Data Type, Sample Size, and Assumptions:**
   - **Chi-square Independence Test:** This test is used to determine if there is a significant association between two categorical variables. It is suitable for comparing the distribution of nursery attendance between urban and rural addresses.
   - **Fisher Exact Test:** This test is used for small sample sizes and is an exact test for contingency tables. However, with 649 rows, the sample size is large enough to use the Chi-square Independence Test.
   - **Mantel-Haenszel Test:** This test is used to assess the association between two variables in the presence of a confounding variable. It is not necessary here as there is no confounding variable mentioned.

5. **Self-Check:**
   - The Chi-square Independence Test is the most appropriate method for this scenario.

6. **Final Answer in JSON Format:**

```json
{
  ""columns"": [""nursery"", ""address""],
  ""methods"": [""Chi-square Independence Test""]
}
```

### Reason:
- The columns `nursery` and `address` are the relevant variables for the statistical question.
- The Chi-square Independence Test is the most appropriate method to determine if there is a significant association between nursery attendance and address type.","{""columns"": [""address"", ""nursery""], ""methods"": [""Chi-square Independence Test"", ""Fisher Exact Test""]}","{
  ""columns"": [""nursery"", ""address""],
  ""methods"": [""Chi-square Independence Test""]
}","{""Correct"": 1, ""Wrong"": 0, ""Missed"": 1}","{""Correct"": 2, ""Wrong"": 0, ""Missed"": 0}",0,1,0,False,False,False,True
Lung Cancer Survey Dataset,Do alcohol consumption and the presence of shortness of breath symptoms have a mutual impact on their frequency?,"[{""column_header"": ""ALCOHOL CONSUMING"", ""is_strata"": false, ""is_control"": false}, {""column_header"": ""SHORTNESS OF BREATH"", ""is_strata"": false, ""is_control"": false}]",Contingency Table Test,easy,"[{""method"": ""Chi-square Independence Test"", ""result"": ""{\""p value\"": 0.00241}"", ""conclusion"": ""Not independent""}, {""method"": ""Fisher Exact Test"", ""result"": ""{\""p value\"": 0.00189}"", ""conclusion"": ""Not independent""}]","### Task Description: You need to select relevant columns and all applicable methods from provided list for the given statistical question.
### Instruction: You should only reply with one answer in JSON format containing two keys: 'columns' and 'methods'. The value of 'columns' is a list of columns' headers relevant to the given statistical question, and the value of 'methods' is a list containing all methods you think applicable. For example: {""columns"": [""c1"", ""c2"", ""...""], ""methods"": [""m1"", ""m2"", ""...""]}. If you think there is a strata or control variable involved, put its column header in the last item of the columns list. Ensure your methods selection is only limited to the classification list provided.
### Classification List: 
Correlation Analysis: Pearson Correlation Coefficient, Spearman Correlation Coefficient, Kendall Correlation Coefficient, Partial Correlation Coefficient;
Distribution Compliance Test: Anderson-Darling Test, Shapiro-Wilk Test of Normality, Kolmogorov-Smirnov Test for Normality, Lilliefors Test, Kolmogorov-Smirnov Test, Kolmogorov-Smirnov Test for Uniform distribution, Kolmogorov-Smirnov Test for Gamma distribution, Kolmogorov-Smirnov Test for Exponential distribution;
Contingency Table Test: Chi-square Independence Test, Fisher Exact Test, Mantel-Haenszel Test;
Descriptive Statistics: Mean, Median, Mode, Range, Quartile, Standard Deviation, Skewness, Kurtosis;
Variance Test: Mood Variance Test, Levene Test, Bartlett Test, F-Test for Variance.
### Column Information: 
column_header: GENDER; data_type: categorical; num_of_rows: 309; is_normality: False.
column_header: AGE; data_type: quantitative; num_of_rows: 309; is_normality: False.
column_header: SMOKING; data_type: categorical; num_of_rows: 309; is_normality: False.
column_header: YELLOW_FINGERS; data_type: categorical; num_of_rows: 309; is_normality: False.
column_header: ANXIETY; data_type: categorical; num_of_rows: 309; is_normality: False.
column_header: PEER_PRESSURE; data_type: categorical; num_of_rows: 309; is_normality: False.
column_header: CHRONIC DISEASE; data_type: categorical; num_of_rows: 309; is_normality: False.
column_header: FATIGUE ; data_type: categorical; num_of_rows: 309; is_normality: False.
column_header: ALLERGY ; data_type: categorical; num_of_rows: 309; is_normality: False.
column_header: WHEEZING; data_type: categorical; num_of_rows: 309; is_normality: False.
column_header: ALCOHOL CONSUMING; data_type: categorical; num_of_rows: 309; is_normality: False.
column_header: COUGHING; data_type: categorical; num_of_rows: 309; is_normality: False.
column_header: SHORTNESS OF BREATH; data_type: categorical; num_of_rows: 309; is_normality: False.
column_header: SWALLOWING DIFFICULTY; data_type: categorical; num_of_rows: 309; is_normality: False.
column_header: CHEST PAIN; data_type: categorical; num_of_rows: 309; is_normality: False.
column_header: LUNG_CANCER; data_type: categorical; num_of_rows: 309; is_normality: False.
### Statistical Question: Do alcohol consumption and the presence of shortness of breath symptoms have a mutual impact on their frequency?
### Response: Let's first understand the problem and follow this plan:
1. Identify the variables involved.
2. Determine the statistical task type.
3. Select the appropriate method category.
4. From the candidate methods in the provided classification list, keep only those that satisfy the data type, sample size and assumptions. Evaluate each method 
   individually and state whether it is included or excluded.
5. Self-check: list only the methods marked INCLUDED in Step 4. For each one, confirm it does not contradict any condition identified in Step 4. Remove any method that does. Do not add any new method at this stage.
6. Provide the final answer in JSON format containing both the selected columns and only the methods that remain after Step 5.
Now solve the problem step by step following the plan.The answer of relevant columns and applicable methods in JSON format and reason is:","### Step-by-Step Solution:

1. **Identify the Variables Involved:**
   - Alcohol Consumption (ALCOHOL CONSUMING)
   - Shortness of Breath (SHORTNESS OF BREATH)

2. **Determine the Statistical Task Type:**
   - The question asks about the mutual impact between two categorical variables. This suggests a contingency table test to determine if there is an association between the two variables.

3. **Select the Appropriate Method Category:**
   - Contingency Table Test

4. **From the Candidate Methods in the Provided Classification List, Keep Only Those That Satisfy the Data Type, Sample Size, and Assumptions:**
   - **Chi-square Independence Test:** This test is used to determine if there is a significant association between two categorical variables. It is appropriate for the given data type and sample size.
   - **Fisher Exact Test:** This test is used for small sample sizes and is exact, but it is typically used for smaller contingency tables (2x2 tables). Given the sample size of 309, the Chi-square test is more appropriate.
   - **Mantel-Haenszel Test:** This test is used to assess the association between two variables in the presence of a confounding variable. Since no confounding variable is mentioned, this test is not applicable.

5. **Self-Check:**
   - **Chi-square Independence Test:** INCLUDED
   - **Fisher Exact Test:** EXCLUDED (not suitable for larger sample sizes)
   - **Mantel-Haenszel Test:** EXCLUDED (no confounding variable mentioned)

6. **Provide the Final Answer in JSON Format:**

```json
{
  ""columns"": [""ALCOHOL CONSUMING"", ""SHORTNESS OF BREATH""],
  ""methods"": [""Chi-square Independence Test""]
}
```

### Reason:
- The statistical question involves assessing the mutual impact between two categorical variables (alcohol consumption and shortness of breath). The Chi-square Independence Test is the most appropriate method for this type of analysis given the data type and sample size.","{""columns"": [""ALCOHOL CONSUMING"", ""SHORTNESS OF BREATH""], ""methods"": [""Chi-square Independence Test"", ""Fisher Exact Test""]}","{
  ""columns"": [""ALCOHOL CONSUMING"", ""SHORTNESS OF BREATH""],
  ""methods"": [""Chi-square Independence Test""]
}","{""Correct"": 1, ""Wrong"": 0, ""Missed"": 1}","{""Correct"": 2, ""Wrong"": 0, ""Missed"": 0}",0,1,0,False,False,False,True
Student Performance Prediction Dataset,Is there any evidence of a relationship between participation in paid extra classes within the course subject (Math or Portuguese) and engagement in extra-curricular activities?,"[{""column_header"": ""paid"", ""is_strata"": false, ""is_control"": false}, {""column_header"": ""activities"", ""is_strata"": false, ""is_control"": false}]",Contingency Table Test,easy,"[{""method"": ""Chi-square Independence Test"", ""result"": ""{\""p value\"": 0.1309}"", ""conclusion"": ""Independent""}, {""method"": ""Fisher Exact Test"", ""result"": ""{\""p value\"": 0.10075}"", ""conclusion"": ""Independent""}]","### Task Description: You need to select relevant columns and all applicable methods from provided list for the given statistical question.
### Instruction: You should only reply with one answer in JSON format containing two keys: 'columns' and 'methods'. The value of 'columns' is a list of columns' headers relevant to the given statistical question, and the value of 'methods' is a list containing all methods you think applicable. For example: {""columns"": [""c1"", ""c2"", ""...""], ""methods"": [""m1"", ""m2"", ""...""]}. If you think there is a strata or control variable involved, put its column header in the last item of the columns list. Ensure your methods selection is only limited to the classification list provided.
### Classification List: 
Correlation Analysis: Pearson Correlation Coefficient, Spearman Correlation Coefficient, Kendall Correlation Coefficient, Partial Correlation Coefficient;
Distribution Compliance Test: Anderson-Darling Test, Shapiro-Wilk Test of Normality, Kolmogorov-Smirnov Test for Normality, Lilliefors Test, Kolmogorov-Smirnov Test, Kolmogorov-Smirnov Test for Uniform distribution, Kolmogorov-Smirnov Test for Gamma distribution, Kolmogorov-Smirnov Test for Exponential distribution;
Contingency Table Test: Chi-square Independence Test, Fisher Exact Test, Mantel-Haenszel Test;
Descriptive Statistics: Mean, Median, Mode, Range, Quartile, Standard Deviation, Skewness, Kurtosis;
Variance Test: Mood Variance Test, Levene Test, Bartlett Test, F-Test for Variance.
### Column Information: 
column_header: Unnamed: 0; data_type: id; num_of_rows: 649; is_normality: False.
column_header: school; data_type: categorical; num_of_rows: 649; is_normality: False.
column_header: sex; data_type: categorical; num_of_rows: 649; is_normality: False.
column_header: age; data_type: quantitative; num_of_rows: 649; is_normality: False.
column_header: address; data_type: categorical; num_of_rows: 649; is_normality: False.
column_header: famsize; data_type: categorical; num_of_rows: 649; is_normality: False.
column_header: Pstatus; data_type: categorical; num_of_rows: 649; is_normality: False.
column_header: Medu; data_type: quantitative; num_of_rows: 649; is_normality: False.
column_header: Fedu; data_type: quantitative; num_of_rows: 649; is_normality: False.
column_header: Mjob; data_type: categorical; num_of_rows: 649; is_normality: False.
column_header: Fjob; data_type: categorical; num_of_rows: 649; is_normality: False.
column_header: reason; data_type: categorical; num_of_rows: 649; is_normality: False.
column_header: guardian; data_type: categorical; num_of_rows: 649; is_normality: False.
column_header: traveltime; data_type: quantitative; num_of_rows: 649; is_normality: False.
column_header: studytime; data_type: quantitative; num_of_rows: 649; is_normality: False.
column_header: failures; data_type: quantitative; num_of_rows: 649; is_normality: False.
column_header: schoolsup; data_type: categorical; num_of_rows: 649; is_normality: False.
column_header: famsup; data_type: categorical; num_of_rows: 649; is_normality: False.
column_header: paid; data_type: categorical; num_of_rows: 649; is_normality: False.
column_header: activities; data_type: categorical; num_of_rows: 649; is_normality: False.
column_header: nursery; data_type: categorical; num_of_rows: 649; is_normality: False.
column_header: higher; data_type: categorical; num_of_rows: 649; is_normality: False.
column_header: internet; data_type: categorical; num_of_rows: 649; is_normality: False.
column_header: romantic; data_type: categorical; num_of_rows: 649; is_normality: False.
column_header: famrel; data_type: quantitative; num_of_rows: 649; is_normality: False.
column_header: freetime; data_type: quantitative; num_of_rows: 649; is_normality: False.
column_header: goout; data_type: quantitative; num_of_rows: 649; is_normality: False.
column_header: Dalc; data_type: quantitative; num_of_rows: 649; is_normality: False.
column_header: Walc; data_type: quantitative; num_of_rows: 649; is_normality: False.
column_header: health; data_type: quantitative; num_of_rows: 649; is_normality: False.
column_header: absences; data_type: quantitative; num_of_rows: 649; is_normality: False.
column_header: G1; data_type: quantitative; num_of_rows: 649; is_normality: False.
column_header: G2; data_type: quantitative; num_of_rows: 649; is_normality: False.
column_header: G3; data_type: quantitative; num_of_rows: 649; is_normality: False.
### Statistical Question: Is there any evidence of a relationship between participation in paid extra classes within the course subject (Math or Portuguese) and engagement in extra-curricular activities?
### Response: Let's first understand the problem and follow this plan:
1. Identify the variables involved.
2. Determine the statistical task type.
3. Select the appropriate method category.
4. From the candidate methods in the provided classification list, keep only those that satisfy the data type, sample size and assumptions. Evaluate each method 
   individually and state whether it is included or excluded.
5. Self-check: list only the methods marked INCLUDED in Step 4. For each one, confirm it does not contradict any condition identified in Step 4. Remove any method that does. Do not add any new method at this stage.
6. Provide the final answer in JSON format containing both the selected columns and only the methods that remain after Step 5.
Now solve the problem step by step following the plan.The answer of relevant columns and applicable methods in JSON format and reason is:","### Step-by-Step Solution:

1. **Identify the Variables Involved:**
   - **paid:** Participation in paid extra classes (categorical).
   - **activities:** Engagement in extra-curricular activities (categorical).

2. **Determine the Statistical Task Type:**
   - The question asks for evidence of a relationship between two categorical variables. This suggests a contingency table test.

3. **Select the Appropriate Method Category:**
   - Contingency Table Test: Chi-square Independence Test, Fisher Exact Test, Mantel-Haenszel Test.

4. **Evaluate Each Method Individually:**
   - **Chi-square Independence Test:** Suitable for large sample sizes and categorical variables. The sample size (649) is sufficiently large.
   - **Fisher Exact Test:** Suitable for small sample sizes and categorical variables. However, the sample size (649) is too large for this test.
   - **Mantel-Haenszel Test:** Used for stratified contingency tables. Not directly applicable here as no strata are mentioned.

5. **Self-Check:**
   - **Chi-square Independence Test:** INCLUDED.
   - **Fisher Exact Test:** EXCLUDED (sample size too large).
   - **Mantel-Haenszel Test:** EXCLUDED (no strata mentioned).

6. **Final Answer:**
   - **Columns:** [""paid"", ""activities""]
   - **Methods:** [""Chi-square Independence Test""]

### Final JSON Response:
```json
{
  ""columns"": [""paid"", ""activities""],
  ""methods"": [""Chi-square Independence Test""]
}
```","{""columns"": [""paid"", ""activities""], ""methods"": [""Chi-square Independence Test"", ""Fisher Exact Test""]}","{
  ""columns"": [""paid"", ""activities""],
  ""methods"": [""Chi-square Independence Test""]
}","{""Correct"": 1, ""Wrong"": 0, ""Missed"": 1}","{""Correct"": 2, ""Wrong"": 0, ""Missed"": 0}",0,1,0,False,False,False,True
Crop Production Dataset,To what extent do the variance patterns of annual crop production in Indonesia and China exhibit parallelism?,"[{""column_header"": ""Indonesia"", ""is_strata"": false, ""is_control"": false}, {""column_header"": ""China"", ""is_strata"": false, ""is_control"": false}]",Variance Test,easy,"[{""method"": ""Mood Variance Test"", ""result"": ""{\""stat\"": 0.0, \""p value\"": 1.0}"", ""conclusion"": ""Variance not significantly difference between them""}, {""method"": ""Levene Test"", ""result"": ""{\""stat\"": 0.64249, \""p value\"": 0.45338}"", ""conclusion"": ""Variance not significantly difference between them""}, {""method"": ""Bartlett Test"", ""result"": ""{\""stat\"": 0.94507, \""p value\"": 0.33098}"", ""conclusion"": ""Variance not significantly difference between them""}, {""method"": ""F-Test for Variance"", ""result"": ""{\""stat\"": 528.72909, \""p value\"": 0.0}"", ""conclusion"": ""Variance significantly difference between them""}]","### Task Description: You need to select relevant columns and all applicable methods from provided list for the given statistical question.
### Instruction: You should only reply with one answer in JSON format containing two keys: 'columns' and 'methods'. The value of 'columns' is a list of columns' headers relevant to the given statistical question, and the value of 'methods' is a list containing all methods you think applicable. For example: {""columns"": [""c1"", ""c2"", ""...""], ""methods"": [""m1"", ""m2"", ""...""]}. If you think there is a strata or control variable involved, put its column header in the last item of the columns list. Ensure your methods selection is only limited to the classification list provided.
### Classification List: 
Correlation Analysis: Pearson Correlation Coefficient, Spearman Correlation Coefficient, Kendall Correlation Coefficient, Partial Correlation Coefficient;
Distribution Compliance Test: Anderson-Darling Test, Shapiro-Wilk Test of Normality, Kolmogorov-Smirnov Test for Normality, Lilliefors Test, Kolmogorov-Smirnov Test, Kolmogorov-Smirnov Test for Uniform distribution, Kolmogorov-Smirnov Test for Gamma distribution, Kolmogorov-Smirnov Test for Exponential distribution;
Contingency Table Test: Chi-square Independence Test, Fisher Exact Test, Mantel-Haenszel Test;
Descriptive Statistics: Mean, Median, Mode, Range, Quartile, Standard Deviation, Skewness, Kurtosis;
Variance Test: Mood Variance Test, Levene Test, Bartlett Test, F-Test for Variance.
### Column Information: 
column_header: Year; data_type: Other; num_of_rows: 4; is_normality: False.
column_header: Nigeria; data_type: quantitative; num_of_rows: 4; is_normality: True.
column_header: Pakistan; data_type: quantitative; num_of_rows: 4; is_normality: True.
column_header: Japan; data_type: quantitative; num_of_rows: 4; is_normality: True.
column_header: United States; data_type: quantitative; num_of_rows: 4; is_normality: True.
column_header: Brazil; data_type: quantitative; num_of_rows: 4; is_normality: True.
column_header: Philippines; data_type: quantitative; num_of_rows: 4; is_normality: True.
column_header: Myanmar; data_type: quantitative; num_of_rows: 4; is_normality: True.
column_header: Thailand; data_type: quantitative; num_of_rows: 4; is_normality: True.
column_header: Vietnam; data_type: quantitative; num_of_rows: 4; is_normality: True.
column_header: Indonesia; data_type: quantitative; num_of_rows: 4; is_normality: True.
column_header: Bangladesh; data_type: quantitative; num_of_rows: 4; is_normality: True.
column_header: India; data_type: quantitative; num_of_rows: 4; is_normality: True.
column_header: China; data_type: quantitative; num_of_rows: 4; is_normality: True.
### Statistical Question: To what extent do the variance patterns of annual crop production in Indonesia and China exhibit parallelism?
### Response: Let's first understand the problem and follow this plan:
1. Identify the variables involved.
2. Determine the statistical task type.
3. Select the appropriate method category.
4. From the candidate methods in the provided classification list, keep only those that satisfy the data type, sample size and assumptions. Evaluate each method 
   individually and state whether it is included or excluded.
5. Self-check: list only the methods marked INCLUDED in Step 4. For each one, confirm it does not contradict any condition identified in Step 4. Remove any method that does. Do not add any new method at this stage.
6. Provide the final answer in JSON format containing both the selected columns and only the methods that remain after Step 5.
Now solve the problem step by step following the plan.The answer of relevant columns and applicable methods in JSON format and reason is:","### Step-by-Step Solution:

1. **Identify the Variables Involved:**
   - The statistical question is about the variance patterns of annual crop production in Indonesia and China.
   - Relevant columns: ""Indonesia"", ""China"".

2. **Determine the Statistical Task Type:**
   - The question is asking about the parallelism of variance patterns, which implies a comparison of variances between two groups.
   - This falls under the category of Variance Test.

3. **Select the Appropriate Method Category:**
   - From the provided classification list, the relevant category is ""Variance Test"".

4. **Evaluate Each Method in the Variance Test Category:**
   - **Mood Variance Test:** This test is used to compare variances between two or more groups. It is non-parametric and does not assume normality.
   - **Levene Test:** This test is used to compare variances between two or more groups. It is robust to departures from normality.
   - **Bartlett Test:** This test is used to compare variances between two or more groups. It assumes normality.
   - **F-Test for Variance:** This test is used to compare variances between two groups. It assumes normality.

5. **Self-Check:**
   - Since the data for Indonesia and China are normally distributed, we can use methods that assume normality.
   - Therefore, we can include Bartlett Test and F-Test for Variance.

6. **Final Answer:**
   - Relevant columns: [""Indonesia"", ""China""]
   - Applicable methods: [""Bartlett Test"", ""F-Test for Variance""]

### JSON Format Response:
```json
{
  ""columns"": [""Indonesia"", ""China""],
  ""methods"": [""Bartlett Test"", ""F-Test for Variance""]
}
```","{""columns"": [""Indonesia"", ""China""], ""methods"": [""Mood Variance Test"", ""Levene Test"", ""Bartlett Test"", ""F-Test for Variance""]}","{
  ""columns"": [""Indonesia"", ""China""],
  ""methods"": [""Bartlett Test"", ""F-Test for Variance""]
}","{""Correct"": 2, ""Wrong"": 0, ""Missed"": 2}","{""Correct"": 2, ""Wrong"": 0, ""Missed"": 0}",0,1,0,False,False,False,True
Crop Production Dataset,Does the annual crop production variability in the Philippines differ significantly from that in Myanmar?,"[{""column_header"": ""Philippines"", ""is_strata"": false, ""is_control"": false}, {""column_header"": ""Myanmar"", ""is_strata"": false, ""is_control"": false}]",Variance Test,easy,"[{""method"": ""Mood Variance Test"", ""result"": ""{\""stat\"": -0.28868, \""p value\"": 0.77283}"", ""conclusion"": ""Variance not significantly difference between them""}, {""method"": ""Levene Test"", ""result"": ""{\""stat\"": 1.13282, \""p value\"": 0.32812}"", ""conclusion"": ""Variance not significantly difference between them""}, {""method"": ""Bartlett Test"", ""result"": ""{\""stat\"": 0.92034, \""p value\"": 0.33738}"", ""conclusion"": ""Variance not significantly difference between them""}, {""method"": ""F-Test for Variance"", ""result"": ""{\""stat\"": 4.08363, \""p value\"": 0.0898}"", ""conclusion"": ""Variance not significantly difference between them""}]","### Task Description: You need to select relevant columns and all applicable methods from provided list for the given statistical question.
### Instruction: You should only reply with one answer in JSON format containing two keys: 'columns' and 'methods'. The value of 'columns' is a list of columns' headers relevant to the given statistical question, and the value of 'methods' is a list containing all methods you think applicable. For example: {""columns"": [""c1"", ""c2"", ""...""], ""methods"": [""m1"", ""m2"", ""...""]}. If you think there is a strata or control variable involved, put its column header in the last item of the columns list. Ensure your methods selection is only limited to the classification list provided.
### Classification List: 
Correlation Analysis: Pearson Correlation Coefficient, Spearman Correlation Coefficient, Kendall Correlation Coefficient, Partial Correlation Coefficient;
Distribution Compliance Test: Anderson-Darling Test, Shapiro-Wilk Test of Normality, Kolmogorov-Smirnov Test for Normality, Lilliefors Test, Kolmogorov-Smirnov Test, Kolmogorov-Smirnov Test for Uniform distribution, Kolmogorov-Smirnov Test for Gamma distribution, Kolmogorov-Smirnov Test for Exponential distribution;
Contingency Table Test: Chi-square Independence Test, Fisher Exact Test, Mantel-Haenszel Test;
Descriptive Statistics: Mean, Median, Mode, Range, Quartile, Standard Deviation, Skewness, Kurtosis;
Variance Test: Mood Variance Test, Levene Test, Bartlett Test, F-Test for Variance.
### Column Information: 
column_header: Year; data_type: Other; num_of_rows: 4; is_normality: False.
column_header: Nigeria; data_type: quantitative; num_of_rows: 4; is_normality: True.
column_header: Pakistan; data_type: quantitative; num_of_rows: 4; is_normality: True.
column_header: Japan; data_type: quantitative; num_of_rows: 4; is_normality: True.
column_header: United States; data_type: quantitative; num_of_rows: 4; is_normality: True.
column_header: Brazil; data_type: quantitative; num_of_rows: 4; is_normality: True.
column_header: Philippines; data_type: quantitative; num_of_rows: 4; is_normality: True.
column_header: Myanmar; data_type: quantitative; num_of_rows: 4; is_normality: True.
column_header: Thailand; data_type: quantitative; num_of_rows: 4; is_normality: True.
column_header: Vietnam; data_type: quantitative; num_of_rows: 4; is_normality: True.
column_header: Indonesia; data_type: quantitative; num_of_rows: 4; is_normality: True.
column_header: Bangladesh; data_type: quantitative; num_of_rows: 4; is_normality: True.
column_header: India; data_type: quantitative; num_of_rows: 4; is_normality: True.
column_header: China; data_type: quantitative; num_of_rows: 4; is_normality: True.
### Statistical Question: Does the annual crop production variability in the Philippines differ significantly from that in Myanmar?
### Response: Let's first understand the problem and follow this plan:
1. Identify the variables involved.
2. Determine the statistical task type.
3. Select the appropriate method category.
4. From the candidate methods in the provided classification list, keep only those that satisfy the data type, sample size and assumptions. Evaluate each method 
   individually and state whether it is included or excluded.
5. Self-check: list only the methods marked INCLUDED in Step 4. For each one, confirm it does not contradict any condition identified in Step 4. Remove any method that does. Do not add any new method at this stage.
6. Provide the final answer in JSON format containing both the selected columns and only the methods that remain after Step 5.
Now solve the problem step by step following the plan.The answer of relevant columns and applicable methods in JSON format and reason is:","### Step-by-Step Solution:

1. **Identify the Variables Involved:**
   - The statistical question is about comparing the annual crop production variability in the Philippines and Myanmar.
   - Relevant columns: ""Philippines"", ""Myanmar"".

2. **Determine the Statistical Task Type:**
   - The task is to determine if there is a significant difference in the variability of annual crop production between two countries.
   - This falls under the category of a Variance Test.

3. **Select the Appropriate Method Category:**
   - From the provided classification list, the relevant category is ""Variance Test"".

4. **From the Candidate Methods in the Provided Classification List, Keep Only Those That Satisfy the Data Type, Sample Size, and Assumptions:**
   - The data type for both columns is quantitative.
   - The number of rows for both columns is 4.
   - The methods available under Variance Test are:
     - Mood Variance Test
     - Levene Test
     - Bartlett Test
     - F-Test for Variance

   - **Mood Variance Test:**
     - Suitable for small sample sizes and non-normal data.
     - Since the sample size is 4 and the normality of the data is not specified, this test can be considered.
     - **INCLUDED**

   - **Levene Test:**
     - Suitable for small sample sizes and non-normal data.
     - Since the sample size is 4 and the normality of the data is not specified, this test can be considered.
     - **INCLUDED**

   - **Bartlett Test:**
     - Assumes normality of the data.
     - Since the normality of the data is not specified, this test may not be appropriate.
     - **EXCLUDED**

   - **F-Test for Variance:**
     - Assumes normality of the data.
     - Since the normality of the data is not specified, this test may not be appropriate.
     - **EXCLUDED**

5. **Self-Check:**
   - The methods marked as INCLUDED are Mood Variance Test and Levene Test.
   - Both methods do not contradict any conditions identified in Step 4.

6. **Final Answer in JSON Format:**

```json
{
  ""columns"": [""Philippines"", ""Myanmar""],
  ""methods"": [""Mood Variance Test"", ""Levene Test""]
}
```","{""columns"": [""Philippines"", ""Myanmar""], ""methods"": [""Mood Variance Test"", ""Levene Test"", ""Bartlett Test"", ""F-Test for Variance""]}","{
  ""columns"": [""Philippines"", ""Myanmar""],
  ""methods"": [""Mood Variance Test"", ""Levene Test""]
}","{""Correct"": 2, ""Wrong"": 0, ""Missed"": 2}","{""Correct"": 2, ""Wrong"": 0, ""Missed"": 0}",0,1,0,False,False,False,True
Heart Failure Prediction Dataset,Are the observed frequencies in the slope of the ST segment indicative of the alterations in HeartDisease?,"[{""column_header"": ""ST_Slope"", ""is_strata"": false, ""is_control"": false}, {""column_header"": ""HeartDisease"", ""is_strata"": false, ""is_control"": false}]",Contingency Table Test,hard,"[{""method"": ""Chi-square Independence Test"", ""result"": ""{\""p value\"": 0.0}"", ""conclusion"": ""Not independent""}]","### Task Description: You need to select relevant columns and all applicable methods from provided list for the given statistical question.
### Instruction: You should only reply with one answer in JSON format containing two keys: 'columns' and 'methods'. The value of 'columns' is a list of columns' headers relevant to the given statistical question, and the value of 'methods' is a list containing all methods you think applicable. For example: {""columns"": [""c1"", ""c2"", ""...""], ""methods"": [""m1"", ""m2"", ""...""]}. If you think there is a strata or control variable involved, put its column header in the last item of the columns list. Ensure your methods selection is only limited to the classification list provided.
### Classification List: 
Correlation Analysis: Pearson Correlation Coefficient, Spearman Correlation Coefficient, Kendall Correlation Coefficient, Partial Correlation Coefficient;
Distribution Compliance Test: Anderson-Darling Test, Shapiro-Wilk Test of Normality, Kolmogorov-Smirnov Test for Normality, Lilliefors Test, Kolmogorov-Smirnov Test, Kolmogorov-Smirnov Test for Uniform distribution, Kolmogorov-Smirnov Test for Gamma distribution, Kolmogorov-Smirnov Test for Exponential distribution;
Contingency Table Test: Chi-square Independence Test, Fisher Exact Test, Mantel-Haenszel Test;
Descriptive Statistics: Mean, Median, Mode, Range, Quartile, Standard Deviation, Skewness, Kurtosis;
Variance Test: Mood Variance Test, Levene Test, Bartlett Test, F-Test for Variance.
### Column Information: 
column_header: Age; data_type: quantitative; num_of_rows: 918; is_normality: False.
column_header: Sex; data_type: categorical; num_of_rows: 918; is_normality: False.
column_header: ChestPainType; data_type: categorical; num_of_rows: 918; is_normality: False.
column_header: RestingBP; data_type: quantitative; num_of_rows: 918; is_normality: False.
column_header: Cholesterol; data_type: quantitative; num_of_rows: 918; is_normality: False.
column_header: FastingBS; data_type: categorical; num_of_rows: 918; is_normality: False.
column_header: RestingECG; data_type: categorical; num_of_rows: 918; is_normality: False.
column_header: MaxHR; data_type: quantitative; num_of_rows: 918; is_normality: False.
column_header: ExerciseAngina; data_type: categorical; num_of_rows: 918; is_normality: False.
column_header: Oldpeak; data_type: quantitative; num_of_rows: 918; is_normality: False.
column_header: ST_Slope; data_type: categorical; num_of_rows: 918; is_normality: False.
column_header: HeartDisease; data_type: categorical; num_of_rows: 918; is_normality: False.
### Statistical Question: Are the observed frequencies in the slope of the ST segment indicative of the alterations in HeartDisease?
### Response: Let's first understand the problem and follow this plan:
1. Identify the variables involved.
2. Determine the statistical task type.
3. Select the appropriate method category.
4. From the candidate methods in the provided classification list, keep only those that satisfy the data type, sample size and assumptions. Evaluate each method 
   individually and state whether it is included or excluded.
5. Self-check: list only the methods marked INCLUDED in Step 4. For each one, confirm it does not contradict any condition identified in Step 4. Remove any method that does. Do not add any new method at this stage.
6. Provide the final answer in JSON format containing both the selected columns and only the methods that remain after Step 5.
Now solve the problem step by step following the plan.The answer of relevant columns and applicable methods in JSON format and reason is:","### Step-by-Step Solution:

1. **Identify the Variables Involved:**
   - The statistical question is about the relationship between the slope of the ST segment (`ST_Slope`) and the presence of heart disease (`HeartDisease`).
   - Both `ST_Slope` and `HeartDisease` are categorical variables.

2. **Determine the Statistical Task Type:**
   - The task involves assessing the relationship between two categorical variables.
   - This falls under the category of contingency table tests.

3. **Select the Appropriate Method Category:**
   - From the provided classification list, the relevant methods are:
     - Chi-square Independence Test
     - Fisher Exact Test
     - Mantel-Haenszel Test

4. **Evaluate Each Method Individually:**
   - **Chi-square Independence Test:**
     - Suitable for categorical variables.
     - Sample size is adequate (918 rows).
     - No normality assumption required.
     - INCLUDED.
   - **Fisher Exact Test:**
     - Suitable for categorical variables.
     - Sample size is adequate (918 rows).
     - No normality assumption required.
     - INCLUDED.
   - **Mantel-Haenszel Test:**
     - Typically used for stratified contingency tables.
     - Not directly applicable here as no stratification variable is mentioned.
     - EXCLUDED.

5. **Self-Check:**
   - Ensure only the methods marked INCLUDED in Step 4 are listed.
   - Both Chi-square Independence Test and Fisher Exact Test are appropriate for the given data and question.

6. **Final Answer:**
   - The relevant columns are `ST_Slope` and `HeartDisease`.
   - The applicable methods are Chi-square Independence Test and Fisher Exact Test.

### JSON Format Response:
```json
{
  ""columns"": [""ST_Slope"", ""HeartDisease""],
  ""methods"": [""Chi-square Independence Test"", ""Fisher Exact Test""]
}
```","{""columns"": [""ST_Slope"", ""HeartDisease""], ""methods"": [""Chi-square Independence Test""]}","{
  ""columns"": [""ST_Slope"", ""HeartDisease""],
  ""methods"": [""Chi-square Independence Test"", ""Fisher Exact Test""]
}","{""Correct"": 1, ""Wrong"": 1, ""Missed"": 0}","{""Correct"": 2, ""Wrong"": 0, ""Missed"": 0}",0,1,0,False,False,False,True
Income and Happiness Score Dataset,How similar is the distribution of adjusted self-reported happiness scores to the distribution of median income in the country?,"[{""column_header"": ""adjusted_satisfaction"", ""is_strata"": false, ""is_control"": false}, {""column_header"": ""median_income"", ""is_strata"": false, ""is_control"": false}]",Distribution Compliance Test,easy,"[{""method"": ""Kolmogorov-Smirnov Test"", ""result"": ""{\""p value\"": 0.0}"", ""conclusion"": ""Distribution significantly different""}]","### Task Description: You need to select relevant columns and all applicable methods from provided list for the given statistical question.
### Instruction: You should only reply with one answer in JSON format containing two keys: 'columns' and 'methods'. The value of 'columns' is a list of columns' headers relevant to the given statistical question, and the value of 'methods' is a list containing all methods you think applicable. For example: {""columns"": [""c1"", ""c2"", ""...""], ""methods"": [""m1"", ""m2"", ""...""]}. If you think there is a strata or control variable involved, put its column header in the last item of the columns list. Ensure your methods selection is only limited to the classification list provided.
### Classification List: 
Correlation Analysis: Pearson Correlation Coefficient, Spearman Correlation Coefficient, Kendall Correlation Coefficient, Partial Correlation Coefficient;
Distribution Compliance Test: Anderson-Darling Test, Shapiro-Wilk Test of Normality, Kolmogorov-Smirnov Test for Normality, Lilliefors Test, Kolmogorov-Smirnov Test, Kolmogorov-Smirnov Test for Uniform distribution, Kolmogorov-Smirnov Test for Gamma distribution, Kolmogorov-Smirnov Test for Exponential distribution;
Contingency Table Test: Chi-square Independence Test, Fisher Exact Test, Mantel-Haenszel Test;
Descriptive Statistics: Mean, Median, Mode, Range, Quartile, Standard Deviation, Skewness, Kurtosis;
Variance Test: Mood Variance Test, Levene Test, Bartlett Test, F-Test for Variance.
### Column Information: 
column_header: country; data_type: other; num_of_rows: 111; is_normality: False.
column_header: adjusted_satisfaction; data_type: quantitative; num_of_rows: 111; is_normality: True.
column_header: avg_satisfaction; data_type: quantitative; num_of_rows: 111; is_normality: True.
column_header: std_satisfaction; data_type: quantitative; num_of_rows: 111; is_normality: True.
column_header: avg_income; data_type: quantitative; num_of_rows: 111; is_normality: False.
column_header: median_income; data_type: quantitative; num_of_rows: 111; is_normality: False.
column_header: income_inequality; data_type: quantitative; num_of_rows: 111; is_normality: False.
column_header: region; data_type: categorical; num_of_rows: 111; is_normality: False.
column_header: happyScore; data_type: quantitative; num_of_rows: 111; is_normality: False.
column_header: GDP; data_type: quantitative; num_of_rows: 111; is_normality: False.
column_header: country.1; data_type: other; num_of_rows: 111; is_normality: False.
### Statistical Question: How similar is the distribution of adjusted self-reported happiness scores to the distribution of median income in the country?
### Response: Let's first understand the problem and follow this plan:
1. Identify the variables involved.
2. Determine the statistical task type.
3. Select the appropriate method category.
4. From the candidate methods in the provided classification list, keep only those that satisfy the data type, sample size and assumptions. Evaluate each method 
   individually and state whether it is included or excluded.
5. Self-check: list only the methods marked INCLUDED in Step 4. For each one, confirm it does not contradict any condition identified in Step 4. Remove any method that does. Do not add any new method at this stage.
6. Provide the final answer in JSON format containing both the selected columns and only the methods that remain after Step 5.
Now solve the problem step by step following the plan.The answer of relevant columns and applicable methods in JSON format and reason is:","### Step-by-Step Solution:

1. **Identify the Variables Involved:**
   - The statistical question asks about the similarity of the distribution of adjusted self-reported happiness scores (`adjusted_satisfaction`) and median income (`median_income`).

2. **Determine the Statistical Task Type:**
   - The task is to compare the distributions of two quantitative variables. This involves assessing whether the distributions of these two variables are similar.

3. **Select the Appropriate Method Category:**
   - The appropriate method category here would be a **Distribution Compliance Test** or a **Correlation Analysis**. However, since the question is specifically about the similarity of distributions, the most relevant category is the **Distribution Compliance Test**.

4. **From the Candidate Methods in the Provided Classification List, Keep Only Those That Satisfy the Data Type, Sample Size, and Assumptions:**
   - **Anderson-Darling Test**: This test is used to compare a sample with a reference probability distribution (can be used to compare two samples).
   - **Shapiro-Wilk Test of Normality**: This test is used to check if a sample comes from a normally distributed population. It is not suitable for comparing two distributions.
   - **Kolmogorov-Smirnov Test for Normality**: This test is used to check if a sample comes from a normally distributed population. It is not suitable for comparing two distributions.
   - **Lilliefors Test**: This test is used to check if a sample comes from a normally distributed population. It is not suitable for comparing two distributions.
   - **Kolmogorov-Smirnov Test**: This test can be used to compare two samples and is suitable for comparing distributions.
   - **Kolmogorov-Smirnov Test for Uniform distribution**: This test is used to check if a sample comes from a uniform distribution. It is not suitable for comparing two distributions.
   - **Kolmogorov-Smirnov Test for Gamma distribution**: This test is used to check if a sample comes from a Gamma distribution. It is not suitable for comparing two distributions.
   - **Kolmogorov-Smirnov Test for Exponential distribution**: This test is used to check if a sample comes from an exponential distribution. It is not suitable for comparing two distributions.

   The methods that are suitable for comparing the distributions of two quantitative variables are:
   - **Anderson-Darling Test**
   - **Kolmogorov-Smirnov Test**

5. **Self-Check:**
   - Both the Anderson-Darling Test and the Kolmogorov-Smirnov Test are appropriate for comparing the distributions of two quantitative variables. They do not contradict any conditions identified in Step 4.

6. **Final Answer in JSON Format:**

```json
{
  ""columns"": [""adjusted_satisfaction"", ""median_income""],
  ""methods"": [""Anderson-Darling Test"", ""Kolmogorov-Smirnov Test""]
}
```

This JSON format contains the relevant columns and the applicable methods for the given statistical question.","{""columns"": [""adjusted_satisfaction"", ""median_income""], ""methods"": [""Kolmogorov-Smirnov Test""]}","{
  ""columns"": [""adjusted_satisfaction"", ""median_income""],
  ""methods"": [""Anderson-Darling Test"", ""Kolmogorov-Smirnov Test""]
}","{""Correct"": 1, ""Wrong"": 1, ""Missed"": 0}","{""Correct"": 2, ""Wrong"": 0, ""Missed"": 0}",0,1,0,False,False,False,True
Income and Happiness Score Dataset,Do observable differences exist in the distribution shapes of the overall happiness score and Gross Domestic Product (GDP)?,"[{""column_header"": ""happyScore"", ""is_strata"": false, ""is_control"": false}, {""column_header"": ""GDP"", ""is_strata"": false, ""is_control"": false}]",Distribution Compliance Test,easy,"[{""method"": ""Kolmogorov-Smirnov Test"", ""result"": ""{\""p value\"": 0.0}"", ""conclusion"": ""Distribution significantly different""}]","### Task Description: You need to select relevant columns and all applicable methods from provided list for the given statistical question.
### Instruction: You should only reply with one answer in JSON format containing two keys: 'columns' and 'methods'. The value of 'columns' is a list of columns' headers relevant to the given statistical question, and the value of 'methods' is a list containing all methods you think applicable. For example: {""columns"": [""c1"", ""c2"", ""...""], ""methods"": [""m1"", ""m2"", ""...""]}. If you think there is a strata or control variable involved, put its column header in the last item of the columns list. Ensure your methods selection is only limited to the classification list provided.
### Classification List: 
Correlation Analysis: Pearson Correlation Coefficient, Spearman Correlation Coefficient, Kendall Correlation Coefficient, Partial Correlation Coefficient;
Distribution Compliance Test: Anderson-Darling Test, Shapiro-Wilk Test of Normality, Kolmogorov-Smirnov Test for Normality, Lilliefors Test, Kolmogorov-Smirnov Test, Kolmogorov-Smirnov Test for Uniform distribution, Kolmogorov-Smirnov Test for Gamma distribution, Kolmogorov-Smirnov Test for Exponential distribution;
Contingency Table Test: Chi-square Independence Test, Fisher Exact Test, Mantel-Haenszel Test;
Descriptive Statistics: Mean, Median, Mode, Range, Quartile, Standard Deviation, Skewness, Kurtosis;
Variance Test: Mood Variance Test, Levene Test, Bartlett Test, F-Test for Variance.
### Column Information: 
column_header: country; data_type: other; num_of_rows: 111; is_normality: False.
column_header: adjusted_satisfaction; data_type: quantitative; num_of_rows: 111; is_normality: True.
column_header: avg_satisfaction; data_type: quantitative; num_of_rows: 111; is_normality: True.
column_header: std_satisfaction; data_type: quantitative; num_of_rows: 111; is_normality: True.
column_header: avg_income; data_type: quantitative; num_of_rows: 111; is_normality: False.
column_header: median_income; data_type: quantitative; num_of_rows: 111; is_normality: False.
column_header: income_inequality; data_type: quantitative; num_of_rows: 111; is_normality: False.
column_header: region; data_type: categorical; num_of_rows: 111; is_normality: False.
column_header: happyScore; data_type: quantitative; num_of_rows: 111; is_normality: False.
column_header: GDP; data_type: quantitative; num_of_rows: 111; is_normality: False.
column_header: country.1; data_type: other; num_of_rows: 111; is_normality: False.
### Statistical Question: Do observable differences exist in the distribution shapes of the overall happiness score and Gross Domestic Product (GDP)?
### Response: Let's first understand the problem and follow this plan:
1. Identify the variables involved.
2. Determine the statistical task type.
3. Select the appropriate method category.
4. From the candidate methods in the provided classification list, keep only those that satisfy the data type, sample size and assumptions. Evaluate each method 
   individually and state whether it is included or excluded.
5. Self-check: list only the methods marked INCLUDED in Step 4. For each one, confirm it does not contradict any condition identified in Step 4. Remove any method that does. Do not add any new method at this stage.
6. Provide the final answer in JSON format containing both the selected columns and only the methods that remain after Step 5.
Now solve the problem step by step following the plan.The answer of relevant columns and applicable methods in JSON format and reason is:","### Step-by-Step Solution:

1. **Identify the Variables Involved:**
   - The variables involved are `happyScore` and `GDP`.

2. **Determine the Statistical Task Type:**
   - The task is to compare the distribution shapes of two quantitative variables (`happyScore` and `GDP`).

3. **Select the Appropriate Method Category:**
   - The appropriate method category for comparing distribution shapes is the **Distribution Compliance Test**.

4. **Select the Appropriate Methods:**
   - From the provided classification list, the following methods are applicable for comparing distribution shapes:
     - Anderson-Darling Test
     - Shapiro-Wilk Test of Normality
     - Kolmogorov-Smirnov Test for Normality
     - Lilliefors Test
     - Kolmogorov-Smirnov Test
     - Kolmogorov-Smirnov Test for Uniform distribution
     - Kolmogorov-Smirnov Test for Gamma distribution
     - Kolmogorov-Smirnov Test for Exponential distribution

5. **Self-Check:**
   - Ensure that the methods do not contradict any conditions:
     - The data types of `happyScore` and `GDP` are quantitative.
     - The sample size is 111 for both variables.
     - The methods listed are suitable for comparing distribution shapes of quantitative variables.

6. **Final Answer:**
   - The relevant columns are `happyScore` and `GDP`.
   - The applicable methods are the Distribution Compliance Tests listed above.

### Final JSON Response:
```json
{
  ""columns"": [""happyScore"", ""GDP""],
  ""methods"": [
    ""Anderson-Darling Test"",
    ""Shapiro-Wilk Test of Normality"",
    ""Kolmogorov-Smirnov Test for Normality"",
    ""Lilliefors Test"",
    ""Kolmogorov-Smirnov Test"",
    ""Kolmogorov-Smirnov Test for Uniform distribution"",
    ""Kolmogorov-Smirnov Test for Gamma distribution"",
    ""Kolmogorov-Smirnov Test for Exponential distribution""
  ]
}
```","{""columns"": [""happyScore"", ""GDP""], ""methods"": [""Kolmogorov-Smirnov Test""]}","{
  ""columns"": [""happyScore"", ""GDP""],
  ""methods"": [
    ""Anderson-Darling Test"",
    ""Shapiro-Wilk Test of Normality"",
    ""Kolmogorov-Smirnov Test for Normality"",
    ""Lilliefors Test"",
    ""Kolmogorov-Smirnov Test"",
    ""Kolmogorov-Smirnov Test for Uniform distribution"",
    ""Kolmogorov-Smirnov Test for Gamma distribution"",
    ""Kolmogorov-Smirnov Test for Exponential distribution""
  ]
}","{""Correct"": 1, ""Wrong"": 7, ""Missed"": 0}","{""Correct"": 2, ""Wrong"": 0, ""Missed"": 0}",0,1,0,False,False,False,True
Customer Personality Analysis Dataset,Is there a relationship between variations in customers accepting the offer in the 2nd campaign (AcceptedCmp2) and their acceptance of the offer in the last campaign (Response)?,"[{""column_header"": ""AcceptedCmp2"", ""is_strata"": false, ""is_control"": false}, {""column_header"": ""Response"", ""is_strata"": false, ""is_control"": false}]",Contingency Table Test,hard,"[{""method"": ""Fisher Exact Test"", ""result"": ""{\""p value\"": 0.0}"", ""conclusion"": ""Not independent""}]","### Task Description: You need to select relevant columns and all applicable methods from provided list for the given statistical question.
### Instruction: You should only reply with one answer in JSON format containing two keys: 'columns' and 'methods'. The value of 'columns' is a list of columns' headers relevant to the given statistical question, and the value of 'methods' is a list containing all methods you think applicable. For example: {""columns"": [""c1"", ""c2"", ""...""], ""methods"": [""m1"", ""m2"", ""...""]}. If you think there is a strata or control variable involved, put its column header in the last item of the columns list. Ensure your methods selection is only limited to the classification list provided.
### Classification List: 
Correlation Analysis: Pearson Correlation Coefficient, Spearman Correlation Coefficient, Kendall Correlation Coefficient, Partial Correlation Coefficient;
Distribution Compliance Test: Anderson-Darling Test, Shapiro-Wilk Test of Normality, Kolmogorov-Smirnov Test for Normality, Lilliefors Test, Kolmogorov-Smirnov Test, Kolmogorov-Smirnov Test for Uniform distribution, Kolmogorov-Smirnov Test for Gamma distribution, Kolmogorov-Smirnov Test for Exponential distribution;
Contingency Table Test: Chi-square Independence Test, Fisher Exact Test, Mantel-Haenszel Test;
Descriptive Statistics: Mean, Median, Mode, Range, Quartile, Standard Deviation, Skewness, Kurtosis;
Variance Test: Mood Variance Test, Levene Test, Bartlett Test, F-Test for Variance.
### Column Information: 
column_header: ID; data_type: id; num_of_rows: 2240; is_normality: False.
column_header: Year_Birth; data_type: other; num_of_rows: 2240; is_normality: False.
column_header: Education; data_type: categorical; num_of_rows: 2240; is_normality: False.
column_header: Marital_Status; data_type: categorical; num_of_rows: 2240; is_normality: False.
column_header: Income; data_type: quantitative; num_of_rows: 2240; is_normality: False.
column_header: Kidhome; data_type: quantitative; num_of_rows: 2240; is_normality: False.
column_header: Teenhome; data_type: quantitative; num_of_rows: 2240; is_normality: False.
column_header: Dt_Customer; data_type: other; num_of_rows: 2240; is_normality: False.
column_header: Recency; data_type: quantitative; num_of_rows: 2240; is_normality: False.
column_header: MntWines; data_type: quantitative; num_of_rows: 2240; is_normality: False.
column_header: MntFruits; data_type: quantitative; num_of_rows: 2240; is_normality: False.
column_header: MntMeatProducts; data_type: quantitative; num_of_rows: 2240; is_normality: False.
column_header: MntFishProducts; data_type: quantitative; num_of_rows: 2240; is_normality: False.
column_header: MntSweetProducts; data_type: quantitative; num_of_rows: 2240; is_normality: False.
column_header: MntGoldProds; data_type: quantitative; num_of_rows: 2240; is_normality: False.
column_header: NumDealsPurchases; data_type: quantitative; num_of_rows: 2240; is_normality: False.
column_header: NumWebPurchases; data_type: quantitative; num_of_rows: 2240; is_normality: False.
column_header: NumCatalogPurchases; data_type: quantitative; num_of_rows: 2240; is_normality: False.
column_header: NumStorePurchases; data_type: quantitative; num_of_rows: 2240; is_normality: False.
column_header: NumWebVisitsMonth; data_type: quantitative; num_of_rows: 2240; is_normality: False.
column_header: AcceptedCmp3; data_type: categorical; num_of_rows: 2240; is_normality: False.
column_header: AcceptedCmp4; data_type: categorical; num_of_rows: 2240; is_normality: False.
column_header: AcceptedCmp5; data_type: categorical; num_of_rows: 2240; is_normality: False.
column_header: AcceptedCmp1; data_type: categorical; num_of_rows: 2240; is_normality: False.
column_header: AcceptedCmp2; data_type: categorical; num_of_rows: 2240; is_normality: False.
column_header: Complain; data_type: categorical; num_of_rows: 2240; is_normality: False.
column_header: Z_CostContact; data_type: quantitative; num_of_rows: 2240; is_normality: False.
column_header: Z_Revenue; data_type: quantitative; num_of_rows: 2240; is_normality: False.
column_header: Response; data_type: categorical; num_of_rows: 2240; is_normality: False.
### Statistical Question: Is there a relationship between variations in customers accepting the offer in the 2nd campaign (AcceptedCmp2) and their acceptance of the offer in the last campaign (Response)?
### Response: Let's first understand the problem and follow this plan:
1. Identify the variables involved.
2. Determine the statistical task type.
3. Select the appropriate method category.
4. From the candidate methods in the provided classification list, keep only those that satisfy the data type, sample size and assumptions. Evaluate each method 
   individually and state whether it is included or excluded.
5. Self-check: list only the methods marked INCLUDED in Step 4. For each one, confirm it does not contradict any condition identified in Step 4. Remove any method that does. Do not add any new method at this stage.
6. Provide the final answer in JSON format containing both the selected columns and only the methods that remain after Step 5.
Now solve the problem step by step following the plan.The answer of relevant columns and applicable methods in JSON format and reason is:","### Step-by-Step Solution:

1. **Identify the Variables Involved:**
   - **AcceptedCmp2:** Categorical variable indicating whether a customer accepted the offer in the 2nd campaign.
   - **Response:** Categorical variable indicating whether a customer accepted the offer in the last campaign.

2. **Determine the Statistical Task Type:**
   - The task is to determine if there is a relationship between two categorical variables. This falls under the category of contingency table tests.

3. **Select the Appropriate Method Category:**
   - The appropriate method category is ""Contingency Table Test.""

4. **From the Candidate Methods in the Provided Classification List, Keep Only Those That Satisfy the Data Type, Sample Size, and Assumptions:**
   - **Chi-square Independence Test:** This test is used to determine if there is a significant association between two categorical variables. It is suitable for large sample sizes and assumes that the expected frequency count in each cell is at least 5.
   - **Fisher Exact Test:** This test is used for small sample sizes and is exact, meaning it calculates the exact probability of the observed and each of the more extreme tables. It is more appropriate for smaller sample sizes.
   - **Mantel-Haenszel Test:** This test is used to assess the association between two variables in the presence of a confounding variable. Since no confounding variable is mentioned, this test is not applicable here.

5. **Self-Check:**
   - **Chi-square Independence Test:** Applicable for large sample sizes (2240 rows).
   - **Fisher Exact Test:** Applicable for smaller sample sizes, but may be computationally intensive for large datasets.

6. **Final Answer:**

```json
{
  ""columns"": [""AcceptedCmp2"", ""Response""],
  ""methods"": [""Chi-square Independence Test"", ""Fisher Exact Test""]
}
```

### Reasoning:
- **Columns:** The relevant columns are ""AcceptedCmp2"" and ""Response"" as they are the variables of interest.
- **Methods:** Both the Chi-square Independence Test and Fisher Exact Test are applicable for assessing the relationship between two categorical variables. The Chi-square test is more commonly used for large sample sizes, while the Fisher Exact Test is more appropriate for smaller sample sizes. Given the large sample size (2240 rows), both methods are valid, but the Chi-square test is more practical for such a large dataset.","{""columns"": [""AcceptedCmp2"", ""Response""], ""methods"": [""Fisher Exact Test""]}","{
  ""columns"": [""AcceptedCmp2"", ""Response""],
  ""methods"": [""Chi-square Independence Test"", ""Fisher Exact Test""]
}","{""Correct"": 1, ""Wrong"": 1, ""Missed"": 0}","{""Correct"": 2, ""Wrong"": 0, ""Missed"": 0}",0,1,0,False,False,False,True
Customer Personality Analysis Dataset,Is the distribution of the number of purchases made with a discount approximately normal for NumDealsPurchases?,"[{""column_header"": ""NumDealsPurchases"", ""is_strata"": false, ""is_control"": false}]",Distribution Compliance Test,hard,"[{""method"": ""Anderson-Darling Test"", ""result"": ""{\""AD results\"": \""{\\\""stat\\\"": 169.20056, \\\""crit\\\"": 0.575}\""}"", ""conclusion"": ""Non-normally distributed""}, {""method"": ""Kolmogorov-Smirnov Test for Normality"", ""result"": ""{\""p value\"": 0.0}"", ""conclusion"": ""Non-normally distributed""}, {""method"": ""Lilliefors Test"", ""result"": ""{\""p value\"": 0.001}"", ""conclusion"": ""Non-normally distributed""}]","### Task Description: You need to select relevant columns and all applicable methods from provided list for the given statistical question.
### Instruction: You should only reply with one answer in JSON format containing two keys: 'columns' and 'methods'. The value of 'columns' is a list of columns' headers relevant to the given statistical question, and the value of 'methods' is a list containing all methods you think applicable. For example: {""columns"": [""c1"", ""c2"", ""...""], ""methods"": [""m1"", ""m2"", ""...""]}. If you think there is a strata or control variable involved, put its column header in the last item of the columns list. Ensure your methods selection is only limited to the classification list provided.
### Classification List: 
Correlation Analysis: Pearson Correlation Coefficient, Spearman Correlation Coefficient, Kendall Correlation Coefficient, Partial Correlation Coefficient;
Distribution Compliance Test: Anderson-Darling Test, Shapiro-Wilk Test of Normality, Kolmogorov-Smirnov Test for Normality, Lilliefors Test, Kolmogorov-Smirnov Test, Kolmogorov-Smirnov Test for Uniform distribution, Kolmogorov-Smirnov Test for Gamma distribution, Kolmogorov-Smirnov Test for Exponential distribution;
Contingency Table Test: Chi-square Independence Test, Fisher Exact Test, Mantel-Haenszel Test;
Descriptive Statistics: Mean, Median, Mode, Range, Quartile, Standard Deviation, Skewness, Kurtosis;
Variance Test: Mood Variance Test, Levene Test, Bartlett Test, F-Test for Variance.
### Column Information: 
column_header: ID; data_type: id; num_of_rows: 2240; is_normality: False.
column_header: Year_Birth; data_type: other; num_of_rows: 2240; is_normality: False.
column_header: Education; data_type: categorical; num_of_rows: 2240; is_normality: False.
column_header: Marital_Status; data_type: categorical; num_of_rows: 2240; is_normality: False.
column_header: Income; data_type: quantitative; num_of_rows: 2240; is_normality: False.
column_header: Kidhome; data_type: quantitative; num_of_rows: 2240; is_normality: False.
column_header: Teenhome; data_type: quantitative; num_of_rows: 2240; is_normality: False.
column_header: Dt_Customer; data_type: other; num_of_rows: 2240; is_normality: False.
column_header: Recency; data_type: quantitative; num_of_rows: 2240; is_normality: False.
column_header: MntWines; data_type: quantitative; num_of_rows: 2240; is_normality: False.
column_header: MntFruits; data_type: quantitative; num_of_rows: 2240; is_normality: False.
column_header: MntMeatProducts; data_type: quantitative; num_of_rows: 2240; is_normality: False.
column_header: MntFishProducts; data_type: quantitative; num_of_rows: 2240; is_normality: False.
column_header: MntSweetProducts; data_type: quantitative; num_of_rows: 2240; is_normality: False.
column_header: MntGoldProds; data_type: quantitative; num_of_rows: 2240; is_normality: False.
column_header: NumDealsPurchases; data_type: quantitative; num_of_rows: 2240; is_normality: False.
column_header: NumWebPurchases; data_type: quantitative; num_of_rows: 2240; is_normality: False.
column_header: NumCatalogPurchases; data_type: quantitative; num_of_rows: 2240; is_normality: False.
column_header: NumStorePurchases; data_type: quantitative; num_of_rows: 2240; is_normality: False.
column_header: NumWebVisitsMonth; data_type: quantitative; num_of_rows: 2240; is_normality: False.
column_header: AcceptedCmp3; data_type: categorical; num_of_rows: 2240; is_normality: False.
column_header: AcceptedCmp4; data_type: categorical; num_of_rows: 2240; is_normality: False.
column_header: AcceptedCmp5; data_type: categorical; num_of_rows: 2240; is_normality: False.
column_header: AcceptedCmp1; data_type: categorical; num_of_rows: 2240; is_normality: False.
column_header: AcceptedCmp2; data_type: categorical; num_of_rows: 2240; is_normality: False.
column_header: Complain; data_type: categorical; num_of_rows: 2240; is_normality: False.
column_header: Z_CostContact; data_type: quantitative; num_of_rows: 2240; is_normality: False.
column_header: Z_Revenue; data_type: quantitative; num_of_rows: 2240; is_normality: False.
column_header: Response; data_type: categorical; num_of_rows: 2240; is_normality: False.
### Statistical Question: Is the distribution of the number of purchases made with a discount approximately normal for NumDealsPurchases?
### Response: Let's first understand the problem and follow this plan:
1. Identify the variables involved.
2. Determine the statistical task type.
3. Select the appropriate method category.
4. From the candidate methods in the provided classification list, keep only those that satisfy the data type, sample size and assumptions. Evaluate each method 
   individually and state whether it is included or excluded.
5. Self-check: list only the methods marked INCLUDED in Step 4. For each one, confirm it does not contradict any condition identified in Step 4. Remove any method that does. Do not add any new method at this stage.
6. Provide the final answer in JSON format containing both the selected columns and only the methods that remain after Step 5.
Now solve the problem step by step following the plan.The answer of relevant columns and applicable methods in JSON format and reason is:","### Step-by-Step Solution:

1. **Identify the Variables Involved:**
   - The variable of interest is `NumDealsPurchases`.

2. **Determine the Statistical Task Type:**
   - The task is to determine if the distribution of `NumDealsPurchases` is approximately normal.

3. **Select the Appropriate Method Category:**
   - The appropriate method category is the **Distribution Compliance Test**.

4. **Select the Applicable Methods:**
   - From the provided classification list, the following methods are applicable for testing normality:
     - Anderson-Darling Test
     - Shapiro-Wilk Test of Normality
     - Kolmogorov-Smirnov Test for Normality
     - Lilliefors Test

5. **Self-Check:**
   - All the selected methods are appropriate for testing the normality of a single quantitative variable.

6. **Final Answer:**
   - The relevant column is `NumDealsPurchases`.
   - The applicable methods are the ones listed above.

### JSON Format Response:
```json
{
  ""columns"": [""NumDealsPurchases""],
  ""methods"": [""Anderson-Darling Test"", ""Shapiro-Wilk Test of Normality"", ""Kolmogorov-Smirnov Test for Normality"", ""Lilliefors Test""]
}
```

### Reason:
- The statistical question is about the normality of the distribution of `NumDealsPurchases`.
- The appropriate methods for testing normality are selected from the provided list.
- No additional columns or methods are required for this specific question.","{""columns"": [""NumDealsPurchases""], ""methods"": [""Anderson-Darling Test"", ""Kolmogorov-Smirnov Test for Normality"", ""Lilliefors Test""]}","{
  ""columns"": [""NumDealsPurchases""],
  ""methods"": [""Anderson-Darling Test"", ""Shapiro-Wilk Test of Normality"", ""Kolmogorov-Smirnov Test for Normality"", ""Lilliefors Test""]
}","{""Correct"": 3, ""Wrong"": 1, ""Missed"": 0}","{""Correct"": 1, ""Wrong"": 0, ""Missed"": 0}",0,1,0,False,False,False,True
Lung Cancer Survey Dataset,Is the association between the presence of chronic disease and the diagnosis of lung cancer subject to variation when stratified by gender?,"[{""column_header"": ""CHRONIC DISEASE"", ""is_strata"": false, ""is_control"": false}, {""column_header"": ""LUNG_CANCER"", ""is_strata"": false, ""is_control"": false}, {""column_header"": ""GENDER"", ""is_strata"": true, ""is_control"": false}]",Contingency Table Test,easy,"[{""method"": ""Mantel-Haenszel Test"", ""result"": ""{\""p value\"": 0.02524}"", ""conclusion"": ""Not independent""}]","### Task Description: You need to select relevant columns and all applicable methods from provided list for the given statistical question.
### Instruction: You should only reply with one answer in JSON format containing two keys: 'columns' and 'methods'. The value of 'columns' is a list of columns' headers relevant to the given statistical question, and the value of 'methods' is a list containing all methods you think applicable. For example: {""columns"": [""c1"", ""c2"", ""...""], ""methods"": [""m1"", ""m2"", ""...""]}. If you think there is a strata or control variable involved, put its column header in the last item of the columns list. Ensure your methods selection is only limited to the classification list provided.
### Classification List: 
Correlation Analysis: Pearson Correlation Coefficient, Spearman Correlation Coefficient, Kendall Correlation Coefficient, Partial Correlation Coefficient;
Distribution Compliance Test: Anderson-Darling Test, Shapiro-Wilk Test of Normality, Kolmogorov-Smirnov Test for Normality, Lilliefors Test, Kolmogorov-Smirnov Test, Kolmogorov-Smirnov Test for Uniform distribution, Kolmogorov-Smirnov Test for Gamma distribution, Kolmogorov-Smirnov Test for Exponential distribution;
Contingency Table Test: Chi-square Independence Test, Fisher Exact Test, Mantel-Haenszel Test;
Descriptive Statistics: Mean, Median, Mode, Range, Quartile, Standard Deviation, Skewness, Kurtosis;
Variance Test: Mood Variance Test, Levene Test, Bartlett Test, F-Test for Variance.
### Column Information: 
column_header: GENDER; data_type: categorical; num_of_rows: 309; is_normality: False.
column_header: AGE; data_type: quantitative; num_of_rows: 309; is_normality: False.
column_header: SMOKING; data_type: categorical; num_of_rows: 309; is_normality: False.
column_header: YELLOW_FINGERS; data_type: categorical; num_of_rows: 309; is_normality: False.
column_header: ANXIETY; data_type: categorical; num_of_rows: 309; is_normality: False.
column_header: PEER_PRESSURE; data_type: categorical; num_of_rows: 309; is_normality: False.
column_header: CHRONIC DISEASE; data_type: categorical; num_of_rows: 309; is_normality: False.
column_header: FATIGUE ; data_type: categorical; num_of_rows: 309; is_normality: False.
column_header: ALLERGY ; data_type: categorical; num_of_rows: 309; is_normality: False.
column_header: WHEEZING; data_type: categorical; num_of_rows: 309; is_normality: False.
column_header: ALCOHOL CONSUMING; data_type: categorical; num_of_rows: 309; is_normality: False.
column_header: COUGHING; data_type: categorical; num_of_rows: 309; is_normality: False.
column_header: SHORTNESS OF BREATH; data_type: categorical; num_of_rows: 309; is_normality: False.
column_header: SWALLOWING DIFFICULTY; data_type: categorical; num_of_rows: 309; is_normality: False.
column_header: CHEST PAIN; data_type: categorical; num_of_rows: 309; is_normality: False.
column_header: LUNG_CANCER; data_type: categorical; num_of_rows: 309; is_normality: False.
### Statistical Question: Is the association between the presence of chronic disease and the diagnosis of lung cancer subject to variation when stratified by gender?
### Response: Let's first understand the problem and follow this plan:
1. Identify the variables involved.
2. Determine the statistical task type.
3. Select the appropriate method category.
4. From the candidate methods in the provided classification list, keep only those that satisfy the data type, sample size and assumptions. Evaluate each method 
   individually and state whether it is included or excluded.
5. Self-check: list only the methods marked INCLUDED in Step 4. For each one, confirm it does not contradict any condition identified in Step 4. Remove any method that does. Do not add any new method at this stage.
6. Provide the final answer in JSON format containing both the selected columns and only the methods that remain after Step 5.
Now solve the problem step by step following the plan.The answer of relevant columns and applicable methods in JSON format and reason is:","Let's follow the plan step by step:

1. **Identify the variables involved:**
   - **Chronic Disease (CHRONIC DISEASE):** Categorical
   - **Lung Cancer (LUNG_CANCER):** Categorical
   - **Gender (GENDER):** Categorical (strata variable)

2. **Determine the statistical task type:**
   - The task involves assessing the association between two categorical variables (Chronic Disease and Lung Cancer) while stratifying by a third categorical variable (Gender). This suggests a stratified contingency table analysis.

3. **Select the appropriate method category:**
   - Given the nature of the task, the appropriate method category is **Contingency Table Test**.

4. **From the candidate methods in the provided classification list, keep only those that satisfy the data type, sample size, and assumptions:**
   - **Chi-square Independence Test:** This test is suitable for categorical variables and can be used in a stratified manner.
   - **Fisher Exact Test:** This test is also suitable for categorical variables but is typically used for smaller sample sizes. Given the sample size of 309, it might not be the most practical choice.
   - **Mantel-Haenszel Test:** This test is specifically designed for stratified contingency tables and is suitable for our task.

5. **Self-check:**
   - **Chi-square Independence Test:** INCLUDED (suitable for categorical variables and can be stratified).
   - **Fisher Exact Test:** EXCLUDED (not practical for larger sample sizes).
   - **Mantel-Haenszel Test:** INCLUDED (specifically designed for stratified contingency tables).

6. **Provide the final answer in JSON format containing both the selected columns and only the methods that remain after Step 5:**

```json
{
  ""columns"": [""CHRONIC DISEASE"", ""LUNG_CANCER"", ""GENDER""],
  ""methods"": [""Chi-square Independence Test"", ""Mantel-Haenszel Test""]
}
```

This JSON format includes the relevant columns and the applicable methods based on the given statistical question and the provided classification list.","{""columns"": [""CHRONIC DISEASE"", ""LUNG_CANCER"", ""GENDER""], ""methods"": [""Mantel-Haenszel Test""]}","{
  ""columns"": [""CHRONIC DISEASE"", ""LUNG_CANCER"", ""GENDER""],
  ""methods"": [""Chi-square Independence Test"", ""Mantel-Haenszel Test""]
}","{""Correct"": 1, ""Wrong"": 1, ""Missed"": 0}","{""Correct"": 3, ""Wrong"": 0, ""Missed"": 0}",0,1,0,False,False,False,True
Income and Happiness Score Dataset,Do changes in the happiness score of a country correspond to similar changes in its Gross Domestic Product (GDP)?,"[{""column_header"": ""happyScore"", ""is_strata"": false, ""is_control"": false}, {""column_header"": ""GDP"", ""is_strata"": false, ""is_control"": false}]",Correlation Analysis,easy,"[{""method"": ""Pearson Correlation Coefficient"", ""result"": ""{\""coefficient\"": 0.79006}"", ""conclusion"": ""Strongly correlated""}, {""method"": ""Spearman Correlation Coefficient"", ""result"": ""{\""coefficient\"": 0.79367}"", ""conclusion"": ""Strongly correlated""}, {""method"": ""Kendall Correlation Coefficient"", ""result"": ""{\""coefficient\"": 0.60131}"", ""conclusion"": ""Strongly correlated""}]","### Task Description: You need to select relevant columns and all applicable methods from provided list for the given statistical question.
### Instruction: You should only reply with one answer in JSON format containing two keys: 'columns' and 'methods'. The value of 'columns' is a list of columns' headers relevant to the given statistical question, and the value of 'methods' is a list containing all methods you think applicable. For example: {""columns"": [""c1"", ""c2"", ""...""], ""methods"": [""m1"", ""m2"", ""...""]}. If you think there is a strata or control variable involved, put its column header in the last item of the columns list. Ensure your methods selection is only limited to the classification list provided.
### Classification List: 
Correlation Analysis: Pearson Correlation Coefficient, Spearman Correlation Coefficient, Kendall Correlation Coefficient, Partial Correlation Coefficient;
Distribution Compliance Test: Anderson-Darling Test, Shapiro-Wilk Test of Normality, Kolmogorov-Smirnov Test for Normality, Lilliefors Test, Kolmogorov-Smirnov Test, Kolmogorov-Smirnov Test for Uniform distribution, Kolmogorov-Smirnov Test for Gamma distribution, Kolmogorov-Smirnov Test for Exponential distribution;
Contingency Table Test: Chi-square Independence Test, Fisher Exact Test, Mantel-Haenszel Test;
Descriptive Statistics: Mean, Median, Mode, Range, Quartile, Standard Deviation, Skewness, Kurtosis;
Variance Test: Mood Variance Test, Levene Test, Bartlett Test, F-Test for Variance.
### Column Information: 
column_header: country; data_type: other; num_of_rows: 111; is_normality: False.
column_header: adjusted_satisfaction; data_type: quantitative; num_of_rows: 111; is_normality: True.
column_header: avg_satisfaction; data_type: quantitative; num_of_rows: 111; is_normality: True.
column_header: std_satisfaction; data_type: quantitative; num_of_rows: 111; is_normality: True.
column_header: avg_income; data_type: quantitative; num_of_rows: 111; is_normality: False.
column_header: median_income; data_type: quantitative; num_of_rows: 111; is_normality: False.
column_header: income_inequality; data_type: quantitative; num_of_rows: 111; is_normality: False.
column_header: region; data_type: categorical; num_of_rows: 111; is_normality: False.
column_header: happyScore; data_type: quantitative; num_of_rows: 111; is_normality: False.
column_header: GDP; data_type: quantitative; num_of_rows: 111; is_normality: False.
column_header: country.1; data_type: other; num_of_rows: 111; is_normality: False.
### Statistical Question: Do changes in the happiness score of a country correspond to similar changes in its Gross Domestic Product (GDP)?
### Response: Let's first understand the problem and follow this plan:
1. Identify the variables involved.
2. Determine the statistical task type.
3. Select the appropriate method category.
4. From the candidate methods in the provided classification list, keep only those that satisfy the data type, sample size and assumptions. Evaluate each method 
   individually and state whether it is included or excluded.
5. Self-check: list only the methods marked INCLUDED in Step 4. For each one, confirm it does not contradict any condition identified in Step 4. Remove any method that does. Do not add any new method at this stage.
6. Provide the final answer in JSON format containing both the selected columns and only the methods that remain after Step 5.
Now solve the problem step by step following the plan.The answer of relevant columns and applicable methods in JSON format and reason is:","### Step-by-Step Solution:

1. **Identify the Variables Involved:**
   - The statistical question is about the relationship between changes in happiness score (`happyScore`) and changes in GDP (`GDP`).

2. **Determine the Statistical Task Type:**
   - The task is to determine if there is a relationship between two quantitative variables (`happyScore` and `GDP`).

3. **Select the Appropriate Method Category:**
   - The appropriate method category for this task is **Correlation Analysis**.

4. **From the Candidate Methods in the Provided Classification List, Keep Only Those That Satisfy the Data Type, Sample Size, and Assumptions:**
   - **Pearson Correlation Coefficient:** This method assumes that both variables are normally distributed. However, `happyScore` is not normally distributed, so this method is not suitable.
   - **Spearman Correlation Coefficient:** This method does not assume normality and is based on the ranks of the data. It is suitable for the given data.
   - **Kendall Correlation Coefficient:** This method also does not assume normality and is based on the ranks of the data. It is suitable for the given data.
   - **Partial Correlation Coefficient:** This method is used to assess the relationship between two variables while controlling for the effects of one or more additional variables. Since no control variables are mentioned, this method is not suitable for the given question.

5. **Self-Check:**
   - After evaluating each method, the suitable methods are:
     - Spearman Correlation Coefficient
     - Kendall Correlation Coefficient

6. **Provide the Final Answer in JSON Format:**

```json
{
  ""columns"": [""happyScore"", ""GDP""],
  ""methods"": [""Spearman Correlation Coefficient"", ""Kendall Correlation Coefficient""]
}
```

### Reason:
- The relevant columns are `happyScore` and `GDP` as they are the variables of interest in the statistical question.
- The applicable methods are Spearman Correlation Coefficient and Kendall Correlation Coefficient because they do not assume normality and are suitable for the given data types and sample size.","{""columns"": [""happyScore"", ""GDP""], ""methods"": [""Pearson Correlation Coefficient"", ""Spearman Correlation Coefficient"", ""Kendall Correlation Coefficient""]}","{
  ""columns"": [""happyScore"", ""GDP""],
  ""methods"": [""Spearman Correlation Coefficient"", ""Kendall Correlation Coefficient""]
}","{""Correct"": 2, ""Wrong"": 0, ""Missed"": 1}","{""Correct"": 2, ""Wrong"": 0, ""Missed"": 0}",0,1,0,False,False,False,True
Student Performance Prediction Dataset,Is there variation in the impact of parent's cohabitation status on nursery attendance when examined across different family size categories?,"[{""column_header"": ""Pstatus"", ""is_strata"": false, ""is_control"": false}, {""column_header"": ""nursery"", ""is_strata"": false, ""is_control"": false}, {""column_header"": ""famsize"", ""is_strata"": true, ""is_control"": false}]",Contingency Table Test,easy,"[{""method"": ""Mantel-Haenszel Test"", ""result"": ""{\""p value\"": 0.81275}"", ""conclusion"": ""Independent""}]","### Task Description: You need to select relevant columns and all applicable methods from provided list for the given statistical question.
### Instruction: You should only reply with one answer in JSON format containing two keys: 'columns' and 'methods'. The value of 'columns' is a list of columns' headers relevant to the given statistical question, and the value of 'methods' is a list containing all methods you think applicable. For example: {""columns"": [""c1"", ""c2"", ""...""], ""methods"": [""m1"", ""m2"", ""...""]}. If you think there is a strata or control variable involved, put its column header in the last item of the columns list. Ensure your methods selection is only limited to the classification list provided.
### Classification List: 
Correlation Analysis: Pearson Correlation Coefficient, Spearman Correlation Coefficient, Kendall Correlation Coefficient, Partial Correlation Coefficient;
Distribution Compliance Test: Anderson-Darling Test, Shapiro-Wilk Test of Normality, Kolmogorov-Smirnov Test for Normality, Lilliefors Test, Kolmogorov-Smirnov Test, Kolmogorov-Smirnov Test for Uniform distribution, Kolmogorov-Smirnov Test for Gamma distribution, Kolmogorov-Smirnov Test for Exponential distribution;
Contingency Table Test: Chi-square Independence Test, Fisher Exact Test, Mantel-Haenszel Test;
Descriptive Statistics: Mean, Median, Mode, Range, Quartile, Standard Deviation, Skewness, Kurtosis;
Variance Test: Mood Variance Test, Levene Test, Bartlett Test, F-Test for Variance.
### Column Information: 
column_header: Unnamed: 0; data_type: id; num_of_rows: 649; is_normality: False.
column_header: school; data_type: categorical; num_of_rows: 649; is_normality: False.
column_header: sex; data_type: categorical; num_of_rows: 649; is_normality: False.
column_header: age; data_type: quantitative; num_of_rows: 649; is_normality: False.
column_header: address; data_type: categorical; num_of_rows: 649; is_normality: False.
column_header: famsize; data_type: categorical; num_of_rows: 649; is_normality: False.
column_header: Pstatus; data_type: categorical; num_of_rows: 649; is_normality: False.
column_header: Medu; data_type: quantitative; num_of_rows: 649; is_normality: False.
column_header: Fedu; data_type: quantitative; num_of_rows: 649; is_normality: False.
column_header: Mjob; data_type: categorical; num_of_rows: 649; is_normality: False.
column_header: Fjob; data_type: categorical; num_of_rows: 649; is_normality: False.
column_header: reason; data_type: categorical; num_of_rows: 649; is_normality: False.
column_header: guardian; data_type: categorical; num_of_rows: 649; is_normality: False.
column_header: traveltime; data_type: quantitative; num_of_rows: 649; is_normality: False.
column_header: studytime; data_type: quantitative; num_of_rows: 649; is_normality: False.
column_header: failures; data_type: quantitative; num_of_rows: 649; is_normality: False.
column_header: schoolsup; data_type: categorical; num_of_rows: 649; is_normality: False.
column_header: famsup; data_type: categorical; num_of_rows: 649; is_normality: False.
column_header: paid; data_type: categorical; num_of_rows: 649; is_normality: False.
column_header: activities; data_type: categorical; num_of_rows: 649; is_normality: False.
column_header: nursery; data_type: categorical; num_of_rows: 649; is_normality: False.
column_header: higher; data_type: categorical; num_of_rows: 649; is_normality: False.
column_header: internet; data_type: categorical; num_of_rows: 649; is_normality: False.
column_header: romantic; data_type: categorical; num_of_rows: 649; is_normality: False.
column_header: famrel; data_type: quantitative; num_of_rows: 649; is_normality: False.
column_header: freetime; data_type: quantitative; num_of_rows: 649; is_normality: False.
column_header: goout; data_type: quantitative; num_of_rows: 649; is_normality: False.
column_header: Dalc; data_type: quantitative; num_of_rows: 649; is_normality: False.
column_header: Walc; data_type: quantitative; num_of_rows: 649; is_normality: False.
column_header: health; data_type: quantitative; num_of_rows: 649; is_normality: False.
column_header: absences; data_type: quantitative; num_of_rows: 649; is_normality: False.
column_header: G1; data_type: quantitative; num_of_rows: 649; is_normality: False.
column_header: G2; data_type: quantitative; num_of_rows: 649; is_normality: False.
column_header: G3; data_type: quantitative; num_of_rows: 649; is_normality: False.
### Statistical Question: Is there variation in the impact of parent's cohabitation status on nursery attendance when examined across different family size categories?
### Response: Let's first understand the problem and follow this plan:
1. Identify the variables involved.
2. Determine the statistical task type.
3. Select the appropriate method category.
4. From the candidate methods in the provided classification list, keep only those that satisfy the data type, sample size and assumptions. Evaluate each method 
   individually and state whether it is included or excluded.
5. Self-check: list only the methods marked INCLUDED in Step 4. For each one, confirm it does not contradict any condition identified in Step 4. Remove any method that does. Do not add any new method at this stage.
6. Provide the final answer in JSON format containing both the selected columns and only the methods that remain after Step 5.
Now solve the problem step by step following the plan.The answer of relevant columns and applicable methods in JSON format and reason is:","### Step-by-Step Solution:

1. **Identify the Variables Involved:**
   - **Parent's Cohabitation Status (Pstatus):** Categorical variable.
   - **Nursery Attendance (nursery):** Categorical variable.
   - **Family Size (famsize):** Categorical variable used as a strata.

2. **Determine the Statistical Task Type:**
   - The task involves examining the relationship between two categorical variables (Pstatus and nursery) across different categories of a third categorical variable (famsize). This suggests a stratified contingency table analysis.

3. **Select the Appropriate Method Category:**
   - Given the nature of the task, the appropriate method category is **Contingency Table Test**.

4. **From the Candidate Methods in the Provided Classification List, Keep Only Those That Satisfy the Data Type, Sample Size, and Assumptions:**
   - **Chi-square Independence Test:** This test is suitable for categorical variables and can be used to assess the independence between Pstatus and nursery attendance within each stratum (famsize).
   - **Fisher Exact Test:** This test is also suitable for categorical variables but is typically used for smaller sample sizes. Given the sample size of 649, the Chi-square test is more appropriate.
   - **Mantel-Haenszel Test:** This test is used to assess the association between two variables in the presence of a confounding variable. It is suitable for stratified contingency tables.

5. **Self-Check:**
   - **Chi-square Independence Test:** INCLUDED.
   - **Fisher Exact Test:** EXCLUDED (due to large sample size).
   - **Mantel-Haenszel Test:** INCLUDED.

6. **Final Answer in JSON Format:**

```json
{
  ""columns"": [""Pstatus"", ""nursery"", ""famsize""],
  ""methods"": [""Chi-square Independence Test"", ""Mantel-Haenszel Test""]
}
```

### Reasoning:
- **Columns:** The relevant columns are `Pstatus`, `nursery`, and `famsize`. `Pstatus` and `nursery` are the primary categorical variables of interest, and `famsize` is used as a strata.
- **Methods:** The Chi-square Independence Test and Mantel-Haenszel Test are the most appropriate methods for analyzing the relationship between `Pstatus` and `nursery` across different categories of `famsize`.","{""columns"": [""Pstatus"", ""nursery"", ""famsize""], ""methods"": [""Mantel-Haenszel Test""]}","{
  ""columns"": [""Pstatus"", ""nursery"", ""famsize""],
  ""methods"": [""Chi-square Independence Test"", ""Mantel-Haenszel Test""]
}","{""Correct"": 1, ""Wrong"": 1, ""Missed"": 0}","{""Correct"": 3, ""Wrong"": 0, ""Missed"": 0}",0,1,0,False,False,False,True
Crop Production Dataset,To what extent can we rely on the normality assumption for the annual crop production in Nigeria?,"[{""column_header"": ""Nigeria"", ""is_strata"": false, ""is_control"": false}]",Distribution Compliance Test,hard,"[{""method"": ""Anderson-Darling Test"", ""result"": ""{\""AD results\"": \""{\\\""stat\\\"": 0.32905, \\\""crit\\\"": 1.317}\""}"", ""conclusion"": ""Normally distributed""}, {""method"": ""Shapiro-Wilk Test of Normality"", ""result"": ""{\""p value\"": 0.3782}"", ""conclusion"": ""Normally distributed""}, {""method"": ""Kolmogorov-Smirnov Test for Normality"", ""result"": ""{\""p value\"": 0.84971}"", ""conclusion"": ""Normally distributed""}]","### Task Description: You need to select relevant columns and all applicable methods from provided list for the given statistical question.
### Instruction: You should only reply with one answer in JSON format containing two keys: 'columns' and 'methods'. The value of 'columns' is a list of columns' headers relevant to the given statistical question, and the value of 'methods' is a list containing all methods you think applicable. For example: {""columns"": [""c1"", ""c2"", ""...""], ""methods"": [""m1"", ""m2"", ""...""]}. If you think there is a strata or control variable involved, put its column header in the last item of the columns list. Ensure your methods selection is only limited to the classification list provided.
### Classification List: 
Correlation Analysis: Pearson Correlation Coefficient, Spearman Correlation Coefficient, Kendall Correlation Coefficient, Partial Correlation Coefficient;
Distribution Compliance Test: Anderson-Darling Test, Shapiro-Wilk Test of Normality, Kolmogorov-Smirnov Test for Normality, Lilliefors Test, Kolmogorov-Smirnov Test, Kolmogorov-Smirnov Test for Uniform distribution, Kolmogorov-Smirnov Test for Gamma distribution, Kolmogorov-Smirnov Test for Exponential distribution;
Contingency Table Test: Chi-square Independence Test, Fisher Exact Test, Mantel-Haenszel Test;
Descriptive Statistics: Mean, Median, Mode, Range, Quartile, Standard Deviation, Skewness, Kurtosis;
Variance Test: Mood Variance Test, Levene Test, Bartlett Test, F-Test for Variance.
### Column Information: 
column_header: Year; data_type: Other; num_of_rows: 4; is_normality: False.
column_header: Nigeria; data_type: quantitative; num_of_rows: 4; is_normality: True.
column_header: Pakistan; data_type: quantitative; num_of_rows: 4; is_normality: True.
column_header: Japan; data_type: quantitative; num_of_rows: 4; is_normality: True.
column_header: United States; data_type: quantitative; num_of_rows: 4; is_normality: True.
column_header: Brazil; data_type: quantitative; num_of_rows: 4; is_normality: True.
column_header: Philippines; data_type: quantitative; num_of_rows: 4; is_normality: True.
column_header: Myanmar; data_type: quantitative; num_of_rows: 4; is_normality: True.
column_header: Thailand; data_type: quantitative; num_of_rows: 4; is_normality: True.
column_header: Vietnam; data_type: quantitative; num_of_rows: 4; is_normality: True.
column_header: Indonesia; data_type: quantitative; num_of_rows: 4; is_normality: True.
column_header: Bangladesh; data_type: quantitative; num_of_rows: 4; is_normality: True.
column_header: India; data_type: quantitative; num_of_rows: 4; is_normality: True.
column_header: China; data_type: quantitative; num_of_rows: 4; is_normality: True.
### Statistical Question: To what extent can we rely on the normality assumption for the annual crop production in Nigeria?
### Response: Let's first understand the problem and follow this plan:
1. Identify the variables involved.
2. Determine the statistical task type.
3. Select the appropriate method category.
4. From the candidate methods in the provided classification list, keep only those that satisfy the data type, sample size and assumptions. Evaluate each method 
   individually and state whether it is included or excluded.
5. Self-check: list only the methods marked INCLUDED in Step 4. For each one, confirm it does not contradict any condition identified in Step 4. Remove any method that does. Do not add any new method at this stage.
6. Provide the final answer in JSON format containing both the selected columns and only the methods that remain after Step 5.
Now solve the problem step by step following the plan.The answer of relevant columns and applicable methods in JSON format and reason is:","### Step-by-Step Solution:

1. **Identify the Variables Involved:**
   - The statistical question is about the normality assumption for the annual crop production in Nigeria.
   - The relevant column is ""Nigeria"" (quantitative data).

2. **Determine the Statistical Task Type:**
   - The task is to assess the normality of the data for the ""Nigeria"" column.

3. **Select the Appropriate Method Category:**
   - The appropriate method category is ""Distribution Compliance Test"" since we are testing for normality.

4. **Select Applicable Methods:**
   - From the provided list of distribution compliance tests, we can use the following methods:
     - Anderson-Darling Test
     - Shapiro-Wilk Test of Normality
     - Kolmogorov-Smirnov Test for Normality
     - Lilliefors Test

5. **Self-Check:**
   - All selected methods are appropriate for testing normality of quantitative data.
   - The sample size is 4, which is small, but these tests can still be applied. However, the power of these tests might be limited with such a small sample size.

6. **Final Answer:**
   - The relevant column is ""Nigeria"".
   - The applicable methods are Anderson-Darling Test, Shapiro-Wilk Test of Normality, Kolmogorov-Smirnov Test for Normality, and Lilliefors Test.

### JSON Format Response:
```json
{
  ""columns"": [""Nigeria""],
  ""methods"": [""Anderson-Darling Test"", ""Shapiro-Wilk Test of Normality"", ""Kolmogorov-Smirnov Test for Normality"", ""Lilliefors Test""]
}
```","{""columns"": [""Nigeria""], ""methods"": [""Anderson-Darling Test"", ""Shapiro-Wilk Test of Normality"", ""Kolmogorov-Smirnov Test for Normality""]}","{
  ""columns"": [""Nigeria""],
  ""methods"": [""Anderson-Darling Test"", ""Shapiro-Wilk Test of Normality"", ""Kolmogorov-Smirnov Test for Normality"", ""Lilliefors Test""]
}","{""Correct"": 3, ""Wrong"": 1, ""Missed"": 0}","{""Correct"": 1, ""Wrong"": 0, ""Missed"": 0}",0,1,0,False,False,False,True
Exercise and Fitness Metrics Dataset,"Is the length of each exercise session, as represented by the variable ""Duration,"" normally distributed?","[{""column_header"": ""Duration"", ""is_strata"": false, ""is_control"": false}]",Distribution Compliance Test,hard,"[{""method"": ""Anderson-Darling Test"", ""result"": ""{\""AD results\"": \""{\\\""stat\\\"": 41.23333, \\\""crit\\\"": 0.575}\""}"", ""conclusion"": ""Non-normally distributed""}, {""method"": ""Kolmogorov-Smirnov Test for Normality"", ""result"": ""{\""p value\"": 0.0}"", ""conclusion"": ""Non-normally distributed""}, {""method"": ""Lilliefors Test"", ""result"": ""{\""p value\"": 0.001}"", ""conclusion"": ""Non-normally distributed""}]","### Task Description: You need to select relevant columns and all applicable methods from provided list for the given statistical question.
### Instruction: You should only reply with one answer in JSON format containing two keys: 'columns' and 'methods'. The value of 'columns' is a list of columns' headers relevant to the given statistical question, and the value of 'methods' is a list containing all methods you think applicable. For example: {""columns"": [""c1"", ""c2"", ""...""], ""methods"": [""m1"", ""m2"", ""...""]}. If you think there is a strata or control variable involved, put its column header in the last item of the columns list. Ensure your methods selection is only limited to the classification list provided.
### Classification List: 
Correlation Analysis: Pearson Correlation Coefficient, Spearman Correlation Coefficient, Kendall Correlation Coefficient, Partial Correlation Coefficient;
Distribution Compliance Test: Anderson-Darling Test, Shapiro-Wilk Test of Normality, Kolmogorov-Smirnov Test for Normality, Lilliefors Test, Kolmogorov-Smirnov Test, Kolmogorov-Smirnov Test for Uniform distribution, Kolmogorov-Smirnov Test for Gamma distribution, Kolmogorov-Smirnov Test for Exponential distribution;
Contingency Table Test: Chi-square Independence Test, Fisher Exact Test, Mantel-Haenszel Test;
Descriptive Statistics: Mean, Median, Mode, Range, Quartile, Standard Deviation, Skewness, Kurtosis;
Variance Test: Mood Variance Test, Levene Test, Bartlett Test, F-Test for Variance.
### Column Information: 
column_header: ID; data_type: id; num_of_rows: 3864; is_normality: False.
column_header: Exercise; data_type: categorical; num_of_rows: 3864; is_normality: False.
column_header: Calories Burn; data_type: quantitative; num_of_rows: 3864; is_normality: False.
column_header: Dream Weight; data_type: quantitative; num_of_rows: 3864; is_normality: False.
column_header: Actual Weight; data_type: quantitative; num_of_rows: 3864; is_normality: False.
column_header: Age; data_type: quantitative; num_of_rows: 3864; is_normality: False.
column_header: Gender; data_type: categorical; num_of_rows: 3864; is_normality: False.
column_header: Duration; data_type: quantitative; num_of_rows: 3864; is_normality: False.
column_header: Heart Rate; data_type: quantitative; num_of_rows: 3864; is_normality: False.
column_header: BMI; data_type: quantitative; num_of_rows: 3864; is_normality: False.
column_header: Weather Conditions; data_type: categorical; num_of_rows: 3864; is_normality: False.
column_header: Exercise Intensity; data_type: categorical; num_of_rows: 3864; is_normality: False.
### Statistical Question: Is the length of each exercise session, as represented by the variable ""Duration,"" normally distributed?
### Response: Let's first understand the problem and follow this plan:
1. Identify the variables involved.
2. Determine the statistical task type.
3. Select the appropriate method category.
4. From the candidate methods in the provided classification list, keep only those that satisfy the data type, sample size and assumptions. Evaluate each method 
   individually and state whether it is included or excluded.
5. Self-check: list only the methods marked INCLUDED in Step 4. For each one, confirm it does not contradict any condition identified in Step 4. Remove any method that does. Do not add any new method at this stage.
6. Provide the final answer in JSON format containing both the selected columns and only the methods that remain after Step 5.
Now solve the problem step by step following the plan.The answer of relevant columns and applicable methods in JSON format and reason is:","### Step-by-Step Solution:

1. **Identify the Variables Involved:**
   - The variable of interest is ""Duration,"" which is quantitative.

2. **Determine the Statistical Task Type:**
   - The task is to determine if the ""Duration"" variable is normally distributed.

3. **Select the Appropriate Method Category:**
   - The appropriate method category is ""Distribution Compliance Test.""

4. **Select Applicable Methods:**
   - From the provided list of methods under ""Distribution Compliance Test,"" we can select the following:
     - Anderson-Darling Test
     - Shapiro-Wilk Test of Normality
     - Kolmogorov-Smirnov Test for Normality
     - Lilliefors Test

5. **Self-Check:**
   - All selected methods are appropriate for testing the normality of a quantitative variable.
   - No contradictions with the conditions identified in Step 4.

6. **Final Answer:**
   - The relevant column is ""Duration.""
   - The applicable methods are Anderson-Darling Test, Shapiro-Wilk Test of Normality, Kolmogorov-Smirnov Test for Normality, and Lilliefors Test.

### JSON Format Response:
```json
{
  ""columns"": [""Duration""],
  ""methods"": [""Anderson-Darling Test"", ""Shapiro-Wilk Test of Normality"", ""Kolmogorov-Smirnov Test for Normality"", ""Lilliefors Test""]
}
```","{""columns"": [""Duration""], ""methods"": [""Anderson-Darling Test"", ""Kolmogorov-Smirnov Test for Normality"", ""Lilliefors Test""]}","{
  ""columns"": [""Duration""],
  ""methods"": [""Anderson-Darling Test"", ""Shapiro-Wilk Test of Normality"", ""Kolmogorov-Smirnov Test for Normality"", ""Lilliefors Test""]
}","{""Correct"": 3, ""Wrong"": 1, ""Missed"": 0}","{""Correct"": 1, ""Wrong"": 0, ""Missed"": 0}",0,1,0,False,False,False,True
Obesity or CVD Risk Dataset,To what extent is the relationship between the number of main meals consumed and daily water consumption consistent?,"[{""column_header"": ""NCP"", ""is_strata"": false, ""is_control"": false}, {""column_header"": ""CH2O"", ""is_strata"": false, ""is_control"": false}]",Correlation Analysis,easy,"[{""method"": ""Pearson Correlation Coefficient"", ""result"": ""{\""coefficient\"": 0.05709}"", ""conclusion"": ""Not strongly correlated""}, {""method"": ""Spearman Correlation Coefficient"", ""result"": ""{\""coefficient\"": 0.07023}"", ""conclusion"": ""Not strongly correlated""}, {""method"": ""Kendall Correlation Coefficient"", ""result"": ""{\""coefficient\"": 0.05296}"", ""conclusion"": ""Not strongly correlated""}]","### Task Description: You need to select relevant columns and all applicable methods from provided list for the given statistical question.
### Instruction: You should only reply with one answer in JSON format containing two keys: 'columns' and 'methods'. The value of 'columns' is a list of columns' headers relevant to the given statistical question, and the value of 'methods' is a list containing all methods you think applicable. For example: {""columns"": [""c1"", ""c2"", ""...""], ""methods"": [""m1"", ""m2"", ""...""]}. If you think there is a strata or control variable involved, put its column header in the last item of the columns list. Ensure your methods selection is only limited to the classification list provided.
### Classification List: 
Correlation Analysis: Pearson Correlation Coefficient, Spearman Correlation Coefficient, Kendall Correlation Coefficient, Partial Correlation Coefficient;
Distribution Compliance Test: Anderson-Darling Test, Shapiro-Wilk Test of Normality, Kolmogorov-Smirnov Test for Normality, Lilliefors Test, Kolmogorov-Smirnov Test, Kolmogorov-Smirnov Test for Uniform distribution, Kolmogorov-Smirnov Test for Gamma distribution, Kolmogorov-Smirnov Test for Exponential distribution;
Contingency Table Test: Chi-square Independence Test, Fisher Exact Test, Mantel-Haenszel Test;
Descriptive Statistics: Mean, Median, Mode, Range, Quartile, Standard Deviation, Skewness, Kurtosis;
Variance Test: Mood Variance Test, Levene Test, Bartlett Test, F-Test for Variance.
### Column Information: 
column_header: Gender; data_type: categorical; num_of_rows: 2111; is_normality: False.
column_header: Age; data_type: quantitative; num_of_rows: 2111; is_normality: False.
column_header: Height; data_type: quantitative; num_of_rows: 2111; is_normality: False.
column_header: Weight; data_type: quantitative; num_of_rows: 2111; is_normality: False.
column_header: family_history_with_overweight; data_type: categorical; num_of_rows: 2111; is_normality: False.
column_header: FAVC; data_type: categorical; num_of_rows: 2111; is_normality: False.
column_header: FCVC; data_type: quantitative; num_of_rows: 2111; is_normality: False.
column_header: NCP; data_type: quantitative; num_of_rows: 2111; is_normality: False.
column_header: CAEC; data_type: categorical; num_of_rows: 2111; is_normality: False.
column_header: SMOKE; data_type: categorical; num_of_rows: 2111; is_normality: False.
column_header: CH2O; data_type: quantitative; num_of_rows: 2111; is_normality: False.
column_header: SCC; data_type: categorical; num_of_rows: 2111; is_normality: False.
column_header: FAF; data_type: quantitative; num_of_rows: 2111; is_normality: False.
column_header: TUE; data_type: quantitative; num_of_rows: 2111; is_normality: False.
column_header: CALC; data_type: categorical; num_of_rows: 2111; is_normality: False.
column_header: MTRANS; data_type: categorical; num_of_rows: 2111; is_normality: False.
column_header: NObeyesdad; data_type: categorical; num_of_rows: 2111; is_normality: False.
### Statistical Question: To what extent is the relationship between the number of main meals consumed and daily water consumption consistent?
### Response: Let's first understand the problem and follow this plan:
1. Identify the variables involved.
2. Determine the statistical task type.
3. Select the appropriate method category.
4. From the candidate methods in the provided classification list, keep only those that satisfy the data type, sample size and assumptions. Evaluate each method 
   individually and state whether it is included or excluded.
5. Self-check: list only the methods marked INCLUDED in Step 4. For each one, confirm it does not contradict any condition identified in Step 4. Remove any method that does. Do not add any new method at this stage.
6. Provide the final answer in JSON format containing both the selected columns and only the methods that remain after Step 5.
Now solve the problem step by step following the plan.The answer of relevant columns and applicable methods in JSON format and reason is:","### Step-by-Step Solution:

1. **Identify the Variables Involved:**
   - The statistical question is about the relationship between the number of main meals consumed and daily water consumption.
   - The relevant columns are:
     - `FCVC` (Frequency of Vegetable Consumption, which can be interpreted as the number of main meals consumed)
     - `CH2O` (Daily Water Consumption)

2. **Determine the Statistical Task Type:**
   - The question is about the relationship between two quantitative variables, which suggests a correlation analysis.

3. **Select the Appropriate Method Category:**
   - The appropriate method category is Correlation Analysis.

4. **From the Candidate Methods in the Provided Classification List, Keep Only Those That Satisfy the Data Type, Sample Size, and Assumptions:**
   - The candidate methods for Correlation Analysis are:
     - Pearson Correlation Coefficient
     - Spearman Correlation Coefficient
     - Kendall Correlation Coefficient
     - Partial Correlation Coefficient
   - Since both `FCVC` and `CH2O` are quantitative variables and the sample size is 2111, all these methods are applicable.

5. **Self-Check:**
   - All methods listed in the Correlation Analysis category are valid and do not contradict any conditions.

6. **Provide the Final Answer in JSON Format:**

```json
{
  ""columns"": [""FCVC"", ""CH2O""],
  ""methods"": [""Pearson Correlation Coefficient"", ""Spearman Correlation Coefficient"", ""Kendall Correlation Coefficient"", ""Partial Correlation Coefficient""]
}
```

### Reason:
- The columns `FCVC` and `CH2O` are the relevant quantitative variables for the statistical question.
- The methods listed under Correlation Analysis are all applicable given the data types and sample size.","{""columns"": [""NCP"", ""CH2O""], ""methods"": [""Pearson Correlation Coefficient"", ""Spearman Correlation Coefficient"", ""Kendall Correlation Coefficient""]}","{
  ""columns"": [""FCVC"", ""CH2O""],
  ""methods"": [""Pearson Correlation Coefficient"", ""Spearman Correlation Coefficient"", ""Kendall Correlation Coefficient"", ""Partial Correlation Coefficient""]
}","{""Correct"": 3, ""Wrong"": 1, ""Missed"": 0}","{""Correct"": 1, ""Wrong"": 1, ""Missed"": 1}",0,0,0,False,True,False,True
Student Performance Prediction Dataset,Is the distribution of father's education level close enough to a normal distribution for practical purposes?,"[{""column_header"": ""Fedu"", ""is_strata"": false, ""is_control"": false}]",Distribution Compliance Test,hard,"[{""method"": ""Anderson-Darling Test"", ""result"": ""{\""AD results\"": \""{\\\""stat\\\"": 30.92315, \\\""crit\\\"": 0.573}\""}"", ""conclusion"": ""Non-normally distributed""}, {""method"": ""Kolmogorov-Smirnov Test for Normality"", ""result"": ""{\""p value\"": 0.0}"", ""conclusion"": ""Non-normally distributed""}, {""method"": ""Lilliefors Test"", ""result"": ""{\""p value\"": 0.001}"", ""conclusion"": ""Non-normally distributed""}]","### Task Description: You need to select relevant columns and all applicable methods from provided list for the given statistical question.
### Instruction: You should only reply with one answer in JSON format containing two keys: 'columns' and 'methods'. The value of 'columns' is a list of columns' headers relevant to the given statistical question, and the value of 'methods' is a list containing all methods you think applicable. For example: {""columns"": [""c1"", ""c2"", ""...""], ""methods"": [""m1"", ""m2"", ""...""]}. If you think there is a strata or control variable involved, put its column header in the last item of the columns list. Ensure your methods selection is only limited to the classification list provided.
### Classification List: 
Correlation Analysis: Pearson Correlation Coefficient, Spearman Correlation Coefficient, Kendall Correlation Coefficient, Partial Correlation Coefficient;
Distribution Compliance Test: Anderson-Darling Test, Shapiro-Wilk Test of Normality, Kolmogorov-Smirnov Test for Normality, Lilliefors Test, Kolmogorov-Smirnov Test, Kolmogorov-Smirnov Test for Uniform distribution, Kolmogorov-Smirnov Test for Gamma distribution, Kolmogorov-Smirnov Test for Exponential distribution;
Contingency Table Test: Chi-square Independence Test, Fisher Exact Test, Mantel-Haenszel Test;
Descriptive Statistics: Mean, Median, Mode, Range, Quartile, Standard Deviation, Skewness, Kurtosis;
Variance Test: Mood Variance Test, Levene Test, Bartlett Test, F-Test for Variance.
### Column Information: 
column_header: Unnamed: 0; data_type: id; num_of_rows: 649; is_normality: False.
column_header: school; data_type: categorical; num_of_rows: 649; is_normality: False.
column_header: sex; data_type: categorical; num_of_rows: 649; is_normality: False.
column_header: age; data_type: quantitative; num_of_rows: 649; is_normality: False.
column_header: address; data_type: categorical; num_of_rows: 649; is_normality: False.
column_header: famsize; data_type: categorical; num_of_rows: 649; is_normality: False.
column_header: Pstatus; data_type: categorical; num_of_rows: 649; is_normality: False.
column_header: Medu; data_type: quantitative; num_of_rows: 649; is_normality: False.
column_header: Fedu; data_type: quantitative; num_of_rows: 649; is_normality: False.
column_header: Mjob; data_type: categorical; num_of_rows: 649; is_normality: False.
column_header: Fjob; data_type: categorical; num_of_rows: 649; is_normality: False.
column_header: reason; data_type: categorical; num_of_rows: 649; is_normality: False.
column_header: guardian; data_type: categorical; num_of_rows: 649; is_normality: False.
column_header: traveltime; data_type: quantitative; num_of_rows: 649; is_normality: False.
column_header: studytime; data_type: quantitative; num_of_rows: 649; is_normality: False.
column_header: failures; data_type: quantitative; num_of_rows: 649; is_normality: False.
column_header: schoolsup; data_type: categorical; num_of_rows: 649; is_normality: False.
column_header: famsup; data_type: categorical; num_of_rows: 649; is_normality: False.
column_header: paid; data_type: categorical; num_of_rows: 649; is_normality: False.
column_header: activities; data_type: categorical; num_of_rows: 649; is_normality: False.
column_header: nursery; data_type: categorical; num_of_rows: 649; is_normality: False.
column_header: higher; data_type: categorical; num_of_rows: 649; is_normality: False.
column_header: internet; data_type: categorical; num_of_rows: 649; is_normality: False.
column_header: romantic; data_type: categorical; num_of_rows: 649; is_normality: False.
column_header: famrel; data_type: quantitative; num_of_rows: 649; is_normality: False.
column_header: freetime; data_type: quantitative; num_of_rows: 649; is_normality: False.
column_header: goout; data_type: quantitative; num_of_rows: 649; is_normality: False.
column_header: Dalc; data_type: quantitative; num_of_rows: 649; is_normality: False.
column_header: Walc; data_type: quantitative; num_of_rows: 649; is_normality: False.
column_header: health; data_type: quantitative; num_of_rows: 649; is_normality: False.
column_header: absences; data_type: quantitative; num_of_rows: 649; is_normality: False.
column_header: G1; data_type: quantitative; num_of_rows: 649; is_normality: False.
column_header: G2; data_type: quantitative; num_of_rows: 649; is_normality: False.
column_header: G3; data_type: quantitative; num_of_rows: 649; is_normality: False.
### Statistical Question: Is the distribution of father's education level close enough to a normal distribution for practical purposes?
### Response: Let's first understand the problem and follow this plan:
1. Identify the variables involved.
2. Determine the statistical task type.
3. Select the appropriate method category.
4. From the candidate methods in the provided classification list, keep only those that satisfy the data type, sample size and assumptions. Evaluate each method 
   individually and state whether it is included or excluded.
5. Self-check: list only the methods marked INCLUDED in Step 4. For each one, confirm it does not contradict any condition identified in Step 4. Remove any method that does. Do not add any new method at this stage.
6. Provide the final answer in JSON format containing both the selected columns and only the methods that remain after Step 5.
Now solve the problem step by step following the plan.The answer of relevant columns and applicable methods in JSON format and reason is:","### Step-by-Step Solution:

1. **Identify the Variables Involved:**
   - The variable of interest is `Fedu` (father's education level), which is quantitative.

2. **Determine the Statistical Task Type:**
   - The task is to assess whether the distribution of `Fedu` is close enough to a normal distribution for practical purposes. This falls under the category of Distribution Compliance Test.

3. **Select the Appropriate Method Category:**
   - The appropriate category is Distribution Compliance Test.

4. **Select the Appropriate Methods:**
   - From the provided list of Distribution Compliance Tests, we can consider the following methods:
     - Anderson-Darling Test
     - Shapiro-Wilk Test of Normality
     - Kolmogorov-Smirnov Test for Normality
     - Lilliefors Test

5. **Self-Check:**
   - All the selected methods are appropriate for testing the normality of a quantitative variable. Since the sample size is 649, which is sufficiently large, all these methods are applicable.

6. **Final Answer:**
   - The relevant column is `Fedu`.
   - The applicable methods are Anderson-Darling Test, Shapiro-Wilk Test of Normality, Kolmogorov-Smirnov Test for Normality, and Lilliefors Test.

### JSON Format Response:
```json
{
  ""columns"": [""Fedu""],
  ""methods"": [""Anderson-Darling Test"", ""Shapiro-Wilk Test of Normality"", ""Kolmogorov-Smirnov Test for Normality"", ""Lilliefors Test""]
}
```","{""columns"": [""Fedu""], ""methods"": [""Anderson-Darling Test"", ""Kolmogorov-Smirnov Test for Normality"", ""Lilliefors Test""]}","{
  ""columns"": [""Fedu""],
  ""methods"": [""Anderson-Darling Test"", ""Shapiro-Wilk Test of Normality"", ""Kolmogorov-Smirnov Test for Normality"", ""Lilliefors Test""]
}","{""Correct"": 3, ""Wrong"": 1, ""Missed"": 0}","{""Correct"": 1, ""Wrong"": 0, ""Missed"": 0}",0,1,0,False,False,False,True
University Rank Dataset,Is there uniformity in the variance between the Industry Score and the Score representing the international outlook?,"[{""column_header"": ""Industry Score"", ""is_strata"": false, ""is_control"": false}, {""column_header"": ""International Outlook"", ""is_strata"": false, ""is_control"": false}]",Variance Test,hard,"[{""method"": ""Mood Variance Test"", ""result"": ""{\""stat\"": 3.55447, \""p value\"": 0.00038}"", ""conclusion"": ""Variance significantly difference between them""}, {""method"": ""Levene Test"", ""result"": ""{\""stat\"": 5.65094, \""p value\"": 0.01755}"", ""conclusion"": ""Variance significantly difference between them""}]","### Task Description: You need to select relevant columns and all applicable methods from provided list for the given statistical question.
### Instruction: You should only reply with one answer in JSON format containing two keys: 'columns' and 'methods'. The value of 'columns' is a list of columns' headers relevant to the given statistical question, and the value of 'methods' is a list containing all methods you think applicable. For example: {""columns"": [""c1"", ""c2"", ""...""], ""methods"": [""m1"", ""m2"", ""...""]}. If you think there is a strata or control variable involved, put its column header in the last item of the columns list. Ensure your methods selection is only limited to the classification list provided.
### Classification List: 
Correlation Analysis: Pearson Correlation Coefficient, Spearman Correlation Coefficient, Kendall Correlation Coefficient, Partial Correlation Coefficient;
Distribution Compliance Test: Anderson-Darling Test, Shapiro-Wilk Test of Normality, Kolmogorov-Smirnov Test for Normality, Lilliefors Test, Kolmogorov-Smirnov Test, Kolmogorov-Smirnov Test for Uniform distribution, Kolmogorov-Smirnov Test for Gamma distribution, Kolmogorov-Smirnov Test for Exponential distribution;
Contingency Table Test: Chi-square Independence Test, Fisher Exact Test, Mantel-Haenszel Test;
Descriptive Statistics: Mean, Median, Mode, Range, Quartile, Standard Deviation, Skewness, Kurtosis;
Variance Test: Mood Variance Test, Levene Test, Bartlett Test, F-Test for Variance.
### Column Information: 
column_header: rank; data_type: id; num_of_rows: 910; is_normality: False.
column_header: ranking-institution-title; data_type: other; num_of_rows: 910; is_normality: False.
column_header: location; data_type: other; num_of_rows: 910; is_normality: False.
column_header: Overall scores; data_type: categorical; num_of_rows: 910; is_normality: False.
column_header: Research Quality Score; data_type: quantitative; num_of_rows: 910; is_normality: False.
column_header: Industry Score; data_type: quantitative; num_of_rows: 910; is_normality: False.
column_header: International Outlook; data_type: quantitative; num_of_rows: 910; is_normality: False.
column_header: Research Environment Score; data_type: quantitative; num_of_rows: 910; is_normality: False.
column_header: Teaching Score; data_type: quantitative; num_of_rows: 910; is_normality: False.
### Statistical Question: Is there uniformity in the variance between the Industry Score and the Score representing the international outlook?
### Response: Let's first understand the problem and follow this plan:
1. Identify the variables involved.
2. Determine the statistical task type.
3. Select the appropriate method category.
4. From the candidate methods in the provided classification list, keep only those that satisfy the data type, sample size and assumptions. Evaluate each method 
   individually and state whether it is included or excluded.
5. Self-check: list only the methods marked INCLUDED in Step 4. For each one, confirm it does not contradict any condition identified in Step 4. Remove any method that does. Do not add any new method at this stage.
6. Provide the final answer in JSON format containing both the selected columns and only the methods that remain after Step 5.
Now solve the problem step by step following the plan.The answer of relevant columns and applicable methods in JSON format and reason is:","Let's follow the plan step by step:

1. **Identify the variables involved:**
   - Industry Score (quantitative)
   - International Outlook (quantitative)

2. **Determine the statistical task type:**
   - The question is about checking the uniformity in the variance between two quantitative variables. This falls under the category of Variance Test.

3. **Select the appropriate method category:**
   - From the provided classification list, the relevant category is ""Variance Test"".

4. **From the candidate methods in the provided classification list, keep only those that satisfy the data type, sample size, and assumptions:**
   - The methods in the Variance Test category are:
     - Mood Variance Test
     - Levene Test
     - Bartlett Test
     - F-Test for Variance

   - All these methods are suitable for quantitative data and a sample size of 910 rows. None of the methods have specific assumptions that contradict the given data type or sample size.

5. **Self-check:**
   - All methods in the Variance Test category are suitable and do not contradict any conditions.

6. **Provide the final answer in JSON format containing both the selected columns and only the methods that remain after Step 5:**

```json
{
  ""columns"": [""Industry Score"", ""International Outlook""],
  ""methods"": [""Mood Variance Test"", ""Levene Test"", ""Bartlett Test"", ""F-Test for Variance""]
}
```","{""columns"": [""Industry Score"", ""International Outlook""], ""methods"": [""Mood Variance Test"", ""Levene Test""]}","{
  ""columns"": [""Industry Score"", ""International Outlook""],
  ""methods"": [""Mood Variance Test"", ""Levene Test"", ""Bartlett Test"", ""F-Test for Variance""]
}","{""Correct"": 2, ""Wrong"": 2, ""Missed"": 0}","{""Correct"": 2, ""Wrong"": 0, ""Missed"": 0}",0,1,0,False,False,False,True
Customer Personality Analysis Dataset,"Is there evidence to suggest that the distribution of the amount spent on fish in the last two years, MntFishProducts, deviates from normality?","[{""column_header"": ""MntFishProducts"", ""is_strata"": false, ""is_control"": false}]",Distribution Compliance Test,hard,"[{""method"": ""Anderson-Darling Test"", ""result"": ""{\""AD results\"": \""{\\\""stat\\\"": 240.83195, \\\""crit\\\"": 0.575}\""}"", ""conclusion"": ""Non-normally distributed""}, {""method"": ""Kolmogorov-Smirnov Test for Normality"", ""result"": ""{\""p value\"": 0.0}"", ""conclusion"": ""Non-normally distributed""}, {""method"": ""Lilliefors Test"", ""result"": ""{\""p value\"": 0.001}"", ""conclusion"": ""Non-normally distributed""}]","### Task Description: You need to select relevant columns and all applicable methods from provided list for the given statistical question.
### Instruction: You should only reply with one answer in JSON format containing two keys: 'columns' and 'methods'. The value of 'columns' is a list of columns' headers relevant to the given statistical question, and the value of 'methods' is a list containing all methods you think applicable. For example: {""columns"": [""c1"", ""c2"", ""...""], ""methods"": [""m1"", ""m2"", ""...""]}. If you think there is a strata or control variable involved, put its column header in the last item of the columns list. Ensure your methods selection is only limited to the classification list provided.
### Classification List: 
Correlation Analysis: Pearson Correlation Coefficient, Spearman Correlation Coefficient, Kendall Correlation Coefficient, Partial Correlation Coefficient;
Distribution Compliance Test: Anderson-Darling Test, Shapiro-Wilk Test of Normality, Kolmogorov-Smirnov Test for Normality, Lilliefors Test, Kolmogorov-Smirnov Test, Kolmogorov-Smirnov Test for Uniform distribution, Kolmogorov-Smirnov Test for Gamma distribution, Kolmogorov-Smirnov Test for Exponential distribution;
Contingency Table Test: Chi-square Independence Test, Fisher Exact Test, Mantel-Haenszel Test;
Descriptive Statistics: Mean, Median, Mode, Range, Quartile, Standard Deviation, Skewness, Kurtosis;
Variance Test: Mood Variance Test, Levene Test, Bartlett Test, F-Test for Variance.
### Column Information: 
column_header: ID; data_type: id; num_of_rows: 2240; is_normality: False.
column_header: Year_Birth; data_type: other; num_of_rows: 2240; is_normality: False.
column_header: Education; data_type: categorical; num_of_rows: 2240; is_normality: False.
column_header: Marital_Status; data_type: categorical; num_of_rows: 2240; is_normality: False.
column_header: Income; data_type: quantitative; num_of_rows: 2240; is_normality: False.
column_header: Kidhome; data_type: quantitative; num_of_rows: 2240; is_normality: False.
column_header: Teenhome; data_type: quantitative; num_of_rows: 2240; is_normality: False.
column_header: Dt_Customer; data_type: other; num_of_rows: 2240; is_normality: False.
column_header: Recency; data_type: quantitative; num_of_rows: 2240; is_normality: False.
column_header: MntWines; data_type: quantitative; num_of_rows: 2240; is_normality: False.
column_header: MntFruits; data_type: quantitative; num_of_rows: 2240; is_normality: False.
column_header: MntMeatProducts; data_type: quantitative; num_of_rows: 2240; is_normality: False.
column_header: MntFishProducts; data_type: quantitative; num_of_rows: 2240; is_normality: False.
column_header: MntSweetProducts; data_type: quantitative; num_of_rows: 2240; is_normality: False.
column_header: MntGoldProds; data_type: quantitative; num_of_rows: 2240; is_normality: False.
column_header: NumDealsPurchases; data_type: quantitative; num_of_rows: 2240; is_normality: False.
column_header: NumWebPurchases; data_type: quantitative; num_of_rows: 2240; is_normality: False.
column_header: NumCatalogPurchases; data_type: quantitative; num_of_rows: 2240; is_normality: False.
column_header: NumStorePurchases; data_type: quantitative; num_of_rows: 2240; is_normality: False.
column_header: NumWebVisitsMonth; data_type: quantitative; num_of_rows: 2240; is_normality: False.
column_header: AcceptedCmp3; data_type: categorical; num_of_rows: 2240; is_normality: False.
column_header: AcceptedCmp4; data_type: categorical; num_of_rows: 2240; is_normality: False.
column_header: AcceptedCmp5; data_type: categorical; num_of_rows: 2240; is_normality: False.
column_header: AcceptedCmp1; data_type: categorical; num_of_rows: 2240; is_normality: False.
column_header: AcceptedCmp2; data_type: categorical; num_of_rows: 2240; is_normality: False.
column_header: Complain; data_type: categorical; num_of_rows: 2240; is_normality: False.
column_header: Z_CostContact; data_type: quantitative; num_of_rows: 2240; is_normality: False.
column_header: Z_Revenue; data_type: quantitative; num_of_rows: 2240; is_normality: False.
column_header: Response; data_type: categorical; num_of_rows: 2240; is_normality: False.
### Statistical Question: Is there evidence to suggest that the distribution of the amount spent on fish in the last two years, MntFishProducts, deviates from normality?
### Response: Let's first understand the problem and follow this plan:
1. Identify the variables involved.
2. Determine the statistical task type.
3. Select the appropriate method category.
4. From the candidate methods in the provided classification list, keep only those that satisfy the data type, sample size and assumptions. Evaluate each method 
   individually and state whether it is included or excluded.
5. Self-check: list only the methods marked INCLUDED in Step 4. For each one, confirm it does not contradict any condition identified in Step 4. Remove any method that does. Do not add any new method at this stage.
6. Provide the final answer in JSON format containing both the selected columns and only the methods that remain after Step 5.
Now solve the problem step by step following the plan.The answer of relevant columns and applicable methods in JSON format and reason is:","### Step-by-Step Solution:

1. **Identify the Variables Involved:**
   - The variable of interest is `MntFishProducts`, which is quantitative.

2. **Determine the Statistical Task Type:**
   - The task is to test whether the distribution of `MntFishProducts` deviates from normality.

3. **Select the Appropriate Method Category:**
   - The appropriate method category is the Distribution Compliance Test.

4. **Select the Applicable Methods:**
   - From the provided classification list, the following methods are applicable for testing normality:
     - Anderson-Darling Test
     - Shapiro-Wilk Test of Normality
     - Kolmogorov-Smirnov Test for Normality
     - Lilliefors Test

5. **Self-Check:**
   - All the selected methods are appropriate for testing the normality of a quantitative variable with a sample size of 2240.

6. **Final Answer:**
   - The relevant column is `MntFishProducts`.
   - The applicable methods are Anderson-Darling Test, Shapiro-Wilk Test of Normality, Kolmogorov-Smirnov Test for Normality, and Lilliefors Test.

### JSON Format Response:
```json
{
  ""columns"": [""MntFishProducts""],
  ""methods"": [""Anderson-Darling Test"", ""Shapiro-Wilk Test of Normality"", ""Kolmogorov-Smirnov Test for Normality"", ""Lilliefors Test""]
}
```","{""columns"": [""MntFishProducts""], ""methods"": [""Anderson-Darling Test"", ""Kolmogorov-Smirnov Test for Normality"", ""Lilliefors Test""]}","{
  ""columns"": [""MntFishProducts""],
  ""methods"": [""Anderson-Darling Test"", ""Shapiro-Wilk Test of Normality"", ""Kolmogorov-Smirnov Test for Normality"", ""Lilliefors Test""]
}","{""Correct"": 3, ""Wrong"": 1, ""Missed"": 0}","{""Correct"": 1, ""Wrong"": 0, ""Missed"": 0}",0,1,0,False,False,False,True
Crop Production Dataset,Are the levels of variability in annual crop production in Thailand and Bangladesh similar?,"[{""column_header"": ""Thailand"", ""is_strata"": false, ""is_control"": false}, {""column_header"": ""Bangladesh"", ""is_strata"": false, ""is_control"": false}]",Variance Test,easy,"[{""method"": ""Mood Variance Test"", ""result"": ""{\""stat\"": -0.28868, \""p value\"": 0.77283}"", ""conclusion"": ""Variance not significantly difference between them""}, {""method"": ""Levene Test"", ""result"": ""{\""stat\"": 1.76207, \""p value\"": 0.23264}"", ""conclusion"": ""Variance not significantly difference between them""}, {""method"": ""Bartlett Test"", ""result"": ""{\""stat\"": 0.57928, \""p value\"": 0.4466}"", ""conclusion"": ""Variance not significantly difference between them""}, {""method"": ""F-Test for Variance"", ""result"": ""{\""stat\"": 4.12725, \""p value\"": 0.08847}"", ""conclusion"": ""Variance not significantly difference between them""}]","### Task Description: You need to select relevant columns and all applicable methods from provided list for the given statistical question.
### Instruction: You should only reply with one answer in JSON format containing two keys: 'columns' and 'methods'. The value of 'columns' is a list of columns' headers relevant to the given statistical question, and the value of 'methods' is a list containing all methods you think applicable. For example: {""columns"": [""c1"", ""c2"", ""...""], ""methods"": [""m1"", ""m2"", ""...""]}. If you think there is a strata or control variable involved, put its column header in the last item of the columns list. Ensure your methods selection is only limited to the classification list provided.
### Classification List: 
Correlation Analysis: Pearson Correlation Coefficient, Spearman Correlation Coefficient, Kendall Correlation Coefficient, Partial Correlation Coefficient;
Distribution Compliance Test: Anderson-Darling Test, Shapiro-Wilk Test of Normality, Kolmogorov-Smirnov Test for Normality, Lilliefors Test, Kolmogorov-Smirnov Test, Kolmogorov-Smirnov Test for Uniform distribution, Kolmogorov-Smirnov Test for Gamma distribution, Kolmogorov-Smirnov Test for Exponential distribution;
Contingency Table Test: Chi-square Independence Test, Fisher Exact Test, Mantel-Haenszel Test;
Descriptive Statistics: Mean, Median, Mode, Range, Quartile, Standard Deviation, Skewness, Kurtosis;
Variance Test: Mood Variance Test, Levene Test, Bartlett Test, F-Test for Variance.
### Column Information: 
column_header: Year; data_type: Other; num_of_rows: 4; is_normality: False.
column_header: Nigeria; data_type: quantitative; num_of_rows: 4; is_normality: True.
column_header: Pakistan; data_type: quantitative; num_of_rows: 4; is_normality: True.
column_header: Japan; data_type: quantitative; num_of_rows: 4; is_normality: True.
column_header: United States; data_type: quantitative; num_of_rows: 4; is_normality: True.
column_header: Brazil; data_type: quantitative; num_of_rows: 4; is_normality: True.
column_header: Philippines; data_type: quantitative; num_of_rows: 4; is_normality: True.
column_header: Myanmar; data_type: quantitative; num_of_rows: 4; is_normality: True.
column_header: Thailand; data_type: quantitative; num_of_rows: 4; is_normality: True.
column_header: Vietnam; data_type: quantitative; num_of_rows: 4; is_normality: True.
column_header: Indonesia; data_type: quantitative; num_of_rows: 4; is_normality: True.
column_header: Bangladesh; data_type: quantitative; num_of_rows: 4; is_normality: True.
column_header: India; data_type: quantitative; num_of_rows: 4; is_normality: True.
column_header: China; data_type: quantitative; num_of_rows: 4; is_normality: True.
### Statistical Question: Are the levels of variability in annual crop production in Thailand and Bangladesh similar?
### Response: Let's first understand the problem and follow this plan:
1. Identify the variables involved.
2. Determine the statistical task type.
3. Select the appropriate method category.
4. From the candidate methods in the provided classification list, keep only those that satisfy the data type, sample size and assumptions. Evaluate each method 
   individually and state whether it is included or excluded.
5. Self-check: list only the methods marked INCLUDED in Step 4. For each one, confirm it does not contradict any condition identified in Step 4. Remove any method that does. Do not add any new method at this stage.
6. Provide the final answer in JSON format containing both the selected columns and only the methods that remain after Step 5.
Now solve the problem step by step following the plan.The answer of relevant columns and applicable methods in JSON format and reason is:","### Step-by-Step Solution:

1. **Identify the Variables Involved:**
   - The statistical question is about comparing the variability in annual crop production between Thailand and Bangladesh.
   - Relevant columns: ""Thailand"", ""Bangladesh"".

2. **Determine the Statistical Task Type:**
   - The task is to compare the levels of variability (variances) between two groups (Thailand and Bangladesh).

3. **Select the Appropriate Method Category:**
   - The appropriate method category is ""Variance Test"".

4. **From the Candidate Methods in the Provided Classification List, Keep Only Those That Satisfy the Data Type, Sample Size, and Assumptions:**
   - The data type for both columns is quantitative.
   - The number of rows for each column is 4.
   - The methods to consider are: Mood Variance Test, Levene Test, Bartlett Test, F-Test for Variance.
   - **Mood Variance Test:** This test is non-parametric and does not assume normality, which is suitable given the small sample size and unknown distribution.
   - **Levene Test:** This test is robust to departures from normality and is suitable for small sample sizes.
   - **Bartlett Test:** This test assumes normality, which may not be appropriate given the small sample size and unknown distribution.
   - **F-Test for Variance:** This test assumes normality, which may not be appropriate given the small sample size and unknown distribution.

5. **Self-Check:**
   - After evaluating each method, the methods that remain are: Mood Variance Test, Levene Test.

6. **Final Answer in JSON Format:**

```json
{
  ""columns"": [""Thailand"", ""Bangladesh""],
  ""methods"": [""Mood Variance Test"", ""Levene Test""]
}
```

### Reason:
- The columns ""Thailand"" and ""Bangladesh"" are the relevant quantitative data columns for the statistical question.
- The methods ""Mood Variance Test"" and ""Levene Test"" are appropriate for comparing the variability between two groups with small sample sizes and unknown distributions.","{""columns"": [""Thailand"", ""Bangladesh""], ""methods"": [""Mood Variance Test"", ""Levene Test"", ""Bartlett Test"", ""F-Test for Variance""]}","{
  ""columns"": [""Thailand"", ""Bangladesh""],
  ""methods"": [""Mood Variance Test"", ""Levene Test""]
}","{""Correct"": 2, ""Wrong"": 0, ""Missed"": 2}","{""Correct"": 2, ""Wrong"": 0, ""Missed"": 0}",0,1,0,False,False,False,True
Customer Personality Analysis Dataset,Does the amount spent on wine in the last 2 years follow a normal distribution?,"[{""column_header"": ""MntWines"", ""is_strata"": false, ""is_control"": false}]",Distribution Compliance Test,hard,"[{""method"": ""Anderson-Darling Test"", ""result"": ""{\""AD results\"": \""{\\\""stat\\\"": 122.77772, \\\""crit\\\"": 0.575}\""}"", ""conclusion"": ""Non-normally distributed""}, {""method"": ""Kolmogorov-Smirnov Test for Normality"", ""result"": ""{\""p value\"": 0.0}"", ""conclusion"": ""Non-normally distributed""}, {""method"": ""Lilliefors Test"", ""result"": ""{\""p value\"": 0.001}"", ""conclusion"": ""Non-normally distributed""}]","### Task Description: You need to select relevant columns and all applicable methods from provided list for the given statistical question.
### Instruction: You should only reply with one answer in JSON format containing two keys: 'columns' and 'methods'. The value of 'columns' is a list of columns' headers relevant to the given statistical question, and the value of 'methods' is a list containing all methods you think applicable. For example: {""columns"": [""c1"", ""c2"", ""...""], ""methods"": [""m1"", ""m2"", ""...""]}. If you think there is a strata or control variable involved, put its column header in the last item of the columns list. Ensure your methods selection is only limited to the classification list provided.
### Classification List: 
Correlation Analysis: Pearson Correlation Coefficient, Spearman Correlation Coefficient, Kendall Correlation Coefficient, Partial Correlation Coefficient;
Distribution Compliance Test: Anderson-Darling Test, Shapiro-Wilk Test of Normality, Kolmogorov-Smirnov Test for Normality, Lilliefors Test, Kolmogorov-Smirnov Test, Kolmogorov-Smirnov Test for Uniform distribution, Kolmogorov-Smirnov Test for Gamma distribution, Kolmogorov-Smirnov Test for Exponential distribution;
Contingency Table Test: Chi-square Independence Test, Fisher Exact Test, Mantel-Haenszel Test;
Descriptive Statistics: Mean, Median, Mode, Range, Quartile, Standard Deviation, Skewness, Kurtosis;
Variance Test: Mood Variance Test, Levene Test, Bartlett Test, F-Test for Variance.
### Column Information: 
column_header: ID; data_type: id; num_of_rows: 2240; is_normality: False.
column_header: Year_Birth; data_type: other; num_of_rows: 2240; is_normality: False.
column_header: Education; data_type: categorical; num_of_rows: 2240; is_normality: False.
column_header: Marital_Status; data_type: categorical; num_of_rows: 2240; is_normality: False.
column_header: Income; data_type: quantitative; num_of_rows: 2240; is_normality: False.
column_header: Kidhome; data_type: quantitative; num_of_rows: 2240; is_normality: False.
column_header: Teenhome; data_type: quantitative; num_of_rows: 2240; is_normality: False.
column_header: Dt_Customer; data_type: other; num_of_rows: 2240; is_normality: False.
column_header: Recency; data_type: quantitative; num_of_rows: 2240; is_normality: False.
column_header: MntWines; data_type: quantitative; num_of_rows: 2240; is_normality: False.
column_header: MntFruits; data_type: quantitative; num_of_rows: 2240; is_normality: False.
column_header: MntMeatProducts; data_type: quantitative; num_of_rows: 2240; is_normality: False.
column_header: MntFishProducts; data_type: quantitative; num_of_rows: 2240; is_normality: False.
column_header: MntSweetProducts; data_type: quantitative; num_of_rows: 2240; is_normality: False.
column_header: MntGoldProds; data_type: quantitative; num_of_rows: 2240; is_normality: False.
column_header: NumDealsPurchases; data_type: quantitative; num_of_rows: 2240; is_normality: False.
column_header: NumWebPurchases; data_type: quantitative; num_of_rows: 2240; is_normality: False.
column_header: NumCatalogPurchases; data_type: quantitative; num_of_rows: 2240; is_normality: False.
column_header: NumStorePurchases; data_type: quantitative; num_of_rows: 2240; is_normality: False.
column_header: NumWebVisitsMonth; data_type: quantitative; num_of_rows: 2240; is_normality: False.
column_header: AcceptedCmp3; data_type: categorical; num_of_rows: 2240; is_normality: False.
column_header: AcceptedCmp4; data_type: categorical; num_of_rows: 2240; is_normality: False.
column_header: AcceptedCmp5; data_type: categorical; num_of_rows: 2240; is_normality: False.
column_header: AcceptedCmp1; data_type: categorical; num_of_rows: 2240; is_normality: False.
column_header: AcceptedCmp2; data_type: categorical; num_of_rows: 2240; is_normality: False.
column_header: Complain; data_type: categorical; num_of_rows: 2240; is_normality: False.
column_header: Z_CostContact; data_type: quantitative; num_of_rows: 2240; is_normality: False.
column_header: Z_Revenue; data_type: quantitative; num_of_rows: 2240; is_normality: False.
column_header: Response; data_type: categorical; num_of_rows: 2240; is_normality: False.
### Statistical Question: Does the amount spent on wine in the last 2 years follow a normal distribution?
### Response: Let's first understand the problem and follow this plan:
1. Identify the variables involved.
2. Determine the statistical task type.
3. Select the appropriate method category.
4. From the candidate methods in the provided classification list, keep only those that satisfy the data type, sample size and assumptions. Evaluate each method 
   individually and state whether it is included or excluded.
5. Self-check: list only the methods marked INCLUDED in Step 4. For each one, confirm it does not contradict any condition identified in Step 4. Remove any method that does. Do not add any new method at this stage.
6. Provide the final answer in JSON format containing both the selected columns and only the methods that remain after Step 5.
Now solve the problem step by step following the plan.The answer of relevant columns and applicable methods in JSON format and reason is:","### Step-by-Step Solution:

1. **Identify the variables involved:**
   - The variable of interest is `MntWines`, which represents the amount spent on wine in the last 2 years.

2. **Determine the statistical task type:**
   - The task is to determine if the amount spent on wine (`MntWines`) follows a normal distribution.

3. **Select the appropriate method category:**
   - The appropriate method category is the ""Distribution Compliance Test"" since we are testing for normality.

4. **From the candidate methods in the provided classification list, keep only those that satisfy the data type, sample size, and assumptions:**
   - The methods in the ""Distribution Compliance Test"" category are:
     - Anderson-Darling Test
     - Shapiro-Wilk Test of Normality
     - Kolmogorov-Smirnov Test for Normality
     - Lilliefors Test
     - Kolmogorov-Smirnov Test
     - Kolmogorov-Smirnov Test for Uniform distribution
     - Kolmogorov-Smirnov Test for Gamma distribution
     - Kolmogorov-Smirnov Test for Exponential distribution
   - Since we are testing for normality, we can exclude the Kolmogorov-Smirnov Test for Uniform, Gamma, and Exponential distributions.
   - The remaining methods are:
     - Anderson-Darling Test
     - Shapiro-Wilk Test of Normality
     - Kolmogorov-Smirnov Test for Normality
     - Lilliefors Test

5. **Self-check:**
   - All the remaining methods are appropriate for testing normality of a quantitative variable with a sample size of 2240.

6. **Provide the final answer in JSON format containing both the selected columns and only the methods that remain after Step 5:**

```json
{
  ""columns"": [""MntWines""],
  ""methods"": [""Anderson-Darling Test"", ""Shapiro-Wilk Test of Normality"", ""Kolmogorov-Smirnov Test for Normality"", ""Lilliefors Test""]
}
```","{""columns"": [""MntWines""], ""methods"": [""Anderson-Darling Test"", ""Kolmogorov-Smirnov Test for Normality"", ""Lilliefors Test""]}","{
  ""columns"": [""MntWines""],
  ""methods"": [""Anderson-Darling Test"", ""Shapiro-Wilk Test of Normality"", ""Kolmogorov-Smirnov Test for Normality"", ""Lilliefors Test""]
}","{""Correct"": 3, ""Wrong"": 1, ""Missed"": 0}","{""Correct"": 1, ""Wrong"": 0, ""Missed"": 0}",0,1,0,False,False,False,True
Bank Customer Churn Prediction Dataset,Are the values of the estimated salaries of bank customers consistent with a normal distribution?,"[{""column_header"": ""EstimatedSalary"", ""is_strata"": false, ""is_control"": false}]",Distribution Compliance Test,hard,"[{""method"": ""Anderson-Darling Test"", ""result"": ""{\""AD results\"": \""{\\\""stat\\\"": 104.39617, \\\""crit\\\"": 0.576}\""}"", ""conclusion"": ""Non-normally distributed""}, {""method"": ""Kolmogorov-Smirnov Test for Normality"", ""result"": ""{\""p value\"": 0.0}"", ""conclusion"": ""Non-normally distributed""}, {""method"": ""Lilliefors Test"", ""result"": ""{\""p value\"": 0.001}"", ""conclusion"": ""Non-normally distributed""}]","### Task Description: You need to select relevant columns and all applicable methods from provided list for the given statistical question.
### Instruction: You should only reply with one answer in JSON format containing two keys: 'columns' and 'methods'. The value of 'columns' is a list of columns' headers relevant to the given statistical question, and the value of 'methods' is a list containing all methods you think applicable. For example: {""columns"": [""c1"", ""c2"", ""...""], ""methods"": [""m1"", ""m2"", ""...""]}. If you think there is a strata or control variable involved, put its column header in the last item of the columns list. Ensure your methods selection is only limited to the classification list provided.
### Classification List: 
Correlation Analysis: Pearson Correlation Coefficient, Spearman Correlation Coefficient, Kendall Correlation Coefficient, Partial Correlation Coefficient;
Distribution Compliance Test: Anderson-Darling Test, Shapiro-Wilk Test of Normality, Kolmogorov-Smirnov Test for Normality, Lilliefors Test, Kolmogorov-Smirnov Test, Kolmogorov-Smirnov Test for Uniform distribution, Kolmogorov-Smirnov Test for Gamma distribution, Kolmogorov-Smirnov Test for Exponential distribution;
Contingency Table Test: Chi-square Independence Test, Fisher Exact Test, Mantel-Haenszel Test;
Descriptive Statistics: Mean, Median, Mode, Range, Quartile, Standard Deviation, Skewness, Kurtosis;
Variance Test: Mood Variance Test, Levene Test, Bartlett Test, F-Test for Variance.
### Column Information: 
column_header: RowNumber; data_type: id; num_of_rows: 10002; is_normality: False.
column_header: CustomerId; data_type: id; num_of_rows: 10002; is_normality: False.
column_header: Surname; data_type: other; num_of_rows: 10002; is_normality: False.
column_header: CreditScore; data_type: quantitative; num_of_rows: 10002; is_normality: False.
column_header: Geography; data_type: categorical; num_of_rows: 10002; is_normality: False.
column_header: Gender; data_type: categorical; num_of_rows: 10002; is_normality: False.
column_header: Age; data_type: quantitative; num_of_rows: 10002; is_normality: False.
column_header: Tenure; data_type: quantitative; num_of_rows: 10002; is_normality: False.
column_header: Balance; data_type: quantitative; num_of_rows: 10002; is_normality: False.
column_header: NumOfProducts; data_type: quantitative; num_of_rows: 10002; is_normality: False.
column_header: HasCrCard; data_type: categorical; num_of_rows: 10002; is_normality: False.
column_header: IsActiveMember; data_type: categorical; num_of_rows: 10002; is_normality: False.
column_header: EstimatedSalary; data_type: quantitative; num_of_rows: 10002; is_normality: False.
column_header: Exited; data_type: categorical; num_of_rows: 10002; is_normality: False.
### Statistical Question: Are the values of the estimated salaries of bank customers consistent with a normal distribution?
### Response: Let's first understand the problem and follow this plan:
1. Identify the variables involved.
2. Determine the statistical task type.
3. Select the appropriate method category.
4. From the candidate methods in the provided classification list, keep only those that satisfy the data type, sample size and assumptions. Evaluate each method 
   individually and state whether it is included or excluded.
5. Self-check: list only the methods marked INCLUDED in Step 4. For each one, confirm it does not contradict any condition identified in Step 4. Remove any method that does. Do not add any new method at this stage.
6. Provide the final answer in JSON format containing both the selected columns and only the methods that remain after Step 5.
Now solve the problem step by step following the plan.The answer of relevant columns and applicable methods in JSON format and reason is:","### Step-by-Step Solution:

1. **Identify the variables involved:**
   - The variable of interest is `EstimatedSalary`.

2. **Determine the statistical task type:**
   - The task is to test whether the values of the estimated salaries of bank customers are consistent with a normal distribution.

3. **Select the appropriate method category:**
   - The appropriate method category is the ""Distribution Compliance Test"".

4. **From the candidate methods in the provided classification list, keep only those that satisfy the data type, sample size, and assumptions:**
   - The data type for `EstimatedSalary` is quantitative.
   - The sample size is 10002, which is sufficiently large.
   - The methods that can be used for testing normality are:
     - Anderson-Darling Test
     - Shapiro-Wilk Test of Normality
     - Kolmogorov-Smirnov Test for Normality
     - Lilliefors Test

5. **Self-check:**
   - All the methods listed above are appropriate for testing normality of a quantitative variable with a large sample size.

6. **Provide the final answer in JSON format containing both the selected columns and only the methods that remain after Step 5:**

```json
{
  ""columns"": [""EstimatedSalary""],
  ""methods"": [""Anderson-Darling Test"", ""Shapiro-Wilk Test of Normality"", ""Kolmogorov-Smirnov Test for Normality"", ""Lilliefors Test""]
}
```","{""columns"": [""EstimatedSalary""], ""methods"": [""Anderson-Darling Test"", ""Kolmogorov-Smirnov Test for Normality"", ""Lilliefors Test""]}","{
  ""columns"": [""EstimatedSalary""],
  ""methods"": [""Anderson-Darling Test"", ""Shapiro-Wilk Test of Normality"", ""Kolmogorov-Smirnov Test for Normality"", ""Lilliefors Test""]
}","{""Correct"": 3, ""Wrong"": 1, ""Missed"": 0}","{""Correct"": 1, ""Wrong"": 0, ""Missed"": 0}",0,1,0,False,False,False,True
Customer Personality Analysis Dataset,Are the data distributions of the amount spent on fish in the last 2 years and the number of purchases made using a catalogue statistically indistinguishable?,"[{""column_header"": ""MntFishProducts"", ""is_strata"": false, ""is_control"": false}, {""column_header"": ""NumCatalogPurchases"", ""is_strata"": false, ""is_control"": false}]",Distribution Compliance Test,easy,"[{""method"": ""Kolmogorov-Smirnov Test"", ""result"": ""{\""p value\"": 0.0}"", ""conclusion"": ""Distribution significantly different""}]","### Task Description: You need to select relevant columns and all applicable methods from provided list for the given statistical question.
### Instruction: You should only reply with one answer in JSON format containing two keys: 'columns' and 'methods'. The value of 'columns' is a list of columns' headers relevant to the given statistical question, and the value of 'methods' is a list containing all methods you think applicable. For example: {""columns"": [""c1"", ""c2"", ""...""], ""methods"": [""m1"", ""m2"", ""...""]}. If you think there is a strata or control variable involved, put its column header in the last item of the columns list. Ensure your methods selection is only limited to the classification list provided.
### Classification List: 
Correlation Analysis: Pearson Correlation Coefficient, Spearman Correlation Coefficient, Kendall Correlation Coefficient, Partial Correlation Coefficient;
Distribution Compliance Test: Anderson-Darling Test, Shapiro-Wilk Test of Normality, Kolmogorov-Smirnov Test for Normality, Lilliefors Test, Kolmogorov-Smirnov Test, Kolmogorov-Smirnov Test for Uniform distribution, Kolmogorov-Smirnov Test for Gamma distribution, Kolmogorov-Smirnov Test for Exponential distribution;
Contingency Table Test: Chi-square Independence Test, Fisher Exact Test, Mantel-Haenszel Test;
Descriptive Statistics: Mean, Median, Mode, Range, Quartile, Standard Deviation, Skewness, Kurtosis;
Variance Test: Mood Variance Test, Levene Test, Bartlett Test, F-Test for Variance.
### Column Information: 
column_header: ID; data_type: id; num_of_rows: 2240; is_normality: False.
column_header: Year_Birth; data_type: other; num_of_rows: 2240; is_normality: False.
column_header: Education; data_type: categorical; num_of_rows: 2240; is_normality: False.
column_header: Marital_Status; data_type: categorical; num_of_rows: 2240; is_normality: False.
column_header: Income; data_type: quantitative; num_of_rows: 2240; is_normality: False.
column_header: Kidhome; data_type: quantitative; num_of_rows: 2240; is_normality: False.
column_header: Teenhome; data_type: quantitative; num_of_rows: 2240; is_normality: False.
column_header: Dt_Customer; data_type: other; num_of_rows: 2240; is_normality: False.
column_header: Recency; data_type: quantitative; num_of_rows: 2240; is_normality: False.
column_header: MntWines; data_type: quantitative; num_of_rows: 2240; is_normality: False.
column_header: MntFruits; data_type: quantitative; num_of_rows: 2240; is_normality: False.
column_header: MntMeatProducts; data_type: quantitative; num_of_rows: 2240; is_normality: False.
column_header: MntFishProducts; data_type: quantitative; num_of_rows: 2240; is_normality: False.
column_header: MntSweetProducts; data_type: quantitative; num_of_rows: 2240; is_normality: False.
column_header: MntGoldProds; data_type: quantitative; num_of_rows: 2240; is_normality: False.
column_header: NumDealsPurchases; data_type: quantitative; num_of_rows: 2240; is_normality: False.
column_header: NumWebPurchases; data_type: quantitative; num_of_rows: 2240; is_normality: False.
column_header: NumCatalogPurchases; data_type: quantitative; num_of_rows: 2240; is_normality: False.
column_header: NumStorePurchases; data_type: quantitative; num_of_rows: 2240; is_normality: False.
column_header: NumWebVisitsMonth; data_type: quantitative; num_of_rows: 2240; is_normality: False.
column_header: AcceptedCmp3; data_type: categorical; num_of_rows: 2240; is_normality: False.
column_header: AcceptedCmp4; data_type: categorical; num_of_rows: 2240; is_normality: False.
column_header: AcceptedCmp5; data_type: categorical; num_of_rows: 2240; is_normality: False.
column_header: AcceptedCmp1; data_type: categorical; num_of_rows: 2240; is_normality: False.
column_header: AcceptedCmp2; data_type: categorical; num_of_rows: 2240; is_normality: False.
column_header: Complain; data_type: categorical; num_of_rows: 2240; is_normality: False.
column_header: Z_CostContact; data_type: quantitative; num_of_rows: 2240; is_normality: False.
column_header: Z_Revenue; data_type: quantitative; num_of_rows: 2240; is_normality: False.
column_header: Response; data_type: categorical; num_of_rows: 2240; is_normality: False.
### Statistical Question: Are the data distributions of the amount spent on fish in the last 2 years and the number of purchases made using a catalogue statistically indistinguishable?
### Response: Let's first understand the problem and follow this plan:
1. Identify the variables involved.
2. Determine the statistical task type.
3. Select the appropriate method category.
4. From the candidate methods in the provided classification list, keep only those that satisfy the data type, sample size and assumptions. Evaluate each method 
   individually and state whether it is included or excluded.
5. Self-check: list only the methods marked INCLUDED in Step 4. For each one, confirm it does not contradict any condition identified in Step 4. Remove any method that does. Do not add any new method at this stage.
6. Provide the final answer in JSON format containing both the selected columns and only the methods that remain after Step 5.
Now solve the problem step by step following the plan.The answer of relevant columns and applicable methods in JSON format and reason is:","### Step-by-Step Solution:

1. **Identify the Variables Involved:**
   - The amount spent on fish in the last 2 years: `MntFishProducts`
   - The number of purchases made using a catalogue: `NumCatalogPurchases`

2. **Determine the Statistical Task Type:**
   - The task is to determine if the distributions of two quantitative variables are statistically indistinguishable. This is a hypothesis test for comparing the distributions of two quantitative variables.

3. **Select the Appropriate Method Category:**
   - The appropriate method category for comparing the distributions of two quantitative variables is the **Distribution Compliance Test**. However, since we are comparing two distributions directly, a more suitable method would be a **Variance Test** or a **Contingency Table Test** if we were dealing with categorical data. But since we are dealing with quantitative data, we should use a **Distribution Compliance Test** to compare the distributions directly.

4. **Select the Appropriate Methods:**
   - **Anderson-Darling Test**: This test can be used to compare the distributions of two quantitative variables.
   - **Shapiro-Wilk Test of Normality**: This test is used to check if a single variable is normally distributed, but it is not suitable for comparing two distributions directly.
   - **Kolmogorov-Smirnov Test for Normality**: Similar to the Shapiro-Wilk Test, this is used to check if a single variable is normally distributed, but it is not suitable for comparing two distributions directly.
   - **Lilliefors Test**: This test is used to check if a single variable is normally distributed, but it is not suitable for comparing two distributions directly.
   - **Kolmogorov-Smirnov Test**: This test can be used to compare the distributions of two quantitative variables.
   - **Kolmogorov-Smirnov Test for Uniform distribution**: This test is used to check if a single variable is uniformly distributed, but it is not suitable for comparing two distributions directly.
   - **Kolmogorov-Smirnov Test for Gamma distribution**: This test is used to check if a single variable is gamma distributed, but it is not suitable for comparing two distributions directly.
   - **Kolmogorov-Smirnov Test for Exponential distribution**: This test is used to check if a single variable is exponentially distributed, but it is not suitable for comparing two distributions directly.
   - **Variance Test**: These tests (Mood Variance Test, Levene Test, Bartlett Test, F-Test for Variance) are used to compare the variances of two quantitative variables, but they do not directly compare the distributions.

5. **Self-Check:**
   - The methods that remain after the evaluation are:
     - Anderson-Darling Test
     - Kolmogorov-Smirnov Test

6. **Final Answer:**

```json
{
  ""columns"": [""MntFishProducts"", ""NumCatalogPurchases""],
  ""methods"": [""Anderson-Darling Test"", ""Kolmogorov-Smirnov Test""]
}
```

### Reason:
- The columns `MntFishProducts` and `NumCatalogPurchases` are the relevant quantitative variables for the statistical question.
- The methods `Anderson-Darling Test` and `Kolmogorov-Smirnov Test` are the appropriate methods to compare the distributions of two quantitative variables.","{""columns"": [""MntFishProducts"", ""NumCatalogPurchases""], ""methods"": [""Kolmogorov-Smirnov Test""]}","{
  ""columns"": [""MntFishProducts"", ""NumCatalogPurchases""],
  ""methods"": [""Anderson-Darling Test"", ""Kolmogorov-Smirnov Test""]
}","{""Correct"": 1, ""Wrong"": 1, ""Missed"": 0}","{""Correct"": 2, ""Wrong"": 0, ""Missed"": 0}",0,1,0,False,False,False,True
Heart Failure Prediction Dataset,Does the data provide any evidence of a connection between the slope of the peak exercise ST segment and the type of chest pain?,"[{""column_header"": ""ChestPainType"", ""is_strata"": false, ""is_control"": false}, {""column_header"": ""ST_Slope"", ""is_strata"": false, ""is_control"": false}]",Contingency Table Test,hard,"[{""method"": ""Chi-square Independence Test"", ""result"": ""{\""p value\"": 0.0}"", ""conclusion"": ""Not independent""}]","### Task Description: You need to select relevant columns and all applicable methods from provided list for the given statistical question.
### Instruction: You should only reply with one answer in JSON format containing two keys: 'columns' and 'methods'. The value of 'columns' is a list of columns' headers relevant to the given statistical question, and the value of 'methods' is a list containing all methods you think applicable. For example: {""columns"": [""c1"", ""c2"", ""...""], ""methods"": [""m1"", ""m2"", ""...""]}. If you think there is a strata or control variable involved, put its column header in the last item of the columns list. Ensure your methods selection is only limited to the classification list provided.
### Classification List: 
Correlation Analysis: Pearson Correlation Coefficient, Spearman Correlation Coefficient, Kendall Correlation Coefficient, Partial Correlation Coefficient;
Distribution Compliance Test: Anderson-Darling Test, Shapiro-Wilk Test of Normality, Kolmogorov-Smirnov Test for Normality, Lilliefors Test, Kolmogorov-Smirnov Test, Kolmogorov-Smirnov Test for Uniform distribution, Kolmogorov-Smirnov Test for Gamma distribution, Kolmogorov-Smirnov Test for Exponential distribution;
Contingency Table Test: Chi-square Independence Test, Fisher Exact Test, Mantel-Haenszel Test;
Descriptive Statistics: Mean, Median, Mode, Range, Quartile, Standard Deviation, Skewness, Kurtosis;
Variance Test: Mood Variance Test, Levene Test, Bartlett Test, F-Test for Variance.
### Column Information: 
column_header: Age; data_type: quantitative; num_of_rows: 918; is_normality: False.
column_header: Sex; data_type: categorical; num_of_rows: 918; is_normality: False.
column_header: ChestPainType; data_type: categorical; num_of_rows: 918; is_normality: False.
column_header: RestingBP; data_type: quantitative; num_of_rows: 918; is_normality: False.
column_header: Cholesterol; data_type: quantitative; num_of_rows: 918; is_normality: False.
column_header: FastingBS; data_type: categorical; num_of_rows: 918; is_normality: False.
column_header: RestingECG; data_type: categorical; num_of_rows: 918; is_normality: False.
column_header: MaxHR; data_type: quantitative; num_of_rows: 918; is_normality: False.
column_header: ExerciseAngina; data_type: categorical; num_of_rows: 918; is_normality: False.
column_header: Oldpeak; data_type: quantitative; num_of_rows: 918; is_normality: False.
column_header: ST_Slope; data_type: categorical; num_of_rows: 918; is_normality: False.
column_header: HeartDisease; data_type: categorical; num_of_rows: 918; is_normality: False.
### Statistical Question: Does the data provide any evidence of a connection between the slope of the peak exercise ST segment and the type of chest pain?
### Response: Let's first understand the problem and follow this plan:
1. Identify the variables involved.
2. Determine the statistical task type.
3. Select the appropriate method category.
4. From the candidate methods in the provided classification list, keep only those that satisfy the data type, sample size and assumptions. Evaluate each method 
   individually and state whether it is included or excluded.
5. Self-check: list only the methods marked INCLUDED in Step 4. For each one, confirm it does not contradict any condition identified in Step 4. Remove any method that does. Do not add any new method at this stage.
6. Provide the final answer in JSON format containing both the selected columns and only the methods that remain after Step 5.
Now solve the problem step by step following the plan.The answer of relevant columns and applicable methods in JSON format and reason is:","Let's follow the plan step by step:

1. **Identify the variables involved:**
   - The statistical question is about the connection between the slope of the peak exercise ST segment (`ST_Slope`) and the type of chest pain (`ChestPainType`).
   - Both `ST_Slope` and `ChestPainType` are categorical variables.

2. **Determine the statistical task type:**
   - The task is to determine if there is a connection between two categorical variables.
   - This falls under the category of contingency table tests.

3. **Select the appropriate method category:**
   - The appropriate method category is ""Contingency Table Test"".

4. **From the candidate methods in the provided classification list, keep only those that satisfy the data type, sample size, and assumptions:**
   - The candidate methods for contingency table tests are:
     - Chi-square Independence Test
     - Fisher Exact Test
     - Mantel-Haenszel Test
   - Since both variables are categorical and the sample size is 918, which is sufficiently large, we can use:
     - Chi-square Independence Test
     - Fisher Exact Test (though it is typically used for smaller sample sizes, it can still be applied here)
     - Mantel-Haenszel Test (this is more specific to stratified data, but we don't have a strata variable here)

5. **Self-check:**
   - We will include the methods that fit the criteria:
     - Chi-square Independence Test
     - Fisher Exact Test

6. **Provide the final answer in JSON format containing both the selected columns and only the methods that remain after Step 5:**

```json
{
  ""columns"": [""ST_Slope"", ""ChestPainType""],
  ""methods"": [""Chi-square Independence Test"", ""Fisher Exact Test""]
}
```","{""columns"": [""ChestPainType"", ""ST_Slope""], ""methods"": [""Chi-square Independence Test""]}","{
  ""columns"": [""ST_Slope"", ""ChestPainType""],
  ""methods"": [""Chi-square Independence Test"", ""Fisher Exact Test""]
}","{""Correct"": 1, ""Wrong"": 1, ""Missed"": 0}","{""Correct"": 2, ""Wrong"": 0, ""Missed"": 0}",0,1,0,False,False,False,True
Lung Cancer Survey Dataset,Is there a correlation between the presence of chronic disease and the presence of allergy symptoms?,"[{""column_header"": ""CHRONIC DISEASE"", ""is_strata"": false, ""is_control"": false}, {""column_header"": ""ALLERGY "", ""is_strata"": false, ""is_control"": false}]",Contingency Table Test,easy,"[{""method"": ""Chi-square Independence Test"", ""result"": ""{\""p value\"": 0.07916}"", ""conclusion"": ""Independent""}, {""method"": ""Fisher Exact Test"", ""result"": ""{\""p value\"": 0.06753}"", ""conclusion"": ""Independent""}]","### Task Description: You need to select relevant columns and all applicable methods from provided list for the given statistical question.
### Instruction: You should only reply with one answer in JSON format containing two keys: 'columns' and 'methods'. The value of 'columns' is a list of columns' headers relevant to the given statistical question, and the value of 'methods' is a list containing all methods you think applicable. For example: {""columns"": [""c1"", ""c2"", ""...""], ""methods"": [""m1"", ""m2"", ""...""]}. If you think there is a strata or control variable involved, put its column header in the last item of the columns list. Ensure your methods selection is only limited to the classification list provided.
### Classification List: 
Correlation Analysis: Pearson Correlation Coefficient, Spearman Correlation Coefficient, Kendall Correlation Coefficient, Partial Correlation Coefficient;
Distribution Compliance Test: Anderson-Darling Test, Shapiro-Wilk Test of Normality, Kolmogorov-Smirnov Test for Normality, Lilliefors Test, Kolmogorov-Smirnov Test, Kolmogorov-Smirnov Test for Uniform distribution, Kolmogorov-Smirnov Test for Gamma distribution, Kolmogorov-Smirnov Test for Exponential distribution;
Contingency Table Test: Chi-square Independence Test, Fisher Exact Test, Mantel-Haenszel Test;
Descriptive Statistics: Mean, Median, Mode, Range, Quartile, Standard Deviation, Skewness, Kurtosis;
Variance Test: Mood Variance Test, Levene Test, Bartlett Test, F-Test for Variance.
### Column Information: 
column_header: GENDER; data_type: categorical; num_of_rows: 309; is_normality: False.
column_header: AGE; data_type: quantitative; num_of_rows: 309; is_normality: False.
column_header: SMOKING; data_type: categorical; num_of_rows: 309; is_normality: False.
column_header: YELLOW_FINGERS; data_type: categorical; num_of_rows: 309; is_normality: False.
column_header: ANXIETY; data_type: categorical; num_of_rows: 309; is_normality: False.
column_header: PEER_PRESSURE; data_type: categorical; num_of_rows: 309; is_normality: False.
column_header: CHRONIC DISEASE; data_type: categorical; num_of_rows: 309; is_normality: False.
column_header: FATIGUE ; data_type: categorical; num_of_rows: 309; is_normality: False.
column_header: ALLERGY ; data_type: categorical; num_of_rows: 309; is_normality: False.
column_header: WHEEZING; data_type: categorical; num_of_rows: 309; is_normality: False.
column_header: ALCOHOL CONSUMING; data_type: categorical; num_of_rows: 309; is_normality: False.
column_header: COUGHING; data_type: categorical; num_of_rows: 309; is_normality: False.
column_header: SHORTNESS OF BREATH; data_type: categorical; num_of_rows: 309; is_normality: False.
column_header: SWALLOWING DIFFICULTY; data_type: categorical; num_of_rows: 309; is_normality: False.
column_header: CHEST PAIN; data_type: categorical; num_of_rows: 309; is_normality: False.
column_header: LUNG_CANCER; data_type: categorical; num_of_rows: 309; is_normality: False.
### Statistical Question: Is there a correlation between the presence of chronic disease and the presence of allergy symptoms?
### Response: Let's first understand the problem and follow this plan:
1. Identify the variables involved.
2. Determine the statistical task type.
3. Select the appropriate method category.
4. From the candidate methods in the provided classification list, keep only those that satisfy the data type, sample size and assumptions. Evaluate each method 
   individually and state whether it is included or excluded.
5. Self-check: list only the methods marked INCLUDED in Step 4. For each one, confirm it does not contradict any condition identified in Step 4. Remove any method that does. Do not add any new method at this stage.
6. Provide the final answer in JSON format containing both the selected columns and only the methods that remain after Step 5.
Now solve the problem step by step following the plan.The answer of relevant columns and applicable methods in JSON format and reason is:","Let's follow the plan step by step:

1. **Identify the variables involved:**
   - Chronic Disease (column_header: CHRONIC DISEASE)
   - Allergy (column_header: ALLERGY)

2. **Determine the statistical task type:**
   - The task is to determine if there is a correlation between two categorical variables.

3. **Select the appropriate method category:**
   - Since both variables are categorical, we need a method that can handle categorical data. The appropriate method category here is Contingency Table Test.

4. **From the candidate methods in the provided classification list, keep only those that satisfy the data type, sample size, and assumptions:**
   - Contingency Table Test methods: Chi-square Independence Test, Fisher Exact Test, Mantel-Haenszel Test.
   - Chi-square Independence Test: Suitable for large sample sizes and categorical data.
   - Fisher Exact Test: Suitable for small sample sizes and categorical data.
   - Mantel-Haenszel Test: Typically used for stratified contingency tables, but not directly applicable here as no strata are mentioned.

5. **Self-check:**
   - Chi-square Independence Test: Applicable for categorical data and large sample size (309 rows).
   - Fisher Exact Test: Applicable for categorical data and can be used for smaller sample sizes, but Chi-square is more commonly used for larger samples.

6. **Provide the final answer in JSON format containing both the selected columns and only the methods that remain after Step 5:**

```json
{
  ""columns"": [""CHRONIC DISEASE"", ""ALLERGY""],
  ""methods"": [""Chi-square Independence Test""]
}
```","{""columns"": [""CHRONIC DISEASE"", ""ALLERGY ""], ""methods"": [""Chi-square Independence Test"", ""Fisher Exact Test""]}","{
  ""columns"": [""CHRONIC DISEASE"", ""ALLERGY""],
  ""methods"": [""Chi-square Independence Test""]
}","{""Correct"": 1, ""Wrong"": 0, ""Missed"": 1}","{""Correct"": 2, ""Wrong"": 0, ""Missed"": 0}",0,1,0,False,False,False,True
Crop Production Dataset,Do Pakistan and Bangladesh have significantly different variances in annual crop production?,"[{""column_header"": ""Pakistan"", ""is_strata"": false, ""is_control"": false}, {""column_header"": ""Bangladesh"", ""is_strata"": false, ""is_control"": false}]",Variance Test,easy,"[{""method"": ""Mood Variance Test"", ""result"": ""{\""stat\"": 0.0, \""p value\"": 1.0}"", ""conclusion"": ""Variance not significantly difference between them""}, {""method"": ""Levene Test"", ""result"": ""{\""stat\"": 12.51168, \""p value\"": 0.01226}"", ""conclusion"": ""Variance significantly difference between them""}, {""method"": ""Bartlett Test"", ""result"": ""{\""stat\"": 7.60479, \""p value\"": 0.00582}"", ""conclusion"": ""Variance significantly difference between them""}, {""method"": ""F-Test for Variance"", ""result"": ""{\""stat\"": 30.83636, \""p value\"": 0.00144}"", ""conclusion"": ""Variance significantly difference between them""}]","### Task Description: You need to select relevant columns and all applicable methods from provided list for the given statistical question.
### Instruction: You should only reply with one answer in JSON format containing two keys: 'columns' and 'methods'. The value of 'columns' is a list of columns' headers relevant to the given statistical question, and the value of 'methods' is a list containing all methods you think applicable. For example: {""columns"": [""c1"", ""c2"", ""...""], ""methods"": [""m1"", ""m2"", ""...""]}. If you think there is a strata or control variable involved, put its column header in the last item of the columns list. Ensure your methods selection is only limited to the classification list provided.
### Classification List: 
Correlation Analysis: Pearson Correlation Coefficient, Spearman Correlation Coefficient, Kendall Correlation Coefficient, Partial Correlation Coefficient;
Distribution Compliance Test: Anderson-Darling Test, Shapiro-Wilk Test of Normality, Kolmogorov-Smirnov Test for Normality, Lilliefors Test, Kolmogorov-Smirnov Test, Kolmogorov-Smirnov Test for Uniform distribution, Kolmogorov-Smirnov Test for Gamma distribution, Kolmogorov-Smirnov Test for Exponential distribution;
Contingency Table Test: Chi-square Independence Test, Fisher Exact Test, Mantel-Haenszel Test;
Descriptive Statistics: Mean, Median, Mode, Range, Quartile, Standard Deviation, Skewness, Kurtosis;
Variance Test: Mood Variance Test, Levene Test, Bartlett Test, F-Test for Variance.
### Column Information: 
column_header: Year; data_type: Other; num_of_rows: 4; is_normality: False.
column_header: Nigeria; data_type: quantitative; num_of_rows: 4; is_normality: True.
column_header: Pakistan; data_type: quantitative; num_of_rows: 4; is_normality: True.
column_header: Japan; data_type: quantitative; num_of_rows: 4; is_normality: True.
column_header: United States; data_type: quantitative; num_of_rows: 4; is_normality: True.
column_header: Brazil; data_type: quantitative; num_of_rows: 4; is_normality: True.
column_header: Philippines; data_type: quantitative; num_of_rows: 4; is_normality: True.
column_header: Myanmar; data_type: quantitative; num_of_rows: 4; is_normality: True.
column_header: Thailand; data_type: quantitative; num_of_rows: 4; is_normality: True.
column_header: Vietnam; data_type: quantitative; num_of_rows: 4; is_normality: True.
column_header: Indonesia; data_type: quantitative; num_of_rows: 4; is_normality: True.
column_header: Bangladesh; data_type: quantitative; num_of_rows: 4; is_normality: True.
column_header: India; data_type: quantitative; num_of_rows: 4; is_normality: True.
column_header: China; data_type: quantitative; num_of_rows: 4; is_normality: True.
### Statistical Question: Do Pakistan and Bangladesh have significantly different variances in annual crop production?
### Response: Let's first understand the problem and follow this plan:
1. Identify the variables involved.
2. Determine the statistical task type.
3. Select the appropriate method category.
4. From the candidate methods in the provided classification list, keep only those that satisfy the data type, sample size and assumptions. Evaluate each method 
   individually and state whether it is included or excluded.
5. Self-check: list only the methods marked INCLUDED in Step 4. For each one, confirm it does not contradict any condition identified in Step 4. Remove any method that does. Do not add any new method at this stage.
6. Provide the final answer in JSON format containing both the selected columns and only the methods that remain after Step 5.
Now solve the problem step by step following the plan.The answer of relevant columns and applicable methods in JSON format and reason is:","### Step-by-Step Solution:

1. **Identify the Variables Involved:**
   - The statistical question involves comparing the variances of annual crop production between Pakistan and Bangladesh.
   - Relevant columns: Pakistan, Bangladesh.

2. **Determine the Statistical Task Type:**
   - The task is to determine if there is a significant difference in variances between two groups (Pakistan and Bangladesh).
   - This falls under the category of Variance Test.

3. **Select the Appropriate Method Category:**
   - From the provided classification list, the relevant category is ""Variance Test.""

4. **From the Candidate Methods in the Provided Classification List, Keep Only Those That Satisfy the Data Type, Sample Size, and Assumptions:**
   - The data type for both Pakistan and Bangladesh is quantitative.
   - The number of rows (observations) for each country is 4.
   - The methods available under Variance Test are:
     - Mood Variance Test
     - Levene Test
     - Bartlett Test
     - F-Test for Variance

   - **Mood Variance Test:**
     - Suitable for small sample sizes and non-normal data.
     - Since the sample size is 4 and the normality of the data is not specified, this test can be considered.
     - **INCLUDED**

   - **Levene Test:**
     - Suitable for small sample sizes and non-normal data.
     - Since the sample size is 4 and the normality of the data is not specified, this test can be considered.
     - **INCLUDED**

   - **Bartlett Test:**
     - Assumes normality of the data.
     - Since the normality of the data is not specified, this test may not be appropriate.
     - **EXCLUDED**

   - **F-Test for Variance:**
     - Assumes normality of the data.
     - Since the normality of the data is not specified, this test may not be appropriate.
     - **EXCLUDED**

5. **Self-Check:**
   - The methods marked as INCLUDED are Mood Variance Test and Levene Test.
   - Both methods do not contradict any conditions identified in Step 4.

6. **Provide the Final Answer in JSON Format:**

```json
{
  ""columns"": [""Pakistan"", ""Bangladesh""],
  ""methods"": [""Mood Variance Test"", ""Levene Test""]
}
```","{""columns"": [""Pakistan"", ""Bangladesh""], ""methods"": [""Mood Variance Test"", ""Levene Test"", ""Bartlett Test"", ""F-Test for Variance""]}","{
  ""columns"": [""Pakistan"", ""Bangladesh""],
  ""methods"": [""Mood Variance Test"", ""Levene Test""]
}","{""Correct"": 2, ""Wrong"": 0, ""Missed"": 2}","{""Correct"": 2, ""Wrong"": 0, ""Missed"": 0}",0,1,0,False,False,False,True
US Christmas Tree Sales Dataset,Is there a correlation between the fluctuations in the quantity of trees purchased and the shifts in the mean price of trees?,"[{""column_header"": ""Number of trees sold"", ""is_strata"": false, ""is_control"": false}, {""column_header"": ""Average Tree Price"", ""is_strata"": false, ""is_control"": false}]",Correlation Analysis,hard,"[{""method"": ""Kendall Correlation Coefficient"", ""result"": ""{\""coefficient\"": -0.42857}"", ""conclusion"": ""Not strongly correlated""}]","### Task Description: You need to select relevant columns and all applicable methods from provided list for the given statistical question.
### Instruction: You should only reply with one answer in JSON format containing two keys: 'columns' and 'methods'. The value of 'columns' is a list of columns' headers relevant to the given statistical question, and the value of 'methods' is a list containing all methods you think applicable. For example: {""columns"": [""c1"", ""c2"", ""...""], ""methods"": [""m1"", ""m2"", ""...""]}. If you think there is a strata or control variable involved, put its column header in the last item of the columns list. Ensure your methods selection is only limited to the classification list provided.
### Classification List: 
Correlation Analysis: Pearson Correlation Coefficient, Spearman Correlation Coefficient, Kendall Correlation Coefficient, Partial Correlation Coefficient;
Distribution Compliance Test: Anderson-Darling Test, Shapiro-Wilk Test of Normality, Kolmogorov-Smirnov Test for Normality, Lilliefors Test, Kolmogorov-Smirnov Test, Kolmogorov-Smirnov Test for Uniform distribution, Kolmogorov-Smirnov Test for Gamma distribution, Kolmogorov-Smirnov Test for Exponential distribution;
Contingency Table Test: Chi-square Independence Test, Fisher Exact Test, Mantel-Haenszel Test;
Descriptive Statistics: Mean, Median, Mode, Range, Quartile, Standard Deviation, Skewness, Kurtosis;
Variance Test: Mood Variance Test, Levene Test, Bartlett Test, F-Test for Variance.
### Column Information: 
column_header: index; data_type: id; num_of_rows: 14; is_normality: False.
column_header: Year; data_type: other; num_of_rows: 14; is_normality: False.
column_header: Type of tree; data_type: categorical; num_of_rows: 14; is_normality: False.
column_header: Number of trees sold; data_type: quantitative; num_of_rows: 14; is_normality: True.
column_header: Average Tree Price; data_type: quantitative; num_of_rows: 14; is_normality: True.
column_header: Sales; data_type: quantitative; num_of_rows: 14; is_normality: True.
### Statistical Question: Is there a correlation between the fluctuations in the quantity of trees purchased and the shifts in the mean price of trees?
### Response: Let's first understand the problem and follow this plan:
1. Identify the variables involved.
2. Determine the statistical task type.
3. Select the appropriate method category.
4. From the candidate methods in the provided classification list, keep only those that satisfy the data type, sample size and assumptions. Evaluate each method 
   individually and state whether it is included or excluded.
5. Self-check: list only the methods marked INCLUDED in Step 4. For each one, confirm it does not contradict any condition identified in Step 4. Remove any method that does. Do not add any new method at this stage.
6. Provide the final answer in JSON format containing both the selected columns and only the methods that remain after Step 5.
Now solve the problem step by step following the plan.The answer of relevant columns and applicable methods in JSON format and reason is:","Let's follow the plan step by step:

1. **Identify the variables involved:**
   - The statistical question asks about the correlation between the quantity of trees purchased and the mean price of trees.
   - Relevant columns: ""Number of trees sold"" and ""Average Tree Price"".

2. **Determine the statistical task type:**
   - The task is to determine if there is a correlation between two quantitative variables.
   - This falls under the category of Correlation Analysis.

3. **Select the appropriate method category:**
   - From the provided classification list, the relevant methods are:
     - Pearson Correlation Coefficient
     - Spearman Correlation Coefficient
     - Kendall Correlation Coefficient
     - Partial Correlation Coefficient

4. **Evaluate each method individually:**
   - **Pearson Correlation Coefficient:** This method assumes a linear relationship and normality of the data. Given that the data for ""Number of trees sold"" and ""Average Tree Price"" are normally distributed, this method is applicable.
   - **Spearman Correlation Coefficient:** This method is non-parametric and does not assume a linear relationship or normality. It is applicable regardless of the distribution.
   - **Kendall Correlation Coefficient:** This method is also non-parametric and does not assume a linear relationship or normality. It is applicable regardless of the distribution.
   - **Partial Correlation Coefficient:** This method requires additional variables to control for, which are not specified in the question. Therefore, it is not applicable here.

5. **Self-check:**
   - After evaluating, the methods that remain are:
     - Pearson Correlation Coefficient
     - Spearman Correlation Coefficient
     - Kendall Correlation Coefficient

6. **Provide the final answer in JSON format:**

```json
{
  ""columns"": [""Number of trees sold"", ""Average Tree Price""],
  ""methods"": [""Pearson Correlation Coefficient"", ""Spearman Correlation Coefficient"", ""Kendall Correlation Coefficient""]
}
```

This JSON format includes the relevant columns and the applicable methods based on the statistical question and the provided classification list.","{""columns"": [""Number of trees sold"", ""Average Tree Price""], ""methods"": [""Kendall Correlation Coefficient""]}","{
  ""columns"": [""Number of trees sold"", ""Average Tree Price""],
  ""methods"": [""Pearson Correlation Coefficient"", ""Spearman Correlation Coefficient"", ""Kendall Correlation Coefficient""]
}","{""Correct"": 1, ""Wrong"": 2, ""Missed"": 0}","{""Correct"": 2, ""Wrong"": 0, ""Missed"": 0}",0,1,0,False,False,False,True
Crop Production Dataset,Are the variances of annual crop production in Pakistan and India equal?,"[{""column_header"": ""Pakistan"", ""is_strata"": false, ""is_control"": false}, {""column_header"": ""India"", ""is_strata"": false, ""is_control"": false}]",Variance Test,easy,"[{""method"": ""Mood Variance Test"", ""result"": ""{\""stat\"": 0.0, \""p value\"": 1.0}"", ""conclusion"": ""Variance not significantly difference between them""}, {""method"": ""Levene Test"", ""result"": ""{\""stat\"": 5.97203, \""p value\"": 0.05021}"", ""conclusion"": ""Variance not significantly difference between them""}, {""method"": ""Bartlett Test"", ""result"": ""{\""stat\"": 11.75045, \""p value\"": 0.00061}"", ""conclusion"": ""Variance significantly difference between them""}, {""method"": ""F-Test for Variance"", ""result"": ""{\""stat\"": 86.19296, \""p value\"": 9e-05}"", ""conclusion"": ""Variance significantly difference between them""}]","### Task Description: You need to select relevant columns and all applicable methods from provided list for the given statistical question.
### Instruction: You should only reply with one answer in JSON format containing two keys: 'columns' and 'methods'. The value of 'columns' is a list of columns' headers relevant to the given statistical question, and the value of 'methods' is a list containing all methods you think applicable. For example: {""columns"": [""c1"", ""c2"", ""...""], ""methods"": [""m1"", ""m2"", ""...""]}. If you think there is a strata or control variable involved, put its column header in the last item of the columns list. Ensure your methods selection is only limited to the classification list provided.
### Classification List: 
Correlation Analysis: Pearson Correlation Coefficient, Spearman Correlation Coefficient, Kendall Correlation Coefficient, Partial Correlation Coefficient;
Distribution Compliance Test: Anderson-Darling Test, Shapiro-Wilk Test of Normality, Kolmogorov-Smirnov Test for Normality, Lilliefors Test, Kolmogorov-Smirnov Test, Kolmogorov-Smirnov Test for Uniform distribution, Kolmogorov-Smirnov Test for Gamma distribution, Kolmogorov-Smirnov Test for Exponential distribution;
Contingency Table Test: Chi-square Independence Test, Fisher Exact Test, Mantel-Haenszel Test;
Descriptive Statistics: Mean, Median, Mode, Range, Quartile, Standard Deviation, Skewness, Kurtosis;
Variance Test: Mood Variance Test, Levene Test, Bartlett Test, F-Test for Variance.
### Column Information: 
column_header: Year; data_type: Other; num_of_rows: 4; is_normality: False.
column_header: Nigeria; data_type: quantitative; num_of_rows: 4; is_normality: True.
column_header: Pakistan; data_type: quantitative; num_of_rows: 4; is_normality: True.
column_header: Japan; data_type: quantitative; num_of_rows: 4; is_normality: True.
column_header: United States; data_type: quantitative; num_of_rows: 4; is_normality: True.
column_header: Brazil; data_type: quantitative; num_of_rows: 4; is_normality: True.
column_header: Philippines; data_type: quantitative; num_of_rows: 4; is_normality: True.
column_header: Myanmar; data_type: quantitative; num_of_rows: 4; is_normality: True.
column_header: Thailand; data_type: quantitative; num_of_rows: 4; is_normality: True.
column_header: Vietnam; data_type: quantitative; num_of_rows: 4; is_normality: True.
column_header: Indonesia; data_type: quantitative; num_of_rows: 4; is_normality: True.
column_header: Bangladesh; data_type: quantitative; num_of_rows: 4; is_normality: True.
column_header: India; data_type: quantitative; num_of_rows: 4; is_normality: True.
column_header: China; data_type: quantitative; num_of_rows: 4; is_normality: True.
### Statistical Question: Are the variances of annual crop production in Pakistan and India equal?
### Response: Let's first understand the problem and follow this plan:
1. Identify the variables involved.
2. Determine the statistical task type.
3. Select the appropriate method category.
4. From the candidate methods in the provided classification list, keep only those that satisfy the data type, sample size and assumptions. Evaluate each method 
   individually and state whether it is included or excluded.
5. Self-check: list only the methods marked INCLUDED in Step 4. For each one, confirm it does not contradict any condition identified in Step 4. Remove any method that does. Do not add any new method at this stage.
6. Provide the final answer in JSON format containing both the selected columns and only the methods that remain after Step 5.
Now solve the problem step by step following the plan.The answer of relevant columns and applicable methods in JSON format and reason is:","### Step-by-Step Solution:

1. **Identify the Variables Involved:**
   - The statistical question is about comparing the variances of annual crop production in Pakistan and India.
   - Relevant columns: Pakistan, India.

2. **Determine the Statistical Task Type:**
   - The task involves comparing the variances of two quantitative variables.
   - This falls under the category of Variance Test.

3. **Select the Appropriate Method Category:**
   - From the provided classification list, the relevant category is ""Variance Test.""

4. **Evaluate Each Method in the Variance Test Category:**
   - **Mood Variance Test:** This test is used to compare the variances of two or more groups. It is non-parametric and does not assume normality.
   - **Levene Test:** This test is used to compare the variances of two or more groups. It is robust to departures from normality.
   - **Bartlett Test:** This test is used to compare the variances of two or more groups. It assumes that the data are normally distributed.
   - **F-Test for Variance:** This test is used to compare the variances of two groups. It assumes that the data are normally distributed.

5. **Self-Check:**
   - **Mood Variance Test:** Included (non-parametric, no normality assumption).
   - **Levene Test:** Included (robust to departures from normality).
   - **Bartlett Test:** Excluded (assumes normality, and the data type is quantitative but normality is not specified for all countries).
   - **F-Test for Variance:** Excluded (assumes normality, and the data type is quantitative but normality is not specified for all countries).

6. **Final Answer:**
   - Relevant columns: Pakistan, India.
   - Applicable methods: Mood Variance Test, Levene Test.

### JSON Format Response:
```json
{
  ""columns"": [""Pakistan"", ""India""],
  ""methods"": [""Mood Variance Test"", ""Levene Test""]
}
```","{""columns"": [""Pakistan"", ""India""], ""methods"": [""Mood Variance Test"", ""Levene Test"", ""Bartlett Test"", ""F-Test for Variance""]}","{
  ""columns"": [""Pakistan"", ""India""],
  ""methods"": [""Mood Variance Test"", ""Levene Test""]
}","{""Correct"": 2, ""Wrong"": 0, ""Missed"": 2}","{""Correct"": 2, ""Wrong"": 0, ""Missed"": 0}",0,1,0,False,False,False,True
Obesity or CVD Risk Dataset,To what extent can we assume that the distribution of physical activity frequency (FAF) follows a normal distribution?,"[{""column_header"": ""FAF"", ""is_strata"": false, ""is_control"": false}]",Distribution Compliance Test,hard,"[{""method"": ""Anderson-Darling Test"", ""result"": ""{\""AD results\"": \""{\\\""stat\\\"": 49.83993, \\\""crit\\\"": 0.575}\""}"", ""conclusion"": ""Non-normally distributed""}, {""method"": ""Kolmogorov-Smirnov Test for Normality"", ""result"": ""{\""p value\"": 0.0}"", ""conclusion"": ""Non-normally distributed""}, {""method"": ""Lilliefors Test"", ""result"": ""{\""p value\"": 0.001}"", ""conclusion"": ""Non-normally distributed""}]","### Task Description: You need to select relevant columns and all applicable methods from provided list for the given statistical question.
### Instruction: You should only reply with one answer in JSON format containing two keys: 'columns' and 'methods'. The value of 'columns' is a list of columns' headers relevant to the given statistical question, and the value of 'methods' is a list containing all methods you think applicable. For example: {""columns"": [""c1"", ""c2"", ""...""], ""methods"": [""m1"", ""m2"", ""...""]}. If you think there is a strata or control variable involved, put its column header in the last item of the columns list. Ensure your methods selection is only limited to the classification list provided.
### Classification List: 
Correlation Analysis: Pearson Correlation Coefficient, Spearman Correlation Coefficient, Kendall Correlation Coefficient, Partial Correlation Coefficient;
Distribution Compliance Test: Anderson-Darling Test, Shapiro-Wilk Test of Normality, Kolmogorov-Smirnov Test for Normality, Lilliefors Test, Kolmogorov-Smirnov Test, Kolmogorov-Smirnov Test for Uniform distribution, Kolmogorov-Smirnov Test for Gamma distribution, Kolmogorov-Smirnov Test for Exponential distribution;
Contingency Table Test: Chi-square Independence Test, Fisher Exact Test, Mantel-Haenszel Test;
Descriptive Statistics: Mean, Median, Mode, Range, Quartile, Standard Deviation, Skewness, Kurtosis;
Variance Test: Mood Variance Test, Levene Test, Bartlett Test, F-Test for Variance.
### Column Information: 
column_header: Gender; data_type: categorical; num_of_rows: 2111; is_normality: False.
column_header: Age; data_type: quantitative; num_of_rows: 2111; is_normality: False.
column_header: Height; data_type: quantitative; num_of_rows: 2111; is_normality: False.
column_header: Weight; data_type: quantitative; num_of_rows: 2111; is_normality: False.
column_header: family_history_with_overweight; data_type: categorical; num_of_rows: 2111; is_normality: False.
column_header: FAVC; data_type: categorical; num_of_rows: 2111; is_normality: False.
column_header: FCVC; data_type: quantitative; num_of_rows: 2111; is_normality: False.
column_header: NCP; data_type: quantitative; num_of_rows: 2111; is_normality: False.
column_header: CAEC; data_type: categorical; num_of_rows: 2111; is_normality: False.
column_header: SMOKE; data_type: categorical; num_of_rows: 2111; is_normality: False.
column_header: CH2O; data_type: quantitative; num_of_rows: 2111; is_normality: False.
column_header: SCC; data_type: categorical; num_of_rows: 2111; is_normality: False.
column_header: FAF; data_type: quantitative; num_of_rows: 2111; is_normality: False.
column_header: TUE; data_type: quantitative; num_of_rows: 2111; is_normality: False.
column_header: CALC; data_type: categorical; num_of_rows: 2111; is_normality: False.
column_header: MTRANS; data_type: categorical; num_of_rows: 2111; is_normality: False.
column_header: NObeyesdad; data_type: categorical; num_of_rows: 2111; is_normality: False.
### Statistical Question: To what extent can we assume that the distribution of physical activity frequency (FAF) follows a normal distribution?
### Response: Let's first understand the problem and follow this plan:
1. Identify the variables involved.
2. Determine the statistical task type.
3. Select the appropriate method category.
4. From the candidate methods in the provided classification list, keep only those that satisfy the data type, sample size and assumptions. Evaluate each method 
   individually and state whether it is included or excluded.
5. Self-check: list only the methods marked INCLUDED in Step 4. For each one, confirm it does not contradict any condition identified in Step 4. Remove any method that does. Do not add any new method at this stage.
6. Provide the final answer in JSON format containing both the selected columns and only the methods that remain after Step 5.
Now solve the problem step by step following the plan.The answer of relevant columns and applicable methods in JSON format and reason is:","### Step-by-Step Solution:

1. **Identify the Variables Involved:**
   - The variable of interest is `FAF` (Physical Activity Frequency), which is quantitative.

2. **Determine the Statistical Task Type:**
   - The task is to assess the normality of the distribution of `FAF`.

3. **Select the Appropriate Method Category:**
   - The appropriate method category is ""Distribution Compliance Test"" since we are testing for normality.

4. **Select Methods from the Provided Classification List:**
   - From the ""Distribution Compliance Test"" category, the following methods are applicable:
     - Anderson-Darling Test
     - Shapiro-Wilk Test of Normality
     - Kolmogorov-Smirnov Test for Normality
     - Lilliefors Test

5. **Self-Check:**
   - All selected methods are appropriate for testing the normality of a quantitative variable with a sample size of 2111.
   - No contradictions with the conditions identified in Step 4.

6. **Final Answer:**
   - The relevant column is `FAF`.
   - The applicable methods are Anderson-Darling Test, Shapiro-Wilk Test of Normality, Kolmogorov-Smirnov Test for Normality, and Lilliefors Test.

### JSON Format Response:
```json
{
  ""columns"": [""FAF""],
  ""methods"": [""Anderson-Darling Test"", ""Shapiro-Wilk Test of Normality"", ""Kolmogorov-Smirnov Test for Normality"", ""Lilliefors Test""]
}
```","{""columns"": [""FAF""], ""methods"": [""Anderson-Darling Test"", ""Kolmogorov-Smirnov Test for Normality"", ""Lilliefors Test""]}","{
  ""columns"": [""FAF""],
  ""methods"": [""Anderson-Darling Test"", ""Shapiro-Wilk Test of Normality"", ""Kolmogorov-Smirnov Test for Normality"", ""Lilliefors Test""]
}","{""Correct"": 3, ""Wrong"": 1, ""Missed"": 0}","{""Correct"": 1, ""Wrong"": 0, ""Missed"": 0}",0,1,0,False,False,False,True
Student Performance Prediction Dataset,Can we assume that there is no significant difference in the variances of age and freetime?,"[{""column_header"": ""age"", ""is_strata"": false, ""is_control"": false}, {""column_header"": ""freetime"", ""is_strata"": false, ""is_control"": false}]",Variance Test,hard,"[{""method"": ""Mood Variance Test"", ""result"": ""{\""stat\"": 0.0, \""p value\"": 1.0}"", ""conclusion"": ""Variance not significantly difference between them""}, {""method"": ""Levene Test"", ""result"": ""{\""stat\"": 21.8074, \""p value\"": 0.0}"", ""conclusion"": ""Variance significantly difference between them""}]","### Task Description: You need to select relevant columns and all applicable methods from provided list for the given statistical question.
### Instruction: You should only reply with one answer in JSON format containing two keys: 'columns' and 'methods'. The value of 'columns' is a list of columns' headers relevant to the given statistical question, and the value of 'methods' is a list containing all methods you think applicable. For example: {""columns"": [""c1"", ""c2"", ""...""], ""methods"": [""m1"", ""m2"", ""...""]}. If you think there is a strata or control variable involved, put its column header in the last item of the columns list. Ensure your methods selection is only limited to the classification list provided.
### Classification List: 
Correlation Analysis: Pearson Correlation Coefficient, Spearman Correlation Coefficient, Kendall Correlation Coefficient, Partial Correlation Coefficient;
Distribution Compliance Test: Anderson-Darling Test, Shapiro-Wilk Test of Normality, Kolmogorov-Smirnov Test for Normality, Lilliefors Test, Kolmogorov-Smirnov Test, Kolmogorov-Smirnov Test for Uniform distribution, Kolmogorov-Smirnov Test for Gamma distribution, Kolmogorov-Smirnov Test for Exponential distribution;
Contingency Table Test: Chi-square Independence Test, Fisher Exact Test, Mantel-Haenszel Test;
Descriptive Statistics: Mean, Median, Mode, Range, Quartile, Standard Deviation, Skewness, Kurtosis;
Variance Test: Mood Variance Test, Levene Test, Bartlett Test, F-Test for Variance.
### Column Information: 
column_header: Unnamed: 0; data_type: id; num_of_rows: 649; is_normality: False.
column_header: school; data_type: categorical; num_of_rows: 649; is_normality: False.
column_header: sex; data_type: categorical; num_of_rows: 649; is_normality: False.
column_header: age; data_type: quantitative; num_of_rows: 649; is_normality: False.
column_header: address; data_type: categorical; num_of_rows: 649; is_normality: False.
column_header: famsize; data_type: categorical; num_of_rows: 649; is_normality: False.
column_header: Pstatus; data_type: categorical; num_of_rows: 649; is_normality: False.
column_header: Medu; data_type: quantitative; num_of_rows: 649; is_normality: False.
column_header: Fedu; data_type: quantitative; num_of_rows: 649; is_normality: False.
column_header: Mjob; data_type: categorical; num_of_rows: 649; is_normality: False.
column_header: Fjob; data_type: categorical; num_of_rows: 649; is_normality: False.
column_header: reason; data_type: categorical; num_of_rows: 649; is_normality: False.
column_header: guardian; data_type: categorical; num_of_rows: 649; is_normality: False.
column_header: traveltime; data_type: quantitative; num_of_rows: 649; is_normality: False.
column_header: studytime; data_type: quantitative; num_of_rows: 649; is_normality: False.
column_header: failures; data_type: quantitative; num_of_rows: 649; is_normality: False.
column_header: schoolsup; data_type: categorical; num_of_rows: 649; is_normality: False.
column_header: famsup; data_type: categorical; num_of_rows: 649; is_normality: False.
column_header: paid; data_type: categorical; num_of_rows: 649; is_normality: False.
column_header: activities; data_type: categorical; num_of_rows: 649; is_normality: False.
column_header: nursery; data_type: categorical; num_of_rows: 649; is_normality: False.
column_header: higher; data_type: categorical; num_of_rows: 649; is_normality: False.
column_header: internet; data_type: categorical; num_of_rows: 649; is_normality: False.
column_header: romantic; data_type: categorical; num_of_rows: 649; is_normality: False.
column_header: famrel; data_type: quantitative; num_of_rows: 649; is_normality: False.
column_header: freetime; data_type: quantitative; num_of_rows: 649; is_normality: False.
column_header: goout; data_type: quantitative; num_of_rows: 649; is_normality: False.
column_header: Dalc; data_type: quantitative; num_of_rows: 649; is_normality: False.
column_header: Walc; data_type: quantitative; num_of_rows: 649; is_normality: False.
column_header: health; data_type: quantitative; num_of_rows: 649; is_normality: False.
column_header: absences; data_type: quantitative; num_of_rows: 649; is_normality: False.
column_header: G1; data_type: quantitative; num_of_rows: 649; is_normality: False.
column_header: G2; data_type: quantitative; num_of_rows: 649; is_normality: False.
column_header: G3; data_type: quantitative; num_of_rows: 649; is_normality: False.
### Statistical Question: Can we assume that there is no significant difference in the variances of age and freetime?
### Response: Let's first understand the problem and follow this plan:
1. Identify the variables involved.
2. Determine the statistical task type.
3. Select the appropriate method category.
4. From the candidate methods in the provided classification list, keep only those that satisfy the data type, sample size and assumptions. Evaluate each method 
   individually and state whether it is included or excluded.
5. Self-check: list only the methods marked INCLUDED in Step 4. For each one, confirm it does not contradict any condition identified in Step 4. Remove any method that does. Do not add any new method at this stage.
6. Provide the final answer in JSON format containing both the selected columns and only the methods that remain after Step 5.
Now solve the problem step by step following the plan.The answer of relevant columns and applicable methods in JSON format and reason is:","### Step-by-Step Solution:

1. **Identify the Variables Involved:**
   - The variables involved are `age` and `freetime`.

2. **Determine the Statistical Task Type:**
   - The task is to determine if there is a significant difference in the variances of `age` and `freetime`.

3. **Select the Appropriate Method Category:**
   - The appropriate method category for comparing variances is the Variance Test.

4. **Select the Applicable Methods:**
   - From the provided classification list, the applicable methods for variance tests are:
     - Mood Variance Test
     - Levene Test
     - Bartlett Test
     - F-Test for Variance

5. **Self-Check:**
   - All the methods listed above are appropriate for comparing the variances of two quantitative variables. There are no contradictions with the conditions identified.

6. **Final Answer:**
   - The relevant columns are `age` and `freetime`.
   - The applicable methods are Mood Variance Test, Levene Test, Bartlett Test, and F-Test for Variance.

### JSON Format Response:
```json
{
  ""columns"": [""age"", ""freetime""],
  ""methods"": [""Mood Variance Test"", ""Levene Test"", ""Bartlett Test"", ""F-Test for Variance""]
}
```","{""columns"": [""age"", ""freetime""], ""methods"": [""Mood Variance Test"", ""Levene Test""]}","{
  ""columns"": [""age"", ""freetime""],
  ""methods"": [""Mood Variance Test"", ""Levene Test"", ""Bartlett Test"", ""F-Test for Variance""]
}","{""Correct"": 2, ""Wrong"": 2, ""Missed"": 0}","{""Correct"": 2, ""Wrong"": 0, ""Missed"": 0}",0,1,0,False,False,False,True
Crop Production Dataset,Do the annual crop production values in Myanmar exhibit characteristics of a normal distribution?,"[{""column_header"": ""Myanmar"", ""is_strata"": false, ""is_control"": false}]",Distribution Compliance Test,hard,"[{""method"": ""Anderson-Darling Test"", ""result"": ""{\""AD results\"": \""{\\\""stat\\\"": 0.15767, \\\""crit\\\"": 1.317}\""}"", ""conclusion"": ""Normally distributed""}, {""method"": ""Shapiro-Wilk Test of Normality"", ""result"": ""{\""p value\"": 0.99944}"", ""conclusion"": ""Normally distributed""}, {""method"": ""Kolmogorov-Smirnov Test for Normality"", ""result"": ""{\""p value\"": 0.9989}"", ""conclusion"": ""Normally distributed""}]","### Task Description: You need to select relevant columns and all applicable methods from provided list for the given statistical question.
### Instruction: You should only reply with one answer in JSON format containing two keys: 'columns' and 'methods'. The value of 'columns' is a list of columns' headers relevant to the given statistical question, and the value of 'methods' is a list containing all methods you think applicable. For example: {""columns"": [""c1"", ""c2"", ""...""], ""methods"": [""m1"", ""m2"", ""...""]}. If you think there is a strata or control variable involved, put its column header in the last item of the columns list. Ensure your methods selection is only limited to the classification list provided.
### Classification List: 
Correlation Analysis: Pearson Correlation Coefficient, Spearman Correlation Coefficient, Kendall Correlation Coefficient, Partial Correlation Coefficient;
Distribution Compliance Test: Anderson-Darling Test, Shapiro-Wilk Test of Normality, Kolmogorov-Smirnov Test for Normality, Lilliefors Test, Kolmogorov-Smirnov Test, Kolmogorov-Smirnov Test for Uniform distribution, Kolmogorov-Smirnov Test for Gamma distribution, Kolmogorov-Smirnov Test for Exponential distribution;
Contingency Table Test: Chi-square Independence Test, Fisher Exact Test, Mantel-Haenszel Test;
Descriptive Statistics: Mean, Median, Mode, Range, Quartile, Standard Deviation, Skewness, Kurtosis;
Variance Test: Mood Variance Test, Levene Test, Bartlett Test, F-Test for Variance.
### Column Information: 
column_header: Year; data_type: Other; num_of_rows: 4; is_normality: False.
column_header: Nigeria; data_type: quantitative; num_of_rows: 4; is_normality: True.
column_header: Pakistan; data_type: quantitative; num_of_rows: 4; is_normality: True.
column_header: Japan; data_type: quantitative; num_of_rows: 4; is_normality: True.
column_header: United States; data_type: quantitative; num_of_rows: 4; is_normality: True.
column_header: Brazil; data_type: quantitative; num_of_rows: 4; is_normality: True.
column_header: Philippines; data_type: quantitative; num_of_rows: 4; is_normality: True.
column_header: Myanmar; data_type: quantitative; num_of_rows: 4; is_normality: True.
column_header: Thailand; data_type: quantitative; num_of_rows: 4; is_normality: True.
column_header: Vietnam; data_type: quantitative; num_of_rows: 4; is_normality: True.
column_header: Indonesia; data_type: quantitative; num_of_rows: 4; is_normality: True.
column_header: Bangladesh; data_type: quantitative; num_of_rows: 4; is_normality: True.
column_header: India; data_type: quantitative; num_of_rows: 4; is_normality: True.
column_header: China; data_type: quantitative; num_of_rows: 4; is_normality: True.
### Statistical Question: Do the annual crop production values in Myanmar exhibit characteristics of a normal distribution?
### Response: Let's first understand the problem and follow this plan:
1. Identify the variables involved.
2. Determine the statistical task type.
3. Select the appropriate method category.
4. From the candidate methods in the provided classification list, keep only those that satisfy the data type, sample size and assumptions. Evaluate each method 
   individually and state whether it is included or excluded.
5. Self-check: list only the methods marked INCLUDED in Step 4. For each one, confirm it does not contradict any condition identified in Step 4. Remove any method that does. Do not add any new method at this stage.
6. Provide the final answer in JSON format containing both the selected columns and only the methods that remain after Step 5.
Now solve the problem step by step following the plan.The answer of relevant columns and applicable methods in JSON format and reason is:","### Step-by-Step Solution:

1. **Identify the Variables Involved:**
   - The statistical question is about the annual crop production values in Myanmar.
   - The relevant column is ""Myanmar"".

2. **Determine the Statistical Task Type:**
   - The task is to determine if the annual crop production values in Myanmar exhibit characteristics of a normal distribution.
   - This falls under the category of ""Distribution Compliance Test"".

3. **Select the Appropriate Method Category:**
   - From the provided classification list, the relevant methods are:
     - Anderson-Darling Test
     - Shapiro-Wilk Test of Normality
     - Kolmogorov-Smirnov Test for Normality
     - Lilliefors Test

4. **Evaluate Each Method:**
   - **Anderson-Darling Test:** This test is suitable for small to moderate sample sizes and is sensitive to deviations from normality. It is appropriate for the given data.
   - **Shapiro-Wilk Test of Normality:** This test is suitable for small to moderate sample sizes and is one of the most powerful normality tests. It is appropriate for the given data.
   - **Kolmogorov-Smirnov Test for Normality:** This test is less powerful than the Shapiro-Wilk test but can be used for larger sample sizes. Given the small sample size (4 rows), it is still applicable.
   - **Lilliefors Test:** This test is an adaptation of the Kolmogorov-Smirnov test for normality when the mean and variance are unknown. It is appropriate for the given data.

5. **Self-Check:**
   - All the methods listed above are appropriate for the given data and do not contradict any conditions.

6. **Final Answer:**
   - The relevant column is ""Myanmar"".
   - The applicable methods are Anderson-Darling Test, Shapiro-Wilk Test of Normality, Kolmogorov-Smirnov Test for Normality, and Lilliefors Test.

### JSON Format Response:
```json
{
  ""columns"": [""Myanmar""],
  ""methods"": [""Anderson-Darling Test"", ""Shapiro-Wilk Test of Normality"", ""Kolmogorov-Smirnov Test for Normality"", ""Lilliefors Test""]
}
```","{""columns"": [""Myanmar""], ""methods"": [""Anderson-Darling Test"", ""Shapiro-Wilk Test of Normality"", ""Kolmogorov-Smirnov Test for Normality""]}","{
  ""columns"": [""Myanmar""],
  ""methods"": [""Anderson-Darling Test"", ""Shapiro-Wilk Test of Normality"", ""Kolmogorov-Smirnov Test for Normality"", ""Lilliefors Test""]
}","{""Correct"": 3, ""Wrong"": 1, ""Missed"": 0}","{""Correct"": 1, ""Wrong"": 0, ""Missed"": 0}",0,1,0,False,False,False,True
Crop Production Dataset,Are the levels of dispersion in the annual crop production data in Myanmar and China similar?,"[{""column_header"": ""Myanmar"", ""is_strata"": false, ""is_control"": false}, {""column_header"": ""China"", ""is_strata"": false, ""is_control"": false}]",Variance Test,easy,"[{""method"": ""Mood Variance Test"", ""result"": ""{\""stat\"": 0.0, \""p value\"": 1.0}"", ""conclusion"": ""Variance not significantly difference between them""}, {""method"": ""Levene Test"", ""result"": ""{\""stat\"": 0.22117, \""p value\"": 0.65476}"", ""conclusion"": ""Variance not significantly difference between them""}, {""method"": ""Bartlett Test"", ""result"": ""{\""stat\"": 0.34985, \""p value\"": 0.5542}"", ""conclusion"": ""Variance not significantly difference between them""}, {""method"": ""F-Test for Variance"", ""result"": ""{\""stat\"": 672.2143, \""p value\"": 0.0}"", ""conclusion"": ""Variance significantly difference between them""}]","### Task Description: You need to select relevant columns and all applicable methods from provided list for the given statistical question.
### Instruction: You should only reply with one answer in JSON format containing two keys: 'columns' and 'methods'. The value of 'columns' is a list of columns' headers relevant to the given statistical question, and the value of 'methods' is a list containing all methods you think applicable. For example: {""columns"": [""c1"", ""c2"", ""...""], ""methods"": [""m1"", ""m2"", ""...""]}. If you think there is a strata or control variable involved, put its column header in the last item of the columns list. Ensure your methods selection is only limited to the classification list provided.
### Classification List: 
Correlation Analysis: Pearson Correlation Coefficient, Spearman Correlation Coefficient, Kendall Correlation Coefficient, Partial Correlation Coefficient;
Distribution Compliance Test: Anderson-Darling Test, Shapiro-Wilk Test of Normality, Kolmogorov-Smirnov Test for Normality, Lilliefors Test, Kolmogorov-Smirnov Test, Kolmogorov-Smirnov Test for Uniform distribution, Kolmogorov-Smirnov Test for Gamma distribution, Kolmogorov-Smirnov Test for Exponential distribution;
Contingency Table Test: Chi-square Independence Test, Fisher Exact Test, Mantel-Haenszel Test;
Descriptive Statistics: Mean, Median, Mode, Range, Quartile, Standard Deviation, Skewness, Kurtosis;
Variance Test: Mood Variance Test, Levene Test, Bartlett Test, F-Test for Variance.
### Column Information: 
column_header: Year; data_type: Other; num_of_rows: 4; is_normality: False.
column_header: Nigeria; data_type: quantitative; num_of_rows: 4; is_normality: True.
column_header: Pakistan; data_type: quantitative; num_of_rows: 4; is_normality: True.
column_header: Japan; data_type: quantitative; num_of_rows: 4; is_normality: True.
column_header: United States; data_type: quantitative; num_of_rows: 4; is_normality: True.
column_header: Brazil; data_type: quantitative; num_of_rows: 4; is_normality: True.
column_header: Philippines; data_type: quantitative; num_of_rows: 4; is_normality: True.
column_header: Myanmar; data_type: quantitative; num_of_rows: 4; is_normality: True.
column_header: Thailand; data_type: quantitative; num_of_rows: 4; is_normality: True.
column_header: Vietnam; data_type: quantitative; num_of_rows: 4; is_normality: True.
column_header: Indonesia; data_type: quantitative; num_of_rows: 4; is_normality: True.
column_header: Bangladesh; data_type: quantitative; num_of_rows: 4; is_normality: True.
column_header: India; data_type: quantitative; num_of_rows: 4; is_normality: True.
column_header: China; data_type: quantitative; num_of_rows: 4; is_normality: True.
### Statistical Question: Are the levels of dispersion in the annual crop production data in Myanmar and China similar?
### Response: Let's first understand the problem and follow this plan:
1. Identify the variables involved.
2. Determine the statistical task type.
3. Select the appropriate method category.
4. From the candidate methods in the provided classification list, keep only those that satisfy the data type, sample size and assumptions. Evaluate each method 
   individually and state whether it is included or excluded.
5. Self-check: list only the methods marked INCLUDED in Step 4. For each one, confirm it does not contradict any condition identified in Step 4. Remove any method that does. Do not add any new method at this stage.
6. Provide the final answer in JSON format containing both the selected columns and only the methods that remain after Step 5.
Now solve the problem step by step following the plan.The answer of relevant columns and applicable methods in JSON format and reason is:","### Step-by-Step Solution:

1. **Identify the Variables Involved:**
   - The statistical question is about comparing the levels of dispersion in the annual crop production data for Myanmar and China.
   - Relevant columns: Myanmar, China.

2. **Determine the Statistical Task Type:**
   - The task is to compare the levels of dispersion (variance) between two groups (Myanmar and China).

3. **Select the Appropriate Method Category:**
   - The appropriate method category is ""Variance Test"" since we are comparing the dispersion levels of two groups.

4. **From the Candidate Methods in the Provided Classification List, Keep Only Those That Satisfy the Data Type, Sample Size, and Assumptions:**
   - The data type for both Myanmar and China is quantitative.
   - The number of rows for both is 4.
   - The methods to consider are: Mood Variance Test, Levene Test, Bartlett Test, F-Test for Variance.
   - **Mood Variance Test:** This test is non-parametric and does not assume normality, which is suitable given the small sample size and the fact that we do not have information about the normality of the data.
   - **Levene Test:** This test is robust to departures from normality and is suitable for small sample sizes.
   - **Bartlett Test:** This test assumes normality, which may not be appropriate given the small sample size and lack of information about normality.
   - **F-Test for Variance:** This test assumes normality, which may not be appropriate given the small sample size and lack of information about normality.
   - **Conclusion:** The methods to include are Mood Variance Test and Levene Test.

5. **Self-Check:**
   - Ensure that the methods do not contradict any conditions identified in Step 4.
   - Mood Variance Test and Levene Test are both appropriate given the conditions.

6. **Final Answer in JSON Format:**

```json
{
  ""columns"": [""Myanmar"", ""China""],
  ""methods"": [""Mood Variance Test"", ""Levene Test""]
}
```

### Reason:
- The statistical question requires comparing the dispersion levels of two groups (Myanmar and China).
- The appropriate method category is ""Variance Test.""
- Given the small sample size and lack of information about normality, Mood Variance Test and Levene Test are the most suitable methods.","{""columns"": [""Myanmar"", ""China""], ""methods"": [""Mood Variance Test"", ""Levene Test"", ""Bartlett Test"", ""F-Test for Variance""]}","{
  ""columns"": [""Myanmar"", ""China""],
  ""methods"": [""Mood Variance Test"", ""Levene Test""]
}","{""Correct"": 2, ""Wrong"": 0, ""Missed"": 2}","{""Correct"": 2, ""Wrong"": 0, ""Missed"": 0}",0,1,0,False,False,False,True
Student Performance Prediction Dataset,Does the type of residential area (urban or rural) play a role in modifying the relationship between participation in extra-curricular activities and the desire to pursue higher education?,"[{""column_header"": ""activities"", ""is_strata"": false, ""is_control"": false}, {""column_header"": ""higher"", ""is_strata"": false, ""is_control"": false}, {""column_header"": ""address"", ""is_strata"": true, ""is_control"": false}]",Contingency Table Test,easy,"[{""method"": ""Mantel-Haenszel Test"", ""result"": ""{\""p value\"": 0.24456}"", ""conclusion"": ""Independent""}]","### Task Description: You need to select relevant columns and all applicable methods from provided list for the given statistical question.
### Instruction: You should only reply with one answer in JSON format containing two keys: 'columns' and 'methods'. The value of 'columns' is a list of columns' headers relevant to the given statistical question, and the value of 'methods' is a list containing all methods you think applicable. For example: {""columns"": [""c1"", ""c2"", ""...""], ""methods"": [""m1"", ""m2"", ""...""]}. If you think there is a strata or control variable involved, put its column header in the last item of the columns list. Ensure your methods selection is only limited to the classification list provided.
### Classification List: 
Correlation Analysis: Pearson Correlation Coefficient, Spearman Correlation Coefficient, Kendall Correlation Coefficient, Partial Correlation Coefficient;
Distribution Compliance Test: Anderson-Darling Test, Shapiro-Wilk Test of Normality, Kolmogorov-Smirnov Test for Normality, Lilliefors Test, Kolmogorov-Smirnov Test, Kolmogorov-Smirnov Test for Uniform distribution, Kolmogorov-Smirnov Test for Gamma distribution, Kolmogorov-Smirnov Test for Exponential distribution;
Contingency Table Test: Chi-square Independence Test, Fisher Exact Test, Mantel-Haenszel Test;
Descriptive Statistics: Mean, Median, Mode, Range, Quartile, Standard Deviation, Skewness, Kurtosis;
Variance Test: Mood Variance Test, Levene Test, Bartlett Test, F-Test for Variance.
### Column Information: 
column_header: Unnamed: 0; data_type: id; num_of_rows: 649; is_normality: False.
column_header: school; data_type: categorical; num_of_rows: 649; is_normality: False.
column_header: sex; data_type: categorical; num_of_rows: 649; is_normality: False.
column_header: age; data_type: quantitative; num_of_rows: 649; is_normality: False.
column_header: address; data_type: categorical; num_of_rows: 649; is_normality: False.
column_header: famsize; data_type: categorical; num_of_rows: 649; is_normality: False.
column_header: Pstatus; data_type: categorical; num_of_rows: 649; is_normality: False.
column_header: Medu; data_type: quantitative; num_of_rows: 649; is_normality: False.
column_header: Fedu; data_type: quantitative; num_of_rows: 649; is_normality: False.
column_header: Mjob; data_type: categorical; num_of_rows: 649; is_normality: False.
column_header: Fjob; data_type: categorical; num_of_rows: 649; is_normality: False.
column_header: reason; data_type: categorical; num_of_rows: 649; is_normality: False.
column_header: guardian; data_type: categorical; num_of_rows: 649; is_normality: False.
column_header: traveltime; data_type: quantitative; num_of_rows: 649; is_normality: False.
column_header: studytime; data_type: quantitative; num_of_rows: 649; is_normality: False.
column_header: failures; data_type: quantitative; num_of_rows: 649; is_normality: False.
column_header: schoolsup; data_type: categorical; num_of_rows: 649; is_normality: False.
column_header: famsup; data_type: categorical; num_of_rows: 649; is_normality: False.
column_header: paid; data_type: categorical; num_of_rows: 649; is_normality: False.
column_header: activities; data_type: categorical; num_of_rows: 649; is_normality: False.
column_header: nursery; data_type: categorical; num_of_rows: 649; is_normality: False.
column_header: higher; data_type: categorical; num_of_rows: 649; is_normality: False.
column_header: internet; data_type: categorical; num_of_rows: 649; is_normality: False.
column_header: romantic; data_type: categorical; num_of_rows: 649; is_normality: False.
column_header: famrel; data_type: quantitative; num_of_rows: 649; is_normality: False.
column_header: freetime; data_type: quantitative; num_of_rows: 649; is_normality: False.
column_header: goout; data_type: quantitative; num_of_rows: 649; is_normality: False.
column_header: Dalc; data_type: quantitative; num_of_rows: 649; is_normality: False.
column_header: Walc; data_type: quantitative; num_of_rows: 649; is_normality: False.
column_header: health; data_type: quantitative; num_of_rows: 649; is_normality: False.
column_header: absences; data_type: quantitative; num_of_rows: 649; is_normality: False.
column_header: G1; data_type: quantitative; num_of_rows: 649; is_normality: False.
column_header: G2; data_type: quantitative; num_of_rows: 649; is_normality: False.
column_header: G3; data_type: quantitative; num_of_rows: 649; is_normality: False.
### Statistical Question: Does the type of residential area (urban or rural) play a role in modifying the relationship between participation in extra-curricular activities and the desire to pursue higher education?
### Response: Let's first understand the problem and follow this plan:
1. Identify the variables involved.
2. Determine the statistical task type.
3. Select the appropriate method category.
4. From the candidate methods in the provided classification list, keep only those that satisfy the data type, sample size and assumptions. Evaluate each method 
   individually and state whether it is included or excluded.
5. Self-check: list only the methods marked INCLUDED in Step 4. For each one, confirm it does not contradict any condition identified in Step 4. Remove any method that does. Do not add any new method at this stage.
6. Provide the final answer in JSON format containing both the selected columns and only the methods that remain after Step 5.
Now solve the problem step by step following the plan.The answer of relevant columns and applicable methods in JSON format and reason is:","### Step-by-Step Solution:

1. **Identify the Variables Involved:**
   - **Residential Area (address):** Categorical (urban or rural).
   - **Participation in Extra-Curricular Activities (activities):** Categorical (yes or no).
   - **Desire to Pursue Higher Education (higher):** Categorical (yes or no).

2. **Determine the Statistical Task Type:**
   - The question asks whether the type of residential area modifies the relationship between participation in extra-curricular activities and the desire to pursue higher education. This involves assessing the interaction effect between two categorical variables (address and activities) on another categorical variable (higher).

3. **Select the Appropriate Method Category:**
   - The appropriate method category for this task is **Contingency Table Test**. This is because we are dealing with categorical variables and want to test for independence or interaction effects.

4. **From the Candidate Methods in the Provided Classification List, Keep Only Those That Satisfy the Data Type, Sample Size, and Assumptions:**
   - **Chi-square Independence Test:** This test can be used to determine if there is a significant association between two categorical variables. It can also be extended to assess interaction effects in a contingency table.
   - **Fisher Exact Test:** This test is used for small sample sizes and can be used to test the independence of two categorical variables. However, it is typically used for smaller tables (2x2) and may not be ideal for larger tables.
   - **Mantel-Haenszel Test:** This test is used to assess the association between two variables in the presence of a confounding variable. It can be used to assess the interaction effect between two categorical variables while controlling for a third categorical variable.

5. **Self-Check:**
   - **Chi-square Independence Test:** Included.
   - **Fisher Exact Test:** Excluded (not suitable for larger tables).
   - **Mantel-Haenszel Test:** Included.

6. **Final Answer in JSON Format:**

```json
{
  ""columns"": [""address"", ""activities"", ""higher""],
  ""methods"": [""Chi-square Independence Test"", ""Mantel-Haenszel Test""]
}
```

### Reasoning:
- **Columns:** The relevant columns are `address`, `activities`, and `higher` as they are the variables involved in the statistical question.
- **Methods:** The Chi-square Independence Test and Mantel-Haenszel Test are the most appropriate methods to assess the interaction effect between the type of residential area and participation in extra-curricular activities on the desire to pursue higher education.","{""columns"": [""activities"", ""higher"", ""address""], ""methods"": [""Mantel-Haenszel Test""]}","{
  ""columns"": [""address"", ""activities"", ""higher""],
  ""methods"": [""Chi-square Independence Test"", ""Mantel-Haenszel Test""]
}","{""Correct"": 1, ""Wrong"": 1, ""Missed"": 0}","{""Correct"": 3, ""Wrong"": 0, ""Missed"": 0}",0,1,0,False,False,False,True
FIFA Official Dataset 2023,Is there uniformity in the variance of player skills and abilities (Overall) compared to the release clause value in pounds (£)?,"[{""column_header"": ""Overall"", ""is_strata"": false, ""is_control"": false}, {""column_header"": ""Release Clause"", ""is_strata"": false, ""is_control"": false}]",Variance Test,hard,"[{""method"": ""Mood Variance Test"", ""result"": ""{\""stat\"": 0.0, \""p value\"": 1.0}"", ""conclusion"": ""Variance not significantly difference between them""}, {""method"": ""Levene Test"", ""result"": ""{\""stat\"": 1569.32136, \""p value\"": 0.0}"", ""conclusion"": ""Variance significantly difference between them""}]","### Task Description: You need to select relevant columns and all applicable methods from provided list for the given statistical question.
### Instruction: You should only reply with one answer in JSON format containing two keys: 'columns' and 'methods'. The value of 'columns' is a list of columns' headers relevant to the given statistical question, and the value of 'methods' is a list containing all methods you think applicable. For example: {""columns"": [""c1"", ""c2"", ""...""], ""methods"": [""m1"", ""m2"", ""...""]}. If you think there is a strata or control variable involved, put its column header in the last item of the columns list. Ensure your methods selection is only limited to the classification list provided.
### Classification List: 
Correlation Analysis: Pearson Correlation Coefficient, Spearman Correlation Coefficient, Kendall Correlation Coefficient, Partial Correlation Coefficient;
Distribution Compliance Test: Anderson-Darling Test, Shapiro-Wilk Test of Normality, Kolmogorov-Smirnov Test for Normality, Lilliefors Test, Kolmogorov-Smirnov Test, Kolmogorov-Smirnov Test for Uniform distribution, Kolmogorov-Smirnov Test for Gamma distribution, Kolmogorov-Smirnov Test for Exponential distribution;
Contingency Table Test: Chi-square Independence Test, Fisher Exact Test, Mantel-Haenszel Test;
Descriptive Statistics: Mean, Median, Mode, Range, Quartile, Standard Deviation, Skewness, Kurtosis;
Variance Test: Mood Variance Test, Levene Test, Bartlett Test, F-Test for Variance.
### Column Information: 
column_header: ID; data_type: id; num_of_rows: 17660; is_normality: False.
column_header: Name; data_type: other; num_of_rows: 17660; is_normality: False.
column_header: Age; data_type: quantitative; num_of_rows: 17660; is_normality: False.
column_header: Photo; data_type: other; num_of_rows: 17660; is_normality: False.
column_header: Nationality; data_type: categorical; num_of_rows: 17660; is_normality: False.
column_header: Flag; data_type: other; num_of_rows: 17660; is_normality: False.
column_header: Overall; data_type: quantitative; num_of_rows: 17660; is_normality: False.
column_header: Potential; data_type: quantitative; num_of_rows: 17660; is_normality: False.
column_header: Club; data_type: categorical; num_of_rows: 17660; is_normality: False.
column_header: Club Logo; data_type: other; num_of_rows: 17660; is_normality: False.
column_header: Value; data_type: quantitative; num_of_rows: 17660; is_normality: False.
column_header: Wage; data_type: quantitative; num_of_rows: 17660; is_normality: False.
column_header: Special; data_type: quantitative; num_of_rows: 17660; is_normality: False.
column_header: Preferred Foot; data_type: categorical; num_of_rows: 17660; is_normality: False.
column_header: International Reputation; data_type: categorical; num_of_rows: 17660; is_normality: False.
column_header: Weak Foot; data_type: categorical; num_of_rows: 17660; is_normality: False.
column_header: Skill Moves; data_type: categorical; num_of_rows: 17660; is_normality: False.
column_header: Work Rate; data_type: categorical; num_of_rows: 17660; is_normality: False.
column_header: Body Type; data_type: categorical; num_of_rows: 17660; is_normality: False.
column_header: Real Face; data_type: categorical; num_of_rows: 17660; is_normality: False.
column_header: Position; data_type: categorical; num_of_rows: 17660; is_normality: False.
column_header: Joined; data_type: other; num_of_rows: 17660; is_normality: False.
column_header: Loaned From; data_type: other; num_of_rows: 17660; is_normality: False.
column_header: Contract Valid Until; data_type: categorical; num_of_rows: 17660; is_normality: False.
column_header: Height; data_type: quantitative; num_of_rows: 17660; is_normality: False.
column_header: Weight; data_type: quantitative; num_of_rows: 17660; is_normality: False.
column_header: Release Clause; data_type: quantitative; num_of_rows: 17660; is_normality: False.
column_header: Kit Number; data_type: categorical; num_of_rows: 17660; is_normality: False.
column_header: Best Overall Rating; data_type: other; num_of_rows: 17660; is_normality: False.
### Statistical Question: Is there uniformity in the variance of player skills and abilities (Overall) compared to the release clause value in pounds (£)?
### Response: Let's first understand the problem and follow this plan:
1. Identify the variables involved.
2. Determine the statistical task type.
3. Select the appropriate method category.
4. From the candidate methods in the provided classification list, keep only those that satisfy the data type, sample size and assumptions. Evaluate each method 
   individually and state whether it is included or excluded.
5. Self-check: list only the methods marked INCLUDED in Step 4. For each one, confirm it does not contradict any condition identified in Step 4. Remove any method that does. Do not add any new method at this stage.
6. Provide the final answer in JSON format containing both the selected columns and only the methods that remain after Step 5.
Now solve the problem step by step following the plan.The answer of relevant columns and applicable methods in JSON format and reason is:","Let's follow the plan step by step:

1. **Identify the variables involved:**
   - The statistical question is about the uniformity in the variance of player skills and abilities (Overall) compared to the release clause value in pounds (£).
   - The relevant columns are:
     - `Overall` (quantitative)
     - `Release Clause` (quantitative)

2. **Determine the statistical task type:**
   - The question is about comparing the variance of two quantitative variables.
   - This falls under the category of a Variance Test.

3. **Select the appropriate method category:**
   - From the provided classification list, the relevant category is ""Variance Test"".

4. **From the candidate methods in the provided classification list, keep only those that satisfy the data type, sample size, and assumptions:**
   - The candidate methods for variance test are:
     - Mood Variance Test
     - Levene Test
     - Bartlett Test
     - F-Test for Variance

   - All these methods are applicable to quantitative data and can handle a sample size of 17,660.

5. **Self-check:**
   - All the methods listed above are appropriate for the given data type and sample size.

6. **Provide the final answer in JSON format containing both the selected columns and only the methods that remain after Step 5:**

```json
{
  ""columns"": [""Overall"", ""Release Clause""],
  ""methods"": [""Mood Variance Test"", ""Levene Test"", ""Bartlett Test"", ""F-Test for Variance""]
}
```","{""columns"": [""Overall"", ""Release Clause""], ""methods"": [""Mood Variance Test"", ""Levene Test""]}","{
  ""columns"": [""Overall"", ""Release Clause""],
  ""methods"": [""Mood Variance Test"", ""Levene Test"", ""Bartlett Test"", ""F-Test for Variance""]
}","{""Correct"": 2, ""Wrong"": 2, ""Missed"": 0}","{""Correct"": 2, ""Wrong"": 0, ""Missed"": 0}",0,1,0,False,False,False,True
Terrorist Attacks Dataset,How can we evaluate the similarity of distributions between attacks involving hijacking and the number of deaths of individuals aged 11-20?,"[{""column_header"": ""Attack method: Hijacking"", ""is_strata"": false, ""is_control"": false}, {""column_header"": ""Death Age : 11-20 "", ""is_strata"": false, ""is_control"": false}]",Distribution Compliance Test,easy,"[{""method"": ""Kolmogorov-Smirnov Test"", ""result"": ""{\""p value\"": 0.0}"", ""conclusion"": ""Distribution significantly different""}]","### Task Description: You need to select relevant columns and all applicable methods from provided list for the given statistical question.
### Instruction: You should only reply with one answer in JSON format containing two keys: 'columns' and 'methods'. The value of 'columns' is a list of columns' headers relevant to the given statistical question, and the value of 'methods' is a list containing all methods you think applicable. For example: {""columns"": [""c1"", ""c2"", ""...""], ""methods"": [""m1"", ""m2"", ""...""]}. If you think there is a strata or control variable involved, put its column header in the last item of the columns list. Ensure your methods selection is only limited to the classification list provided.
### Classification List: 
Correlation Analysis: Pearson Correlation Coefficient, Spearman Correlation Coefficient, Kendall Correlation Coefficient, Partial Correlation Coefficient;
Distribution Compliance Test: Anderson-Darling Test, Shapiro-Wilk Test of Normality, Kolmogorov-Smirnov Test for Normality, Lilliefors Test, Kolmogorov-Smirnov Test, Kolmogorov-Smirnov Test for Uniform distribution, Kolmogorov-Smirnov Test for Gamma distribution, Kolmogorov-Smirnov Test for Exponential distribution;
Contingency Table Test: Chi-square Independence Test, Fisher Exact Test, Mantel-Haenszel Test;
Descriptive Statistics: Mean, Median, Mode, Range, Quartile, Standard Deviation, Skewness, Kurtosis;
Variance Test: Mood Variance Test, Levene Test, Bartlett Test, F-Test for Variance.
### Column Information: 
column_header: Entity; data_type: other; num_of_rows: 10517; is_normality: False.
column_header: Code; data_type: other; num_of_rows: 10517; is_normality: False.
column_header: Year; data_type: other; num_of_rows: 10517; is_normality: False.
column_header: Terrorist attacks; data_type: quantitative; num_of_rows: 10517; is_normality: False.
column_header: Terrorism deaths; data_type: quantitative; num_of_rows: 10517; is_normality: False.
column_header: Attack method: Hijacking; data_type: quantitative; num_of_rows: 10517; is_normality: False.
column_header: Attack method: Hostage Taking (Barricade Incident); data_type: quantitative; num_of_rows: 10517; is_normality: False.
column_header: Attack method: Unarmed Assault; data_type: quantitative; num_of_rows: 10517; is_normality: False.
column_header: Attack method: Facility/Infrastructure Attack; data_type: quantitative; num_of_rows: 10517; is_normality: False.
column_header: Attack method: Hostage Taking (Kidnapping); data_type: quantitative; num_of_rows: 10517; is_normality: False.
column_header: Attack method: Assassination; data_type: quantitative; num_of_rows: 10517; is_normality: False.
column_header: Attack method: Armed Assault; data_type: quantitative; num_of_rows: 10517; is_normality: False.
column_header: Attack method: Bombing/Explosion; data_type: quantitative; num_of_rows: 10517; is_normality: False.
column_header: Death Age 100+; data_type: quantitative; num_of_rows: 10517; is_normality: False.
column_header: Death Age: 51-99 ; data_type: quantitative; num_of_rows: 10517; is_normality: False.
column_header: Death Age : 21-50 ; data_type: quantitative; num_of_rows: 10517; is_normality: False.
column_header: Death Age : 11-20 ; data_type: quantitative; num_of_rows: 10517; is_normality: False.
column_header: Death Age : 6-10 ; data_type: quantitative; num_of_rows: 10517; is_normality: False.
column_header: Death Age :  1-5; data_type: quantitative; num_of_rows: 10517; is_normality: False.
column_header: Terrorist Death Type : Suicide; data_type: quantitative; num_of_rows: 10517; is_normality: False.
column_header: Terrorist Death Type : Killed; data_type: quantitative; num_of_rows: 10517; is_normality: False.
### Statistical Question: How can we evaluate the similarity of distributions between attacks involving hijacking and the number of deaths of individuals aged 11-20?
### Response: Let's first understand the problem and follow this plan:
1. Identify the variables involved.
2. Determine the statistical task type.
3. Select the appropriate method category.
4. From the candidate methods in the provided classification list, keep only those that satisfy the data type, sample size and assumptions. Evaluate each method 
   individually and state whether it is included or excluded.
5. Self-check: list only the methods marked INCLUDED in Step 4. For each one, confirm it does not contradict any condition identified in Step 4. Remove any method that does. Do not add any new method at this stage.
6. Provide the final answer in JSON format containing both the selected columns and only the methods that remain after Step 5.
Now solve the problem step by step following the plan.The answer of relevant columns and applicable methods in JSON format and reason is:","### Step-by-Step Solution:

1. **Identify the Variables Involved:**
   - **Attack method: Hijacking** (quantitative)
   - **Death Age : 11-20** (quantitative)

2. **Determine the Statistical Task Type:**
   - The task is to evaluate the similarity of distributions between two quantitative variables.

3. **Select the Appropriate Method Category:**
   - The appropriate method category for comparing the similarity of distributions between two quantitative variables is **Distribution Compliance Test** or **Variance Test**. However, since we are comparing the distributions directly, the most suitable category is **Distribution Compliance Test**.

4. **Select the Appropriate Methods:**
   - **Anderson-Darling Test**: This test can be used to compare the distributions of two quantitative variables.
   - **Shapiro-Wilk Test of Normality**: This test is used to check if a single variable is normally distributed, but it is not suitable for comparing two distributions directly.
   - **Kolmogorov-Smirnov Test for Normality**: Similar to the Shapiro-Wilk test, this is used to check if a single variable is normally distributed, but it is not suitable for comparing two distributions directly.
   - **Lilliefors Test**: This test is used to check if a single variable is normally distributed, but it is not suitable for comparing two distributions directly.
   - **Kolmogorov-Smirnov Test**: This test can be used to compare the distributions of two quantitative variables.
   - **Kolmogorov-Smirnov Test for Uniform distribution**: This test is specific to uniform distribution and is not suitable for comparing general distributions.
   - **Kolmogorov-Smirnov Test for Gamma distribution**: This test is specific to Gamma distribution and is not suitable for comparing general distributions.
   - **Kolmogorov-Smirnov Test for Exponential distribution**: This test is specific to Exponential distribution and is not suitable for comparing general distributions.

   Therefore, the applicable methods are:
   - **Anderson-Darling Test**
   - **Kolmogorov-Smirnov Test**

5. **Self-Check:**
   - Both methods (Anderson-Darling Test and Kolmogorov-Smirnov Test) are suitable for comparing the distributions of two quantitative variables and do not contradict any conditions.

6. **Final Answer:**

```json
{
  ""columns"": [""Attack method: Hijacking"", ""Death Age : 11-20""],
  ""methods"": [""Anderson-Darling Test"", ""Kolmogorov-Smirnov Test""]
}
```

This JSON format contains the relevant columns and the applicable methods for evaluating the similarity of distributions between attacks involving hijacking and the number of deaths of individuals aged 11-20.","{""columns"": [""Attack method: Hijacking"", ""Death Age : 11-20 ""], ""methods"": [""Kolmogorov-Smirnov Test""]}","{
  ""columns"": [""Attack method: Hijacking"", ""Death Age : 11-20""],
  ""methods"": [""Anderson-Darling Test"", ""Kolmogorov-Smirnov Test""]
}","{""Correct"": 1, ""Wrong"": 1, ""Missed"": 0}","{""Correct"": 2, ""Wrong"": 0, ""Missed"": 0}",0,1,0,False,False,False,True
US Christmas Tree Sales Dataset,What is the correlation between the trend in the number of Christmas trees purchased and the overall income derived from Christmas tree sales within a particular year?,"[{""column_header"": ""Number of trees sold"", ""is_strata"": false, ""is_control"": false}, {""column_header"": ""Sales"", ""is_strata"": false, ""is_control"": false}]",Correlation Analysis,hard,"[{""method"": ""Kendall Correlation Coefficient"", ""result"": ""{\""coefficient\"": 0.58242}"", ""conclusion"": ""Strongly correlated""}]","### Task Description: You need to select relevant columns and all applicable methods from provided list for the given statistical question.
### Instruction: You should only reply with one answer in JSON format containing two keys: 'columns' and 'methods'. The value of 'columns' is a list of columns' headers relevant to the given statistical question, and the value of 'methods' is a list containing all methods you think applicable. For example: {""columns"": [""c1"", ""c2"", ""...""], ""methods"": [""m1"", ""m2"", ""...""]}. If you think there is a strata or control variable involved, put its column header in the last item of the columns list. Ensure your methods selection is only limited to the classification list provided.
### Classification List: 
Correlation Analysis: Pearson Correlation Coefficient, Spearman Correlation Coefficient, Kendall Correlation Coefficient, Partial Correlation Coefficient;
Distribution Compliance Test: Anderson-Darling Test, Shapiro-Wilk Test of Normality, Kolmogorov-Smirnov Test for Normality, Lilliefors Test, Kolmogorov-Smirnov Test, Kolmogorov-Smirnov Test for Uniform distribution, Kolmogorov-Smirnov Test for Gamma distribution, Kolmogorov-Smirnov Test for Exponential distribution;
Contingency Table Test: Chi-square Independence Test, Fisher Exact Test, Mantel-Haenszel Test;
Descriptive Statistics: Mean, Median, Mode, Range, Quartile, Standard Deviation, Skewness, Kurtosis;
Variance Test: Mood Variance Test, Levene Test, Bartlett Test, F-Test for Variance.
### Column Information: 
column_header: index; data_type: id; num_of_rows: 14; is_normality: False.
column_header: Year; data_type: other; num_of_rows: 14; is_normality: False.
column_header: Type of tree; data_type: categorical; num_of_rows: 14; is_normality: False.
column_header: Number of trees sold; data_type: quantitative; num_of_rows: 14; is_normality: True.
column_header: Average Tree Price; data_type: quantitative; num_of_rows: 14; is_normality: True.
column_header: Sales; data_type: quantitative; num_of_rows: 14; is_normality: True.
### Statistical Question: What is the correlation between the trend in the number of Christmas trees purchased and the overall income derived from Christmas tree sales within a particular year?
### Response: Let's first understand the problem and follow this plan:
1. Identify the variables involved.
2. Determine the statistical task type.
3. Select the appropriate method category.
4. From the candidate methods in the provided classification list, keep only those that satisfy the data type, sample size and assumptions. Evaluate each method 
   individually and state whether it is included or excluded.
5. Self-check: list only the methods marked INCLUDED in Step 4. For each one, confirm it does not contradict any condition identified in Step 4. Remove any method that does. Do not add any new method at this stage.
6. Provide the final answer in JSON format containing both the selected columns and only the methods that remain after Step 5.
Now solve the problem step by step following the plan.The answer of relevant columns and applicable methods in JSON format and reason is:","Let's follow the plan step by step:

1. **Identify the variables involved:**
   - The trend in the number of Christmas trees purchased: `Number of trees sold`
   - The overall income derived from Christmas tree sales: `Sales`
   - The year: `Year` (though it is not directly used in the correlation analysis, it can be used as a strata or control variable to ensure the analysis is within a specific year).

2. **Determine the statistical task type:**
   - The task is to find the correlation between two quantitative variables (`Number of trees sold` and `Sales`).

3. **Select the appropriate method category:**
   - The appropriate method category is Correlation Analysis.

4. **From the candidate methods in the provided classification list, keep only those that satisfy the data type, sample size, and assumptions:**
   - The data types are quantitative.
   - The sample size is 14 rows.
   - The methods that can be used are Pearson Correlation Coefficient, Spearman Correlation Coefficient, and Kendall Correlation Coefficient.

5. **Self-check:**
   - All selected methods (Pearson Correlation Coefficient, Spearman Correlation Coefficient, and Kendall Correlation Coefficient) are appropriate for quantitative data and a sample size of 14.

6. **Provide the final answer in JSON format:**

```json
{
  ""columns"": [""Number of trees sold"", ""Sales"", ""Year""],
  ""methods"": [""Pearson Correlation Coefficient"", ""Spearman Correlation Coefficient"", ""Kendall Correlation Coefficient""]
}
```

### Reasoning:
- **Columns:**
  - `Number of trees sold`: This is the quantitative variable representing the number of trees sold.
  - `Sales`: This is the quantitative variable representing the overall income derived from sales.
  - `Year`: This is included as a strata or control variable to ensure the analysis is within a specific year.

- **Methods:**
  - **Pearson Correlation Coefficient**: Measures the linear relationship between two quantitative variables.
  - **Spearman Correlation Coefficient**: Measures the monotonic relationship between two quantitative variables.
  - **Kendall Correlation Coefficient**: Measures the ordinal association between two quantitative variables.

These methods are all suitable for the given data and statistical question.","{""columns"": [""Number of trees sold"", ""Sales""], ""methods"": [""Kendall Correlation Coefficient""]}","{
  ""columns"": [""Number of trees sold"", ""Sales"", ""Year""],
  ""methods"": [""Pearson Correlation Coefficient"", ""Spearman Correlation Coefficient"", ""Kendall Correlation Coefficient""]
}","{""Correct"": 1, ""Wrong"": 2, ""Missed"": 0}","{""Correct"": 2, ""Wrong"": 1, ""Missed"": 0}",0,0,0,False,True,False,True
Los Angeles Library Monthly Statistics,Is the total number of library visitors normally distributed?,"[{""column_header"": ""Total Library Visitors"", ""is_strata"": false, ""is_control"": false}]",Distribution Compliance Test,hard,"[{""method"": ""Anderson-Darling Test"", ""result"": ""{\""AD results\"": \""{\\\""stat\\\"": 0.24753, \\\""crit\\\"": 0.548}\""}"", ""conclusion"": ""Normally distributed""}, {""method"": ""Kolmogorov-Smirnov Test for Normality"", ""result"": ""{\""p value\"": 0.93614}"", ""conclusion"": ""Normally distributed""}, {""method"": ""Lilliefors Test"", ""result"": ""{\""p value\"": 0.80682}"", ""conclusion"": ""Normally distributed""}]","### Task Description: You need to select relevant columns and all applicable methods from provided list for the given statistical question.
### Instruction: You should only reply with one answer in JSON format containing two keys: 'columns' and 'methods'. The value of 'columns' is a list of columns' headers relevant to the given statistical question, and the value of 'methods' is a list containing all methods you think applicable. For example: {""columns"": [""c1"", ""c2"", ""...""], ""methods"": [""m1"", ""m2"", ""...""]}. If you think there is a strata or control variable involved, put its column header in the last item of the columns list. Ensure your methods selection is only limited to the classification list provided.
### Classification List: 
Correlation Analysis: Pearson Correlation Coefficient, Spearman Correlation Coefficient, Kendall Correlation Coefficient, Partial Correlation Coefficient;
Distribution Compliance Test: Anderson-Darling Test, Shapiro-Wilk Test of Normality, Kolmogorov-Smirnov Test for Normality, Lilliefors Test, Kolmogorov-Smirnov Test, Kolmogorov-Smirnov Test for Uniform distribution, Kolmogorov-Smirnov Test for Gamma distribution, Kolmogorov-Smirnov Test for Exponential distribution;
Contingency Table Test: Chi-square Independence Test, Fisher Exact Test, Mantel-Haenszel Test;
Descriptive Statistics: Mean, Median, Mode, Range, Quartile, Standard Deviation, Skewness, Kurtosis;
Variance Test: Mood Variance Test, Levene Test, Bartlett Test, F-Test for Variance.
### Column Information: 
column_header: Date; data_type: other; num_of_rows: 72; is_normality: False.
column_header: Total Library Visitors; data_type: quantitative; num_of_rows: 72; is_normality: True.
column_header: Total Program Attendees; data_type: quantitative; num_of_rows: 72; is_normality: False.
column_header: Total eMedia Circulation; data_type: quantitative; num_of_rows: 72; is_normality: True.
column_header: Total Cardholders; data_type: quantitative; num_of_rows: 72; is_normality: False.
column_header: Total Computer Usage (Wireless + PC Sessions); data_type: quantitative; num_of_rows: 72; is_normality: False.
column_header: New Cardholders; data_type: quantitative; num_of_rows: 72; is_normality: False.
column_header: # of Individuals Assisted in Pursuing Citizenship; data_type: quantitative; num_of_rows: 72; is_normality: False.
column_header: # of Homeless Individuals Served at The Source; data_type: quantitative; num_of_rows: 72; is_normality: False.
column_header: # of Attendees at Children's and Teen Programming; data_type: quantitative; num_of_rows: 72; is_normality: False.
### Statistical Question: Is the total number of library visitors normally distributed?
### Response: Let's first understand the problem and follow this plan:
1. Identify the variables involved.
2. Determine the statistical task type.
3. Select the appropriate method category.
4. From the candidate methods in the provided classification list, keep only those that satisfy the data type, sample size and assumptions. Evaluate each method 
   individually and state whether it is included or excluded.
5. Self-check: list only the methods marked INCLUDED in Step 4. For each one, confirm it does not contradict any condition identified in Step 4. Remove any method that does. Do not add any new method at this stage.
6. Provide the final answer in JSON format containing both the selected columns and only the methods that remain after Step 5.
Now solve the problem step by step following the plan.The answer of relevant columns and applicable methods in JSON format and reason is:","### Step-by-Step Solution:

1. **Identify the Variables Involved:**
   - The statistical question is about the normality of the ""Total Library Visitors"" variable.

2. **Determine the Statistical Task Type:**
   - The task is to test whether a quantitative variable is normally distributed. This falls under the category of ""Distribution Compliance Test.""

3. **Select the Appropriate Method Category:**
   - From the provided classification list, the relevant methods are:
     - Anderson-Darling Test
     - Shapiro-Wilk Test of Normality
     - Kolmogorov-Smirnov Test for Normality
     - Lilliefors Test

4. **Evaluate Each Method Individually:**
   - **Anderson-Darling Test:** This test is suitable for testing normality and is appropriate for quantitative data. It is commonly used for small to medium sample sizes.
   - **Shapiro-Wilk Test of Normality:** This test is also suitable for testing normality and is appropriate for quantitative data. It is particularly powerful for small sample sizes.
   - **Kolmogorov-Smirnov Test for Normality:** This test can be used to test normality, but it is less powerful than the Shapiro-Wilk test for small sample sizes.
   - **Lilliefors Test:** This test is a modification of the Kolmogorov-Smirnov test that accounts for the estimation of parameters from the data, making it more appropriate for testing normality.

5. **Self-Check:**
   - All the methods listed above are appropriate for testing the normality of a quantitative variable. Since the sample size is 72, which is not extremely small, all methods are valid. However, the Shapiro-Wilk test is often preferred for small to medium sample sizes.

6. **Final Answer:**
   - The relevant column is ""Total Library Visitors.""
   - The applicable methods are Anderson-Darling Test, Shapiro-Wilk Test of Normality, Kolmogorov-Smirnov Test for Normality, and Lilliefors Test.

### JSON Format Response:
```json
{
  ""columns"": [""Total Library Visitors""],
  ""methods"": [""Anderson-Darling Test"", ""Shapiro-Wilk Test of Normality"", ""Kolmogorov-Smirnov Test for Normality"", ""Lilliefors Test""]
}
```","{""columns"": [""Total Library Visitors""], ""methods"": [""Anderson-Darling Test"", ""Kolmogorov-Smirnov Test for Normality"", ""Lilliefors Test""]}","{
  ""columns"": [""Total Library Visitors""],
  ""methods"": [""Anderson-Darling Test"", ""Shapiro-Wilk Test of Normality"", ""Kolmogorov-Smirnov Test for Normality"", ""Lilliefors Test""]
}","{""Correct"": 3, ""Wrong"": 1, ""Missed"": 0}","{""Correct"": 1, ""Wrong"": 0, ""Missed"": 0}",0,1,0,False,False,False,True
Lung Cancer Survey Dataset,Is there variation in the impact of allergies on the likelihood of lung cancer diagnosis when examined across different gender categories?,"[{""column_header"": ""ALLERGY "", ""is_strata"": false, ""is_control"": false}, {""column_header"": ""LUNG_CANCER"", ""is_strata"": false, ""is_control"": false}, {""column_header"": ""GENDER"", ""is_strata"": true, ""is_control"": false}]",Contingency Table Test,easy,"[{""method"": ""Mantel-Haenszel Test"", ""result"": ""{\""p value\"": 0.0}"", ""conclusion"": ""Not independent""}]","### Task Description: You need to select relevant columns and all applicable methods from provided list for the given statistical question.
### Instruction: You should only reply with one answer in JSON format containing two keys: 'columns' and 'methods'. The value of 'columns' is a list of columns' headers relevant to the given statistical question, and the value of 'methods' is a list containing all methods you think applicable. For example: {""columns"": [""c1"", ""c2"", ""...""], ""methods"": [""m1"", ""m2"", ""...""]}. If you think there is a strata or control variable involved, put its column header in the last item of the columns list. Ensure your methods selection is only limited to the classification list provided.
### Classification List: 
Correlation Analysis: Pearson Correlation Coefficient, Spearman Correlation Coefficient, Kendall Correlation Coefficient, Partial Correlation Coefficient;
Distribution Compliance Test: Anderson-Darling Test, Shapiro-Wilk Test of Normality, Kolmogorov-Smirnov Test for Normality, Lilliefors Test, Kolmogorov-Smirnov Test, Kolmogorov-Smirnov Test for Uniform distribution, Kolmogorov-Smirnov Test for Gamma distribution, Kolmogorov-Smirnov Test for Exponential distribution;
Contingency Table Test: Chi-square Independence Test, Fisher Exact Test, Mantel-Haenszel Test;
Descriptive Statistics: Mean, Median, Mode, Range, Quartile, Standard Deviation, Skewness, Kurtosis;
Variance Test: Mood Variance Test, Levene Test, Bartlett Test, F-Test for Variance.
### Column Information: 
column_header: GENDER; data_type: categorical; num_of_rows: 309; is_normality: False.
column_header: AGE; data_type: quantitative; num_of_rows: 309; is_normality: False.
column_header: SMOKING; data_type: categorical; num_of_rows: 309; is_normality: False.
column_header: YELLOW_FINGERS; data_type: categorical; num_of_rows: 309; is_normality: False.
column_header: ANXIETY; data_type: categorical; num_of_rows: 309; is_normality: False.
column_header: PEER_PRESSURE; data_type: categorical; num_of_rows: 309; is_normality: False.
column_header: CHRONIC DISEASE; data_type: categorical; num_of_rows: 309; is_normality: False.
column_header: FATIGUE ; data_type: categorical; num_of_rows: 309; is_normality: False.
column_header: ALLERGY ; data_type: categorical; num_of_rows: 309; is_normality: False.
column_header: WHEEZING; data_type: categorical; num_of_rows: 309; is_normality: False.
column_header: ALCOHOL CONSUMING; data_type: categorical; num_of_rows: 309; is_normality: False.
column_header: COUGHING; data_type: categorical; num_of_rows: 309; is_normality: False.
column_header: SHORTNESS OF BREATH; data_type: categorical; num_of_rows: 309; is_normality: False.
column_header: SWALLOWING DIFFICULTY; data_type: categorical; num_of_rows: 309; is_normality: False.
column_header: CHEST PAIN; data_type: categorical; num_of_rows: 309; is_normality: False.
column_header: LUNG_CANCER; data_type: categorical; num_of_rows: 309; is_normality: False.
### Statistical Question: Is there variation in the impact of allergies on the likelihood of lung cancer diagnosis when examined across different gender categories?
### Response: Let's first understand the problem and follow this plan:
1. Identify the variables involved.
2. Determine the statistical task type.
3. Select the appropriate method category.
4. From the candidate methods in the provided classification list, keep only those that satisfy the data type, sample size and assumptions. Evaluate each method 
   individually and state whether it is included or excluded.
5. Self-check: list only the methods marked INCLUDED in Step 4. For each one, confirm it does not contradict any condition identified in Step 4. Remove any method that does. Do not add any new method at this stage.
6. Provide the final answer in JSON format containing both the selected columns and only the methods that remain after Step 5.
Now solve the problem step by step following the plan.The answer of relevant columns and applicable methods in JSON format and reason is:","Let's follow the plan step by step:

1. **Identify the variables involved:**
   - **Allergy (ALLERGY):** Categorical variable indicating the presence or absence of allergies.
   - **Lung Cancer (LUNG_CANCER):** Categorical variable indicating the presence or absence of lung cancer.
   - **Gender (GENDER):** Categorical variable indicating gender, which will be used as a stratification variable.

2. **Determine the statistical task type:**
   - The task involves examining the relationship between a categorical variable (Allergy) and another categorical variable (Lung Cancer) across different categories of a third categorical variable (Gender). This suggests a contingency table analysis.

3. **Select the appropriate method category:**
   - The appropriate method category is **Contingency Table Test**.

4. **From the candidate methods in the provided classification list, keep only those that satisfy the data type, sample size, and assumptions:**
   - **Chi-square Independence Test:** This test is suitable for categorical data and can be used to determine if there is a significant association between two categorical variables (Allergy and Lung Cancer) within different categories of a third categorical variable (Gender).
   - **Fisher Exact Test:** This test is also suitable for categorical data and can be used for small sample sizes, but it is typically used for 2x2 tables. Given the multiple categories in Gender, this test may not be the best fit.
   - **Mantel-Haenszel Test:** This test is used to assess the association between two categorical variables while controlling for a third categorical variable. It is suitable for this scenario.

5. **Self-check:**
   - **Chi-square Independence Test:** INCLUDED.
   - **Fisher Exact Test:** EXCLUDED (not suitable for multiple categories in Gender).
   - **Mantel-Haenszel Test:** INCLUDED.

6. **Provide the final answer in JSON format containing both the selected columns and only the methods that remain after Step 5:**

```json
{
  ""columns"": [""ALLERGY"", ""LUNG_CANCER"", ""GENDER""],
  ""methods"": [""Chi-square Independence Test"", ""Mantel-Haenszel Test""]
}
```","{""columns"": [""ALLERGY "", ""LUNG_CANCER"", ""GENDER""], ""methods"": [""Mantel-Haenszel Test""]}","{
  ""columns"": [""ALLERGY"", ""LUNG_CANCER"", ""GENDER""],
  ""methods"": [""Chi-square Independence Test"", ""Mantel-Haenszel Test""]
}","{""Correct"": 1, ""Wrong"": 1, ""Missed"": 0}","{""Correct"": 3, ""Wrong"": 0, ""Missed"": 0}",0,1,0,False,False,False,True
Customer Personality Analysis Dataset,How is the relationship between the change in the number of children in the customer's household and the number of purchases made with a discount?,"[{""column_header"": ""Kidhome"", ""is_strata"": false, ""is_control"": false}, {""column_header"": ""NumDealsPurchases"", ""is_strata"": false, ""is_control"": false}]",Correlation Analysis,easy,"[{""method"": ""Pearson Correlation Coefficient"", ""result"": ""{\""coefficient\"": 0.2218}"", ""conclusion"": ""Not strongly correlated""}, {""method"": ""Spearman Correlation Coefficient"", ""result"": ""{\""coefficient\"": 0.26058}"", ""conclusion"": ""Not strongly correlated""}, {""method"": ""Kendall Correlation Coefficient"", ""result"": ""{\""coefficient\"": 0.23385}"", ""conclusion"": ""Not strongly correlated""}]","### Task Description: You need to select relevant columns and all applicable methods from provided list for the given statistical question.
### Instruction: You should only reply with one answer in JSON format containing two keys: 'columns' and 'methods'. The value of 'columns' is a list of columns' headers relevant to the given statistical question, and the value of 'methods' is a list containing all methods you think applicable. For example: {""columns"": [""c1"", ""c2"", ""...""], ""methods"": [""m1"", ""m2"", ""...""]}. If you think there is a strata or control variable involved, put its column header in the last item of the columns list. Ensure your methods selection is only limited to the classification list provided.
### Classification List: 
Correlation Analysis: Pearson Correlation Coefficient, Spearman Correlation Coefficient, Kendall Correlation Coefficient, Partial Correlation Coefficient;
Distribution Compliance Test: Anderson-Darling Test, Shapiro-Wilk Test of Normality, Kolmogorov-Smirnov Test for Normality, Lilliefors Test, Kolmogorov-Smirnov Test, Kolmogorov-Smirnov Test for Uniform distribution, Kolmogorov-Smirnov Test for Gamma distribution, Kolmogorov-Smirnov Test for Exponential distribution;
Contingency Table Test: Chi-square Independence Test, Fisher Exact Test, Mantel-Haenszel Test;
Descriptive Statistics: Mean, Median, Mode, Range, Quartile, Standard Deviation, Skewness, Kurtosis;
Variance Test: Mood Variance Test, Levene Test, Bartlett Test, F-Test for Variance.
### Column Information: 
column_header: ID; data_type: id; num_of_rows: 2240; is_normality: False.
column_header: Year_Birth; data_type: other; num_of_rows: 2240; is_normality: False.
column_header: Education; data_type: categorical; num_of_rows: 2240; is_normality: False.
column_header: Marital_Status; data_type: categorical; num_of_rows: 2240; is_normality: False.
column_header: Income; data_type: quantitative; num_of_rows: 2240; is_normality: False.
column_header: Kidhome; data_type: quantitative; num_of_rows: 2240; is_normality: False.
column_header: Teenhome; data_type: quantitative; num_of_rows: 2240; is_normality: False.
column_header: Dt_Customer; data_type: other; num_of_rows: 2240; is_normality: False.
column_header: Recency; data_type: quantitative; num_of_rows: 2240; is_normality: False.
column_header: MntWines; data_type: quantitative; num_of_rows: 2240; is_normality: False.
column_header: MntFruits; data_type: quantitative; num_of_rows: 2240; is_normality: False.
column_header: MntMeatProducts; data_type: quantitative; num_of_rows: 2240; is_normality: False.
column_header: MntFishProducts; data_type: quantitative; num_of_rows: 2240; is_normality: False.
column_header: MntSweetProducts; data_type: quantitative; num_of_rows: 2240; is_normality: False.
column_header: MntGoldProds; data_type: quantitative; num_of_rows: 2240; is_normality: False.
column_header: NumDealsPurchases; data_type: quantitative; num_of_rows: 2240; is_normality: False.
column_header: NumWebPurchases; data_type: quantitative; num_of_rows: 2240; is_normality: False.
column_header: NumCatalogPurchases; data_type: quantitative; num_of_rows: 2240; is_normality: False.
column_header: NumStorePurchases; data_type: quantitative; num_of_rows: 2240; is_normality: False.
column_header: NumWebVisitsMonth; data_type: quantitative; num_of_rows: 2240; is_normality: False.
column_header: AcceptedCmp3; data_type: categorical; num_of_rows: 2240; is_normality: False.
column_header: AcceptedCmp4; data_type: categorical; num_of_rows: 2240; is_normality: False.
column_header: AcceptedCmp5; data_type: categorical; num_of_rows: 2240; is_normality: False.
column_header: AcceptedCmp1; data_type: categorical; num_of_rows: 2240; is_normality: False.
column_header: AcceptedCmp2; data_type: categorical; num_of_rows: 2240; is_normality: False.
column_header: Complain; data_type: categorical; num_of_rows: 2240; is_normality: False.
column_header: Z_CostContact; data_type: quantitative; num_of_rows: 2240; is_normality: False.
column_header: Z_Revenue; data_type: quantitative; num_of_rows: 2240; is_normality: False.
column_header: Response; data_type: categorical; num_of_rows: 2240; is_normality: False.
### Statistical Question: How is the relationship between the change in the number of children in the customer's household and the number of purchases made with a discount?
### Response: Let's first understand the problem and follow this plan:
1. Identify the variables involved.
2. Determine the statistical task type.
3. Select the appropriate method category.
4. From the candidate methods in the provided classification list, keep only those that satisfy the data type, sample size and assumptions. Evaluate each method 
   individually and state whether it is included or excluded.
5. Self-check: list only the methods marked INCLUDED in Step 4. For each one, confirm it does not contradict any condition identified in Step 4. Remove any method that does. Do not add any new method at this stage.
6. Provide the final answer in JSON format containing both the selected columns and only the methods that remain after Step 5.
Now solve the problem step by step following the plan.The answer of relevant columns and applicable methods in JSON format and reason is:","### Step-by-Step Solution:

1. **Identify the Variables Involved:**
   - The number of children in the customer's household: `Kidhome`
   - The number of purchases made with a discount: `NumDealsPurchases`

2. **Determine the Statistical Task Type:**
   - The question is asking about the relationship between two quantitative variables. This suggests a correlation analysis.

3. **Select the Appropriate Method Category:**
   - The appropriate method category is Correlation Analysis.

4. **From the Candidate Methods in the Provided Classification List, Keep Only Those That Satisfy the Data Type, Sample Size, and Assumptions:**
   - The candidate methods for Correlation Analysis are:
     - Pearson Correlation Coefficient
     - Spearman Correlation Coefficient
     - Kendall Correlation Coefficient
     - Partial Correlation Coefficient

   - All these methods are applicable to quantitative variables and do not have strict normality assumptions for the variables involved. Given the sample size of 2240, all methods are feasible.

5. **Self-Check:**
   - All methods listed in the Correlation Analysis category are included and do not contradict any conditions.

6. **Provide the Final Answer in JSON Format:**

```json
{
  ""columns"": [""Kidhome"", ""NumDealsPurchases""],
  ""methods"": [""Pearson Correlation Coefficient"", ""Spearman Correlation Coefficient"", ""Kendall Correlation Coefficient"", ""Partial Correlation Coefficient""]
}
```

### Reason:
- The columns `Kidhome` and `NumDealsPurchases` are the relevant quantitative variables for the statistical question.
- The methods selected are all from the Correlation Analysis category, which is appropriate for assessing the relationship between two quantitative variables.","{""columns"": [""Kidhome"", ""NumDealsPurchases""], ""methods"": [""Pearson Correlation Coefficient"", ""Spearman Correlation Coefficient"", ""Kendall Correlation Coefficient""]}","{
  ""columns"": [""Kidhome"", ""NumDealsPurchases""],
  ""methods"": [""Pearson Correlation Coefficient"", ""Spearman Correlation Coefficient"", ""Kendall Correlation Coefficient"", ""Partial Correlation Coefficient""]
}","{""Correct"": 3, ""Wrong"": 1, ""Missed"": 0}","{""Correct"": 2, ""Wrong"": 0, ""Missed"": 0}",0,1,0,False,False,False,True
Bank Customer Churn Prediction Dataset,Do the observed frequencies in location or country of the bank customer reflect the changes in whether the customer has exited the bank?,"[{""column_header"": ""Geography"", ""is_strata"": false, ""is_control"": false}, {""column_header"": ""Exited"", ""is_strata"": false, ""is_control"": false}]",Contingency Table Test,hard,"[{""method"": ""Chi-square Independence Test"", ""result"": ""{\""p value\"": 0.0}"", ""conclusion"": ""Not independent""}]","### Task Description: You need to select relevant columns and all applicable methods from provided list for the given statistical question.
### Instruction: You should only reply with one answer in JSON format containing two keys: 'columns' and 'methods'. The value of 'columns' is a list of columns' headers relevant to the given statistical question, and the value of 'methods' is a list containing all methods you think applicable. For example: {""columns"": [""c1"", ""c2"", ""...""], ""methods"": [""m1"", ""m2"", ""...""]}. If you think there is a strata or control variable involved, put its column header in the last item of the columns list. Ensure your methods selection is only limited to the classification list provided.
### Classification List: 
Correlation Analysis: Pearson Correlation Coefficient, Spearman Correlation Coefficient, Kendall Correlation Coefficient, Partial Correlation Coefficient;
Distribution Compliance Test: Anderson-Darling Test, Shapiro-Wilk Test of Normality, Kolmogorov-Smirnov Test for Normality, Lilliefors Test, Kolmogorov-Smirnov Test, Kolmogorov-Smirnov Test for Uniform distribution, Kolmogorov-Smirnov Test for Gamma distribution, Kolmogorov-Smirnov Test for Exponential distribution;
Contingency Table Test: Chi-square Independence Test, Fisher Exact Test, Mantel-Haenszel Test;
Descriptive Statistics: Mean, Median, Mode, Range, Quartile, Standard Deviation, Skewness, Kurtosis;
Variance Test: Mood Variance Test, Levene Test, Bartlett Test, F-Test for Variance.
### Column Information: 
column_header: RowNumber; data_type: id; num_of_rows: 10002; is_normality: False.
column_header: CustomerId; data_type: id; num_of_rows: 10002; is_normality: False.
column_header: Surname; data_type: other; num_of_rows: 10002; is_normality: False.
column_header: CreditScore; data_type: quantitative; num_of_rows: 10002; is_normality: False.
column_header: Geography; data_type: categorical; num_of_rows: 10002; is_normality: False.
column_header: Gender; data_type: categorical; num_of_rows: 10002; is_normality: False.
column_header: Age; data_type: quantitative; num_of_rows: 10002; is_normality: False.
column_header: Tenure; data_type: quantitative; num_of_rows: 10002; is_normality: False.
column_header: Balance; data_type: quantitative; num_of_rows: 10002; is_normality: False.
column_header: NumOfProducts; data_type: quantitative; num_of_rows: 10002; is_normality: False.
column_header: HasCrCard; data_type: categorical; num_of_rows: 10002; is_normality: False.
column_header: IsActiveMember; data_type: categorical; num_of_rows: 10002; is_normality: False.
column_header: EstimatedSalary; data_type: quantitative; num_of_rows: 10002; is_normality: False.
column_header: Exited; data_type: categorical; num_of_rows: 10002; is_normality: False.
### Statistical Question: Do the observed frequencies in location or country of the bank customer reflect the changes in whether the customer has exited the bank?
### Response: Let's first understand the problem and follow this plan:
1. Identify the variables involved.
2. Determine the statistical task type.
3. Select the appropriate method category.
4. From the candidate methods in the provided classification list, keep only those that satisfy the data type, sample size and assumptions. Evaluate each method 
   individually and state whether it is included or excluded.
5. Self-check: list only the methods marked INCLUDED in Step 4. For each one, confirm it does not contradict any condition identified in Step 4. Remove any method that does. Do not add any new method at this stage.
6. Provide the final answer in JSON format containing both the selected columns and only the methods that remain after Step 5.
Now solve the problem step by step following the plan.The answer of relevant columns and applicable methods in JSON format and reason is:","### Step-by-Step Solution:

1. **Identify the Variables Involved:**
   - The statistical question involves the categorical variable `Geography` (location or country of the bank customer) and the categorical variable `Exited` (whether the customer has exited the bank).

2. **Determine the Statistical Task Type:**
   - The task is to determine if there is a relationship between the categorical variable `Geography` and the categorical variable `Exited`. This is a contingency table test, which is used to test the independence between two categorical variables.

3. **Select the Appropriate Method Category:**
   - The appropriate method category for this task is the Contingency Table Test.

4. **From the Candidate Methods in the Provided Classification List, Keep Only Those That Satisfy the Data Type, Sample Size, and Assumptions:**
   - The candidate methods for contingency table tests are:
     - Chi-square Independence Test
     - Fisher Exact Test
     - Mantel-Haenszel Test

   - **Chi-square Independence Test:**
     - This test is suitable for large sample sizes and is commonly used for contingency tables.
     - It is appropriate for categorical data.
     - It does not require the data to be normally distributed.
     - **INCLUDED**

   - **Fisher Exact Test:**
     - This test is suitable for small sample sizes or when the expected cell counts are less than 5.
     - It is appropriate for categorical data.
     - It does not require the data to be normally distributed.
     - **INCLUDED**

   - **Mantel-Haenszel Test:**
     - This test is used for stratified contingency tables, where there is a third variable (strata) that needs to be controlled.
     - Since there is no mention of a third variable to control for, this test is not applicable here.
     - **EXCLUDED**

5. **Self-Check:**
   - The methods marked as INCLUDED are:
     - Chi-square Independence Test
     - Fisher Exact Test

6. **Final Answer in JSON Format:**

```json
{
  ""columns"": [""Geography"", ""Exited""],
  ""methods"": [""Chi-square Independence Test"", ""Fisher Exact Test""]
}
```

### Reason:
- The columns `Geography` and `Exited` are the relevant variables for the statistical question.
- The methods `Chi-square Independence Test` and `Fisher Exact Test` are the appropriate methods to test the independence between these two categorical variables.","{""columns"": [""Geography"", ""Exited""], ""methods"": [""Chi-square Independence Test""]}","{
  ""columns"": [""Geography"", ""Exited""],
  ""methods"": [""Chi-square Independence Test"", ""Fisher Exact Test""]
}","{""Correct"": 1, ""Wrong"": 1, ""Missed"": 0}","{""Correct"": 2, ""Wrong"": 0, ""Missed"": 0}",0,1,0,False,False,False,True
Lung Cancer Survey Dataset,Does the interaction between the presence of allergy symptoms and alcohol consumption status vary when stratified by gender?,"[{""column_header"": ""ALLERGY "", ""is_strata"": false, ""is_control"": false}, {""column_header"": ""ALCOHOL CONSUMING"", ""is_strata"": false, ""is_control"": false}, {""column_header"": ""GENDER"", ""is_strata"": true, ""is_control"": false}]",Contingency Table Test,easy,"[{""method"": ""Mantel-Haenszel Test"", ""result"": ""{\""p value\"": 0.0}"", ""conclusion"": ""Not independent""}]","### Task Description: You need to select relevant columns and all applicable methods from provided list for the given statistical question.
### Instruction: You should only reply with one answer in JSON format containing two keys: 'columns' and 'methods'. The value of 'columns' is a list of columns' headers relevant to the given statistical question, and the value of 'methods' is a list containing all methods you think applicable. For example: {""columns"": [""c1"", ""c2"", ""...""], ""methods"": [""m1"", ""m2"", ""...""]}. If you think there is a strata or control variable involved, put its column header in the last item of the columns list. Ensure your methods selection is only limited to the classification list provided.
### Classification List: 
Correlation Analysis: Pearson Correlation Coefficient, Spearman Correlation Coefficient, Kendall Correlation Coefficient, Partial Correlation Coefficient;
Distribution Compliance Test: Anderson-Darling Test, Shapiro-Wilk Test of Normality, Kolmogorov-Smirnov Test for Normality, Lilliefors Test, Kolmogorov-Smirnov Test, Kolmogorov-Smirnov Test for Uniform distribution, Kolmogorov-Smirnov Test for Gamma distribution, Kolmogorov-Smirnov Test for Exponential distribution;
Contingency Table Test: Chi-square Independence Test, Fisher Exact Test, Mantel-Haenszel Test;
Descriptive Statistics: Mean, Median, Mode, Range, Quartile, Standard Deviation, Skewness, Kurtosis;
Variance Test: Mood Variance Test, Levene Test, Bartlett Test, F-Test for Variance.
### Column Information: 
column_header: GENDER; data_type: categorical; num_of_rows: 309; is_normality: False.
column_header: AGE; data_type: quantitative; num_of_rows: 309; is_normality: False.
column_header: SMOKING; data_type: categorical; num_of_rows: 309; is_normality: False.
column_header: YELLOW_FINGERS; data_type: categorical; num_of_rows: 309; is_normality: False.
column_header: ANXIETY; data_type: categorical; num_of_rows: 309; is_normality: False.
column_header: PEER_PRESSURE; data_type: categorical; num_of_rows: 309; is_normality: False.
column_header: CHRONIC DISEASE; data_type: categorical; num_of_rows: 309; is_normality: False.
column_header: FATIGUE ; data_type: categorical; num_of_rows: 309; is_normality: False.
column_header: ALLERGY ; data_type: categorical; num_of_rows: 309; is_normality: False.
column_header: WHEEZING; data_type: categorical; num_of_rows: 309; is_normality: False.
column_header: ALCOHOL CONSUMING; data_type: categorical; num_of_rows: 309; is_normality: False.
column_header: COUGHING; data_type: categorical; num_of_rows: 309; is_normality: False.
column_header: SHORTNESS OF BREATH; data_type: categorical; num_of_rows: 309; is_normality: False.
column_header: SWALLOWING DIFFICULTY; data_type: categorical; num_of_rows: 309; is_normality: False.
column_header: CHEST PAIN; data_type: categorical; num_of_rows: 309; is_normality: False.
column_header: LUNG_CANCER; data_type: categorical; num_of_rows: 309; is_normality: False.
### Statistical Question: Does the interaction between the presence of allergy symptoms and alcohol consumption status vary when stratified by gender?
### Response: Let's first understand the problem and follow this plan:
1. Identify the variables involved.
2. Determine the statistical task type.
3. Select the appropriate method category.
4. From the candidate methods in the provided classification list, keep only those that satisfy the data type, sample size and assumptions. Evaluate each method 
   individually and state whether it is included or excluded.
5. Self-check: list only the methods marked INCLUDED in Step 4. For each one, confirm it does not contradict any condition identified in Step 4. Remove any method that does. Do not add any new method at this stage.
6. Provide the final answer in JSON format containing both the selected columns and only the methods that remain after Step 5.
Now solve the problem step by step following the plan.The answer of relevant columns and applicable methods in JSON format and reason is:","Let's follow the plan step by step:

1. **Identify the variables involved:**
   - Presence of allergy symptoms (ALLERGY)
   - Alcohol consumption status (ALCOHOL CONSUMING)
   - Gender (GENDER)

2. **Determine the statistical task type:**
   - The task involves examining the interaction between two categorical variables (ALLERGY and ALCOHOL CONSUMING) stratified by a third categorical variable (GENDER).

3. **Select the appropriate method category:**
   - Given the nature of the task, we need a method that can handle categorical data and can be stratified by another categorical variable. The most appropriate method category here is the Contingency Table Test.

4. **From the candidate methods in the provided classification list, keep only those that satisfy the data type, sample size, and assumptions:**
   - **Chi-square Independence Test:** This test can handle categorical data and can be stratified by another categorical variable. It is suitable for this task.
   - **Fisher Exact Test:** This test is also suitable for categorical data and can be stratified by another categorical variable. However, it is typically used for smaller sample sizes, and our sample size is 309, which is relatively large. Therefore, it might not be the best choice here.
   - **Mantel-Haenszel Test:** This test is specifically designed to handle stratified contingency tables and is suitable for this task.

5. **Self-check:**
   - **Chi-square Independence Test:** INCLUDED
   - **Fisher Exact Test:** EXCLUDED (due to large sample size)
   - **Mantel-Haenszel Test:** INCLUDED

6. **Provide the final answer in JSON format containing both the selected columns and only the methods that remain after Step 5:**

```json
{
  ""columns"": [""ALLERGY"", ""ALCOHOL CONSUMING"", ""GENDER""],
  ""methods"": [""Chi-square Independence Test"", ""Mantel-Haenszel Test""]
}
```","{""columns"": [""ALLERGY "", ""ALCOHOL CONSUMING"", ""GENDER""], ""methods"": [""Mantel-Haenszel Test""]}","{
  ""columns"": [""ALLERGY"", ""ALCOHOL CONSUMING"", ""GENDER""],
  ""methods"": [""Chi-square Independence Test"", ""Mantel-Haenszel Test""]
}","{""Correct"": 1, ""Wrong"": 1, ""Missed"": 0}","{""Correct"": 3, ""Wrong"": 0, ""Missed"": 0}",0,1,0,False,False,False,True
