dataset,refined_question,relevant_column,task,difficulty,results,prompt,model_answer,ground_truth,extracted_answer,methods_comparison_result,columns_comparison_result,methods_score,columns_score,selection_overall,invalid_answer,column_error,statistical_confusion,applicability_error,answer_task
Dataset for Admission in the University,Is there any evidence of a relationship between the rating of the university where the applicant obtained their undergraduate degree and their research experience?,"[{""column_header"": ""University Rating"", ""is_strata"": false, ""is_control"": false}, {""column_header"": ""Research"", ""is_strata"": false, ""is_control"": false}]",Contingency Table Test,hard,"[{""method"": ""Chi-square Independence Test"", ""result"": ""{\""p value\"": 0.0}"", ""conclusion"": ""Not independent""}]","### Task Description: You need to select relevant columns and all applicable methods from provided list for the given statistical question.
### Instruction: You should only reply with one answer in JSON format containing two keys: 'columns' and 'methods'. The value of 'columns' is a list of columns' headers relevant to the given statistical question, and the value of 'methods' is a list containing all methods you think applicable. For example: {""columns"": [""c1"", ""c2"", ""...""], ""methods"": [""m1"", ""m2"", ""...""]}. If you think there is a strata or control variable involved, put its column header in the last item of the columns list. Ensure your methods selection is only limited to the classification list provided.
### Classification List: 
Correlation Analysis: Pearson Correlation Coefficient, Spearman Correlation Coefficient, Kendall Correlation Coefficient, Partial Correlation Coefficient;
Distribution Compliance Test: Anderson-Darling Test, Shapiro-Wilk Test of Normality, Kolmogorov-Smirnov Test for Normality, Lilliefors Test, Kolmogorov-Smirnov Test, Kolmogorov-Smirnov Test for Uniform distribution, Kolmogorov-Smirnov Test for Gamma distribution, Kolmogorov-Smirnov Test for Exponential distribution;
Contingency Table Test: Chi-square Independence Test, Fisher Exact Test, Mantel-Haenszel Test;
Descriptive Statistics: Mean, Median, Mode, Range, Quartile, Standard Deviation, Skewness, Kurtosis;
Variance Test: Mood Variance Test, Levene Test, Bartlett Test, F-Test for Variance.
### Column Information: 
column_header: Serial No.; data_type: id; num_of_rows: 400; is_normality: False.
column_header: GRE Score; data_type: quantitative; num_of_rows: 400; is_normality: False.
column_header: TOEFL Score; data_type: quantitative; num_of_rows: 400; is_normality: False.
column_header: University Rating; data_type: categorical; num_of_rows: 400; is_normality: False.
column_header: SOP; data_type: quantitative; num_of_rows: 400; is_normality: False.
column_header: LOR ; data_type: quantitative; num_of_rows: 400; is_normality: False.
column_header: CGPA; data_type: quantitative; num_of_rows: 400; is_normality: True.
column_header: Research; data_type: categorical; num_of_rows: 400; is_normality: False.
column_header: Chance of Admit ; data_type: quantitative; num_of_rows: 400; is_normality: False.
### Statistical Question: Is there any evidence of a relationship between the rating of the university where the applicant obtained their undergraduate degree and their research experience?
### Response: Let's first understand the problem and follow this plan: 
1. Identify the variables involved 2. Determine the statistical task type 3. Select the appropriate method category 4. From the candidate methods in the provided classification list, keep only those that satisfy the data type, sample size and assumption 5. Exclude methods that do not satisfy these conditions 6. Provide the final answer in JSON format.
Now solve the problem step by step following the plan.The answer of relevant columns and applicable methods in JSON format and reason is:","```json
{
  ""columns"": [""University Rating"", ""Research""],
  ""methods"": [""Chi-square Independence Test"", ""Fisher Exact Test""]
}
```

### Reasoning:
1. **Identify the Variables Involved:**
   - **University Rating:** Categorical variable.
   - **Research:** Categorical variable.

2. **Determine the Statistical Task Type:**
   - The question asks for evidence of a relationship between two categorical variables.

3. **Select the Appropriate Method Category:**
   - Since we are dealing with two categorical variables, the appropriate method category is the Contingency Table Test.

4. **From the Candidate Methods in the Provided Classification List, Keep Only Those That Satisfy the Data Type, Sample Size, and Assumptions:**
   - The Contingency Table Test category includes the Chi-square Independence Test and Fisher Exact Test.
   - Both methods are suitable for categorical data and can be applied to a sample size of 400.

5. **Exclude Methods That Do Not Satisfy These Conditions:**
   - No methods need to be excluded as both Chi-square Independence Test and Fisher Exact Test are appropriate for the given data.

6. **Provide the Final Answer in JSON Format:**
","{""columns"": [""University Rating"", ""Research""], ""methods"": [""Chi-square Independence Test""]}","['Chi-square Independence Test', 'Fisher Exact Test']","{""Correct"": 1, ""Wrong"": 1, ""Missed"": 0}","{""Correct"": 2, ""Wrong"": 0, ""Missed"": 0}",0,1,0,False,False,False,True,Contingency Table Test
Jobs and Salaries Dataset,Are there any indications of a connection between experience level and work environment that show consistent trends?,"[{""column_header"": ""experience_level"", ""is_strata"": false, ""is_control"": false}, {""column_header"": ""work_setting"", ""is_strata"": false, ""is_control"": false}]",Contingency Table Test,hard,"[{""method"": ""Chi-square Independence Test"", ""result"": ""{\""p value\"": 0.0}"", ""conclusion"": ""Not independent""}]","### Task Description: You need to select relevant columns and all applicable methods from provided list for the given statistical question.
### Instruction: You should only reply with one answer in JSON format containing two keys: 'columns' and 'methods'. The value of 'columns' is a list of columns' headers relevant to the given statistical question, and the value of 'methods' is a list containing all methods you think applicable. For example: {""columns"": [""c1"", ""c2"", ""...""], ""methods"": [""m1"", ""m2"", ""...""]}. If you think there is a strata or control variable involved, put its column header in the last item of the columns list. Ensure your methods selection is only limited to the classification list provided.
### Classification List: 
Correlation Analysis: Pearson Correlation Coefficient, Spearman Correlation Coefficient, Kendall Correlation Coefficient, Partial Correlation Coefficient;
Distribution Compliance Test: Anderson-Darling Test, Shapiro-Wilk Test of Normality, Kolmogorov-Smirnov Test for Normality, Lilliefors Test, Kolmogorov-Smirnov Test, Kolmogorov-Smirnov Test for Uniform distribution, Kolmogorov-Smirnov Test for Gamma distribution, Kolmogorov-Smirnov Test for Exponential distribution;
Contingency Table Test: Chi-square Independence Test, Fisher Exact Test, Mantel-Haenszel Test;
Descriptive Statistics: Mean, Median, Mode, Range, Quartile, Standard Deviation, Skewness, Kurtosis;
Variance Test: Mood Variance Test, Levene Test, Bartlett Test, F-Test for Variance.
### Column Information: 
column_header: work_year; data_type: quantitative; num_of_rows: 9355; is_normality: False.
column_header: job_title; data_type: categorical; num_of_rows: 9355; is_normality: False.
column_header: job_categoricalgory; data_type: categorical; num_of_rows: 9355; is_normality: False.
column_header: salary_currency; data_type: categorical; num_of_rows: 9355; is_normality: False.
column_header: salary; data_type: quantitative; num_of_rows: 9355; is_normality: False.
column_header: salary_in_usd; data_type: quantitative; num_of_rows: 9355; is_normality: False.
column_header: employee_residence; data_type: categorical; num_of_rows: 9355; is_normality: False.
column_header: experience_level; data_type: categorical; num_of_rows: 9355; is_normality: False.
column_header: employment_type; data_type: categorical; num_of_rows: 9355; is_normality: False.
column_header: work_setting; data_type: categorical; num_of_rows: 9355; is_normality: False.
column_header: company_location; data_type: categorical; num_of_rows: 9355; is_normality: False.
column_header: company_size; data_type: categorical; num_of_rows: 9355; is_normality: False.
### Statistical Question: Are there any indications of a connection between experience level and work environment that show consistent trends?
### Response: Let's first understand the problem and follow this plan: 
1. Identify the variables involved 2. Determine the statistical task type 3. Select the appropriate method category 4. From the candidate methods in the provided classification list, keep only those that satisfy the data type, sample size and assumption 5. Exclude methods that do not satisfy these conditions 6. Provide the final answer in JSON format.
Now solve the problem step by step following the plan.The answer of relevant columns and applicable methods in JSON format and reason is:","```json
{
  ""columns"": [""experience_level"", ""work_setting""],
  ""methods"": [""Chi-square Independence Test"", ""Fisher Exact Test""]
}
```

### Reasoning:
1. **Identify the Variables Involved:**
   - The statistical question asks about the connection between ""experience level"" and ""work setting"".
   - ""Experience level"" is a categorical variable.
   - ""Work setting"" is also a categorical variable.

2. **Determine the Statistical Task Type:**
   - The task is to determine if there is a connection or association between two categorical variables.

3. **Select the Appropriate Method Category:**
   - The appropriate method category for testing the association between two categorical variables is the Contingency Table Test.

4. **From the Candidate Methods in the Provided Classification List, Keep Only Those That Satisfy the Data Type, Sample Size, and Assumptions:**
   - The Contingency Table Test methods available are: Chi-square Independence Test, Fisher Exact Test, and Mantel-Haenszel Test.
   - Chi-square Independence Test is suitable for large sample sizes and is commonly used for contingency tables.
   - Fisher Exact Test is suitable for small sample sizes and is exact, making it appropriate","{""columns"": [""experience_level"", ""work_setting""], ""methods"": [""Chi-square Independence Test""]}","['Chi-square Independence Test', 'Fisher Exact Test']","{""Correct"": 1, ""Wrong"": 1, ""Missed"": 0}","{""Correct"": 2, ""Wrong"": 0, ""Missed"": 0}",0,1,0,False,False,False,True,Contingency Table Test
Exercise and Fitness Metrics Dataset,Are the variations in the estimated number of calories burned comparable to those in the Body Mass Index (BMI)?,"[{""column_header"": ""Calories Burn"", ""is_strata"": false, ""is_control"": false}, {""column_header"": ""BMI"", ""is_strata"": false, ""is_control"": false}]",Variance Test,hard,"[{""method"": ""Mood Variance Test"", ""result"": ""{\""stat\"": 0.0, \""p value\"": 1.0}"", ""conclusion"": ""Variance not significantly difference between them""}, {""method"": ""Levene Test"", ""result"": ""{\""stat\"": 10777.22628, \""p value\"": 0.0}"", ""conclusion"": ""Variance significantly difference between them""}]","### Task Description: You need to select relevant columns and all applicable methods from provided list for the given statistical question.
### Instruction: You should only reply with one answer in JSON format containing two keys: 'columns' and 'methods'. The value of 'columns' is a list of columns' headers relevant to the given statistical question, and the value of 'methods' is a list containing all methods you think applicable. For example: {""columns"": [""c1"", ""c2"", ""...""], ""methods"": [""m1"", ""m2"", ""...""]}. If you think there is a strata or control variable involved, put its column header in the last item of the columns list. Ensure your methods selection is only limited to the classification list provided.
### Classification List: 
Correlation Analysis: Pearson Correlation Coefficient, Spearman Correlation Coefficient, Kendall Correlation Coefficient, Partial Correlation Coefficient;
Distribution Compliance Test: Anderson-Darling Test, Shapiro-Wilk Test of Normality, Kolmogorov-Smirnov Test for Normality, Lilliefors Test, Kolmogorov-Smirnov Test, Kolmogorov-Smirnov Test for Uniform distribution, Kolmogorov-Smirnov Test for Gamma distribution, Kolmogorov-Smirnov Test for Exponential distribution;
Contingency Table Test: Chi-square Independence Test, Fisher Exact Test, Mantel-Haenszel Test;
Descriptive Statistics: Mean, Median, Mode, Range, Quartile, Standard Deviation, Skewness, Kurtosis;
Variance Test: Mood Variance Test, Levene Test, Bartlett Test, F-Test for Variance.
### Column Information: 
column_header: ID; data_type: id; num_of_rows: 3864; is_normality: False.
column_header: Exercise; data_type: categorical; num_of_rows: 3864; is_normality: False.
column_header: Calories Burn; data_type: quantitative; num_of_rows: 3864; is_normality: False.
column_header: Dream Weight; data_type: quantitative; num_of_rows: 3864; is_normality: False.
column_header: Actual Weight; data_type: quantitative; num_of_rows: 3864; is_normality: False.
column_header: Age; data_type: quantitative; num_of_rows: 3864; is_normality: False.
column_header: Gender; data_type: categorical; num_of_rows: 3864; is_normality: False.
column_header: Duration; data_type: quantitative; num_of_rows: 3864; is_normality: False.
column_header: Heart Rate; data_type: quantitative; num_of_rows: 3864; is_normality: False.
column_header: BMI; data_type: quantitative; num_of_rows: 3864; is_normality: False.
column_header: Weather Conditions; data_type: categorical; num_of_rows: 3864; is_normality: False.
column_header: Exercise Intensity; data_type: categorical; num_of_rows: 3864; is_normality: False.
### Statistical Question: Are the variations in the estimated number of calories burned comparable to those in the Body Mass Index (BMI)?
### Response: Let's first understand the problem and follow this plan: 
1. Identify the variables involved 2. Determine the statistical task type 3. Select the appropriate method category 4. From the candidate methods in the provided classification list, keep only those that satisfy the data type, sample size and assumption 5. Exclude methods that do not satisfy these conditions 6. Provide the final answer in JSON format.
Now solve the problem step by step following the plan.The answer of relevant columns and applicable methods in JSON format and reason is:","{
  ""columns"": [""Calories Burn"", ""BMI""],
  ""methods"": [""Levene Test"", ""Bartlett Test"", ""Mood Variance Test"", ""F-Test for Variance""]
}

### Reasoning:
1. **Identify the variables involved:**
   - The statistical question is about comparing the variations in the estimated number of calories burned (`Calories Burn`) and Body Mass Index (BMI).
   
2. **Determine the statistical task type:**
   - The task is to compare the variations (variances) of two quantitative variables.

3. **Select the appropriate method category:**
   - The appropriate method category is the Variance Test, as it is used to compare the variances of two or more groups.

4. **From the candidate methods in the provided classification list, keep only those that satisfy the data type, sample size, and assumption:**
   - The methods available for variance tests are: Mood Variance Test, Levene Test, Bartlett Test, and F-Test for Variance.
   - All these methods are applicable to quantitative data and do not have strict normality assumptions (except for Bartlett Test, which assumes normality, but we can still consider it as it might be","{""columns"": [""Calories Burn"", ""BMI""], ""methods"": [""Mood Variance Test"", ""Levene Test""]}","['Levene Test', 'Bartlett Test', 'Mood Variance Test', 'F-Test for Variance']","{""Correct"": 2, ""Wrong"": 2, ""Missed"": 0}","{""Correct"": 2, ""Wrong"": 0, ""Missed"": 0}",0,1,0,False,False,False,True,Variance Test
Los Angeles Library Monthly Statistics,Is the total number of library visitors normally distributed?,"[{""column_header"": ""Total Library Visitors"", ""is_strata"": false, ""is_control"": false}]",Distribution Compliance Test,hard,"[{""method"": ""Anderson-Darling Test"", ""result"": ""{\""AD results\"": \""{\\\""stat\\\"": 0.24753, \\\""crit\\\"": 0.548}\""}"", ""conclusion"": ""Normally distributed""}, {""method"": ""Kolmogorov-Smirnov Test for Normality"", ""result"": ""{\""p value\"": 0.93614}"", ""conclusion"": ""Normally distributed""}, {""method"": ""Lilliefors Test"", ""result"": ""{\""p value\"": 0.80682}"", ""conclusion"": ""Normally distributed""}]","### Task Description: You need to select relevant columns and all applicable methods from provided list for the given statistical question.
### Instruction: You should only reply with one answer in JSON format containing two keys: 'columns' and 'methods'. The value of 'columns' is a list of columns' headers relevant to the given statistical question, and the value of 'methods' is a list containing all methods you think applicable. For example: {""columns"": [""c1"", ""c2"", ""...""], ""methods"": [""m1"", ""m2"", ""...""]}. If you think there is a strata or control variable involved, put its column header in the last item of the columns list. Ensure your methods selection is only limited to the classification list provided.
### Classification List: 
Correlation Analysis: Pearson Correlation Coefficient, Spearman Correlation Coefficient, Kendall Correlation Coefficient, Partial Correlation Coefficient;
Distribution Compliance Test: Anderson-Darling Test, Shapiro-Wilk Test of Normality, Kolmogorov-Smirnov Test for Normality, Lilliefors Test, Kolmogorov-Smirnov Test, Kolmogorov-Smirnov Test for Uniform distribution, Kolmogorov-Smirnov Test for Gamma distribution, Kolmogorov-Smirnov Test for Exponential distribution;
Contingency Table Test: Chi-square Independence Test, Fisher Exact Test, Mantel-Haenszel Test;
Descriptive Statistics: Mean, Median, Mode, Range, Quartile, Standard Deviation, Skewness, Kurtosis;
Variance Test: Mood Variance Test, Levene Test, Bartlett Test, F-Test for Variance.
### Column Information: 
column_header: Date; data_type: other; num_of_rows: 72; is_normality: False.
column_header: Total Library Visitors; data_type: quantitative; num_of_rows: 72; is_normality: True.
column_header: Total Program Attendees; data_type: quantitative; num_of_rows: 72; is_normality: False.
column_header: Total eMedia Circulation; data_type: quantitative; num_of_rows: 72; is_normality: True.
column_header: Total Cardholders; data_type: quantitative; num_of_rows: 72; is_normality: False.
column_header: Total Computer Usage (Wireless + PC Sessions); data_type: quantitative; num_of_rows: 72; is_normality: False.
column_header: New Cardholders; data_type: quantitative; num_of_rows: 72; is_normality: False.
column_header: # of Individuals Assisted in Pursuing Citizenship; data_type: quantitative; num_of_rows: 72; is_normality: False.
column_header: # of Homeless Individuals Served at The Source; data_type: quantitative; num_of_rows: 72; is_normality: False.
column_header: # of Attendees at Children's and Teen Programming; data_type: quantitative; num_of_rows: 72; is_normality: False.
### Statistical Question: Is the total number of library visitors normally distributed?
### Response: Let's first understand the problem and follow this plan: 
1. Identify the variables involved 2. Determine the statistical task type 3. Select the appropriate method category 4. From the candidate methods in the provided classification list, keep only those that satisfy the data type, sample size and assumption 5. Exclude methods that do not satisfy these conditions 6. Provide the final answer in JSON format.
Now solve the problem step by step following the plan.The answer of relevant columns and applicable methods in JSON format and reason is:","```json
{
  ""columns"": [""Total Library Visitors""],
  ""methods"": [""Shapiro-Wilk Test of Normality"", ""Anderson-Darling Test"", ""Kolmogorov-Smirnov Test for Normality"", ""Lilliefors Test""]
}
```

### Reasoning:
1. **Identify the Variables Involved:**
   - The statistical question is about the normal distribution of the ""Total Library Visitors"" variable.

2. **Determine the Statistical Task Type:**
   - The task is to test whether a single quantitative variable is normally distributed.

3. **Select the Appropriate Method Category:**
   - The appropriate category for this task is the ""Distribution Compliance Test"".

4. **Select Candidate Methods:**
   - From the provided classification list, the following methods are applicable for testing normality:
     - Shapiro-Wilk Test of Normality
     - Anderson-Darling Test
     - Kolmogorov-Smirnov Test for Normality
     - Lilliefors Test

5. **Exclude Methods That Do Not Satisfy Conditions:**
   - All the above methods are suitable for testing the normality of a single quantitative variable with a sample size of 72.

6.","{""columns"": [""Total Library Visitors""], ""methods"": [""Anderson-Darling Test"", ""Kolmogorov-Smirnov Test for Normality"", ""Lilliefors Test""]}","['Shapiro-Wilk Test of Normality', 'Anderson-Darling Test', 'Kolmogorov-Smirnov Test for Normality', 'Lilliefors Test']","{""Correct"": 3, ""Wrong"": 1, ""Missed"": 0}","{""Correct"": 1, ""Wrong"": 0, ""Missed"": 0}",0,1,0,False,False,False,True,Distribution Compliance Test
Lung Cancer Survey Dataset,Does the level of anxiety have an impact on modifying the association between coughing and the diagnosis of lung cancer?,"[{""column_header"": ""COUGHING"", ""is_strata"": false, ""is_control"": false}, {""column_header"": ""LUNG_CANCER"", ""is_strata"": false, ""is_control"": false}, {""column_header"": ""ANXIETY"", ""is_strata"": true, ""is_control"": false}]",Contingency Table Test,easy,"[{""method"": ""Mantel-Haenszel Test"", ""result"": ""{\""p value\"": 0.0}"", ""conclusion"": ""Not independent""}]","### Task Description: You need to select relevant columns and all applicable methods from provided list for the given statistical question.
### Instruction: You should only reply with one answer in JSON format containing two keys: 'columns' and 'methods'. The value of 'columns' is a list of columns' headers relevant to the given statistical question, and the value of 'methods' is a list containing all methods you think applicable. For example: {""columns"": [""c1"", ""c2"", ""...""], ""methods"": [""m1"", ""m2"", ""...""]}. If you think there is a strata or control variable involved, put its column header in the last item of the columns list. Ensure your methods selection is only limited to the classification list provided.
### Classification List: 
Correlation Analysis: Pearson Correlation Coefficient, Spearman Correlation Coefficient, Kendall Correlation Coefficient, Partial Correlation Coefficient;
Distribution Compliance Test: Anderson-Darling Test, Shapiro-Wilk Test of Normality, Kolmogorov-Smirnov Test for Normality, Lilliefors Test, Kolmogorov-Smirnov Test, Kolmogorov-Smirnov Test for Uniform distribution, Kolmogorov-Smirnov Test for Gamma distribution, Kolmogorov-Smirnov Test for Exponential distribution;
Contingency Table Test: Chi-square Independence Test, Fisher Exact Test, Mantel-Haenszel Test;
Descriptive Statistics: Mean, Median, Mode, Range, Quartile, Standard Deviation, Skewness, Kurtosis;
Variance Test: Mood Variance Test, Levene Test, Bartlett Test, F-Test for Variance.
### Column Information: 
column_header: GENDER; data_type: categorical; num_of_rows: 309; is_normality: False.
column_header: AGE; data_type: quantitative; num_of_rows: 309; is_normality: False.
column_header: SMOKING; data_type: categorical; num_of_rows: 309; is_normality: False.
column_header: YELLOW_FINGERS; data_type: categorical; num_of_rows: 309; is_normality: False.
column_header: ANXIETY; data_type: categorical; num_of_rows: 309; is_normality: False.
column_header: PEER_PRESSURE; data_type: categorical; num_of_rows: 309; is_normality: False.
column_header: CHRONIC DISEASE; data_type: categorical; num_of_rows: 309; is_normality: False.
column_header: FATIGUE ; data_type: categorical; num_of_rows: 309; is_normality: False.
column_header: ALLERGY ; data_type: categorical; num_of_rows: 309; is_normality: False.
column_header: WHEEZING; data_type: categorical; num_of_rows: 309; is_normality: False.
column_header: ALCOHOL CONSUMING; data_type: categorical; num_of_rows: 309; is_normality: False.
column_header: COUGHING; data_type: categorical; num_of_rows: 309; is_normality: False.
column_header: SHORTNESS OF BREATH; data_type: categorical; num_of_rows: 309; is_normality: False.
column_header: SWALLOWING DIFFICULTY; data_type: categorical; num_of_rows: 309; is_normality: False.
column_header: CHEST PAIN; data_type: categorical; num_of_rows: 309; is_normality: False.
column_header: LUNG_CANCER; data_type: categorical; num_of_rows: 309; is_normality: False.
### Statistical Question: Does the level of anxiety have an impact on modifying the association between coughing and the diagnosis of lung cancer?
### Response: Let's first understand the problem and follow this plan: 
1. Identify the variables involved 2. Determine the statistical task type 3. Select the appropriate method category 4. From the candidate methods in the provided classification list, keep only those that satisfy the data type, sample size and assumption 5. Exclude methods that do not satisfy these conditions 6. Provide the final answer in JSON format.
Now solve the problem step by step following the plan.The answer of relevant columns and applicable methods in JSON format and reason is:","```json
{
  ""columns"": [""ANXIETY"", ""COUGHING"", ""LUNG_CANCER""],
  ""methods"": [""Chi-square Independence Test"", ""Mantel-Haenszel Test""]
}
```

### Reasoning:
1. **Identify the Variables Involved:**
   - **ANXIETY:** Categorical variable indicating the level of anxiety.
   - **COUGHING:** Categorical variable indicating whether a person is coughing.
   - **LUNG_CANCER:** Categorical variable indicating the diagnosis of lung cancer.

2. **Determine the Statistical Task Type:**
   - The question asks whether the level of anxiety modifies the association between coughing and lung cancer diagnosis. This involves assessing the interaction effect of two categorical variables (COUGHING and LUNG_CANCER) while considering a third categorical variable (ANXIETY).

3. **Select the Appropriate Method Category:**
   - The task involves assessing the interaction effect between categorical variables, which can be addressed using contingency table tests.

4. **From the Candidate Methods in the Provided Classification List, Keep Only Those That Satisfy the Data Type, Sample Size, and Assumption:**
   - **Chi-square Independence Test:** This test can","{""columns"": [""COUGHING"", ""LUNG_CANCER"", ""ANXIETY""], ""methods"": [""Mantel-Haenszel Test""]}","['Chi-square Independence Test', 'Mantel-Haenszel Test']","{""Correct"": 1, ""Wrong"": 1, ""Missed"": 0}","{""Correct"": 3, ""Wrong"": 0, ""Missed"": 0}",0,1,0,False,False,False,True,Contingency Table Test
Student Performance Prediction Dataset,Do the observed frequencies of mother's job (Mjob) and guardian conform to the independence assumption?,"[{""column_header"": ""Mjob"", ""is_strata"": false, ""is_control"": false}, {""column_header"": ""guardian"", ""is_strata"": false, ""is_control"": false}]",Contingency Table Test,hard,"[{""method"": ""Chi-square Independence Test"", ""result"": ""{\""p value\"": 0.00238}"", ""conclusion"": ""Not independent""}]","### Task Description: You need to select relevant columns and all applicable methods from provided list for the given statistical question.
### Instruction: You should only reply with one answer in JSON format containing two keys: 'columns' and 'methods'. The value of 'columns' is a list of columns' headers relevant to the given statistical question, and the value of 'methods' is a list containing all methods you think applicable. For example: {""columns"": [""c1"", ""c2"", ""...""], ""methods"": [""m1"", ""m2"", ""...""]}. If you think there is a strata or control variable involved, put its column header in the last item of the columns list. Ensure your methods selection is only limited to the classification list provided.
### Classification List: 
Correlation Analysis: Pearson Correlation Coefficient, Spearman Correlation Coefficient, Kendall Correlation Coefficient, Partial Correlation Coefficient;
Distribution Compliance Test: Anderson-Darling Test, Shapiro-Wilk Test of Normality, Kolmogorov-Smirnov Test for Normality, Lilliefors Test, Kolmogorov-Smirnov Test, Kolmogorov-Smirnov Test for Uniform distribution, Kolmogorov-Smirnov Test for Gamma distribution, Kolmogorov-Smirnov Test for Exponential distribution;
Contingency Table Test: Chi-square Independence Test, Fisher Exact Test, Mantel-Haenszel Test;
Descriptive Statistics: Mean, Median, Mode, Range, Quartile, Standard Deviation, Skewness, Kurtosis;
Variance Test: Mood Variance Test, Levene Test, Bartlett Test, F-Test for Variance.
### Column Information: 
column_header: Unnamed: 0; data_type: id; num_of_rows: 649; is_normality: False.
column_header: school; data_type: categorical; num_of_rows: 649; is_normality: False.
column_header: sex; data_type: categorical; num_of_rows: 649; is_normality: False.
column_header: age; data_type: quantitative; num_of_rows: 649; is_normality: False.
column_header: address; data_type: categorical; num_of_rows: 649; is_normality: False.
column_header: famsize; data_type: categorical; num_of_rows: 649; is_normality: False.
column_header: Pstatus; data_type: categorical; num_of_rows: 649; is_normality: False.
column_header: Medu; data_type: quantitative; num_of_rows: 649; is_normality: False.
column_header: Fedu; data_type: quantitative; num_of_rows: 649; is_normality: False.
column_header: Mjob; data_type: categorical; num_of_rows: 649; is_normality: False.
column_header: Fjob; data_type: categorical; num_of_rows: 649; is_normality: False.
column_header: reason; data_type: categorical; num_of_rows: 649; is_normality: False.
column_header: guardian; data_type: categorical; num_of_rows: 649; is_normality: False.
column_header: traveltime; data_type: quantitative; num_of_rows: 649; is_normality: False.
column_header: studytime; data_type: quantitative; num_of_rows: 649; is_normality: False.
column_header: failures; data_type: quantitative; num_of_rows: 649; is_normality: False.
column_header: schoolsup; data_type: categorical; num_of_rows: 649; is_normality: False.
column_header: famsup; data_type: categorical; num_of_rows: 649; is_normality: False.
column_header: paid; data_type: categorical; num_of_rows: 649; is_normality: False.
column_header: activities; data_type: categorical; num_of_rows: 649; is_normality: False.
column_header: nursery; data_type: categorical; num_of_rows: 649; is_normality: False.
column_header: higher; data_type: categorical; num_of_rows: 649; is_normality: False.
column_header: internet; data_type: categorical; num_of_rows: 649; is_normality: False.
column_header: romantic; data_type: categorical; num_of_rows: 649; is_normality: False.
column_header: famrel; data_type: quantitative; num_of_rows: 649; is_normality: False.
column_header: freetime; data_type: quantitative; num_of_rows: 649; is_normality: False.
column_header: goout; data_type: quantitative; num_of_rows: 649; is_normality: False.
column_header: Dalc; data_type: quantitative; num_of_rows: 649; is_normality: False.
column_header: Walc; data_type: quantitative; num_of_rows: 649; is_normality: False.
column_header: health; data_type: quantitative; num_of_rows: 649; is_normality: False.
column_header: absences; data_type: quantitative; num_of_rows: 649; is_normality: False.
column_header: G1; data_type: quantitative; num_of_rows: 649; is_normality: False.
column_header: G2; data_type: quantitative; num_of_rows: 649; is_normality: False.
column_header: G3; data_type: quantitative; num_of_rows: 649; is_normality: False.
### Statistical Question: Do the observed frequencies of mother's job (Mjob) and guardian conform to the independence assumption?
### Response: Let's first understand the problem and follow this plan: 
1. Identify the variables involved 2. Determine the statistical task type 3. Select the appropriate method category 4. From the candidate methods in the provided classification list, keep only those that satisfy the data type, sample size and assumption 5. Exclude methods that do not satisfy these conditions 6. Provide the final answer in JSON format.
Now solve the problem step by step following the plan.The answer of relevant columns and applicable methods in JSON format and reason is:","```json
{
  ""columns"": [""Mjob"", ""guardian""],
  ""methods"": [""Chi-square Independence Test"", ""Fisher Exact Test""]
}
```

### Reasoning:
1. **Identify the Variables Involved:**
   - The statistical question involves two categorical variables: `Mjob` (mother's job) and `guardian`.

2. **Determine the Statistical Task Type:**
   - The task is to test the independence between two categorical variables. This falls under the category of Contingency Table Tests.

3. **Select the Appropriate Method Category:**
   - From the provided classification list, the relevant methods are those under Contingency Table Test.

4. **Select Applicable Methods:**
   - The methods applicable for testing the independence between two categorical variables are:
     - Chi-square Independence Test
     - Fisher Exact Test

5. **Final Selection:**
   - Both methods are suitable for the given data type (categorical) and sample size (649 rows).

Thus, the relevant columns are `Mjob` and `guardian`, and the applicable methods are `Chi-square Independence Test` and `Fisher Exact Test`.","{""columns"": [""Mjob"", ""guardian""], ""methods"": [""Chi-square Independence Test""]}","['Chi-square Independence Test', 'Fisher Exact Test']","{""Correct"": 1, ""Wrong"": 1, ""Missed"": 0}","{""Correct"": 2, ""Wrong"": 0, ""Missed"": 0}",0,1,0,False,False,False,True,Contingency Table Test
Rainfall Dataset of Barak Velly,How pronounced is the distribution of rainfall measurements for September?,"[{""column_header"": ""SEP"", ""is_strata"": false, ""is_control"": false}]",Descriptive Statistics,easy,"[{""method"": ""Kurtosis"", ""result"": ""2.82988"", ""conclusion"": ""2.82988""}]","### Task Description: You need to select relevant columns and all applicable methods from provided list for the given statistical question.
### Instruction: You should only reply with one answer in JSON format containing two keys: 'columns' and 'methods'. The value of 'columns' is a list of columns' headers relevant to the given statistical question, and the value of 'methods' is a list containing all methods you think applicable. For example: {""columns"": [""c1"", ""c2"", ""...""], ""methods"": [""m1"", ""m2"", ""...""]}. If you think there is a strata or control variable involved, put its column header in the last item of the columns list. Ensure your methods selection is only limited to the classification list provided.
### Classification List: 
Correlation Analysis: Pearson Correlation Coefficient, Spearman Correlation Coefficient, Kendall Correlation Coefficient, Partial Correlation Coefficient;
Distribution Compliance Test: Anderson-Darling Test, Shapiro-Wilk Test of Normality, Kolmogorov-Smirnov Test for Normality, Lilliefors Test, Kolmogorov-Smirnov Test, Kolmogorov-Smirnov Test for Uniform distribution, Kolmogorov-Smirnov Test for Gamma distribution, Kolmogorov-Smirnov Test for Exponential distribution;
Contingency Table Test: Chi-square Independence Test, Fisher Exact Test, Mantel-Haenszel Test;
Descriptive Statistics: Mean, Median, Mode, Range, Quartile, Standard Deviation, Skewness, Kurtosis;
Variance Test: Mood Variance Test, Levene Test, Bartlett Test, F-Test for Variance.
### Column Information: 
column_header: DISTRICT; data_type: categorical; num_of_rows: 128; is_normality: False.
column_header: YEAR; data_type: other; num_of_rows: 128; is_normality: False.
column_header: JAN; data_type: quantitative; num_of_rows: 128; is_normality: False.
column_header: FEB; data_type: quantitative; num_of_rows: 128; is_normality: False.
column_header: MAR; data_type: quantitative; num_of_rows: 128; is_normality: False.
column_header: APR; data_type: quantitative; num_of_rows: 128; is_normality: False.
column_header: MAY; data_type: quantitative; num_of_rows: 128; is_normality: False.
column_header: JUN; data_type: quantitative; num_of_rows: 128; is_normality: False.
column_header: JUL; data_type: quantitative; num_of_rows: 128; is_normality: False.
column_header: AUG; data_type: quantitative; num_of_rows: 128; is_normality: False.
column_header: SEP; data_type: quantitative; num_of_rows: 128; is_normality: False.
column_header: OCT; data_type: quantitative; num_of_rows: 128; is_normality: False.
column_header: NOV; data_type: quantitative; num_of_rows: 128; is_normality: False.
column_header: DEC; data_type: quantitative; num_of_rows: 128; is_normality: False.
column_header: ANU; data_type: quantitative; num_of_rows: 128; is_normality: False.
### Statistical Question: How pronounced is the distribution of rainfall measurements for September?
### Response: Let's first understand the problem and follow this plan: 
1. Identify the variables involved 2. Determine the statistical task type 3. Select the appropriate method category 4. From the candidate methods in the provided classification list, keep only those that satisfy the data type, sample size and assumption 5. Exclude methods that do not satisfy these conditions 6. Provide the final answer in JSON format.
Now solve the problem step by step following the plan.The answer of relevant columns and applicable methods in JSON format and reason is:","{
  ""columns"": [""SEP""],
  ""methods"": [""Skewness"", ""Kurtosis"", ""Anderson-Darling Test"", ""Shapiro-Wilk Test of Normality"", ""Kolmogorov-Smirnov Test for Normality"", ""Lilliefors Test""]
}

### Reasoning:
1. **Identify the variables involved**: The statistical question is about the distribution of rainfall measurements for September. The relevant column is ""SEP"".
2. **Determine the statistical task type**: The task is to assess the distribution of a quantitative variable.
3. **Select the appropriate method category**: Methods from the ""Descriptive Statistics"" and ""Distribution Compliance Test"" categories are relevant.
4. **From the candidate methods in the provided classification list, keep only those that satisfy the data type, sample size, and assumption**:
   - **Descriptive Statistics**: Measures like Skewness and Kurtosis can describe the shape of the distribution.
   - **Distribution Compliance Test**: Tests like Anderson-Darling, Shapiro-Wilk, Kolmogorov-Smirnov for Normality, and Lilliefors can test if the distribution follows a specific distribution (e.g., normal).
5. **Exclude methods that do not satisfy these","{""columns"": [""SEP""], ""methods"": [""Kurtosis""]}","['Skewness', 'Kurtosis', 'Anderson-Darling Test', 'Shapiro-Wilk Test of Normality', 'Kolmogorov-Smirnov Test for Normality', 'Lilliefors Test']","{""Correct"": 1, ""Wrong"": 5, ""Missed"": 0}","{""Correct"": 1, ""Wrong"": 0, ""Missed"": 0}",0,1,0,False,False,False,True,Distribution Compliance Test
Heart Failure Prediction Dataset,Is there any association between the type of chest pain and the presence of heart disease?,"[{""column_header"": ""ChestPainType"", ""is_strata"": false, ""is_control"": false}, {""column_header"": ""HeartDisease"", ""is_strata"": false, ""is_control"": false}]",Contingency Table Test,hard,"[{""method"": ""Chi-square Independence Test"", ""result"": ""{\""p value\"": 0.0}"", ""conclusion"": ""Not independent""}]","### Task Description: You need to select relevant columns and all applicable methods from provided list for the given statistical question.
### Instruction: You should only reply with one answer in JSON format containing two keys: 'columns' and 'methods'. The value of 'columns' is a list of columns' headers relevant to the given statistical question, and the value of 'methods' is a list containing all methods you think applicable. For example: {""columns"": [""c1"", ""c2"", ""...""], ""methods"": [""m1"", ""m2"", ""...""]}. If you think there is a strata or control variable involved, put its column header in the last item of the columns list. Ensure your methods selection is only limited to the classification list provided.
### Classification List: 
Correlation Analysis: Pearson Correlation Coefficient, Spearman Correlation Coefficient, Kendall Correlation Coefficient, Partial Correlation Coefficient;
Distribution Compliance Test: Anderson-Darling Test, Shapiro-Wilk Test of Normality, Kolmogorov-Smirnov Test for Normality, Lilliefors Test, Kolmogorov-Smirnov Test, Kolmogorov-Smirnov Test for Uniform distribution, Kolmogorov-Smirnov Test for Gamma distribution, Kolmogorov-Smirnov Test for Exponential distribution;
Contingency Table Test: Chi-square Independence Test, Fisher Exact Test, Mantel-Haenszel Test;
Descriptive Statistics: Mean, Median, Mode, Range, Quartile, Standard Deviation, Skewness, Kurtosis;
Variance Test: Mood Variance Test, Levene Test, Bartlett Test, F-Test for Variance.
### Column Information: 
column_header: Age; data_type: quantitative; num_of_rows: 918; is_normality: False.
column_header: Sex; data_type: categorical; num_of_rows: 918; is_normality: False.
column_header: ChestPainType; data_type: categorical; num_of_rows: 918; is_normality: False.
column_header: RestingBP; data_type: quantitative; num_of_rows: 918; is_normality: False.
column_header: Cholesterol; data_type: quantitative; num_of_rows: 918; is_normality: False.
column_header: FastingBS; data_type: categorical; num_of_rows: 918; is_normality: False.
column_header: RestingECG; data_type: categorical; num_of_rows: 918; is_normality: False.
column_header: MaxHR; data_type: quantitative; num_of_rows: 918; is_normality: False.
column_header: ExerciseAngina; data_type: categorical; num_of_rows: 918; is_normality: False.
column_header: Oldpeak; data_type: quantitative; num_of_rows: 918; is_normality: False.
column_header: ST_Slope; data_type: categorical; num_of_rows: 918; is_normality: False.
column_header: HeartDisease; data_type: categorical; num_of_rows: 918; is_normality: False.
### Statistical Question: Is there any association between the type of chest pain and the presence of heart disease?
### Response: Let's first understand the problem and follow this plan: 
1. Identify the variables involved 2. Determine the statistical task type 3. Select the appropriate method category 4. From the candidate methods in the provided classification list, keep only those that satisfy the data type, sample size and assumption 5. Exclude methods that do not satisfy these conditions 6. Provide the final answer in JSON format.
Now solve the problem step by step following the plan.The answer of relevant columns and applicable methods in JSON format and reason is:","```json
{
  ""columns"": [""ChestPainType"", ""HeartDisease""],
  ""methods"": [""Chi-square Independence Test"", ""Fisher Exact Test""]
}
```

### Reasoning:
1. **Identify the Variables Involved:**
   - **ChestPainType:** Categorical variable.
   - **HeartDisease:** Categorical variable.

2. **Determine the Statistical Task Type:**
   - The question asks for an association between two categorical variables.

3. **Select the Appropriate Method Category:**
   - The appropriate method category for testing the association between two categorical variables is the Contingency Table Test.

4. **From the Candidate Methods in the Provided Classification List, Keep Only Those That Satisfy the Data Type, Sample Size, and Assumptions:**
   - **Chi-square Independence Test:** Suitable for large sample sizes and when expected cell counts are sufficiently large.
   - **Fisher Exact Test:** Suitable for small sample sizes and when expected cell counts are small.

5. **Exclude Methods That Do Not Satisfy These Conditions:**
   - No other methods from the provided list are applicable for testing the association between two categorical variables.

6. **Provide the Final Answer in JSON Format","{""columns"": [""ChestPainType"", ""HeartDisease""], ""methods"": [""Chi-square Independence Test""]}","['Chi-square Independence Test', 'Fisher Exact Test']","{""Correct"": 1, ""Wrong"": 1, ""Missed"": 0}","{""Correct"": 2, ""Wrong"": 0, ""Missed"": 0}",0,1,0,False,False,False,True,Contingency Table Test
Crop Production Dataset,Do Nigeria and Bangladesh have comparable levels of dispersion in crop production?,"[{""column_header"": ""Nigeria"", ""is_strata"": false, ""is_control"": false}, {""column_header"": ""Bangladesh"", ""is_strata"": false, ""is_control"": false}]",Variance Test,easy,"[{""method"": ""Mood Variance Test"", ""result"": ""{\""stat\"": 0.0, \""p value\"": 1.0}"", ""conclusion"": ""Variance not significantly difference between them""}, {""method"": ""Levene Test"", ""result"": ""{\""stat\"": 9.66737, \""p value\"": 0.02087}"", ""conclusion"": ""Variance significantly difference between them""}, {""method"": ""Bartlett Test"", ""result"": ""{\""stat\"": 4.94003, \""p value\"": 0.02624}"", ""conclusion"": ""Variance significantly difference between them""}, {""method"": ""F-Test for Variance"", ""result"": ""{\""stat\"": 34.08821, \""p value\"": 0.00111}"", ""conclusion"": ""Variance significantly difference between them""}]","### Task Description: You need to select relevant columns and all applicable methods from provided list for the given statistical question.
### Instruction: You should only reply with one answer in JSON format containing two keys: 'columns' and 'methods'. The value of 'columns' is a list of columns' headers relevant to the given statistical question, and the value of 'methods' is a list containing all methods you think applicable. For example: {""columns"": [""c1"", ""c2"", ""...""], ""methods"": [""m1"", ""m2"", ""...""]}. If you think there is a strata or control variable involved, put its column header in the last item of the columns list. Ensure your methods selection is only limited to the classification list provided.
### Classification List: 
Correlation Analysis: Pearson Correlation Coefficient, Spearman Correlation Coefficient, Kendall Correlation Coefficient, Partial Correlation Coefficient;
Distribution Compliance Test: Anderson-Darling Test, Shapiro-Wilk Test of Normality, Kolmogorov-Smirnov Test for Normality, Lilliefors Test, Kolmogorov-Smirnov Test, Kolmogorov-Smirnov Test for Uniform distribution, Kolmogorov-Smirnov Test for Gamma distribution, Kolmogorov-Smirnov Test for Exponential distribution;
Contingency Table Test: Chi-square Independence Test, Fisher Exact Test, Mantel-Haenszel Test;
Descriptive Statistics: Mean, Median, Mode, Range, Quartile, Standard Deviation, Skewness, Kurtosis;
Variance Test: Mood Variance Test, Levene Test, Bartlett Test, F-Test for Variance.
### Column Information: 
column_header: Year; data_type: Other; num_of_rows: 4; is_normality: False.
column_header: Nigeria; data_type: quantitative; num_of_rows: 4; is_normality: True.
column_header: Pakistan; data_type: quantitative; num_of_rows: 4; is_normality: True.
column_header: Japan; data_type: quantitative; num_of_rows: 4; is_normality: True.
column_header: United States; data_type: quantitative; num_of_rows: 4; is_normality: True.
column_header: Brazil; data_type: quantitative; num_of_rows: 4; is_normality: True.
column_header: Philippines; data_type: quantitative; num_of_rows: 4; is_normality: True.
column_header: Myanmar; data_type: quantitative; num_of_rows: 4; is_normality: True.
column_header: Thailand; data_type: quantitative; num_of_rows: 4; is_normality: True.
column_header: Vietnam; data_type: quantitative; num_of_rows: 4; is_normality: True.
column_header: Indonesia; data_type: quantitative; num_of_rows: 4; is_normality: True.
column_header: Bangladesh; data_type: quantitative; num_of_rows: 4; is_normality: True.
column_header: India; data_type: quantitative; num_of_rows: 4; is_normality: True.
column_header: China; data_type: quantitative; num_of_rows: 4; is_normality: True.
### Statistical Question: Do Nigeria and Bangladesh have comparable levels of dispersion in crop production?
### Response: Let's first understand the problem and follow this plan: 
1. Identify the variables involved 2. Determine the statistical task type 3. Select the appropriate method category 4. From the candidate methods in the provided classification list, keep only those that satisfy the data type, sample size and assumption 5. Exclude methods that do not satisfy these conditions 6. Provide the final answer in JSON format.
Now solve the problem step by step following the plan.The answer of relevant columns and applicable methods in JSON format and reason is:","```json
{
  ""columns"": [""Nigeria"", ""Bangladesh""],
  ""methods"": [""Mood Variance Test"", ""Levene Test"", ""Bartlett Test""]
}
```

### Reasoning:
1. **Identify the Variables Involved:**
   - The statistical question is about comparing the dispersion (variability) in crop production between Nigeria and Bangladesh.
   - The relevant columns are ""Nigeria"" and ""Bangladesh"".

2. **Determine the Statistical Task Type:**
   - The task is to compare the dispersion (variability) between two groups, which falls under the category of variance tests.

3. **Select the Appropriate Method Category:**
   - The appropriate method category is ""Variance Test"".

4. **From the Candidate Methods in the Provided Classification List, Keep Only Those That Satisfy the Data Type, Sample Size, and Assumption:**
   - The data type for both Nigeria and Bangladesh is quantitative.
   - The sample size for both countries is 4.
   - The methods available for variance tests are Mood Variance Test, Levene Test, and Bartlett Test.

5. **Exclude Methods That Do Not Satisfy These Conditions:**
   - All three methods (","{""columns"": [""Nigeria"", ""Bangladesh""], ""methods"": [""Mood Variance Test"", ""Levene Test"", ""Bartlett Test"", ""F-Test for Variance""]}","['Mood Variance Test', 'Levene Test', 'Bartlett Test']","{""Correct"": 3, ""Wrong"": 0, ""Missed"": 1}","{""Correct"": 2, ""Wrong"": 0, ""Missed"": 0}",0,1,0,False,False,False,True,Variance Test
Lung Cancer Survey Dataset,"Are the values in the variable ""AGE"" indicative of a normal distribution?","[{""column_header"": ""AGE"", ""is_strata"": false, ""is_control"": false}]",Distribution Compliance Test,hard,"[{""method"": ""Anderson-Darling Test"", ""result"": ""{\""AD results\"": \""{\\\""stat\\\"": 0.89758, \\\""crit\\\"": 0.569}\""}"", ""conclusion"": ""Non-normally distributed""}, {""method"": ""Kolmogorov-Smirnov Test for Normality"", ""result"": ""{\""p value\"": 0.09221}"", ""conclusion"": ""Normally distributed""}, {""method"": ""Lilliefors Test"", ""result"": ""{\""p value\"": 0.00214}"", ""conclusion"": ""Non-normally distributed""}]","### Task Description: You need to select relevant columns and all applicable methods from provided list for the given statistical question.
### Instruction: You should only reply with one answer in JSON format containing two keys: 'columns' and 'methods'. The value of 'columns' is a list of columns' headers relevant to the given statistical question, and the value of 'methods' is a list containing all methods you think applicable. For example: {""columns"": [""c1"", ""c2"", ""...""], ""methods"": [""m1"", ""m2"", ""...""]}. If you think there is a strata or control variable involved, put its column header in the last item of the columns list. Ensure your methods selection is only limited to the classification list provided.
### Classification List: 
Correlation Analysis: Pearson Correlation Coefficient, Spearman Correlation Coefficient, Kendall Correlation Coefficient, Partial Correlation Coefficient;
Distribution Compliance Test: Anderson-Darling Test, Shapiro-Wilk Test of Normality, Kolmogorov-Smirnov Test for Normality, Lilliefors Test, Kolmogorov-Smirnov Test, Kolmogorov-Smirnov Test for Uniform distribution, Kolmogorov-Smirnov Test for Gamma distribution, Kolmogorov-Smirnov Test for Exponential distribution;
Contingency Table Test: Chi-square Independence Test, Fisher Exact Test, Mantel-Haenszel Test;
Descriptive Statistics: Mean, Median, Mode, Range, Quartile, Standard Deviation, Skewness, Kurtosis;
Variance Test: Mood Variance Test, Levene Test, Bartlett Test, F-Test for Variance.
### Column Information: 
column_header: GENDER; data_type: categorical; num_of_rows: 309; is_normality: False.
column_header: AGE; data_type: quantitative; num_of_rows: 309; is_normality: False.
column_header: SMOKING; data_type: categorical; num_of_rows: 309; is_normality: False.
column_header: YELLOW_FINGERS; data_type: categorical; num_of_rows: 309; is_normality: False.
column_header: ANXIETY; data_type: categorical; num_of_rows: 309; is_normality: False.
column_header: PEER_PRESSURE; data_type: categorical; num_of_rows: 309; is_normality: False.
column_header: CHRONIC DISEASE; data_type: categorical; num_of_rows: 309; is_normality: False.
column_header: FATIGUE ; data_type: categorical; num_of_rows: 309; is_normality: False.
column_header: ALLERGY ; data_type: categorical; num_of_rows: 309; is_normality: False.
column_header: WHEEZING; data_type: categorical; num_of_rows: 309; is_normality: False.
column_header: ALCOHOL CONSUMING; data_type: categorical; num_of_rows: 309; is_normality: False.
column_header: COUGHING; data_type: categorical; num_of_rows: 309; is_normality: False.
column_header: SHORTNESS OF BREATH; data_type: categorical; num_of_rows: 309; is_normality: False.
column_header: SWALLOWING DIFFICULTY; data_type: categorical; num_of_rows: 309; is_normality: False.
column_header: CHEST PAIN; data_type: categorical; num_of_rows: 309; is_normality: False.
column_header: LUNG_CANCER; data_type: categorical; num_of_rows: 309; is_normality: False.
### Statistical Question: Are the values in the variable ""AGE"" indicative of a normal distribution?
### Response: Let's first understand the problem and follow this plan: 
1. Identify the variables involved 2. Determine the statistical task type 3. Select the appropriate method category 4. From the candidate methods in the provided classification list, keep only those that satisfy the data type, sample size and assumption 5. Exclude methods that do not satisfy these conditions 6. Provide the final answer in JSON format.
Now solve the problem step by step following the plan.The answer of relevant columns and applicable methods in JSON format and reason is:","{
  ""columns"": [""AGE""],
  ""methods"": [""Shapiro-Wilk Test of Normality"", ""Anderson-Darling Test"", ""Kolmogorov-Smirnov Test for Normality"", ""Lilliefors Test""]
}

### Reasoning:
1. **Identify the variables involved**: The statistical question is focused on the variable ""AGE"".
2. **Determine the statistical task type**: The task is to test whether the values in the variable ""AGE"" are indicative of a normal distribution.
3. **Select the appropriate method category**: The appropriate category for this task is the ""Distribution Compliance Test"".
4. **From the candidate methods in the provided classification list, keep only those that satisfy the data type, sample size and assumption**:
   - ""AGE"" is a quantitative variable.
   - The sample size is 309, which is sufficiently large for most normality tests.
   - The methods that test for normality are:
     - Shapiro-Wilk Test of Normality
     - Anderson-Darling Test
     - Kolmogorov-Smirnov Test for Normality
     - Lilliefors Test
5. **Exclude methods that do not satisfy these conditions**: None of the methods","{""columns"": [""AGE""], ""methods"": [""Anderson-Darling Test"", ""Kolmogorov-Smirnov Test for Normality"", ""Lilliefors Test""]}","['Shapiro-Wilk Test of Normality', 'Anderson-Darling Test', 'Kolmogorov-Smirnov Test for Normality', 'Lilliefors Test']","{""Correct"": 3, ""Wrong"": 1, ""Missed"": 0}","{""Correct"": 1, ""Wrong"": 0, ""Missed"": 0}",0,1,0,False,False,False,True,Distribution Compliance Test
Exercise and Fitness Metrics Dataset,Is there a significant difference in the distribution profiles of desired weight and heart rate?,"[{""column_header"": ""Dream Weight"", ""is_strata"": false, ""is_control"": false}, {""column_header"": ""Heart Rate"", ""is_strata"": false, ""is_control"": false}]",Distribution Compliance Test,easy,"[{""method"": ""Kolmogorov-Smirnov Test"", ""result"": ""{\""p value\"": 0.0}"", ""conclusion"": ""Distribution significantly different""}]","### Task Description: You need to select relevant columns and all applicable methods from provided list for the given statistical question.
### Instruction: You should only reply with one answer in JSON format containing two keys: 'columns' and 'methods'. The value of 'columns' is a list of columns' headers relevant to the given statistical question, and the value of 'methods' is a list containing all methods you think applicable. For example: {""columns"": [""c1"", ""c2"", ""...""], ""methods"": [""m1"", ""m2"", ""...""]}. If you think there is a strata or control variable involved, put its column header in the last item of the columns list. Ensure your methods selection is only limited to the classification list provided.
### Classification List: 
Correlation Analysis: Pearson Correlation Coefficient, Spearman Correlation Coefficient, Kendall Correlation Coefficient, Partial Correlation Coefficient;
Distribution Compliance Test: Anderson-Darling Test, Shapiro-Wilk Test of Normality, Kolmogorov-Smirnov Test for Normality, Lilliefors Test, Kolmogorov-Smirnov Test, Kolmogorov-Smirnov Test for Uniform distribution, Kolmogorov-Smirnov Test for Gamma distribution, Kolmogorov-Smirnov Test for Exponential distribution;
Contingency Table Test: Chi-square Independence Test, Fisher Exact Test, Mantel-Haenszel Test;
Descriptive Statistics: Mean, Median, Mode, Range, Quartile, Standard Deviation, Skewness, Kurtosis;
Variance Test: Mood Variance Test, Levene Test, Bartlett Test, F-Test for Variance.
### Column Information: 
column_header: ID; data_type: id; num_of_rows: 3864; is_normality: False.
column_header: Exercise; data_type: categorical; num_of_rows: 3864; is_normality: False.
column_header: Calories Burn; data_type: quantitative; num_of_rows: 3864; is_normality: False.
column_header: Dream Weight; data_type: quantitative; num_of_rows: 3864; is_normality: False.
column_header: Actual Weight; data_type: quantitative; num_of_rows: 3864; is_normality: False.
column_header: Age; data_type: quantitative; num_of_rows: 3864; is_normality: False.
column_header: Gender; data_type: categorical; num_of_rows: 3864; is_normality: False.
column_header: Duration; data_type: quantitative; num_of_rows: 3864; is_normality: False.
column_header: Heart Rate; data_type: quantitative; num_of_rows: 3864; is_normality: False.
column_header: BMI; data_type: quantitative; num_of_rows: 3864; is_normality: False.
column_header: Weather Conditions; data_type: categorical; num_of_rows: 3864; is_normality: False.
column_header: Exercise Intensity; data_type: categorical; num_of_rows: 3864; is_normality: False.
### Statistical Question: Is there a significant difference in the distribution profiles of desired weight and heart rate?
### Response: Let's first understand the problem and follow this plan: 
1. Identify the variables involved 2. Determine the statistical task type 3. Select the appropriate method category 4. From the candidate methods in the provided classification list, keep only those that satisfy the data type, sample size and assumption 5. Exclude methods that do not satisfy these conditions 6. Provide the final answer in JSON format.
Now solve the problem step by step following the plan.The answer of relevant columns and applicable methods in JSON format and reason is:","```json
{
  ""columns"": [""Dream Weight"", ""Heart Rate""],
  ""methods"": [""Anderson-Darling Test"", ""Shapiro-Wilk Test of Normality"", ""Kolmogorov-Smirnov Test for Normality"", ""Lilliefors Test"", ""Kolmogorov-Smirnov Test"", ""Kolmogorov-Smirnov Test for Uniform distribution"", ""Kolmogorov-Smirnov Test for Gamma distribution"", ""Kolmogorov-Smirnov Test for Exponential distribution""]
}
```

### Reasoning:
1. **Identify the variables involved**: The statistical question asks about the distribution profiles of ""desired weight"" (Dream Weight) and ""heart rate"" (Heart Rate).
2. **Determine the statistical task type**: The task is to compare the distribution profiles of two quantitative variables.
3. **Select the appropriate method category**: The appropriate category here is ""Distribution Compliance Test"" since we are comparing the distribution profiles of two variables.
4. **From the candidate methods in the provided classification list, keep only those that satisfy the data type, sample size and assumption**:
   - Both ""Dream Weight"" and ""Heart Rate"" are quantitative variables.
","{""columns"": [""Dream Weight"", ""Heart Rate""], ""methods"": [""Kolmogorov-Smirnov Test""]}","['Anderson-Darling Test', 'Shapiro-Wilk Test of Normality', 'Kolmogorov-Smirnov Test for Normality', 'Lilliefors Test', 'Kolmogorov-Smirnov Test', 'Kolmogorov-Smirnov Test for Uniform distribution', 'Kolmogorov-Smirnov Test for Gamma distribution', 'Kolmogorov-Smirnov Test for Exponential distribution']","{""Correct"": 1, ""Wrong"": 7, ""Missed"": 0}","{""Correct"": 2, ""Wrong"": 0, ""Missed"": 0}",0,1,0,False,False,False,True,Distribution Compliance Test
Customer Personality Analysis Dataset,Does the amount spent on wine in the last 2 years follow a normal distribution?,"[{""column_header"": ""MntWines"", ""is_strata"": false, ""is_control"": false}]",Distribution Compliance Test,hard,"[{""method"": ""Anderson-Darling Test"", ""result"": ""{\""AD results\"": \""{\\\""stat\\\"": 122.77772, \\\""crit\\\"": 0.575}\""}"", ""conclusion"": ""Non-normally distributed""}, {""method"": ""Kolmogorov-Smirnov Test for Normality"", ""result"": ""{\""p value\"": 0.0}"", ""conclusion"": ""Non-normally distributed""}, {""method"": ""Lilliefors Test"", ""result"": ""{\""p value\"": 0.001}"", ""conclusion"": ""Non-normally distributed""}]","### Task Description: You need to select relevant columns and all applicable methods from provided list for the given statistical question.
### Instruction: You should only reply with one answer in JSON format containing two keys: 'columns' and 'methods'. The value of 'columns' is a list of columns' headers relevant to the given statistical question, and the value of 'methods' is a list containing all methods you think applicable. For example: {""columns"": [""c1"", ""c2"", ""...""], ""methods"": [""m1"", ""m2"", ""...""]}. If you think there is a strata or control variable involved, put its column header in the last item of the columns list. Ensure your methods selection is only limited to the classification list provided.
### Classification List: 
Correlation Analysis: Pearson Correlation Coefficient, Spearman Correlation Coefficient, Kendall Correlation Coefficient, Partial Correlation Coefficient;
Distribution Compliance Test: Anderson-Darling Test, Shapiro-Wilk Test of Normality, Kolmogorov-Smirnov Test for Normality, Lilliefors Test, Kolmogorov-Smirnov Test, Kolmogorov-Smirnov Test for Uniform distribution, Kolmogorov-Smirnov Test for Gamma distribution, Kolmogorov-Smirnov Test for Exponential distribution;
Contingency Table Test: Chi-square Independence Test, Fisher Exact Test, Mantel-Haenszel Test;
Descriptive Statistics: Mean, Median, Mode, Range, Quartile, Standard Deviation, Skewness, Kurtosis;
Variance Test: Mood Variance Test, Levene Test, Bartlett Test, F-Test for Variance.
### Column Information: 
column_header: ID; data_type: id; num_of_rows: 2240; is_normality: False.
column_header: Year_Birth; data_type: other; num_of_rows: 2240; is_normality: False.
column_header: Education; data_type: categorical; num_of_rows: 2240; is_normality: False.
column_header: Marital_Status; data_type: categorical; num_of_rows: 2240; is_normality: False.
column_header: Income; data_type: quantitative; num_of_rows: 2240; is_normality: False.
column_header: Kidhome; data_type: quantitative; num_of_rows: 2240; is_normality: False.
column_header: Teenhome; data_type: quantitative; num_of_rows: 2240; is_normality: False.
column_header: Dt_Customer; data_type: other; num_of_rows: 2240; is_normality: False.
column_header: Recency; data_type: quantitative; num_of_rows: 2240; is_normality: False.
column_header: MntWines; data_type: quantitative; num_of_rows: 2240; is_normality: False.
column_header: MntFruits; data_type: quantitative; num_of_rows: 2240; is_normality: False.
column_header: MntMeatProducts; data_type: quantitative; num_of_rows: 2240; is_normality: False.
column_header: MntFishProducts; data_type: quantitative; num_of_rows: 2240; is_normality: False.
column_header: MntSweetProducts; data_type: quantitative; num_of_rows: 2240; is_normality: False.
column_header: MntGoldProds; data_type: quantitative; num_of_rows: 2240; is_normality: False.
column_header: NumDealsPurchases; data_type: quantitative; num_of_rows: 2240; is_normality: False.
column_header: NumWebPurchases; data_type: quantitative; num_of_rows: 2240; is_normality: False.
column_header: NumCatalogPurchases; data_type: quantitative; num_of_rows: 2240; is_normality: False.
column_header: NumStorePurchases; data_type: quantitative; num_of_rows: 2240; is_normality: False.
column_header: NumWebVisitsMonth; data_type: quantitative; num_of_rows: 2240; is_normality: False.
column_header: AcceptedCmp3; data_type: categorical; num_of_rows: 2240; is_normality: False.
column_header: AcceptedCmp4; data_type: categorical; num_of_rows: 2240; is_normality: False.
column_header: AcceptedCmp5; data_type: categorical; num_of_rows: 2240; is_normality: False.
column_header: AcceptedCmp1; data_type: categorical; num_of_rows: 2240; is_normality: False.
column_header: AcceptedCmp2; data_type: categorical; num_of_rows: 2240; is_normality: False.
column_header: Complain; data_type: categorical; num_of_rows: 2240; is_normality: False.
column_header: Z_CostContact; data_type: quantitative; num_of_rows: 2240; is_normality: False.
column_header: Z_Revenue; data_type: quantitative; num_of_rows: 2240; is_normality: False.
column_header: Response; data_type: categorical; num_of_rows: 2240; is_normality: False.
### Statistical Question: Does the amount spent on wine in the last 2 years follow a normal distribution?
### Response: Let's first understand the problem and follow this plan: 
1. Identify the variables involved 2. Determine the statistical task type 3. Select the appropriate method category 4. From the candidate methods in the provided classification list, keep only those that satisfy the data type, sample size and assumption 5. Exclude methods that do not satisfy these conditions 6. Provide the final answer in JSON format.
Now solve the problem step by step following the plan.The answer of relevant columns and applicable methods in JSON format and reason is:","```json
{
  ""columns"": [""MntWines""],
  ""methods"": [""Shapiro-Wilk Test of Normality"", ""Anderson-Darling Test"", ""Kolmogorov-Smirnov Test for Normality"", ""Lilliefors Test""]
}
```

### Reasoning:
1. **Identify the variables involved**: The statistical question is about the amount spent on wine (`MntWines`), which is a quantitative variable.
2. **Determine the statistical task type**: The task is to test whether the distribution of `MntWines` follows a normal distribution.
3. **Select the appropriate method category**: The appropriate category is the ""Distribution Compliance Test"".
4. **From the candidate methods in the provided classification list, keep only those that satisfy the data type, sample size and assumption**:
   - `MntWines` is quantitative.
   - The sample size is 2240, which is sufficiently large for most normality tests.
   - The methods that test for normality are:
     - Shapiro-Wilk Test of Normality
     - Anderson-Darling Test
     - Kolmogorov-Smirnov Test for Normality
     - Lilliefors","{""columns"": [""MntWines""], ""methods"": [""Anderson-Darling Test"", ""Kolmogorov-Smirnov Test for Normality"", ""Lilliefors Test""]}","['Shapiro-Wilk Test of Normality', 'Anderson-Darling Test', 'Kolmogorov-Smirnov Test for Normality', 'Lilliefors Test']","{""Correct"": 3, ""Wrong"": 1, ""Missed"": 0}","{""Correct"": 1, ""Wrong"": 0, ""Missed"": 0}",0,1,0,False,False,False,True,Distribution Compliance Test
Pokedex Dataset,Do Total and Height_m exhibit similar variance patterns to some extent?,"[{""column_header"": ""Total"", ""is_strata"": false, ""is_control"": false}, {""column_header"": ""Height_m"", ""is_strata"": false, ""is_control"": false}]",Variance Test,hard,"[{""method"": ""Mood Variance Test"", ""result"": ""{\""stat\"": 0.0, \""p value\"": 1.0}"", ""conclusion"": ""Variance not significantly difference between them""}, {""method"": ""Levene Test"", ""result"": ""{\""stat\"": 1798.18664, \""p value\"": 0.0}"", ""conclusion"": ""Variance significantly difference between them""}]","### Task Description: You need to select relevant columns and all applicable methods from provided list for the given statistical question.
### Instruction: You should only reply with one answer in JSON format containing two keys: 'columns' and 'methods'. The value of 'columns' is a list of columns' headers relevant to the given statistical question, and the value of 'methods' is a list containing all methods you think applicable. For example: {""columns"": [""c1"", ""c2"", ""...""], ""methods"": [""m1"", ""m2"", ""...""]}. If you think there is a strata or control variable involved, put its column header in the last item of the columns list. Ensure your methods selection is only limited to the classification list provided.
### Classification List: 
Correlation Analysis: Pearson Correlation Coefficient, Spearman Correlation Coefficient, Kendall Correlation Coefficient, Partial Correlation Coefficient;
Distribution Compliance Test: Anderson-Darling Test, Shapiro-Wilk Test of Normality, Kolmogorov-Smirnov Test for Normality, Lilliefors Test, Kolmogorov-Smirnov Test, Kolmogorov-Smirnov Test for Uniform distribution, Kolmogorov-Smirnov Test for Gamma distribution, Kolmogorov-Smirnov Test for Exponential distribution;
Contingency Table Test: Chi-square Independence Test, Fisher Exact Test, Mantel-Haenszel Test;
Descriptive Statistics: Mean, Median, Mode, Range, Quartile, Standard Deviation, Skewness, Kurtosis;
Variance Test: Mood Variance Test, Levene Test, Bartlett Test, F-Test for Variance.
### Column Information: 
column_header: Number; data_type: id; num_of_rows: 721; is_normality: False.
column_header: Name; data_type: other; num_of_rows: 721; is_normality: False.
column_header: Type_1; data_type: categorical; num_of_rows: 721; is_normality: False.
column_header: Type_2; data_type: categorical; num_of_rows: 721; is_normality: False.
column_header: Total; data_type: quantitative; num_of_rows: 721; is_normality: False.
column_header: HP; data_type: quantitative; num_of_rows: 721; is_normality: False.
column_header: Attack; data_type: quantitative; num_of_rows: 721; is_normality: False.
column_header: Defense; data_type: quantitative; num_of_rows: 721; is_normality: False.
column_header: Sp_Atk; data_type: quantitative; num_of_rows: 721; is_normality: False.
column_header: Sp_Def; data_type: quantitative; num_of_rows: 721; is_normality: False.
column_header: Speed; data_type: quantitative; num_of_rows: 721; is_normality: False.
column_header: Generation; data_type: categorical; num_of_rows: 721; is_normality: False.
column_header: isLegendary; data_type: categorical; num_of_rows: 721; is_normality: False.
column_header: Color; data_type: categorical; num_of_rows: 721; is_normality: False.
column_header: hasGender; data_type: categorical; num_of_rows: 721; is_normality: False.
column_header: Pr_Male; data_type: quantitative; num_of_rows: 721; is_normality: False.
column_header: Egg_Group_1; data_type: categorical; num_of_rows: 721; is_normality: False.
column_header: Egg_Group_2; data_type: categorical; num_of_rows: 721; is_normality: False.
column_header: hasMegaEvolution; data_type: categorical; num_of_rows: 721; is_normality: False.
column_header: Height_m; data_type: quantitative; num_of_rows: 721; is_normality: False.
column_header: Weight_kg; data_type: quantitative; num_of_rows: 721; is_normality: False.
column_header: Catch_Rate; data_type: quantitative; num_of_rows: 721; is_normality: False.
column_header: Body_Style; data_type: categorical; num_of_rows: 721; is_normality: False.
### Statistical Question: Do Total and Height_m exhibit similar variance patterns to some extent?
### Response: Let's first understand the problem and follow this plan: 
1. Identify the variables involved 2. Determine the statistical task type 3. Select the appropriate method category 4. From the candidate methods in the provided classification list, keep only those that satisfy the data type, sample size and assumption 5. Exclude methods that do not satisfy these conditions 6. Provide the final answer in JSON format.
Now solve the problem step by step following the plan.The answer of relevant columns and applicable methods in JSON format and reason is:","```json
{
  ""columns"": [""Total"", ""Height_m""],
  ""methods"": [""Levene Test"", ""Bartlett Test"", ""F-Test for Variance""]
}
```

### Reasoning:
1. **Identify the Variables Involved:**
   - The statistical question asks about the variance patterns of `Total` and `Height_m`.

2. **Determine the Statistical Task Type:**
   - The task is to compare the variances of two quantitative variables (`Total` and `Height_m`).

3. **Select the Appropriate Method Category:**
   - The appropriate category for comparing variances is the Variance Test.

4. **From the Candidate Methods in the Provided Classification List, Keep Only Those That Satisfy the Data Type, Sample Size, and Assumptions:**
   - The methods available for variance tests are: Mood Variance Test, Levene Test, Bartlett Test, and F-Test for Variance.
   - All these methods are suitable for quantitative data and do not have strict normality assumptions, making them appropriate for the given data.

5. **Exclude Methods That Do Not Satisfy These Conditions:**
   - All methods listed under Variance Test are applicable.

6","{""columns"": [""Total"", ""Height_m""], ""methods"": [""Mood Variance Test"", ""Levene Test""]}","['Levene Test', 'Bartlett Test', 'F-Test for Variance']","{""Correct"": 1, ""Wrong"": 2, ""Missed"": 1}","{""Correct"": 2, ""Wrong"": 0, ""Missed"": 0}",0,1,0,False,False,False,True,Variance Test
Pokedex Dataset,"Are the variances of the sum of all the base stats (health points, attack, defense, special attack, special defense, and speed) and the base health points homogeneous?","[{""column_header"": ""Total"", ""is_strata"": false, ""is_control"": false}, {""column_header"": ""HP"", ""is_strata"": false, ""is_control"": false}]",Variance Test,hard,"[{""method"": ""Mood Variance Test"", ""result"": ""{\""stat\"": -0.00118, \""p value\"": 0.99906}"", ""conclusion"": ""Variance not significantly difference between them""}, {""method"": ""Levene Test"", ""result"": ""{\""stat\"": 1059.0559, \""p value\"": 0.0}"", ""conclusion"": ""Variance significantly difference between them""}]","### Task Description: You need to select relevant columns and all applicable methods from provided list for the given statistical question.
### Instruction: You should only reply with one answer in JSON format containing two keys: 'columns' and 'methods'. The value of 'columns' is a list of columns' headers relevant to the given statistical question, and the value of 'methods' is a list containing all methods you think applicable. For example: {""columns"": [""c1"", ""c2"", ""...""], ""methods"": [""m1"", ""m2"", ""...""]}. If you think there is a strata or control variable involved, put its column header in the last item of the columns list. Ensure your methods selection is only limited to the classification list provided.
### Classification List: 
Correlation Analysis: Pearson Correlation Coefficient, Spearman Correlation Coefficient, Kendall Correlation Coefficient, Partial Correlation Coefficient;
Distribution Compliance Test: Anderson-Darling Test, Shapiro-Wilk Test of Normality, Kolmogorov-Smirnov Test for Normality, Lilliefors Test, Kolmogorov-Smirnov Test, Kolmogorov-Smirnov Test for Uniform distribution, Kolmogorov-Smirnov Test for Gamma distribution, Kolmogorov-Smirnov Test for Exponential distribution;
Contingency Table Test: Chi-square Independence Test, Fisher Exact Test, Mantel-Haenszel Test;
Descriptive Statistics: Mean, Median, Mode, Range, Quartile, Standard Deviation, Skewness, Kurtosis;
Variance Test: Mood Variance Test, Levene Test, Bartlett Test, F-Test for Variance.
### Column Information: 
column_header: Number; data_type: id; num_of_rows: 721; is_normality: False.
column_header: Name; data_type: other; num_of_rows: 721; is_normality: False.
column_header: Type_1; data_type: categorical; num_of_rows: 721; is_normality: False.
column_header: Type_2; data_type: categorical; num_of_rows: 721; is_normality: False.
column_header: Total; data_type: quantitative; num_of_rows: 721; is_normality: False.
column_header: HP; data_type: quantitative; num_of_rows: 721; is_normality: False.
column_header: Attack; data_type: quantitative; num_of_rows: 721; is_normality: False.
column_header: Defense; data_type: quantitative; num_of_rows: 721; is_normality: False.
column_header: Sp_Atk; data_type: quantitative; num_of_rows: 721; is_normality: False.
column_header: Sp_Def; data_type: quantitative; num_of_rows: 721; is_normality: False.
column_header: Speed; data_type: quantitative; num_of_rows: 721; is_normality: False.
column_header: Generation; data_type: categorical; num_of_rows: 721; is_normality: False.
column_header: isLegendary; data_type: categorical; num_of_rows: 721; is_normality: False.
column_header: Color; data_type: categorical; num_of_rows: 721; is_normality: False.
column_header: hasGender; data_type: categorical; num_of_rows: 721; is_normality: False.
column_header: Pr_Male; data_type: quantitative; num_of_rows: 721; is_normality: False.
column_header: Egg_Group_1; data_type: categorical; num_of_rows: 721; is_normality: False.
column_header: Egg_Group_2; data_type: categorical; num_of_rows: 721; is_normality: False.
column_header: hasMegaEvolution; data_type: categorical; num_of_rows: 721; is_normality: False.
column_header: Height_m; data_type: quantitative; num_of_rows: 721; is_normality: False.
column_header: Weight_kg; data_type: quantitative; num_of_rows: 721; is_normality: False.
column_header: Catch_Rate; data_type: quantitative; num_of_rows: 721; is_normality: False.
column_header: Body_Style; data_type: categorical; num_of_rows: 721; is_normality: False.
### Statistical Question: Are the variances of the sum of all the base stats (health points, attack, defense, special attack, special defense, and speed) and the base health points homogeneous?
### Response: Let's first understand the problem and follow this plan: 
1. Identify the variables involved 2. Determine the statistical task type 3. Select the appropriate method category 4. From the candidate methods in the provided classification list, keep only those that satisfy the data type, sample size and assumption 5. Exclude methods that do not satisfy these conditions 6. Provide the final answer in JSON format.
Now solve the problem step by step following the plan.The answer of relevant columns and applicable methods in JSON format and reason is:","{
  ""columns"": [""Total"", ""HP""],
  ""methods"": [""Levene Test"", ""Bartlett Test"", ""F-Test for Variance""]
}

### Reasoning:
1. **Identify the variables involved:**
   - The statistical question involves comparing the variances of two quantitative variables: the sum of all base stats (`Total`) and the base health points (`HP`).

2. **Determine the statistical task type:**
   - The task is to test whether the variances of these two variables are homogeneous (equal).

3. **Select the appropriate method category:**
   - The appropriate category for comparing variances is the Variance Test.

4. **From the candidate methods in the provided classification list, keep only those that satisfy the data type, sample size, and assumptions:**
   - The methods available in the Variance Test category are: Mood Variance Test, Levene Test, Bartlett Test, and F-Test for Variance.
   - All these methods are suitable for quantitative data and can be applied to a sample size of 721.

5. **Exclude methods that do not satisfy these conditions:**
   - All the methods listed in the Variance Test category are suitable for the","{""columns"": [""Total"", ""HP""], ""methods"": [""Mood Variance Test"", ""Levene Test""]}","['Levene Test', 'Bartlett Test', 'F-Test for Variance']","{""Correct"": 1, ""Wrong"": 2, ""Missed"": 1}","{""Correct"": 2, ""Wrong"": 0, ""Missed"": 0}",0,1,0,False,False,False,True,Variance Test
Dataset for Admission in the University,What are the implications of the Chance of Admission not following a normal distribution?,"[{""column_header"": ""Chance of Admit "", ""is_strata"": false, ""is_control"": false}]",Distribution Compliance Test,hard,"[{""method"": ""Anderson-Darling Test"", ""result"": ""{\""AD results\"": \""{\\\""stat\\\"": 1.59492, \\\""crit\\\"": 0.57}\""}"", ""conclusion"": ""Non-normally distributed""}, {""method"": ""Kolmogorov-Smirnov Test for Normality"", ""result"": ""{\""p value\"": 0.2691}"", ""conclusion"": ""Normally distributed""}, {""method"": ""Lilliefors Test"", ""result"": ""{\""p value\"": 0.01998}"", ""conclusion"": ""Non-normally distributed""}]","### Task Description: You need to select relevant columns and all applicable methods from provided list for the given statistical question.
### Instruction: You should only reply with one answer in JSON format containing two keys: 'columns' and 'methods'. The value of 'columns' is a list of columns' headers relevant to the given statistical question, and the value of 'methods' is a list containing all methods you think applicable. For example: {""columns"": [""c1"", ""c2"", ""...""], ""methods"": [""m1"", ""m2"", ""...""]}. If you think there is a strata or control variable involved, put its column header in the last item of the columns list. Ensure your methods selection is only limited to the classification list provided.
### Classification List: 
Correlation Analysis: Pearson Correlation Coefficient, Spearman Correlation Coefficient, Kendall Correlation Coefficient, Partial Correlation Coefficient;
Distribution Compliance Test: Anderson-Darling Test, Shapiro-Wilk Test of Normality, Kolmogorov-Smirnov Test for Normality, Lilliefors Test, Kolmogorov-Smirnov Test, Kolmogorov-Smirnov Test for Uniform distribution, Kolmogorov-Smirnov Test for Gamma distribution, Kolmogorov-Smirnov Test for Exponential distribution;
Contingency Table Test: Chi-square Independence Test, Fisher Exact Test, Mantel-Haenszel Test;
Descriptive Statistics: Mean, Median, Mode, Range, Quartile, Standard Deviation, Skewness, Kurtosis;
Variance Test: Mood Variance Test, Levene Test, Bartlett Test, F-Test for Variance.
### Column Information: 
column_header: Serial No.; data_type: id; num_of_rows: 400; is_normality: False.
column_header: GRE Score; data_type: quantitative; num_of_rows: 400; is_normality: False.
column_header: TOEFL Score; data_type: quantitative; num_of_rows: 400; is_normality: False.
column_header: University Rating; data_type: categorical; num_of_rows: 400; is_normality: False.
column_header: SOP; data_type: quantitative; num_of_rows: 400; is_normality: False.
column_header: LOR ; data_type: quantitative; num_of_rows: 400; is_normality: False.
column_header: CGPA; data_type: quantitative; num_of_rows: 400; is_normality: True.
column_header: Research; data_type: categorical; num_of_rows: 400; is_normality: False.
column_header: Chance of Admit ; data_type: quantitative; num_of_rows: 400; is_normality: False.
### Statistical Question: What are the implications of the Chance of Admission not following a normal distribution?
### Response: Let's first understand the problem and follow this plan: 
1. Identify the variables involved 2. Determine the statistical task type 3. Select the appropriate method category 4. From the candidate methods in the provided classification list, keep only those that satisfy the data type, sample size and assumption 5. Exclude methods that do not satisfy these conditions 6. Provide the final answer in JSON format.
Now solve the problem step by step following the plan.The answer of relevant columns and applicable methods in JSON format and reason is:","```json
{
  ""columns"": [""Chance of Admit""],
  ""methods"": [""Anderson-Darling Test"", ""Shapiro-Wilk Test of Normality"", ""Kolmogorov-Smirnov Test for Normality"", ""Lilliefors Test""]
}
```

### Reasoning:
1. **Identify the Variables Involved:**
   - The statistical question focuses on the variable ""Chance of Admit"".

2. **Determine the Statistical Task Type:**
   - The task is to assess the implications of the ""Chance of Admit"" not following a normal distribution. This involves testing the normality of the distribution of ""Chance of Admit"".

3. **Select the Appropriate Method Category:**
   - The appropriate method category for testing normality is the ""Distribution Compliance Test"".

4. **From the Candidate Methods in the Provided Classification List, Keep Only Those That Satisfy the Data Type, Sample Size, and Assumption:**
   - The variable ""Chance of Admit"" is quantitative.
   - The sample size is 400, which is sufficiently large for most normality tests.
   - The methods that test for normality are:
     - Anderson-Darling Test
     - Shapiro","{""columns"": [""Chance of Admit ""], ""methods"": [""Anderson-Darling Test"", ""Kolmogorov-Smirnov Test for Normality"", ""Lilliefors Test""]}","['Anderson-Darling Test', 'Shapiro-Wilk Test of Normality', 'Kolmogorov-Smirnov Test for Normality', 'Lilliefors Test']","{""Correct"": 3, ""Wrong"": 1, ""Missed"": 0}","{""Correct"": 1, ""Wrong"": 0, ""Missed"": 0}",0,1,0,False,False,False,True,Distribution Compliance Test
US Christmas Tree Sales Dataset,Does a correlation exist between the number of Christmas trees purchased and the income derived from their sale?,"[{""column_header"": ""Number of trees sold"", ""is_strata"": false, ""is_control"": false}, {""column_header"": ""Sales"", ""is_strata"": false, ""is_control"": false}]",Correlation Analysis,hard,"[{""method"": ""Kendall Correlation Coefficient"", ""result"": ""{\""coefficient\"": 0.58242}"", ""conclusion"": ""Strongly correlated""}]","### Task Description: You need to select relevant columns and all applicable methods from provided list for the given statistical question.
### Instruction: You should only reply with one answer in JSON format containing two keys: 'columns' and 'methods'. The value of 'columns' is a list of columns' headers relevant to the given statistical question, and the value of 'methods' is a list containing all methods you think applicable. For example: {""columns"": [""c1"", ""c2"", ""...""], ""methods"": [""m1"", ""m2"", ""...""]}. If you think there is a strata or control variable involved, put its column header in the last item of the columns list. Ensure your methods selection is only limited to the classification list provided.
### Classification List: 
Correlation Analysis: Pearson Correlation Coefficient, Spearman Correlation Coefficient, Kendall Correlation Coefficient, Partial Correlation Coefficient;
Distribution Compliance Test: Anderson-Darling Test, Shapiro-Wilk Test of Normality, Kolmogorov-Smirnov Test for Normality, Lilliefors Test, Kolmogorov-Smirnov Test, Kolmogorov-Smirnov Test for Uniform distribution, Kolmogorov-Smirnov Test for Gamma distribution, Kolmogorov-Smirnov Test for Exponential distribution;
Contingency Table Test: Chi-square Independence Test, Fisher Exact Test, Mantel-Haenszel Test;
Descriptive Statistics: Mean, Median, Mode, Range, Quartile, Standard Deviation, Skewness, Kurtosis;
Variance Test: Mood Variance Test, Levene Test, Bartlett Test, F-Test for Variance.
### Column Information: 
column_header: index; data_type: id; num_of_rows: 14; is_normality: False.
column_header: Year; data_type: other; num_of_rows: 14; is_normality: False.
column_header: Type of tree; data_type: categorical; num_of_rows: 14; is_normality: False.
column_header: Number of trees sold; data_type: quantitative; num_of_rows: 14; is_normality: True.
column_header: Average Tree Price; data_type: quantitative; num_of_rows: 14; is_normality: True.
column_header: Sales; data_type: quantitative; num_of_rows: 14; is_normality: True.
### Statistical Question: Does a correlation exist between the number of Christmas trees purchased and the income derived from their sale?
### Response: Let's first understand the problem and follow this plan: 
1. Identify the variables involved 2. Determine the statistical task type 3. Select the appropriate method category 4. From the candidate methods in the provided classification list, keep only those that satisfy the data type, sample size and assumption 5. Exclude methods that do not satisfy these conditions 6. Provide the final answer in JSON format.
Now solve the problem step by step following the plan.The answer of relevant columns and applicable methods in JSON format and reason is:","{
  ""columns"": [""Number of trees sold"", ""Sales""],
  ""methods"": [""Pearson Correlation Coefficient"", ""Spearman Correlation Coefficient"", ""Kendall Correlation Coefficient""]
}

### Reasoning:
1. **Identify the Variables Involved:**
   - The statistical question asks about the correlation between the number of Christmas trees sold and the income derived from their sale.
   - Relevant columns are ""Number of trees sold"" and ""Sales"".

2. **Determine the Statistical Task Type:**
   - The task is to determine if a correlation exists between two quantitative variables.

3. **Select the Appropriate Method Category:**
   - The appropriate method category is Correlation Analysis.

4. **From the Candidate Methods in the Provided Classification List, Keep Only Those That Satisfy the Data Type, Sample Size, and Assumption:**
   - The data types for both ""Number of trees sold"" and ""Sales"" are quantitative.
   - The sample size is 14, which is sufficient for correlation analysis.
   - The methods that can be used for correlation analysis are Pearson Correlation Coefficient, Spearman Correlation Coefficient, and Kendall Correlation Coefficient.

5. **Exclude Methods That Do","{""columns"": [""Number of trees sold"", ""Sales""], ""methods"": [""Kendall Correlation Coefficient""]}","['Pearson Correlation Coefficient', 'Spearman Correlation Coefficient', 'Kendall Correlation Coefficient']","{""Correct"": 1, ""Wrong"": 2, ""Missed"": 0}","{""Correct"": 2, ""Wrong"": 0, ""Missed"": 0}",0,1,0,False,False,False,True,Correlation Analysis
Crop Production Dataset,Do the annual crop production values in Bangladesh exhibit characteristics of a normal distribution?,"[{""column_header"": ""Bangladesh"", ""is_strata"": false, ""is_control"": false}]",Distribution Compliance Test,hard,"[{""method"": ""Anderson-Darling Test"", ""result"": ""{\""AD results\"": \""{\\\""stat\\\"": 0.21955, \\\""crit\\\"": 1.317}\""}"", ""conclusion"": ""Normally distributed""}, {""method"": ""Shapiro-Wilk Test of Normality"", ""result"": ""{\""p value\"": 0.71295}"", ""conclusion"": ""Normally distributed""}, {""method"": ""Kolmogorov-Smirnov Test for Normality"", ""result"": ""{\""p value\"": 0.88291}"", ""conclusion"": ""Normally distributed""}]","### Task Description: You need to select relevant columns and all applicable methods from provided list for the given statistical question.
### Instruction: You should only reply with one answer in JSON format containing two keys: 'columns' and 'methods'. The value of 'columns' is a list of columns' headers relevant to the given statistical question, and the value of 'methods' is a list containing all methods you think applicable. For example: {""columns"": [""c1"", ""c2"", ""...""], ""methods"": [""m1"", ""m2"", ""...""]}. If you think there is a strata or control variable involved, put its column header in the last item of the columns list. Ensure your methods selection is only limited to the classification list provided.
### Classification List: 
Correlation Analysis: Pearson Correlation Coefficient, Spearman Correlation Coefficient, Kendall Correlation Coefficient, Partial Correlation Coefficient;
Distribution Compliance Test: Anderson-Darling Test, Shapiro-Wilk Test of Normality, Kolmogorov-Smirnov Test for Normality, Lilliefors Test, Kolmogorov-Smirnov Test, Kolmogorov-Smirnov Test for Uniform distribution, Kolmogorov-Smirnov Test for Gamma distribution, Kolmogorov-Smirnov Test for Exponential distribution;
Contingency Table Test: Chi-square Independence Test, Fisher Exact Test, Mantel-Haenszel Test;
Descriptive Statistics: Mean, Median, Mode, Range, Quartile, Standard Deviation, Skewness, Kurtosis;
Variance Test: Mood Variance Test, Levene Test, Bartlett Test, F-Test for Variance.
### Column Information: 
column_header: Year; data_type: Other; num_of_rows: 4; is_normality: False.
column_header: Nigeria; data_type: quantitative; num_of_rows: 4; is_normality: True.
column_header: Pakistan; data_type: quantitative; num_of_rows: 4; is_normality: True.
column_header: Japan; data_type: quantitative; num_of_rows: 4; is_normality: True.
column_header: United States; data_type: quantitative; num_of_rows: 4; is_normality: True.
column_header: Brazil; data_type: quantitative; num_of_rows: 4; is_normality: True.
column_header: Philippines; data_type: quantitative; num_of_rows: 4; is_normality: True.
column_header: Myanmar; data_type: quantitative; num_of_rows: 4; is_normality: True.
column_header: Thailand; data_type: quantitative; num_of_rows: 4; is_normality: True.
column_header: Vietnam; data_type: quantitative; num_of_rows: 4; is_normality: True.
column_header: Indonesia; data_type: quantitative; num_of_rows: 4; is_normality: True.
column_header: Bangladesh; data_type: quantitative; num_of_rows: 4; is_normality: True.
column_header: India; data_type: quantitative; num_of_rows: 4; is_normality: True.
column_header: China; data_type: quantitative; num_of_rows: 4; is_normality: True.
### Statistical Question: Do the annual crop production values in Bangladesh exhibit characteristics of a normal distribution?
### Response: Let's first understand the problem and follow this plan: 
1. Identify the variables involved 2. Determine the statistical task type 3. Select the appropriate method category 4. From the candidate methods in the provided classification list, keep only those that satisfy the data type, sample size and assumption 5. Exclude methods that do not satisfy these conditions 6. Provide the final answer in JSON format.
Now solve the problem step by step following the plan.The answer of relevant columns and applicable methods in JSON format and reason is:","```json
{
  ""columns"": [""Bangladesh""],
  ""methods"": [""Shapiro-Wilk Test of Normality"", ""Anderson-Darling Test"", ""Kolmogorov-Smirnov Test for Normality"", ""Lilliefors Test""]
}
```

### Reasoning:
1. **Identify the variables involved**: The statistical question is about the annual crop production values in Bangladesh. Therefore, the relevant column is ""Bangladesh"".
2. **Determine the statistical task type**: The task is to determine if the annual crop production values in Bangladesh exhibit characteristics of a normal distribution. This falls under the category of Distribution Compliance Test.
3. **Select the appropriate method category**: From the provided classification list, the relevant methods are those under the Distribution Compliance Test category.
4. **From the candidate methods in the provided classification list, keep only those that satisfy the data type, sample size and assumption**:
   - The data type for ""Bangladesh"" is quantitative.
   - The number of rows is 4, which is a small sample size.
   - The methods should be applicable to small sample sizes and test for normality.
5. **Exclude methods that do not satisfy these conditions**:
   - Methods like Kolmog","{""columns"": [""Bangladesh""], ""methods"": [""Anderson-Darling Test"", ""Shapiro-Wilk Test of Normality"", ""Kolmogorov-Smirnov Test for Normality""]}","['Shapiro-Wilk Test of Normality', 'Anderson-Darling Test', 'Kolmogorov-Smirnov Test for Normality', 'Lilliefors Test']","{""Correct"": 3, ""Wrong"": 1, ""Missed"": 0}","{""Correct"": 1, ""Wrong"": 0, ""Missed"": 0}",0,1,0,False,False,False,True,Distribution Compliance Test
Advertising Budget and Sales Dataset,"Does the budget allocated for TV advertising ($), follow a distribution that is suitable for methods assuming normality?","[{""column_header"": ""TV Ad Budget ($)"", ""is_strata"": false, ""is_control"": false}]",Distribution Compliance Test,hard,"[{""method"": ""Anderson-Darling Test"", ""result"": ""{\""AD results\"": \""{\\\""stat\\\"": 2.79201, \\\""crit\\\"": 0.565}\""}"", ""conclusion"": ""Non-normally distributed""}, {""method"": ""Kolmogorov-Smirnov Test for Normality"", ""result"": ""{\""p value\"": 0.08792}"", ""conclusion"": ""Normally distributed""}, {""method"": ""Lilliefors Test"", ""result"": ""{\""p value\"": 0.001}"", ""conclusion"": ""Non-normally distributed""}]","### Task Description: You need to select relevant columns and all applicable methods from provided list for the given statistical question.
### Instruction: You should only reply with one answer in JSON format containing two keys: 'columns' and 'methods'. The value of 'columns' is a list of columns' headers relevant to the given statistical question, and the value of 'methods' is a list containing all methods you think applicable. For example: {""columns"": [""c1"", ""c2"", ""...""], ""methods"": [""m1"", ""m2"", ""...""]}. If you think there is a strata or control variable involved, put its column header in the last item of the columns list. Ensure your methods selection is only limited to the classification list provided.
### Classification List: 
Correlation Analysis: Pearson Correlation Coefficient, Spearman Correlation Coefficient, Kendall Correlation Coefficient, Partial Correlation Coefficient;
Distribution Compliance Test: Anderson-Darling Test, Shapiro-Wilk Test of Normality, Kolmogorov-Smirnov Test for Normality, Lilliefors Test, Kolmogorov-Smirnov Test, Kolmogorov-Smirnov Test for Uniform distribution, Kolmogorov-Smirnov Test for Gamma distribution, Kolmogorov-Smirnov Test for Exponential distribution;
Contingency Table Test: Chi-square Independence Test, Fisher Exact Test, Mantel-Haenszel Test;
Descriptive Statistics: Mean, Median, Mode, Range, Quartile, Standard Deviation, Skewness, Kurtosis;
Variance Test: Mood Variance Test, Levene Test, Bartlett Test, F-Test for Variance.
### Column Information: 
column_header: Unnamed: 0; data_type: id; num_of_rows: 200; is_normality: False.
column_header: TV Ad Budget ($); data_type: quantitative; num_of_rows: 200; is_normality: False.
column_header: Radio Ad Budget ($); data_type: quantitative; num_of_rows: 200; is_normality: False.
column_header: Newspaper Ad Budget ($); data_type: quantitative; num_of_rows: 200; is_normality: False.
column_header: Sales ($); data_type: quantitative; num_of_rows: 200; is_normality: False.
### Statistical Question: Does the budget allocated for TV advertising ($), follow a distribution that is suitable for methods assuming normality?
### Response: Let's first understand the problem and follow this plan: 
1. Identify the variables involved 2. Determine the statistical task type 3. Select the appropriate method category 4. From the candidate methods in the provided classification list, keep only those that satisfy the data type, sample size and assumption 5. Exclude methods that do not satisfy these conditions 6. Provide the final answer in JSON format.
Now solve the problem step by step following the plan.The answer of relevant columns and applicable methods in JSON format and reason is:","```json
{
  ""columns"": [""TV Ad Budget ($)""],
  ""methods"": [""Shapiro-Wilk Test of Normality"", ""Anderson-Darling Test"", ""Kolmogorov-Smirnov Test for Normality"", ""Lilliefors Test""]
}
```

### Reasoning:
1. **Identify the variables involved**: The statistical question focuses on the ""TV Ad Budget ($)"" column.
2. **Determine the statistical task type**: The task is to test if the distribution of the ""TV Ad Budget ($)"" column is suitable for methods assuming normality.
3. **Select the appropriate method category**: The appropriate category is the ""Distribution Compliance Test"".
4. **From the candidate methods in the provided classification list, keep only those that satisfy the data type, sample size and assumption**:
   - The data type is quantitative.
   - The sample size is 200, which is sufficient for most normality tests.
   - The methods that test for normality are: Shapiro-Wilk Test of Normality, Anderson-Darling Test, Kolmogorov-Smirnov Test for Normality, and Lilliefors Test.
5. **Exclude methods that do not satisfy these conditions**: None of","{""columns"": [""TV Ad Budget ($)""], ""methods"": [""Anderson-Darling Test"", ""Kolmogorov-Smirnov Test for Normality"", ""Lilliefors Test""]}","['Shapiro-Wilk Test of Normality', 'Anderson-Darling Test', 'Kolmogorov-Smirnov Test for Normality', 'Lilliefors Test']","{""Correct"": 3, ""Wrong"": 1, ""Missed"": 0}","{""Correct"": 1, ""Wrong"": 0, ""Missed"": 0}",0,1,0,False,False,False,True,Distribution Compliance Test
Students Math-Reading-Writing Performance Dataset,Is it reasonable to assume that the distribution of math scores follows a normal distribution for the purpose of conducting statistical procedures?,"[{""column_header"": ""math score"", ""is_strata"": false, ""is_control"": false}]",Distribution Compliance Test,hard,"[{""method"": ""Anderson-Darling Test"", ""result"": ""{\""AD results\"": \""{\\\""stat\\\"": 0.65721, \\\""crit\\\"": 0.574}\""}"", ""conclusion"": ""Non-normally distributed""}, {""method"": ""Kolmogorov-Smirnov Test for Normality"", ""result"": ""{\""p value\"": 0.29427}"", ""conclusion"": ""Normally distributed""}, {""method"": ""Lilliefors Test"", ""result"": ""{\""p value\"": 0.03567}"", ""conclusion"": ""Non-normally distributed""}]","### Task Description: You need to select relevant columns and all applicable methods from provided list for the given statistical question.
### Instruction: You should only reply with one answer in JSON format containing two keys: 'columns' and 'methods'. The value of 'columns' is a list of columns' headers relevant to the given statistical question, and the value of 'methods' is a list containing all methods you think applicable. For example: {""columns"": [""c1"", ""c2"", ""...""], ""methods"": [""m1"", ""m2"", ""...""]}. If you think there is a strata or control variable involved, put its column header in the last item of the columns list. Ensure your methods selection is only limited to the classification list provided.
### Classification List: 
Correlation Analysis: Pearson Correlation Coefficient, Spearman Correlation Coefficient, Kendall Correlation Coefficient, Partial Correlation Coefficient;
Distribution Compliance Test: Anderson-Darling Test, Shapiro-Wilk Test of Normality, Kolmogorov-Smirnov Test for Normality, Lilliefors Test, Kolmogorov-Smirnov Test, Kolmogorov-Smirnov Test for Uniform distribution, Kolmogorov-Smirnov Test for Gamma distribution, Kolmogorov-Smirnov Test for Exponential distribution;
Contingency Table Test: Chi-square Independence Test, Fisher Exact Test, Mantel-Haenszel Test;
Descriptive Statistics: Mean, Median, Mode, Range, Quartile, Standard Deviation, Skewness, Kurtosis;
Variance Test: Mood Variance Test, Levene Test, Bartlett Test, F-Test for Variance.
### Column Information: 
column_header: gender; data_type: categorical; num_of_rows: 1000; is_normality: False.
column_header: race/ethnicity; data_type: categorical; num_of_rows: 1000; is_normality: False.
column_header: parental level of education; data_type: categorical; num_of_rows: 1000; is_normality: False.
column_header: lunch; data_type: categorical; num_of_rows: 1000; is_normality: False.
column_header: test preparation course; data_type: categorical; num_of_rows: 1000; is_normality: False.
column_header: math score; data_type: quantitative; num_of_rows: 1000; is_normality: True.
column_header: reading score; data_type: quantitative; num_of_rows: 1000; is_normality: False.
column_header: writing score; data_type: quantitative; num_of_rows: 1000; is_normality: False.
### Statistical Question: Is it reasonable to assume that the distribution of math scores follows a normal distribution for the purpose of conducting statistical procedures?
### Response: Let's first understand the problem and follow this plan: 
1. Identify the variables involved 2. Determine the statistical task type 3. Select the appropriate method category 4. From the candidate methods in the provided classification list, keep only those that satisfy the data type, sample size and assumption 5. Exclude methods that do not satisfy these conditions 6. Provide the final answer in JSON format.
Now solve the problem step by step following the plan.The answer of relevant columns and applicable methods in JSON format and reason is:","```json
{
  ""columns"": [""math score""],
  ""methods"": [""Shapiro-Wilk Test of Normality"", ""Anderson-Darling Test"", ""Kolmogorov-Smirnov Test for Normality"", ""Lilliefors Test""]
}
```

### Reason:
- **Relevant Columns**: The statistical question is specifically about the distribution of math scores, so the relevant column is ""math score"".
- **Applicable Methods**: The question asks about the normality of the distribution of math scores. Therefore, we need to use methods that test for normality. The provided classification list includes several normality tests: Shapiro-Wilk Test of Normality, Anderson-Darling Test, Kolmogorov-Smirnov Test for Normality, and Lilliefors Test. All these methods are suitable for testing the normality of a quantitative variable.","{""columns"": [""math score""], ""methods"": [""Anderson-Darling Test"", ""Kolmogorov-Smirnov Test for Normality"", ""Lilliefors Test""]}","['Shapiro-Wilk Test of Normality', 'Anderson-Darling Test', 'Kolmogorov-Smirnov Test for Normality', 'Lilliefors Test']","{""Correct"": 3, ""Wrong"": 1, ""Missed"": 0}","{""Correct"": 1, ""Wrong"": 0, ""Missed"": 0}",0,1,0,False,False,False,True,Distribution Compliance Test
Student Performance Prediction Dataset,Is there a significant difference in the distribution profiles of father's education (Fedu) and free time after school (freetime)?,"[{""column_header"": ""Fedu"", ""is_strata"": false, ""is_control"": false}, {""column_header"": ""freetime"", ""is_strata"": false, ""is_control"": false}]",Distribution Compliance Test,easy,"[{""method"": ""Kolmogorov-Smirnov Test"", ""result"": ""{\""p value\"": 0.0}"", ""conclusion"": ""Distribution significantly different""}]","### Task Description: You need to select relevant columns and all applicable methods from provided list for the given statistical question.
### Instruction: You should only reply with one answer in JSON format containing two keys: 'columns' and 'methods'. The value of 'columns' is a list of columns' headers relevant to the given statistical question, and the value of 'methods' is a list containing all methods you think applicable. For example: {""columns"": [""c1"", ""c2"", ""...""], ""methods"": [""m1"", ""m2"", ""...""]}. If you think there is a strata or control variable involved, put its column header in the last item of the columns list. Ensure your methods selection is only limited to the classification list provided.
### Classification List: 
Correlation Analysis: Pearson Correlation Coefficient, Spearman Correlation Coefficient, Kendall Correlation Coefficient, Partial Correlation Coefficient;
Distribution Compliance Test: Anderson-Darling Test, Shapiro-Wilk Test of Normality, Kolmogorov-Smirnov Test for Normality, Lilliefors Test, Kolmogorov-Smirnov Test, Kolmogorov-Smirnov Test for Uniform distribution, Kolmogorov-Smirnov Test for Gamma distribution, Kolmogorov-Smirnov Test for Exponential distribution;
Contingency Table Test: Chi-square Independence Test, Fisher Exact Test, Mantel-Haenszel Test;
Descriptive Statistics: Mean, Median, Mode, Range, Quartile, Standard Deviation, Skewness, Kurtosis;
Variance Test: Mood Variance Test, Levene Test, Bartlett Test, F-Test for Variance.
### Column Information: 
column_header: Unnamed: 0; data_type: id; num_of_rows: 649; is_normality: False.
column_header: school; data_type: categorical; num_of_rows: 649; is_normality: False.
column_header: sex; data_type: categorical; num_of_rows: 649; is_normality: False.
column_header: age; data_type: quantitative; num_of_rows: 649; is_normality: False.
column_header: address; data_type: categorical; num_of_rows: 649; is_normality: False.
column_header: famsize; data_type: categorical; num_of_rows: 649; is_normality: False.
column_header: Pstatus; data_type: categorical; num_of_rows: 649; is_normality: False.
column_header: Medu; data_type: quantitative; num_of_rows: 649; is_normality: False.
column_header: Fedu; data_type: quantitative; num_of_rows: 649; is_normality: False.
column_header: Mjob; data_type: categorical; num_of_rows: 649; is_normality: False.
column_header: Fjob; data_type: categorical; num_of_rows: 649; is_normality: False.
column_header: reason; data_type: categorical; num_of_rows: 649; is_normality: False.
column_header: guardian; data_type: categorical; num_of_rows: 649; is_normality: False.
column_header: traveltime; data_type: quantitative; num_of_rows: 649; is_normality: False.
column_header: studytime; data_type: quantitative; num_of_rows: 649; is_normality: False.
column_header: failures; data_type: quantitative; num_of_rows: 649; is_normality: False.
column_header: schoolsup; data_type: categorical; num_of_rows: 649; is_normality: False.
column_header: famsup; data_type: categorical; num_of_rows: 649; is_normality: False.
column_header: paid; data_type: categorical; num_of_rows: 649; is_normality: False.
column_header: activities; data_type: categorical; num_of_rows: 649; is_normality: False.
column_header: nursery; data_type: categorical; num_of_rows: 649; is_normality: False.
column_header: higher; data_type: categorical; num_of_rows: 649; is_normality: False.
column_header: internet; data_type: categorical; num_of_rows: 649; is_normality: False.
column_header: romantic; data_type: categorical; num_of_rows: 649; is_normality: False.
column_header: famrel; data_type: quantitative; num_of_rows: 649; is_normality: False.
column_header: freetime; data_type: quantitative; num_of_rows: 649; is_normality: False.
column_header: goout; data_type: quantitative; num_of_rows: 649; is_normality: False.
column_header: Dalc; data_type: quantitative; num_of_rows: 649; is_normality: False.
column_header: Walc; data_type: quantitative; num_of_rows: 649; is_normality: False.
column_header: health; data_type: quantitative; num_of_rows: 649; is_normality: False.
column_header: absences; data_type: quantitative; num_of_rows: 649; is_normality: False.
column_header: G1; data_type: quantitative; num_of_rows: 649; is_normality: False.
column_header: G2; data_type: quantitative; num_of_rows: 649; is_normality: False.
column_header: G3; data_type: quantitative; num_of_rows: 649; is_normality: False.
### Statistical Question: Is there a significant difference in the distribution profiles of father's education (Fedu) and free time after school (freetime)?
### Response: Let's first understand the problem and follow this plan: 
1. Identify the variables involved 2. Determine the statistical task type 3. Select the appropriate method category 4. From the candidate methods in the provided classification list, keep only those that satisfy the data type, sample size and assumption 5. Exclude methods that do not satisfy these conditions 6. Provide the final answer in JSON format.
Now solve the problem step by step following the plan.The answer of relevant columns and applicable methods in JSON format and reason is:","```json
{
  ""columns"": [""Fedu"", ""freetime""],
  ""methods"": [""Anderson-Darling Test"", ""Shapiro-Wilk Test of Normality"", ""Kolmogorov-Smirnov Test for Normality"", ""Lilliefors Test"", ""Kolmogorov-Smirnov Test"", ""Variance Test""]
}
```

### Reasoning:
1. **Identify the Variables Involved:**
   - The statistical question involves comparing the distribution profiles of two quantitative variables: `Fedu` (father's education) and `freetime` (free time after school).

2. **Determine the Statistical Task Type:**
   - The task is to determine if there is a significant difference in the distribution profiles of two quantitative variables. This involves comparing the distributions of these variables.

3. **Select the Appropriate Method Category:**
   - The appropriate method category for comparing distributions is the **Distribution Compliance Test** and **Variance Test**.

4. **From the Candidate Methods in the Provided Classification List, Keep Only Those That Satisfy the Data Type, Sample Size, and Assumption:**
   - Since both `Fedu` and `freetime` are quantitative variables","{""columns"": [""Fedu"", ""freetime""], ""methods"": [""Kolmogorov-Smirnov Test""]}","['Anderson-Darling Test', 'Shapiro-Wilk Test of Normality', 'Kolmogorov-Smirnov Test for Normality', 'Lilliefors Test', 'Kolmogorov-Smirnov Test', 'Variance Test']","{""Correct"": 1, ""Wrong"": 5, ""Missed"": 0}","{""Correct"": 2, ""Wrong"": 0, ""Missed"": 0}",0,1,0,False,False,False,True,Distribution Compliance Test
Terrorist Attacks Dataset,Is there evidence to suggest that the number of deaths of individuals aged 100 or above does not follow a normal distribution?,"[{""column_header"": ""Death Age 100+"", ""is_strata"": false, ""is_control"": false}]",Distribution Compliance Test,hard,"[{""method"": ""Anderson-Darling Test"", ""result"": ""{\""AD results\"": \""{\\\""stat\\\"": 3727.21048, \\\""crit\\\"": 0.576}\""}"", ""conclusion"": ""Non-normally distributed""}, {""method"": ""Kolmogorov-Smirnov Test for Normality"", ""result"": ""{\""p value\"": 0.0}"", ""conclusion"": ""Non-normally distributed""}, {""method"": ""Lilliefors Test"", ""result"": ""{\""p value\"": 0.001}"", ""conclusion"": ""Non-normally distributed""}]","### Task Description: You need to select relevant columns and all applicable methods from provided list for the given statistical question.
### Instruction: You should only reply with one answer in JSON format containing two keys: 'columns' and 'methods'. The value of 'columns' is a list of columns' headers relevant to the given statistical question, and the value of 'methods' is a list containing all methods you think applicable. For example: {""columns"": [""c1"", ""c2"", ""...""], ""methods"": [""m1"", ""m2"", ""...""]}. If you think there is a strata or control variable involved, put its column header in the last item of the columns list. Ensure your methods selection is only limited to the classification list provided.
### Classification List: 
Correlation Analysis: Pearson Correlation Coefficient, Spearman Correlation Coefficient, Kendall Correlation Coefficient, Partial Correlation Coefficient;
Distribution Compliance Test: Anderson-Darling Test, Shapiro-Wilk Test of Normality, Kolmogorov-Smirnov Test for Normality, Lilliefors Test, Kolmogorov-Smirnov Test, Kolmogorov-Smirnov Test for Uniform distribution, Kolmogorov-Smirnov Test for Gamma distribution, Kolmogorov-Smirnov Test for Exponential distribution;
Contingency Table Test: Chi-square Independence Test, Fisher Exact Test, Mantel-Haenszel Test;
Descriptive Statistics: Mean, Median, Mode, Range, Quartile, Standard Deviation, Skewness, Kurtosis;
Variance Test: Mood Variance Test, Levene Test, Bartlett Test, F-Test for Variance.
### Column Information: 
column_header: Entity; data_type: other; num_of_rows: 10517; is_normality: False.
column_header: Code; data_type: other; num_of_rows: 10517; is_normality: False.
column_header: Year; data_type: other; num_of_rows: 10517; is_normality: False.
column_header: Terrorist attacks; data_type: quantitative; num_of_rows: 10517; is_normality: False.
column_header: Terrorism deaths; data_type: quantitative; num_of_rows: 10517; is_normality: False.
column_header: Attack method: Hijacking; data_type: quantitative; num_of_rows: 10517; is_normality: False.
column_header: Attack method: Hostage Taking (Barricade Incident); data_type: quantitative; num_of_rows: 10517; is_normality: False.
column_header: Attack method: Unarmed Assault; data_type: quantitative; num_of_rows: 10517; is_normality: False.
column_header: Attack method: Facility/Infrastructure Attack; data_type: quantitative; num_of_rows: 10517; is_normality: False.
column_header: Attack method: Hostage Taking (Kidnapping); data_type: quantitative; num_of_rows: 10517; is_normality: False.
column_header: Attack method: Assassination; data_type: quantitative; num_of_rows: 10517; is_normality: False.
column_header: Attack method: Armed Assault; data_type: quantitative; num_of_rows: 10517; is_normality: False.
column_header: Attack method: Bombing/Explosion; data_type: quantitative; num_of_rows: 10517; is_normality: False.
column_header: Death Age 100+; data_type: quantitative; num_of_rows: 10517; is_normality: False.
column_header: Death Age: 51-99 ; data_type: quantitative; num_of_rows: 10517; is_normality: False.
column_header: Death Age : 21-50 ; data_type: quantitative; num_of_rows: 10517; is_normality: False.
column_header: Death Age : 11-20 ; data_type: quantitative; num_of_rows: 10517; is_normality: False.
column_header: Death Age : 6-10 ; data_type: quantitative; num_of_rows: 10517; is_normality: False.
column_header: Death Age :  1-5; data_type: quantitative; num_of_rows: 10517; is_normality: False.
column_header: Terrorist Death Type : Suicide; data_type: quantitative; num_of_rows: 10517; is_normality: False.
column_header: Terrorist Death Type : Killed; data_type: quantitative; num_of_rows: 10517; is_normality: False.
### Statistical Question: Is there evidence to suggest that the number of deaths of individuals aged 100 or above does not follow a normal distribution?
### Response: Let's first understand the problem and follow this plan: 
1. Identify the variables involved 2. Determine the statistical task type 3. Select the appropriate method category 4. From the candidate methods in the provided classification list, keep only those that satisfy the data type, sample size and assumption 5. Exclude methods that do not satisfy these conditions 6. Provide the final answer in JSON format.
Now solve the problem step by step following the plan.The answer of relevant columns and applicable methods in JSON format and reason is:","```json
{
  ""columns"": [""Death Age 100+""],
  ""methods"": [""Anderson-Darling Test"", ""Shapiro-Wilk Test of Normality"", ""Kolmogorov-Smirnov Test for Normality"", ""Lilliefors Test""]
}
```

### Reasoning:
1. **Identify the variables involved**: The statistical question is focused on the number of deaths of individuals aged 100 or above, which corresponds to the column `Death Age 100+`.
2. **Determine the statistical task type**: The task is to test whether the distribution of the number of deaths of individuals aged 100 or above does not follow a normal distribution. This falls under the category of a Distribution Compliance Test.
3. **Select the appropriate method category**: From the provided classification list, the relevant methods are those that test for normality, such as the Anderson-Darling Test, Shapiro-Wilk Test of Normality, Kolmogorov-Smirnov Test for Normality, and Lilliefors Test.
4. **From the candidate methods in the provided classification list, keep only those that satisfy the data type, sample size, and assumption**: The data type for `","{""columns"": [""Death Age 100+""], ""methods"": [""Anderson-Darling Test"", ""Kolmogorov-Smirnov Test for Normality"", ""Lilliefors Test""]}","['Anderson-Darling Test', 'Shapiro-Wilk Test of Normality', 'Kolmogorov-Smirnov Test for Normality', 'Lilliefors Test']","{""Correct"": 3, ""Wrong"": 1, ""Missed"": 0}","{""Correct"": 1, ""Wrong"": 0, ""Missed"": 0}",0,1,0,False,False,False,True,Distribution Compliance Test
Pokedex Dataset,"Do the variables ""Base Defense"" and ""Base Speed"" exhibit comparable variability in their data?","[{""column_header"": ""Defense"", ""is_strata"": false, ""is_control"": false}, {""column_header"": ""Speed"", ""is_strata"": false, ""is_control"": false}]",Variance Test,hard,"[{""method"": ""Mood Variance Test"", ""result"": ""{\""stat\"": -2.61197, \""p value\"": 0.009}"", ""conclusion"": ""Variance significantly difference between them""}, {""method"": ""Levene Test"", ""result"": ""{\""stat\"": 0.07996, \""p value\"": 0.77739}"", ""conclusion"": ""Variance not significantly difference between them""}]","### Task Description: You need to select relevant columns and all applicable methods from provided list for the given statistical question.
### Instruction: You should only reply with one answer in JSON format containing two keys: 'columns' and 'methods'. The value of 'columns' is a list of columns' headers relevant to the given statistical question, and the value of 'methods' is a list containing all methods you think applicable. For example: {""columns"": [""c1"", ""c2"", ""...""], ""methods"": [""m1"", ""m2"", ""...""]}. If you think there is a strata or control variable involved, put its column header in the last item of the columns list. Ensure your methods selection is only limited to the classification list provided.
### Classification List: 
Correlation Analysis: Pearson Correlation Coefficient, Spearman Correlation Coefficient, Kendall Correlation Coefficient, Partial Correlation Coefficient;
Distribution Compliance Test: Anderson-Darling Test, Shapiro-Wilk Test of Normality, Kolmogorov-Smirnov Test for Normality, Lilliefors Test, Kolmogorov-Smirnov Test, Kolmogorov-Smirnov Test for Uniform distribution, Kolmogorov-Smirnov Test for Gamma distribution, Kolmogorov-Smirnov Test for Exponential distribution;
Contingency Table Test: Chi-square Independence Test, Fisher Exact Test, Mantel-Haenszel Test;
Descriptive Statistics: Mean, Median, Mode, Range, Quartile, Standard Deviation, Skewness, Kurtosis;
Variance Test: Mood Variance Test, Levene Test, Bartlett Test, F-Test for Variance.
### Column Information: 
column_header: Number; data_type: id; num_of_rows: 721; is_normality: False.
column_header: Name; data_type: other; num_of_rows: 721; is_normality: False.
column_header: Type_1; data_type: categorical; num_of_rows: 721; is_normality: False.
column_header: Type_2; data_type: categorical; num_of_rows: 721; is_normality: False.
column_header: Total; data_type: quantitative; num_of_rows: 721; is_normality: False.
column_header: HP; data_type: quantitative; num_of_rows: 721; is_normality: False.
column_header: Attack; data_type: quantitative; num_of_rows: 721; is_normality: False.
column_header: Defense; data_type: quantitative; num_of_rows: 721; is_normality: False.
column_header: Sp_Atk; data_type: quantitative; num_of_rows: 721; is_normality: False.
column_header: Sp_Def; data_type: quantitative; num_of_rows: 721; is_normality: False.
column_header: Speed; data_type: quantitative; num_of_rows: 721; is_normality: False.
column_header: Generation; data_type: categorical; num_of_rows: 721; is_normality: False.
column_header: isLegendary; data_type: categorical; num_of_rows: 721; is_normality: False.
column_header: Color; data_type: categorical; num_of_rows: 721; is_normality: False.
column_header: hasGender; data_type: categorical; num_of_rows: 721; is_normality: False.
column_header: Pr_Male; data_type: quantitative; num_of_rows: 721; is_normality: False.
column_header: Egg_Group_1; data_type: categorical; num_of_rows: 721; is_normality: False.
column_header: Egg_Group_2; data_type: categorical; num_of_rows: 721; is_normality: False.
column_header: hasMegaEvolution; data_type: categorical; num_of_rows: 721; is_normality: False.
column_header: Height_m; data_type: quantitative; num_of_rows: 721; is_normality: False.
column_header: Weight_kg; data_type: quantitative; num_of_rows: 721; is_normality: False.
column_header: Catch_Rate; data_type: quantitative; num_of_rows: 721; is_normality: False.
column_header: Body_Style; data_type: categorical; num_of_rows: 721; is_normality: False.
### Statistical Question: Do the variables ""Base Defense"" and ""Base Speed"" exhibit comparable variability in their data?
### Response: Let's first understand the problem and follow this plan: 
1. Identify the variables involved 2. Determine the statistical task type 3. Select the appropriate method category 4. From the candidate methods in the provided classification list, keep only those that satisfy the data type, sample size and assumption 5. Exclude methods that do not satisfy these conditions 6. Provide the final answer in JSON format.
Now solve the problem step by step following the plan.The answer of relevant columns and applicable methods in JSON format and reason is:","```json
{
  ""columns"": [""Defense"", ""Speed""],
  ""methods"": [""Mood Variance Test"", ""Levene Test"", ""Bartlett Test"", ""F-Test for Variance""]
}
```

### Reasoning:
1. **Identify the variables involved**: The statistical question involves comparing the variability of ""Defense"" and ""Speed"".
2. **Determine the statistical task type**: The task is to compare the variability of two quantitative variables.
3. **Select the appropriate method category**: The appropriate category for comparing variability is the ""Variance Test"".
4. **From the candidate methods in the provided classification list, keep only those that satisfy the data type, sample size, and assumption**:
   - ""Defense"" and ""Speed"" are quantitative variables.
   - The sample size is 721, which is sufficiently large for most variance tests.
   - The methods Mood Variance Test, Levene Test, Bartlett Test, and F-Test for Variance are all applicable for comparing variances of quantitative variables.
5. **Exclude methods that do not satisfy these conditions**: None of the methods listed under ""Variance Test"" need to be excluded based on the given conditions.
6. **Provide the","{""columns"": [""Defense"", ""Speed""], ""methods"": [""Mood Variance Test"", ""Levene Test""]}","['Mood Variance Test', 'Levene Test', 'Bartlett Test', 'F-Test for Variance']","{""Correct"": 2, ""Wrong"": 2, ""Missed"": 0}","{""Correct"": 2, ""Wrong"": 0, ""Missed"": 0}",0,1,0,False,False,False,True,Variance Test
Crop Production Dataset,Is the annual crop production in Myanmar normally distributed?,"[{""column_header"": ""Myanmar"", ""is_strata"": false, ""is_control"": false}]",Distribution Compliance Test,hard,"[{""method"": ""Anderson-Darling Test"", ""result"": ""{\""AD results\"": \""{\\\""stat\\\"": 0.15767, \\\""crit\\\"": 1.317}\""}"", ""conclusion"": ""Normally distributed""}, {""method"": ""Shapiro-Wilk Test of Normality"", ""result"": ""{\""p value\"": 0.99944}"", ""conclusion"": ""Normally distributed""}, {""method"": ""Kolmogorov-Smirnov Test for Normality"", ""result"": ""{\""p value\"": 0.9989}"", ""conclusion"": ""Normally distributed""}]","### Task Description: You need to select relevant columns and all applicable methods from provided list for the given statistical question.
### Instruction: You should only reply with one answer in JSON format containing two keys: 'columns' and 'methods'. The value of 'columns' is a list of columns' headers relevant to the given statistical question, and the value of 'methods' is a list containing all methods you think applicable. For example: {""columns"": [""c1"", ""c2"", ""...""], ""methods"": [""m1"", ""m2"", ""...""]}. If you think there is a strata or control variable involved, put its column header in the last item of the columns list. Ensure your methods selection is only limited to the classification list provided.
### Classification List: 
Correlation Analysis: Pearson Correlation Coefficient, Spearman Correlation Coefficient, Kendall Correlation Coefficient, Partial Correlation Coefficient;
Distribution Compliance Test: Anderson-Darling Test, Shapiro-Wilk Test of Normality, Kolmogorov-Smirnov Test for Normality, Lilliefors Test, Kolmogorov-Smirnov Test, Kolmogorov-Smirnov Test for Uniform distribution, Kolmogorov-Smirnov Test for Gamma distribution, Kolmogorov-Smirnov Test for Exponential distribution;
Contingency Table Test: Chi-square Independence Test, Fisher Exact Test, Mantel-Haenszel Test;
Descriptive Statistics: Mean, Median, Mode, Range, Quartile, Standard Deviation, Skewness, Kurtosis;
Variance Test: Mood Variance Test, Levene Test, Bartlett Test, F-Test for Variance.
### Column Information: 
column_header: Year; data_type: Other; num_of_rows: 4; is_normality: False.
column_header: Nigeria; data_type: quantitative; num_of_rows: 4; is_normality: True.
column_header: Pakistan; data_type: quantitative; num_of_rows: 4; is_normality: True.
column_header: Japan; data_type: quantitative; num_of_rows: 4; is_normality: True.
column_header: United States; data_type: quantitative; num_of_rows: 4; is_normality: True.
column_header: Brazil; data_type: quantitative; num_of_rows: 4; is_normality: True.
column_header: Philippines; data_type: quantitative; num_of_rows: 4; is_normality: True.
column_header: Myanmar; data_type: quantitative; num_of_rows: 4; is_normality: True.
column_header: Thailand; data_type: quantitative; num_of_rows: 4; is_normality: True.
column_header: Vietnam; data_type: quantitative; num_of_rows: 4; is_normality: True.
column_header: Indonesia; data_type: quantitative; num_of_rows: 4; is_normality: True.
column_header: Bangladesh; data_type: quantitative; num_of_rows: 4; is_normality: True.
column_header: India; data_type: quantitative; num_of_rows: 4; is_normality: True.
column_header: China; data_type: quantitative; num_of_rows: 4; is_normality: True.
### Statistical Question: Is the annual crop production in Myanmar normally distributed?
### Response: Let's first understand the problem and follow this plan: 
1. Identify the variables involved 2. Determine the statistical task type 3. Select the appropriate method category 4. From the candidate methods in the provided classification list, keep only those that satisfy the data type, sample size and assumption 5. Exclude methods that do not satisfy these conditions 6. Provide the final answer in JSON format.
Now solve the problem step by step following the plan.The answer of relevant columns and applicable methods in JSON format and reason is:","```json
{
  ""columns"": [""Myanmar""],
  ""methods"": [""Shapiro-Wilk Test of Normality"", ""Anderson-Darling Test"", ""Kolmogorov-Smirnov Test for Normality"", ""Lilliefors Test""]
}
```

### Reasoning:
1. **Identify the variables involved**: The statistical question is about the annual crop production in Myanmar, which is a quantitative variable.
2. **Determine the statistical task type**: The task is to test whether the annual crop production in Myanmar is normally distributed.
3. **Select the appropriate method category**: The appropriate category is the ""Distribution Compliance Test"" since we are testing for normality.
4. **From the candidate methods in the provided classification list, keep only those that satisfy the data type, sample size and assumption**:
   - The data type is quantitative.
   - The number of rows is 4.
   - We need methods that can test for normality.
5. **Exclude methods that do not satisfy these conditions**:
   - Methods like the Kolmogorov-Smirnov Test for Uniform distribution, Kolmogorov-Smirnov Test for Gamma distribution, Kolmogorov-Smirnov Test for Exponential","{""columns"": [""Myanmar""], ""methods"": [""Anderson-Darling Test"", ""Shapiro-Wilk Test of Normality"", ""Kolmogorov-Smirnov Test for Normality""]}","['Shapiro-Wilk Test of Normality', 'Anderson-Darling Test', 'Kolmogorov-Smirnov Test for Normality', 'Lilliefors Test']","{""Correct"": 3, ""Wrong"": 1, ""Missed"": 0}","{""Correct"": 1, ""Wrong"": 0, ""Missed"": 0}",0,1,0,False,False,False,True,Distribution Compliance Test
Heart Failure Prediction Dataset,Is there a discernible association pattern between the type of chest pain and the slope of the peak exercise ST segment?,"[{""column_header"": ""ChestPainType"", ""is_strata"": false, ""is_control"": false}, {""column_header"": ""ST_Slope"", ""is_strata"": false, ""is_control"": false}]",Contingency Table Test,hard,"[{""method"": ""Chi-square Independence Test"", ""result"": ""{\""p value\"": 0.0}"", ""conclusion"": ""Not independent""}]","### Task Description: You need to select relevant columns and all applicable methods from provided list for the given statistical question.
### Instruction: You should only reply with one answer in JSON format containing two keys: 'columns' and 'methods'. The value of 'columns' is a list of columns' headers relevant to the given statistical question, and the value of 'methods' is a list containing all methods you think applicable. For example: {""columns"": [""c1"", ""c2"", ""...""], ""methods"": [""m1"", ""m2"", ""...""]}. If you think there is a strata or control variable involved, put its column header in the last item of the columns list. Ensure your methods selection is only limited to the classification list provided.
### Classification List: 
Correlation Analysis: Pearson Correlation Coefficient, Spearman Correlation Coefficient, Kendall Correlation Coefficient, Partial Correlation Coefficient;
Distribution Compliance Test: Anderson-Darling Test, Shapiro-Wilk Test of Normality, Kolmogorov-Smirnov Test for Normality, Lilliefors Test, Kolmogorov-Smirnov Test, Kolmogorov-Smirnov Test for Uniform distribution, Kolmogorov-Smirnov Test for Gamma distribution, Kolmogorov-Smirnov Test for Exponential distribution;
Contingency Table Test: Chi-square Independence Test, Fisher Exact Test, Mantel-Haenszel Test;
Descriptive Statistics: Mean, Median, Mode, Range, Quartile, Standard Deviation, Skewness, Kurtosis;
Variance Test: Mood Variance Test, Levene Test, Bartlett Test, F-Test for Variance.
### Column Information: 
column_header: Age; data_type: quantitative; num_of_rows: 918; is_normality: False.
column_header: Sex; data_type: categorical; num_of_rows: 918; is_normality: False.
column_header: ChestPainType; data_type: categorical; num_of_rows: 918; is_normality: False.
column_header: RestingBP; data_type: quantitative; num_of_rows: 918; is_normality: False.
column_header: Cholesterol; data_type: quantitative; num_of_rows: 918; is_normality: False.
column_header: FastingBS; data_type: categorical; num_of_rows: 918; is_normality: False.
column_header: RestingECG; data_type: categorical; num_of_rows: 918; is_normality: False.
column_header: MaxHR; data_type: quantitative; num_of_rows: 918; is_normality: False.
column_header: ExerciseAngina; data_type: categorical; num_of_rows: 918; is_normality: False.
column_header: Oldpeak; data_type: quantitative; num_of_rows: 918; is_normality: False.
column_header: ST_Slope; data_type: categorical; num_of_rows: 918; is_normality: False.
column_header: HeartDisease; data_type: categorical; num_of_rows: 918; is_normality: False.
### Statistical Question: Is there a discernible association pattern between the type of chest pain and the slope of the peak exercise ST segment?
### Response: Let's first understand the problem and follow this plan: 
1. Identify the variables involved 2. Determine the statistical task type 3. Select the appropriate method category 4. From the candidate methods in the provided classification list, keep only those that satisfy the data type, sample size and assumption 5. Exclude methods that do not satisfy these conditions 6. Provide the final answer in JSON format.
Now solve the problem step by step following the plan.The answer of relevant columns and applicable methods in JSON format and reason is:","```json
{
  ""columns"": [""ChestPainType"", ""ST_Slope""],
  ""methods"": [""Chi-square Independence Test"", ""Fisher Exact Test""]
}
```

### Reasoning:
1. **Identify the Variables Involved:**
   - **ChestPainType:** Categorical variable
   - **ST_Slope:** Categorical variable

2. **Determine the Statistical Task Type:**
   - The question asks about the association between two categorical variables.

3. **Select the Appropriate Method Category:**
   - The appropriate method category for assessing the association between two categorical variables is the Contingency Table Test.

4. **From the Candidate Methods in the Provided Classification List, Keep Only Those That Satisfy the Data Type, Sample Size, and Assumptions:**
   - **Chi-square Independence Test:** Suitable for large sample sizes and when the expected frequency in each cell is at least 5.
   - **Fisher Exact Test:** Suitable for small sample sizes or when the expected frequency in each cell is less than 5.
   - **Mantel-Haenszel Test:** Not applicable here as it is used for stratified analysis, which is not mentioned in the question.

5.","{""columns"": [""ChestPainType"", ""ST_Slope""], ""methods"": [""Chi-square Independence Test""]}","['Chi-square Independence Test', 'Fisher Exact Test']","{""Correct"": 1, ""Wrong"": 1, ""Missed"": 0}","{""Correct"": 2, ""Wrong"": 0, ""Missed"": 0}",0,1,0,False,False,False,True,Contingency Table Test
Dataset for Admission in the University,Is the variability in GRE scores not significantly different from that in Letter of Recommendation?,"[{""column_header"": ""GRE Score"", ""is_strata"": false, ""is_control"": false}, {""column_header"": ""LOR "", ""is_strata"": false, ""is_control"": false}]",Variance Test,hard,"[{""method"": ""Mood Variance Test"", ""result"": ""{\""stat\"": 0.0, \""p value\"": 1.0}"", ""conclusion"": ""Variance not significantly difference between them""}, {""method"": ""Levene Test"", ""result"": ""{\""stat\"": 735.69701, \""p value\"": 0.0}"", ""conclusion"": ""Variance significantly difference between them""}]","### Task Description: You need to select relevant columns and all applicable methods from provided list for the given statistical question.
### Instruction: You should only reply with one answer in JSON format containing two keys: 'columns' and 'methods'. The value of 'columns' is a list of columns' headers relevant to the given statistical question, and the value of 'methods' is a list containing all methods you think applicable. For example: {""columns"": [""c1"", ""c2"", ""...""], ""methods"": [""m1"", ""m2"", ""...""]}. If you think there is a strata or control variable involved, put its column header in the last item of the columns list. Ensure your methods selection is only limited to the classification list provided.
### Classification List: 
Correlation Analysis: Pearson Correlation Coefficient, Spearman Correlation Coefficient, Kendall Correlation Coefficient, Partial Correlation Coefficient;
Distribution Compliance Test: Anderson-Darling Test, Shapiro-Wilk Test of Normality, Kolmogorov-Smirnov Test for Normality, Lilliefors Test, Kolmogorov-Smirnov Test, Kolmogorov-Smirnov Test for Uniform distribution, Kolmogorov-Smirnov Test for Gamma distribution, Kolmogorov-Smirnov Test for Exponential distribution;
Contingency Table Test: Chi-square Independence Test, Fisher Exact Test, Mantel-Haenszel Test;
Descriptive Statistics: Mean, Median, Mode, Range, Quartile, Standard Deviation, Skewness, Kurtosis;
Variance Test: Mood Variance Test, Levene Test, Bartlett Test, F-Test for Variance.
### Column Information: 
column_header: Serial No.; data_type: id; num_of_rows: 400; is_normality: False.
column_header: GRE Score; data_type: quantitative; num_of_rows: 400; is_normality: False.
column_header: TOEFL Score; data_type: quantitative; num_of_rows: 400; is_normality: False.
column_header: University Rating; data_type: categorical; num_of_rows: 400; is_normality: False.
column_header: SOP; data_type: quantitative; num_of_rows: 400; is_normality: False.
column_header: LOR ; data_type: quantitative; num_of_rows: 400; is_normality: False.
column_header: CGPA; data_type: quantitative; num_of_rows: 400; is_normality: True.
column_header: Research; data_type: categorical; num_of_rows: 400; is_normality: False.
column_header: Chance of Admit ; data_type: quantitative; num_of_rows: 400; is_normality: False.
### Statistical Question: Is the variability in GRE scores not significantly different from that in Letter of Recommendation?
### Response: Let's first understand the problem and follow this plan: 
1. Identify the variables involved 2. Determine the statistical task type 3. Select the appropriate method category 4. From the candidate methods in the provided classification list, keep only those that satisfy the data type, sample size and assumption 5. Exclude methods that do not satisfy these conditions 6. Provide the final answer in JSON format.
Now solve the problem step by step following the plan.The answer of relevant columns and applicable methods in JSON format and reason is:","```json
{
  ""columns"": [""GRE Score"", ""LOR "", ""University Rating"", ""Research""],
  ""methods"": [""Levene Test"", ""Bartlett Test"", ""Mood Variance Test"", ""F-Test for Variance""]
}
```

### Explanation:
1. **Identify the Variables Involved:**
   - The statistical question is about comparing the variability in GRE scores and LOR scores.
   - Additional columns like ""University Rating"" and ""Research"" are included as they might be potential strata or control variables.

2. **Determine the Statistical Task Type:**
   - The task is to compare the variability (variance) between two quantitative variables (GRE Score and LOR).

3. **Select the Appropriate Method Category:**
   - The appropriate category is ""Variance Test"" since the question is about comparing the variability between two groups.

4. **From the Candidate Methods in the Provided Classification List, Keep Only Those That Satisfy the Data Type, Sample Size, and Assumption:**
   - The methods available for variance tests are: Mood Variance Test, Levene Test, Bartlett Test, and F-Test for Variance.
   - All these methods are suitable for","{""columns"": [""GRE Score"", ""LOR ""], ""methods"": [""Mood Variance Test"", ""Levene Test""]}","['Levene Test', 'Bartlett Test', 'Mood Variance Test', 'F-Test for Variance']","{""Correct"": 2, ""Wrong"": 2, ""Missed"": 0}","{""Correct"": 2, ""Wrong"": 2, ""Missed"": 0}",0,0,0,False,True,False,True,Variance Test
Crop Production Dataset,How can I visually assess whether the annual crop production in Thailand follows a normal distribution?,"[{""column_header"": ""Thailand"", ""is_strata"": false, ""is_control"": false}]",Distribution Compliance Test,hard,"[{""method"": ""Anderson-Darling Test"", ""result"": ""{\""AD results\"": \""{\\\""stat\\\"": 0.17547, \\\""crit\\\"": 1.317}\""}"", ""conclusion"": ""Normally distributed""}, {""method"": ""Shapiro-Wilk Test of Normality"", ""result"": ""{\""p value\"": 0.94094}"", ""conclusion"": ""Normally distributed""}, {""method"": ""Kolmogorov-Smirnov Test for Normality"", ""result"": ""{\""p value\"": 0.99629}"", ""conclusion"": ""Normally distributed""}]","### Task Description: You need to select relevant columns and all applicable methods from provided list for the given statistical question.
### Instruction: You should only reply with one answer in JSON format containing two keys: 'columns' and 'methods'. The value of 'columns' is a list of columns' headers relevant to the given statistical question, and the value of 'methods' is a list containing all methods you think applicable. For example: {""columns"": [""c1"", ""c2"", ""...""], ""methods"": [""m1"", ""m2"", ""...""]}. If you think there is a strata or control variable involved, put its column header in the last item of the columns list. Ensure your methods selection is only limited to the classification list provided.
### Classification List: 
Correlation Analysis: Pearson Correlation Coefficient, Spearman Correlation Coefficient, Kendall Correlation Coefficient, Partial Correlation Coefficient;
Distribution Compliance Test: Anderson-Darling Test, Shapiro-Wilk Test of Normality, Kolmogorov-Smirnov Test for Normality, Lilliefors Test, Kolmogorov-Smirnov Test, Kolmogorov-Smirnov Test for Uniform distribution, Kolmogorov-Smirnov Test for Gamma distribution, Kolmogorov-Smirnov Test for Exponential distribution;
Contingency Table Test: Chi-square Independence Test, Fisher Exact Test, Mantel-Haenszel Test;
Descriptive Statistics: Mean, Median, Mode, Range, Quartile, Standard Deviation, Skewness, Kurtosis;
Variance Test: Mood Variance Test, Levene Test, Bartlett Test, F-Test for Variance.
### Column Information: 
column_header: Year; data_type: Other; num_of_rows: 4; is_normality: False.
column_header: Nigeria; data_type: quantitative; num_of_rows: 4; is_normality: True.
column_header: Pakistan; data_type: quantitative; num_of_rows: 4; is_normality: True.
column_header: Japan; data_type: quantitative; num_of_rows: 4; is_normality: True.
column_header: United States; data_type: quantitative; num_of_rows: 4; is_normality: True.
column_header: Brazil; data_type: quantitative; num_of_rows: 4; is_normality: True.
column_header: Philippines; data_type: quantitative; num_of_rows: 4; is_normality: True.
column_header: Myanmar; data_type: quantitative; num_of_rows: 4; is_normality: True.
column_header: Thailand; data_type: quantitative; num_of_rows: 4; is_normality: True.
column_header: Vietnam; data_type: quantitative; num_of_rows: 4; is_normality: True.
column_header: Indonesia; data_type: quantitative; num_of_rows: 4; is_normality: True.
column_header: Bangladesh; data_type: quantitative; num_of_rows: 4; is_normality: True.
column_header: India; data_type: quantitative; num_of_rows: 4; is_normality: True.
column_header: China; data_type: quantitative; num_of_rows: 4; is_normality: True.
### Statistical Question: How can I visually assess whether the annual crop production in Thailand follows a normal distribution?
### Response: Let's first understand the problem and follow this plan: 
1. Identify the variables involved 2. Determine the statistical task type 3. Select the appropriate method category 4. From the candidate methods in the provided classification list, keep only those that satisfy the data type, sample size and assumption 5. Exclude methods that do not satisfy these conditions 6. Provide the final answer in JSON format.
Now solve the problem step by step following the plan.The answer of relevant columns and applicable methods in JSON format and reason is:","```json
{
  ""columns"": [""Thailand""],
  ""methods"": [""Shapiro-Wilk Test of Normality"", ""Anderson-Darling Test"", ""Kolmogorov-Smirnov Test for Normality"", ""Lilliefors Test""]
}
```

### Reasoning:
1. **Identify the variables involved**: The statistical question focuses on the annual crop production in Thailand, which is a quantitative variable.
2. **Determine the statistical task type**: The task is to visually assess whether the annual crop production in Thailand follows a normal distribution. This falls under the category of distribution compliance tests.
3. **Select the appropriate method category**: From the provided classification list, the relevant category is ""Distribution Compliance Test"".
4. **From the candidate methods in the provided classification list, keep only those that satisfy the data type, sample size and assumption**:
   - The data type is quantitative.
   - The number of rows is 4, which is a small sample size.
   - The methods should be applicable to normality tests.
5. **Exclude methods that do not satisfy these conditions**:
   - Methods like the Kolmogorov-Smirnov Test for Uniform distribution, Kolmogorov-Smirnov Test","{""columns"": [""Thailand""], ""methods"": [""Anderson-Darling Test"", ""Shapiro-Wilk Test of Normality"", ""Kolmogorov-Smirnov Test for Normality""]}","['Shapiro-Wilk Test of Normality', 'Anderson-Darling Test', 'Kolmogorov-Smirnov Test for Normality', 'Lilliefors Test']","{""Correct"": 3, ""Wrong"": 1, ""Missed"": 0}","{""Correct"": 1, ""Wrong"": 0, ""Missed"": 0}",0,1,0,False,False,False,True,Distribution Compliance Test
Obesity or CVD Risk Dataset,Is there uniformity in the variance of age compared to the variance of height?,"[{""column_header"": ""Age"", ""is_strata"": false, ""is_control"": false}, {""column_header"": ""Height"", ""is_strata"": false, ""is_control"": false}]",Variance Test,hard,"[{""method"": ""Mood Variance Test"", ""result"": ""{\""stat\"": 0.0, \""p value\"": 1.0}"", ""conclusion"": ""Variance not significantly difference between them""}, {""method"": ""Levene Test"", ""result"": ""{\""stat\"": 1894.11288, \""p value\"": 0.0}"", ""conclusion"": ""Variance significantly difference between them""}]","### Task Description: You need to select relevant columns and all applicable methods from provided list for the given statistical question.
### Instruction: You should only reply with one answer in JSON format containing two keys: 'columns' and 'methods'. The value of 'columns' is a list of columns' headers relevant to the given statistical question, and the value of 'methods' is a list containing all methods you think applicable. For example: {""columns"": [""c1"", ""c2"", ""...""], ""methods"": [""m1"", ""m2"", ""...""]}. If you think there is a strata or control variable involved, put its column header in the last item of the columns list. Ensure your methods selection is only limited to the classification list provided.
### Classification List: 
Correlation Analysis: Pearson Correlation Coefficient, Spearman Correlation Coefficient, Kendall Correlation Coefficient, Partial Correlation Coefficient;
Distribution Compliance Test: Anderson-Darling Test, Shapiro-Wilk Test of Normality, Kolmogorov-Smirnov Test for Normality, Lilliefors Test, Kolmogorov-Smirnov Test, Kolmogorov-Smirnov Test for Uniform distribution, Kolmogorov-Smirnov Test for Gamma distribution, Kolmogorov-Smirnov Test for Exponential distribution;
Contingency Table Test: Chi-square Independence Test, Fisher Exact Test, Mantel-Haenszel Test;
Descriptive Statistics: Mean, Median, Mode, Range, Quartile, Standard Deviation, Skewness, Kurtosis;
Variance Test: Mood Variance Test, Levene Test, Bartlett Test, F-Test for Variance.
### Column Information: 
column_header: Gender; data_type: categorical; num_of_rows: 2111; is_normality: False.
column_header: Age; data_type: quantitative; num_of_rows: 2111; is_normality: False.
column_header: Height; data_type: quantitative; num_of_rows: 2111; is_normality: False.
column_header: Weight; data_type: quantitative; num_of_rows: 2111; is_normality: False.
column_header: family_history_with_overweight; data_type: categorical; num_of_rows: 2111; is_normality: False.
column_header: FAVC; data_type: categorical; num_of_rows: 2111; is_normality: False.
column_header: FCVC; data_type: quantitative; num_of_rows: 2111; is_normality: False.
column_header: NCP; data_type: quantitative; num_of_rows: 2111; is_normality: False.
column_header: CAEC; data_type: categorical; num_of_rows: 2111; is_normality: False.
column_header: SMOKE; data_type: categorical; num_of_rows: 2111; is_normality: False.
column_header: CH2O; data_type: quantitative; num_of_rows: 2111; is_normality: False.
column_header: SCC; data_type: categorical; num_of_rows: 2111; is_normality: False.
column_header: FAF; data_type: quantitative; num_of_rows: 2111; is_normality: False.
column_header: TUE; data_type: quantitative; num_of_rows: 2111; is_normality: False.
column_header: CALC; data_type: categorical; num_of_rows: 2111; is_normality: False.
column_header: MTRANS; data_type: categorical; num_of_rows: 2111; is_normality: False.
column_header: NObeyesdad; data_type: categorical; num_of_rows: 2111; is_normality: False.
### Statistical Question: Is there uniformity in the variance of age compared to the variance of height?
### Response: Let's first understand the problem and follow this plan: 
1. Identify the variables involved 2. Determine the statistical task type 3. Select the appropriate method category 4. From the candidate methods in the provided classification list, keep only those that satisfy the data type, sample size and assumption 5. Exclude methods that do not satisfy these conditions 6. Provide the final answer in JSON format.
Now solve the problem step by step following the plan.The answer of relevant columns and applicable methods in JSON format and reason is:","{
  ""columns"": [""Age"", ""Height""],
  ""methods"": [""Levene Test"", ""Bartlett Test""]
}

### Reasoning:
1. **Identify the variables involved:**
   - The variables involved are ""Age"" and ""Height"".

2. **Determine the statistical task type:**
   - The task is to compare the variances of two quantitative variables (Age and Height).

3. **Select the appropriate method category:**
   - The appropriate method category is ""Variance Test"".

4. **From the candidate methods in the provided classification list, keep only those that satisfy the data type, sample size, and assumption:**
   - The methods available under ""Variance Test"" are Mood Variance Test, Levene Test, Bartlett Test, and F-Test for Variance.
   - Since the data type for both Age and Height is quantitative, and the sample size is 2111, we can use Levene Test and Bartlett Test. These tests do not assume normality, which is suitable given that the normality of the data is not specified as true for these variables.

5. **Exclude methods that do not satisfy these conditions:**
   - Mood Variance Test and F","{""columns"": [""Age"", ""Height""], ""methods"": [""Mood Variance Test"", ""Levene Test""]}","['Levene Test', 'Bartlett Test']","{""Correct"": 1, ""Wrong"": 1, ""Missed"": 1}","{""Correct"": 2, ""Wrong"": 0, ""Missed"": 0}",0,1,0,False,False,False,True,Variance Test
Los Angeles Library Monthly Statistics,Is the number of new library cardholders normally distributed?,"[{""column_header"": ""New Cardholders"", ""is_strata"": false, ""is_control"": false}]",Distribution Compliance Test,hard,"[{""method"": ""Anderson-Darling Test"", ""result"": ""{\""AD results\"": \""{\\\""stat\\\"": 13.43632, \\\""crit\\\"": 0.544}\""}"", ""conclusion"": ""Non-normally distributed""}, {""method"": ""Kolmogorov-Smirnov Test for Normality"", ""result"": ""{\""p value\"": 0.0}"", ""conclusion"": ""Non-normally distributed""}, {""method"": ""Lilliefors Test"", ""result"": ""{\""p value\"": 0.001}"", ""conclusion"": ""Non-normally distributed""}]","### Task Description: You need to select relevant columns and all applicable methods from provided list for the given statistical question.
### Instruction: You should only reply with one answer in JSON format containing two keys: 'columns' and 'methods'. The value of 'columns' is a list of columns' headers relevant to the given statistical question, and the value of 'methods' is a list containing all methods you think applicable. For example: {""columns"": [""c1"", ""c2"", ""...""], ""methods"": [""m1"", ""m2"", ""...""]}. If you think there is a strata or control variable involved, put its column header in the last item of the columns list. Ensure your methods selection is only limited to the classification list provided.
### Classification List: 
Correlation Analysis: Pearson Correlation Coefficient, Spearman Correlation Coefficient, Kendall Correlation Coefficient, Partial Correlation Coefficient;
Distribution Compliance Test: Anderson-Darling Test, Shapiro-Wilk Test of Normality, Kolmogorov-Smirnov Test for Normality, Lilliefors Test, Kolmogorov-Smirnov Test, Kolmogorov-Smirnov Test for Uniform distribution, Kolmogorov-Smirnov Test for Gamma distribution, Kolmogorov-Smirnov Test for Exponential distribution;
Contingency Table Test: Chi-square Independence Test, Fisher Exact Test, Mantel-Haenszel Test;
Descriptive Statistics: Mean, Median, Mode, Range, Quartile, Standard Deviation, Skewness, Kurtosis;
Variance Test: Mood Variance Test, Levene Test, Bartlett Test, F-Test for Variance.
### Column Information: 
column_header: Date; data_type: other; num_of_rows: 72; is_normality: False.
column_header: Total Library Visitors; data_type: quantitative; num_of_rows: 72; is_normality: True.
column_header: Total Program Attendees; data_type: quantitative; num_of_rows: 72; is_normality: False.
column_header: Total eMedia Circulation; data_type: quantitative; num_of_rows: 72; is_normality: True.
column_header: Total Cardholders; data_type: quantitative; num_of_rows: 72; is_normality: False.
column_header: Total Computer Usage (Wireless + PC Sessions); data_type: quantitative; num_of_rows: 72; is_normality: False.
column_header: New Cardholders; data_type: quantitative; num_of_rows: 72; is_normality: False.
column_header: # of Individuals Assisted in Pursuing Citizenship; data_type: quantitative; num_of_rows: 72; is_normality: False.
column_header: # of Homeless Individuals Served at The Source; data_type: quantitative; num_of_rows: 72; is_normality: False.
column_header: # of Attendees at Children's and Teen Programming; data_type: quantitative; num_of_rows: 72; is_normality: False.
### Statistical Question: Is the number of new library cardholders normally distributed?
### Response: Let's first understand the problem and follow this plan: 
1. Identify the variables involved 2. Determine the statistical task type 3. Select the appropriate method category 4. From the candidate methods in the provided classification list, keep only those that satisfy the data type, sample size and assumption 5. Exclude methods that do not satisfy these conditions 6. Provide the final answer in JSON format.
Now solve the problem step by step following the plan.The answer of relevant columns and applicable methods in JSON format and reason is:","```json
{
  ""columns"": [""New Cardholders""],
  ""methods"": [""Shapiro-Wilk Test of Normality"", ""Anderson-Darling Test"", ""Kolmogorov-Smirnov Test for Normality"", ""Lilliefors Test""]
}
```

### Reasoning:
1. **Identify the variables involved**: The statistical question is about the distribution of the number of new library cardholders, which corresponds to the column ""New Cardholders"".
2. **Determine the statistical task type**: The task is to test whether a quantitative variable is normally distributed.
3. **Select the appropriate method category**: The appropriate category for this task is the ""Distribution Compliance Test"".
4. **From the candidate methods in the provided classification list, keep only those that satisfy the data type, sample size and assumption**:
   - The data type is quantitative.
   - The sample size is 72, which is sufficient for most normality tests.
   - The methods that test for normality are:
     - Shapiro-Wilk Test of Normality
     - Anderson-Darling Test
     - Kolmogorov-Smirnov Test for Normality
     - Lilliefors Test
5. **Exclude methods that","{""columns"": [""New Cardholders""], ""methods"": [""Anderson-Darling Test"", ""Kolmogorov-Smirnov Test for Normality"", ""Lilliefors Test""]}","['Shapiro-Wilk Test of Normality', 'Anderson-Darling Test', 'Kolmogorov-Smirnov Test for Normality', 'Lilliefors Test']","{""Correct"": 3, ""Wrong"": 1, ""Missed"": 0}","{""Correct"": 1, ""Wrong"": 0, ""Missed"": 0}",0,1,0,False,False,False,True,Distribution Compliance Test
Stroke Prediction Dataset,Is there a relationship between hypertension and smoking status?,"[{""column_header"": ""hypertension"", ""is_strata"": false, ""is_control"": false}, {""column_header"": ""smoking_status"", ""is_strata"": false, ""is_control"": false}]",Contingency Table Test,hard,"[{""method"": ""Chi-square Independence Test"", ""result"": ""{\""p value\"": 0.0}"", ""conclusion"": ""Not independent""}]","### Task Description: You need to select relevant columns and all applicable methods from provided list for the given statistical question.
### Instruction: You should only reply with one answer in JSON format containing two keys: 'columns' and 'methods'. The value of 'columns' is a list of columns' headers relevant to the given statistical question, and the value of 'methods' is a list containing all methods you think applicable. For example: {""columns"": [""c1"", ""c2"", ""...""], ""methods"": [""m1"", ""m2"", ""...""]}. If you think there is a strata or control variable involved, put its column header in the last item of the columns list. Ensure your methods selection is only limited to the classification list provided.
### Classification List: 
Correlation Analysis: Pearson Correlation Coefficient, Spearman Correlation Coefficient, Kendall Correlation Coefficient, Partial Correlation Coefficient;
Distribution Compliance Test: Anderson-Darling Test, Shapiro-Wilk Test of Normality, Kolmogorov-Smirnov Test for Normality, Lilliefors Test, Kolmogorov-Smirnov Test, Kolmogorov-Smirnov Test for Uniform distribution, Kolmogorov-Smirnov Test for Gamma distribution, Kolmogorov-Smirnov Test for Exponential distribution;
Contingency Table Test: Chi-square Independence Test, Fisher Exact Test, Mantel-Haenszel Test;
Descriptive Statistics: Mean, Median, Mode, Range, Quartile, Standard Deviation, Skewness, Kurtosis;
Variance Test: Mood Variance Test, Levene Test, Bartlett Test, F-Test for Variance.
### Column Information: 
column_header: id; data_type: id; num_of_rows: 5110; is_normality: False.
column_header: gender; data_type: categorical; num_of_rows: 5110; is_normality: False.
column_header: age; data_type: quantitative; num_of_rows: 5110; is_normality: False.
column_header: hypertension; data_type: categorical; num_of_rows: 5110; is_normality: False.
column_header: heart_disease; data_type: categorical; num_of_rows: 5110; is_normality: False.
column_header: ever_married; data_type: categorical; num_of_rows: 5110; is_normality: False.
column_header: work_type; data_type: categorical; num_of_rows: 5110; is_normality: False.
column_header: Residence_type; data_type: categorical; num_of_rows: 5110; is_normality: False.
column_header: avg_glucose_level; data_type: quantitative; num_of_rows: 5110; is_normality: False.
column_header: bmi; data_type: quantitative; num_of_rows: 5110; is_normality: False.
column_header: smoking_status; data_type: categorical; num_of_rows: 5110; is_normality: False.
column_header: stroke; data_type: categorical; num_of_rows: 5110; is_normality: False.
### Statistical Question: Is there a relationship between hypertension and smoking status?
### Response: Let's first understand the problem and follow this plan: 
1. Identify the variables involved 2. Determine the statistical task type 3. Select the appropriate method category 4. From the candidate methods in the provided classification list, keep only those that satisfy the data type, sample size and assumption 5. Exclude methods that do not satisfy these conditions 6. Provide the final answer in JSON format.
Now solve the problem step by step following the plan.The answer of relevant columns and applicable methods in JSON format and reason is:","```json
{
  ""columns"": [""hypertension"", ""smoking_status""],
  ""methods"": [""Chi-square Independence Test"", ""Fisher Exact Test""]
}
```

### Reasoning:
1. **Identify the Variables Involved:**
   - The statistical question asks about the relationship between ""hypertension"" and ""smoking_status"".
   - Both ""hypertension"" and ""smoking_status"" are categorical variables.

2. **Determine the Statistical Task Type:**
   - The task is to determine if there is a relationship between two categorical variables.
   - This falls under the category of contingency table tests.

3. **Select the Appropriate Method Category:**
   - From the provided classification list, the relevant category is ""Contingency Table Test"".

4. **Select Applicable Methods:**
   - The methods in the ""Contingency Table Test"" category are:
     - Chi-square Independence Test
     - Fisher Exact Test
     - Mantel-Haenszel Test
   - Since both ""hypertension"" and ""smoking_status"" are categorical and the sample size is large (5110 rows), the Chi-square Independence Test is appropriate.
   - The Fisher Exact Test is also applicable","{""columns"": [""hypertension"", ""smoking_status""], ""methods"": [""Chi-square Independence Test""]}","['Chi-square Independence Test', 'Fisher Exact Test']","{""Correct"": 1, ""Wrong"": 1, ""Missed"": 0}","{""Correct"": 2, ""Wrong"": 0, ""Missed"": 0}",0,1,0,False,False,False,True,Contingency Table Test
Heart Failure Prediction Dataset,Do the age of the patient and the maximum heart rate achieved exhibit similar variance characteristics?,"[{""column_header"": ""Age"", ""is_strata"": false, ""is_control"": false}, {""column_header"": ""MaxHR"", ""is_strata"": false, ""is_control"": false}]",Variance Test,hard,"[{""method"": ""Mood Variance Test"", ""result"": ""{\""stat\"": -0.015, \""p value\"": 0.98803}"", ""conclusion"": ""Variance not significantly difference between them""}, {""method"": ""Levene Test"", ""result"": ""{\""stat\"": 681.28769, \""p value\"": 0.0}"", ""conclusion"": ""Variance significantly difference between them""}]","### Task Description: You need to select relevant columns and all applicable methods from provided list for the given statistical question.
### Instruction: You should only reply with one answer in JSON format containing two keys: 'columns' and 'methods'. The value of 'columns' is a list of columns' headers relevant to the given statistical question, and the value of 'methods' is a list containing all methods you think applicable. For example: {""columns"": [""c1"", ""c2"", ""...""], ""methods"": [""m1"", ""m2"", ""...""]}. If you think there is a strata or control variable involved, put its column header in the last item of the columns list. Ensure your methods selection is only limited to the classification list provided.
### Classification List: 
Correlation Analysis: Pearson Correlation Coefficient, Spearman Correlation Coefficient, Kendall Correlation Coefficient, Partial Correlation Coefficient;
Distribution Compliance Test: Anderson-Darling Test, Shapiro-Wilk Test of Normality, Kolmogorov-Smirnov Test for Normality, Lilliefors Test, Kolmogorov-Smirnov Test, Kolmogorov-Smirnov Test for Uniform distribution, Kolmogorov-Smirnov Test for Gamma distribution, Kolmogorov-Smirnov Test for Exponential distribution;
Contingency Table Test: Chi-square Independence Test, Fisher Exact Test, Mantel-Haenszel Test;
Descriptive Statistics: Mean, Median, Mode, Range, Quartile, Standard Deviation, Skewness, Kurtosis;
Variance Test: Mood Variance Test, Levene Test, Bartlett Test, F-Test for Variance.
### Column Information: 
column_header: Age; data_type: quantitative; num_of_rows: 918; is_normality: False.
column_header: Sex; data_type: categorical; num_of_rows: 918; is_normality: False.
column_header: ChestPainType; data_type: categorical; num_of_rows: 918; is_normality: False.
column_header: RestingBP; data_type: quantitative; num_of_rows: 918; is_normality: False.
column_header: Cholesterol; data_type: quantitative; num_of_rows: 918; is_normality: False.
column_header: FastingBS; data_type: categorical; num_of_rows: 918; is_normality: False.
column_header: RestingECG; data_type: categorical; num_of_rows: 918; is_normality: False.
column_header: MaxHR; data_type: quantitative; num_of_rows: 918; is_normality: False.
column_header: ExerciseAngina; data_type: categorical; num_of_rows: 918; is_normality: False.
column_header: Oldpeak; data_type: quantitative; num_of_rows: 918; is_normality: False.
column_header: ST_Slope; data_type: categorical; num_of_rows: 918; is_normality: False.
column_header: HeartDisease; data_type: categorical; num_of_rows: 918; is_normality: False.
### Statistical Question: Do the age of the patient and the maximum heart rate achieved exhibit similar variance characteristics?
### Response: Let's first understand the problem and follow this plan: 
1. Identify the variables involved 2. Determine the statistical task type 3. Select the appropriate method category 4. From the candidate methods in the provided classification list, keep only those that satisfy the data type, sample size and assumption 5. Exclude methods that do not satisfy these conditions 6. Provide the final answer in JSON format.
Now solve the problem step by step following the plan.The answer of relevant columns and applicable methods in JSON format and reason is:","```json
{
  ""columns"": [""Age"", ""MaxHR""],
  ""methods"": [""Levene Test"", ""Bartlett Test"", ""Mood Variance Test"", ""F-Test for Variance""]
}
```

### Reasoning:
1. **Identify the Variables Involved:**
   - The statistical question involves two quantitative variables: `Age` and `MaxHR`.

2. **Determine the Statistical Task Type:**
   - The question asks about the variance characteristics of the two variables, which falls under the category of variance tests.

3. **Select the Appropriate Method Category:**
   - From the provided classification list, the relevant category is ""Variance Test"".

4. **Select Applicable Methods:**
   - The methods available under ""Variance Test"" are:
     - Mood Variance Test
     - Levene Test
     - Bartlett Test
     - F-Test for Variance
   - All these methods are suitable for comparing the variances of two quantitative variables.

5. **Exclude Methods Not Satisfying Conditions:**
   - There are no specific conditions mentioned that would exclude any of these methods based on data type, sample size, or normality assumptions. All methods listed are","{""columns"": [""Age"", ""MaxHR""], ""methods"": [""Mood Variance Test"", ""Levene Test""]}","['Levene Test', 'Bartlett Test', 'Mood Variance Test', 'F-Test for Variance']","{""Correct"": 2, ""Wrong"": 2, ""Missed"": 0}","{""Correct"": 2, ""Wrong"": 0, ""Missed"": 0}",0,1,0,False,False,False,True,Variance Test
Fruits and Vegetables Prices Dataset,Is the distribution of retail prices in Los Angeles sufficiently close to a normal distribution for practical purposes?,"[{""column_header"": ""losangelesretail"", ""is_strata"": false, ""is_control"": false}]",Distribution Compliance Test,hard,"[{""method"": ""Anderson-Darling Test"", ""result"": ""{\""AD results\"": \""{\\\""stat\\\"": 509.68271, \\\""crit\\\"": 0.576}\""}"", ""conclusion"": ""Non-normally distributed""}, {""method"": ""Kolmogorov-Smirnov Test for Normality"", ""result"": ""{\""p value\"": 0.0}"", ""conclusion"": ""Non-normally distributed""}, {""method"": ""Lilliefors Test"", ""result"": ""{\""p value\"": 0.001}"", ""conclusion"": ""Non-normally distributed""}]","### Task Description: You need to select relevant columns and all applicable methods from provided list for the given statistical question.
### Instruction: You should only reply with one answer in JSON format containing two keys: 'columns' and 'methods'. The value of 'columns' is a list of columns' headers relevant to the given statistical question, and the value of 'methods' is a list containing all methods you think applicable. For example: {""columns"": [""c1"", ""c2"", ""...""], ""methods"": [""m1"", ""m2"", ""...""]}. If you think there is a strata or control variable involved, put its column header in the last item of the columns list. Ensure your methods selection is only limited to the classification list provided.
### Classification List: 
Correlation Analysis: Pearson Correlation Coefficient, Spearman Correlation Coefficient, Kendall Correlation Coefficient, Partial Correlation Coefficient;
Distribution Compliance Test: Anderson-Darling Test, Shapiro-Wilk Test of Normality, Kolmogorov-Smirnov Test for Normality, Lilliefors Test, Kolmogorov-Smirnov Test, Kolmogorov-Smirnov Test for Uniform distribution, Kolmogorov-Smirnov Test for Gamma distribution, Kolmogorov-Smirnov Test for Exponential distribution;
Contingency Table Test: Chi-square Independence Test, Fisher Exact Test, Mantel-Haenszel Test;
Descriptive Statistics: Mean, Median, Mode, Range, Quartile, Standard Deviation, Skewness, Kurtosis;
Variance Test: Mood Variance Test, Levene Test, Bartlett Test, F-Test for Variance.
### Column Information: 
column_header: productname; data_type: other; num_of_rows: 15766; is_normality: False.
column_header: date; data_type: other; num_of_rows: 15766; is_normality: False.
column_header: farmprice; data_type: quantitative; num_of_rows: 15766; is_normality: False.
column_header: atlantaretail; data_type: quantitative; num_of_rows: 15766; is_normality: False.
column_header: chicagoretail; data_type: quantitative; num_of_rows: 15766; is_normality: False.
column_header: losangelesretail; data_type: quantitative; num_of_rows: 15766; is_normality: False.
column_header: newyorkretail; data_type: quantitative; num_of_rows: 15766; is_normality: False.
column_header: averagespread; data_type: quantitative; num_of_rows: 15766; is_normality: False.
### Statistical Question: Is the distribution of retail prices in Los Angeles sufficiently close to a normal distribution for practical purposes?
### Response: Let's first understand the problem and follow this plan: 
1. Identify the variables involved 2. Determine the statistical task type 3. Select the appropriate method category 4. From the candidate methods in the provided classification list, keep only those that satisfy the data type, sample size and assumption 5. Exclude methods that do not satisfy these conditions 6. Provide the final answer in JSON format.
Now solve the problem step by step following the plan.The answer of relevant columns and applicable methods in JSON format and reason is:","```json
{
  ""columns"": [""losangelesretail""],
  ""methods"": [""Anderson-Darling Test"", ""Shapiro-Wilk Test of Normality"", ""Kolmogorov-Smirnov Test for Normality"", ""Lilliefors Test""]
}
```

### Reasoning:
1. **Identify the variables involved**: The statistical question is focused on the distribution of retail prices in Los Angeles, which corresponds to the `losangelesretail` column.
2. **Determine the statistical task type**: The task is to test whether the distribution of a quantitative variable (`losangelesretail`) is sufficiently close to a normal distribution.
3. **Select the appropriate method category**: The appropriate category for this task is the ""Distribution Compliance Test"".
4. **From the candidate methods in the provided classification list, keep only those that satisfy the data type, sample size and assumption**:
   - The `losangelesretail` column is quantitative.
   - The sample size is 15766, which is sufficiently large.
   - The methods that test for normality are:
     - Anderson-Darling Test
     - Shapiro-Wilk Test of Normality
     - Kolmogor","{""columns"": [""losangelesretail""], ""methods"": [""Anderson-Darling Test"", ""Kolmogorov-Smirnov Test for Normality"", ""Lilliefors Test""]}","['Anderson-Darling Test', 'Shapiro-Wilk Test of Normality', 'Kolmogorov-Smirnov Test for Normality', 'Lilliefors Test']","{""Correct"": 3, ""Wrong"": 1, ""Missed"": 0}","{""Correct"": 1, ""Wrong"": 0, ""Missed"": 0}",0,1,0,False,False,False,True,Distribution Compliance Test
Heart Failure Prediction Dataset,"Is there a clear relationship between the RestingECG classifications (Normal, ST, LVH) and the presence of Heart Disease?","[{""column_header"": ""RestingECG"", ""is_strata"": false, ""is_control"": false}, {""column_header"": ""HeartDisease"", ""is_strata"": false, ""is_control"": false}]",Contingency Table Test,hard,"[{""method"": ""Chi-square Independence Test"", ""result"": ""{\""p value\"": 0.00423}"", ""conclusion"": ""Not independent""}]","### Task Description: You need to select relevant columns and all applicable methods from provided list for the given statistical question.
### Instruction: You should only reply with one answer in JSON format containing two keys: 'columns' and 'methods'. The value of 'columns' is a list of columns' headers relevant to the given statistical question, and the value of 'methods' is a list containing all methods you think applicable. For example: {""columns"": [""c1"", ""c2"", ""...""], ""methods"": [""m1"", ""m2"", ""...""]}. If you think there is a strata or control variable involved, put its column header in the last item of the columns list. Ensure your methods selection is only limited to the classification list provided.
### Classification List: 
Correlation Analysis: Pearson Correlation Coefficient, Spearman Correlation Coefficient, Kendall Correlation Coefficient, Partial Correlation Coefficient;
Distribution Compliance Test: Anderson-Darling Test, Shapiro-Wilk Test of Normality, Kolmogorov-Smirnov Test for Normality, Lilliefors Test, Kolmogorov-Smirnov Test, Kolmogorov-Smirnov Test for Uniform distribution, Kolmogorov-Smirnov Test for Gamma distribution, Kolmogorov-Smirnov Test for Exponential distribution;
Contingency Table Test: Chi-square Independence Test, Fisher Exact Test, Mantel-Haenszel Test;
Descriptive Statistics: Mean, Median, Mode, Range, Quartile, Standard Deviation, Skewness, Kurtosis;
Variance Test: Mood Variance Test, Levene Test, Bartlett Test, F-Test for Variance.
### Column Information: 
column_header: Age; data_type: quantitative; num_of_rows: 918; is_normality: False.
column_header: Sex; data_type: categorical; num_of_rows: 918; is_normality: False.
column_header: ChestPainType; data_type: categorical; num_of_rows: 918; is_normality: False.
column_header: RestingBP; data_type: quantitative; num_of_rows: 918; is_normality: False.
column_header: Cholesterol; data_type: quantitative; num_of_rows: 918; is_normality: False.
column_header: FastingBS; data_type: categorical; num_of_rows: 918; is_normality: False.
column_header: RestingECG; data_type: categorical; num_of_rows: 918; is_normality: False.
column_header: MaxHR; data_type: quantitative; num_of_rows: 918; is_normality: False.
column_header: ExerciseAngina; data_type: categorical; num_of_rows: 918; is_normality: False.
column_header: Oldpeak; data_type: quantitative; num_of_rows: 918; is_normality: False.
column_header: ST_Slope; data_type: categorical; num_of_rows: 918; is_normality: False.
column_header: HeartDisease; data_type: categorical; num_of_rows: 918; is_normality: False.
### Statistical Question: Is there a clear relationship between the RestingECG classifications (Normal, ST, LVH) and the presence of Heart Disease?
### Response: Let's first understand the problem and follow this plan: 
1. Identify the variables involved 2. Determine the statistical task type 3. Select the appropriate method category 4. From the candidate methods in the provided classification list, keep only those that satisfy the data type, sample size and assumption 5. Exclude methods that do not satisfy these conditions 6. Provide the final answer in JSON format.
Now solve the problem step by step following the plan.The answer of relevant columns and applicable methods in JSON format and reason is:","```json
{
  ""columns"": [""RestingECG"", ""HeartDisease""],
  ""methods"": [""Chi-square Independence Test"", ""Fisher Exact Test""]
}
```

### Reasoning:
1. **Identify the Variables Involved:**
   - **RestingECG:** Categorical variable with classifications (Normal, ST, LVH).
   - **HeartDisease:** Categorical variable indicating the presence or absence of heart disease.

2. **Determine the Statistical Task Type:**
   - The task is to determine if there is a relationship between two categorical variables.

3. **Select the Appropriate Method Category:**
   - The appropriate method category for this task is **Contingency Table Test**.

4. **From the Candidate Methods in the Provided Classification List, Keep Only Those That Satisfy the Data Type, Sample Size, and Assumptions:**
   - **Chi-square Independence Test:** Suitable for large sample sizes and categorical variables.
   - **Fisher Exact Test:** Suitable for small sample sizes and categorical variables.
   - **Mantel-Haenszel Test:** Not applicable here as it is used for stratified contingency tables.

5. **Exclude Methods That Do Not Satisfy These Conditions:","{""columns"": [""RestingECG"", ""HeartDisease""], ""methods"": [""Chi-square Independence Test""]}","['Chi-square Independence Test', 'Fisher Exact Test']","{""Correct"": 1, ""Wrong"": 1, ""Missed"": 0}","{""Correct"": 2, ""Wrong"": 0, ""Missed"": 0}",0,1,0,False,False,False,True,Contingency Table Test
Los Angeles Library Monthly Statistics,Are the variances in the total number of computer usage sessions (combining wireless and PC sessions) and the number of homeless individuals served at The Source significantly different?,"[{""column_header"": ""Total Computer Usage (Wireless + PC Sessions)"", ""is_strata"": false, ""is_control"": false}, {""column_header"": ""# of Homeless Individuals Served at The Source"", ""is_strata"": false, ""is_control"": false}]",Variance Test,hard,"[{""method"": ""Mood Variance Test"", ""result"": ""{\""stat\"": 0.0, \""p value\"": 1.0}"", ""conclusion"": ""Variance not significantly difference between them""}, {""method"": ""Levene Test"", ""result"": ""{\""stat\"": 68.91708, \""p value\"": 0.0}"", ""conclusion"": ""Variance significantly difference between them""}]","### Task Description: You need to select relevant columns and all applicable methods from provided list for the given statistical question.
### Instruction: You should only reply with one answer in JSON format containing two keys: 'columns' and 'methods'. The value of 'columns' is a list of columns' headers relevant to the given statistical question, and the value of 'methods' is a list containing all methods you think applicable. For example: {""columns"": [""c1"", ""c2"", ""...""], ""methods"": [""m1"", ""m2"", ""...""]}. If you think there is a strata or control variable involved, put its column header in the last item of the columns list. Ensure your methods selection is only limited to the classification list provided.
### Classification List: 
Correlation Analysis: Pearson Correlation Coefficient, Spearman Correlation Coefficient, Kendall Correlation Coefficient, Partial Correlation Coefficient;
Distribution Compliance Test: Anderson-Darling Test, Shapiro-Wilk Test of Normality, Kolmogorov-Smirnov Test for Normality, Lilliefors Test, Kolmogorov-Smirnov Test, Kolmogorov-Smirnov Test for Uniform distribution, Kolmogorov-Smirnov Test for Gamma distribution, Kolmogorov-Smirnov Test for Exponential distribution;
Contingency Table Test: Chi-square Independence Test, Fisher Exact Test, Mantel-Haenszel Test;
Descriptive Statistics: Mean, Median, Mode, Range, Quartile, Standard Deviation, Skewness, Kurtosis;
Variance Test: Mood Variance Test, Levene Test, Bartlett Test, F-Test for Variance.
### Column Information: 
column_header: Date; data_type: other; num_of_rows: 72; is_normality: False.
column_header: Total Library Visitors; data_type: quantitative; num_of_rows: 72; is_normality: True.
column_header: Total Program Attendees; data_type: quantitative; num_of_rows: 72; is_normality: False.
column_header: Total eMedia Circulation; data_type: quantitative; num_of_rows: 72; is_normality: True.
column_header: Total Cardholders; data_type: quantitative; num_of_rows: 72; is_normality: False.
column_header: Total Computer Usage (Wireless + PC Sessions); data_type: quantitative; num_of_rows: 72; is_normality: False.
column_header: New Cardholders; data_type: quantitative; num_of_rows: 72; is_normality: False.
column_header: # of Individuals Assisted in Pursuing Citizenship; data_type: quantitative; num_of_rows: 72; is_normality: False.
column_header: # of Homeless Individuals Served at The Source; data_type: quantitative; num_of_rows: 72; is_normality: False.
column_header: # of Attendees at Children's and Teen Programming; data_type: quantitative; num_of_rows: 72; is_normality: False.
### Statistical Question: Are the variances in the total number of computer usage sessions (combining wireless and PC sessions) and the number of homeless individuals served at The Source significantly different?
### Response: Let's first understand the problem and follow this plan: 
1. Identify the variables involved 2. Determine the statistical task type 3. Select the appropriate method category 4. From the candidate methods in the provided classification list, keep only those that satisfy the data type, sample size and assumption 5. Exclude methods that do not satisfy these conditions 6. Provide the final answer in JSON format.
Now solve the problem step by step following the plan.The answer of relevant columns and applicable methods in JSON format and reason is:","{
  ""columns"": [""Total Computer Usage (Wireless + PC Sessions)"", ""# of Homeless Individuals Served at The Source""],
  ""methods"": [""Mood Variance Test"", ""Levene Test"", ""Bartlett Test"", ""F-Test for Variance""]
}

### Reasoning:
1. **Identify the Variables Involved:**
   - The variables of interest are ""Total Computer Usage (Wireless + PC Sessions)"" and ""# of Homeless Individuals Served at The Source"".

2. **Determine the Statistical Task Type:**
   - The task is to compare the variances of two quantitative variables.

3. **Select the Appropriate Method Category:**
   - The appropriate method category is ""Variance Test"".

4. **From the Candidate Methods in the Provided Classification List, Keep Only Those That Satisfy the Data Type, Sample Size, and Assumption:**
   - The data type for both variables is quantitative.
   - The sample size is 72 for both variables.
   - The methods available for variance tests are Mood Variance Test, Levene Test, Bartlett Test, and F-Test for Variance.

5. **Exclude Methods That Do Not Satisfy These Conditions:**
  ","{""columns"": [""Total Computer Usage (Wireless + PC Sessions)"", ""# of Homeless Individuals Served at The Source""], ""methods"": [""Mood Variance Test"", ""Levene Test""]}","['Mood Variance Test', 'Levene Test', 'Bartlett Test', 'F-Test for Variance']","{""Correct"": 2, ""Wrong"": 2, ""Missed"": 0}","{""Correct"": 2, ""Wrong"": 0, ""Missed"": 0}",0,1,0,False,False,False,True,Variance Test
Crop Production Dataset,How do the cumulative distributions of annual crop production in Japan and China compare?,"[{""column_header"": ""Japan"", ""is_strata"": false, ""is_control"": false}, {""column_header"": ""China"", ""is_strata"": false, ""is_control"": false}]",Distribution Compliance Test,easy,"[{""method"": ""Kolmogorov-Smirnov Test"", ""result"": ""{\""p value\"": 0.02857}"", ""conclusion"": ""Distribution significantly different""}]","### Task Description: You need to select relevant columns and all applicable methods from provided list for the given statistical question.
### Instruction: You should only reply with one answer in JSON format containing two keys: 'columns' and 'methods'. The value of 'columns' is a list of columns' headers relevant to the given statistical question, and the value of 'methods' is a list containing all methods you think applicable. For example: {""columns"": [""c1"", ""c2"", ""...""], ""methods"": [""m1"", ""m2"", ""...""]}. If you think there is a strata or control variable involved, put its column header in the last item of the columns list. Ensure your methods selection is only limited to the classification list provided.
### Classification List: 
Correlation Analysis: Pearson Correlation Coefficient, Spearman Correlation Coefficient, Kendall Correlation Coefficient, Partial Correlation Coefficient;
Distribution Compliance Test: Anderson-Darling Test, Shapiro-Wilk Test of Normality, Kolmogorov-Smirnov Test for Normality, Lilliefors Test, Kolmogorov-Smirnov Test, Kolmogorov-Smirnov Test for Uniform distribution, Kolmogorov-Smirnov Test for Gamma distribution, Kolmogorov-Smirnov Test for Exponential distribution;
Contingency Table Test: Chi-square Independence Test, Fisher Exact Test, Mantel-Haenszel Test;
Descriptive Statistics: Mean, Median, Mode, Range, Quartile, Standard Deviation, Skewness, Kurtosis;
Variance Test: Mood Variance Test, Levene Test, Bartlett Test, F-Test for Variance.
### Column Information: 
column_header: Year; data_type: Other; num_of_rows: 4; is_normality: False.
column_header: Nigeria; data_type: quantitative; num_of_rows: 4; is_normality: True.
column_header: Pakistan; data_type: quantitative; num_of_rows: 4; is_normality: True.
column_header: Japan; data_type: quantitative; num_of_rows: 4; is_normality: True.
column_header: United States; data_type: quantitative; num_of_rows: 4; is_normality: True.
column_header: Brazil; data_type: quantitative; num_of_rows: 4; is_normality: True.
column_header: Philippines; data_type: quantitative; num_of_rows: 4; is_normality: True.
column_header: Myanmar; data_type: quantitative; num_of_rows: 4; is_normality: True.
column_header: Thailand; data_type: quantitative; num_of_rows: 4; is_normality: True.
column_header: Vietnam; data_type: quantitative; num_of_rows: 4; is_normality: True.
column_header: Indonesia; data_type: quantitative; num_of_rows: 4; is_normality: True.
column_header: Bangladesh; data_type: quantitative; num_of_rows: 4; is_normality: True.
column_header: India; data_type: quantitative; num_of_rows: 4; is_normality: True.
column_header: China; data_type: quantitative; num_of_rows: 4; is_normality: True.
### Statistical Question: How do the cumulative distributions of annual crop production in Japan and China compare?
### Response: Let's first understand the problem and follow this plan: 
1. Identify the variables involved 2. Determine the statistical task type 3. Select the appropriate method category 4. From the candidate methods in the provided classification list, keep only those that satisfy the data type, sample size and assumption 5. Exclude methods that do not satisfy these conditions 6. Provide the final answer in JSON format.
Now solve the problem step by step following the plan.The answer of relevant columns and applicable methods in JSON format and reason is:","```json
{
  ""columns"": [""Japan"", ""China""],
  ""methods"": [""Kolmogorov-Smirnov Test"", ""Anderson-Darling Test""]
}
```

### Reasoning:
1. **Identify the variables involved**: The statistical question involves comparing the cumulative distributions of annual crop production in Japan and China. Therefore, the relevant columns are ""Japan"" and ""China"".
2. **Determine the statistical task type**: The task is to compare the cumulative distributions of two quantitative variables.
3. **Select the appropriate method category**: The appropriate methods for comparing cumulative distributions are non-parametric tests such as the Kolmogorov-Smirnov Test and Anderson-Darling Test.
4. **From the candidate methods in the provided classification list, keep only those that satisfy the data type, sample size, and assumption**:
   - Both Japan and China have quantitative data.
   - The sample size for each country is 4, which is small but sufficient for these tests.
   - The Kolmogorov-Smirnov Test and Anderson-Darling Test are suitable for comparing distributions without assuming normality.
5. **Exclude methods that do not satisfy these conditions**: Methods like the F-Test for Variance,","{""columns"": [""Japan"", ""China""], ""methods"": [""Kolmogorov-Smirnov Test""]}","['Kolmogorov-Smirnov Test', 'Anderson-Darling Test']","{""Correct"": 1, ""Wrong"": 1, ""Missed"": 0}","{""Correct"": 2, ""Wrong"": 0, ""Missed"": 0}",0,1,0,False,False,False,True,Distribution Compliance Test
Exercise and Fitness Metrics Dataset,Do the variances of measured weight and length of each exercise session exhibit statistical similarity?,"[{""column_header"": ""Actual Weight"", ""is_strata"": false, ""is_control"": false}, {""column_header"": ""Duration"", ""is_strata"": false, ""is_control"": false}]",Variance Test,hard,"[{""method"": ""Mood Variance Test"", ""result"": ""{\""stat\"": 0.55469, \""p value\"": 0.57911}"", ""conclusion"": ""Variance not significantly difference between them""}, {""method"": ""Levene Test"", ""result"": ""{\""stat\"": 297.18155, \""p value\"": 0.0}"", ""conclusion"": ""Variance significantly difference between them""}]","### Task Description: You need to select relevant columns and all applicable methods from provided list for the given statistical question.
### Instruction: You should only reply with one answer in JSON format containing two keys: 'columns' and 'methods'. The value of 'columns' is a list of columns' headers relevant to the given statistical question, and the value of 'methods' is a list containing all methods you think applicable. For example: {""columns"": [""c1"", ""c2"", ""...""], ""methods"": [""m1"", ""m2"", ""...""]}. If you think there is a strata or control variable involved, put its column header in the last item of the columns list. Ensure your methods selection is only limited to the classification list provided.
### Classification List: 
Correlation Analysis: Pearson Correlation Coefficient, Spearman Correlation Coefficient, Kendall Correlation Coefficient, Partial Correlation Coefficient;
Distribution Compliance Test: Anderson-Darling Test, Shapiro-Wilk Test of Normality, Kolmogorov-Smirnov Test for Normality, Lilliefors Test, Kolmogorov-Smirnov Test, Kolmogorov-Smirnov Test for Uniform distribution, Kolmogorov-Smirnov Test for Gamma distribution, Kolmogorov-Smirnov Test for Exponential distribution;
Contingency Table Test: Chi-square Independence Test, Fisher Exact Test, Mantel-Haenszel Test;
Descriptive Statistics: Mean, Median, Mode, Range, Quartile, Standard Deviation, Skewness, Kurtosis;
Variance Test: Mood Variance Test, Levene Test, Bartlett Test, F-Test for Variance.
### Column Information: 
column_header: ID; data_type: id; num_of_rows: 3864; is_normality: False.
column_header: Exercise; data_type: categorical; num_of_rows: 3864; is_normality: False.
column_header: Calories Burn; data_type: quantitative; num_of_rows: 3864; is_normality: False.
column_header: Dream Weight; data_type: quantitative; num_of_rows: 3864; is_normality: False.
column_header: Actual Weight; data_type: quantitative; num_of_rows: 3864; is_normality: False.
column_header: Age; data_type: quantitative; num_of_rows: 3864; is_normality: False.
column_header: Gender; data_type: categorical; num_of_rows: 3864; is_normality: False.
column_header: Duration; data_type: quantitative; num_of_rows: 3864; is_normality: False.
column_header: Heart Rate; data_type: quantitative; num_of_rows: 3864; is_normality: False.
column_header: BMI; data_type: quantitative; num_of_rows: 3864; is_normality: False.
column_header: Weather Conditions; data_type: categorical; num_of_rows: 3864; is_normality: False.
column_header: Exercise Intensity; data_type: categorical; num_of_rows: 3864; is_normality: False.
### Statistical Question: Do the variances of measured weight and length of each exercise session exhibit statistical similarity?
### Response: Let's first understand the problem and follow this plan: 
1. Identify the variables involved 2. Determine the statistical task type 3. Select the appropriate method category 4. From the candidate methods in the provided classification list, keep only those that satisfy the data type, sample size and assumption 5. Exclude methods that do not satisfy these conditions 6. Provide the final answer in JSON format.
Now solve the problem step by step following the plan.The answer of relevant columns and applicable methods in JSON format and reason is:","{
  ""columns"": [""Actual Weight"", ""Duration""],
  ""methods"": [""Levene Test"", ""Bartlett Test"", ""Mood Variance Test"", ""F-Test for Variance""]
}

### Reasoning:
1. **Identify the Variables Involved:**
   - The statistical question asks about the variances of ""measured weight"" and ""length of each exercise session.""
   - ""Measured weight"" corresponds to the ""Actual Weight"" column.
   - ""Length of each exercise session"" corresponds to the ""Duration"" column.

2. **Determine the Statistical Task Type:**
   - The question is about comparing the variances of two quantitative variables, which falls under the category of variance tests.

3. **Select the Appropriate Method Category:**
   - From the provided classification list, the relevant category is ""Variance Test.""

4. **From the Candidate Methods in the Provided Classification List, Keep Only Those That Satisfy the Data Type, Sample Size, and Assumptions:**
   - The data types of ""Actual Weight"" and ""Duration"" are quantitative.
   - The sample size is 3864, which is sufficiently large for most variance tests.
   - The methods applicable for comparing","{""columns"": [""Actual Weight"", ""Duration""], ""methods"": [""Mood Variance Test"", ""Levene Test""]}","['Levene Test', 'Bartlett Test', 'Mood Variance Test', 'F-Test for Variance']","{""Correct"": 2, ""Wrong"": 2, ""Missed"": 0}","{""Correct"": 2, ""Wrong"": 0, ""Missed"": 0}",0,1,0,False,False,False,True,Variance Test
Terrorist Attacks Dataset,Is the frequency of Unarmed Assault as an attack method normally distributed?,"[{""column_header"": ""Attack method: Unarmed Assault"", ""is_strata"": false, ""is_control"": false}]",Distribution Compliance Test,hard,"[{""method"": ""Anderson-Darling Test"", ""result"": ""{\""AD results\"": \""{\\\""stat\\\"": 3432.87517, \\\""crit\\\"": 0.576}\""}"", ""conclusion"": ""Non-normally distributed""}, {""method"": ""Kolmogorov-Smirnov Test for Normality"", ""result"": ""{\""p value\"": 0.0}"", ""conclusion"": ""Non-normally distributed""}, {""method"": ""Lilliefors Test"", ""result"": ""{\""p value\"": 0.001}"", ""conclusion"": ""Non-normally distributed""}]","### Task Description: You need to select relevant columns and all applicable methods from provided list for the given statistical question.
### Instruction: You should only reply with one answer in JSON format containing two keys: 'columns' and 'methods'. The value of 'columns' is a list of columns' headers relevant to the given statistical question, and the value of 'methods' is a list containing all methods you think applicable. For example: {""columns"": [""c1"", ""c2"", ""...""], ""methods"": [""m1"", ""m2"", ""...""]}. If you think there is a strata or control variable involved, put its column header in the last item of the columns list. Ensure your methods selection is only limited to the classification list provided.
### Classification List: 
Correlation Analysis: Pearson Correlation Coefficient, Spearman Correlation Coefficient, Kendall Correlation Coefficient, Partial Correlation Coefficient;
Distribution Compliance Test: Anderson-Darling Test, Shapiro-Wilk Test of Normality, Kolmogorov-Smirnov Test for Normality, Lilliefors Test, Kolmogorov-Smirnov Test, Kolmogorov-Smirnov Test for Uniform distribution, Kolmogorov-Smirnov Test for Gamma distribution, Kolmogorov-Smirnov Test for Exponential distribution;
Contingency Table Test: Chi-square Independence Test, Fisher Exact Test, Mantel-Haenszel Test;
Descriptive Statistics: Mean, Median, Mode, Range, Quartile, Standard Deviation, Skewness, Kurtosis;
Variance Test: Mood Variance Test, Levene Test, Bartlett Test, F-Test for Variance.
### Column Information: 
column_header: Entity; data_type: other; num_of_rows: 10517; is_normality: False.
column_header: Code; data_type: other; num_of_rows: 10517; is_normality: False.
column_header: Year; data_type: other; num_of_rows: 10517; is_normality: False.
column_header: Terrorist attacks; data_type: quantitative; num_of_rows: 10517; is_normality: False.
column_header: Terrorism deaths; data_type: quantitative; num_of_rows: 10517; is_normality: False.
column_header: Attack method: Hijacking; data_type: quantitative; num_of_rows: 10517; is_normality: False.
column_header: Attack method: Hostage Taking (Barricade Incident); data_type: quantitative; num_of_rows: 10517; is_normality: False.
column_header: Attack method: Unarmed Assault; data_type: quantitative; num_of_rows: 10517; is_normality: False.
column_header: Attack method: Facility/Infrastructure Attack; data_type: quantitative; num_of_rows: 10517; is_normality: False.
column_header: Attack method: Hostage Taking (Kidnapping); data_type: quantitative; num_of_rows: 10517; is_normality: False.
column_header: Attack method: Assassination; data_type: quantitative; num_of_rows: 10517; is_normality: False.
column_header: Attack method: Armed Assault; data_type: quantitative; num_of_rows: 10517; is_normality: False.
column_header: Attack method: Bombing/Explosion; data_type: quantitative; num_of_rows: 10517; is_normality: False.
column_header: Death Age 100+; data_type: quantitative; num_of_rows: 10517; is_normality: False.
column_header: Death Age: 51-99 ; data_type: quantitative; num_of_rows: 10517; is_normality: False.
column_header: Death Age : 21-50 ; data_type: quantitative; num_of_rows: 10517; is_normality: False.
column_header: Death Age : 11-20 ; data_type: quantitative; num_of_rows: 10517; is_normality: False.
column_header: Death Age : 6-10 ; data_type: quantitative; num_of_rows: 10517; is_normality: False.
column_header: Death Age :  1-5; data_type: quantitative; num_of_rows: 10517; is_normality: False.
column_header: Terrorist Death Type : Suicide; data_type: quantitative; num_of_rows: 10517; is_normality: False.
column_header: Terrorist Death Type : Killed; data_type: quantitative; num_of_rows: 10517; is_normality: False.
### Statistical Question: Is the frequency of Unarmed Assault as an attack method normally distributed?
### Response: Let's first understand the problem and follow this plan: 
1. Identify the variables involved 2. Determine the statistical task type 3. Select the appropriate method category 4. From the candidate methods in the provided classification list, keep only those that satisfy the data type, sample size and assumption 5. Exclude methods that do not satisfy these conditions 6. Provide the final answer in JSON format.
Now solve the problem step by step following the plan.The answer of relevant columns and applicable methods in JSON format and reason is:","{
  ""columns"": [""Attack method: Unarmed Assault""],
  ""methods"": [""Anderson-Darling Test"", ""Shapiro-Wilk Test of Normality"", ""Kolmogorov-Smirnov Test for Normality"", ""Lilliefors Test""]
}

### Reasoning:
1. **Identify the variables involved**: The statistical question is about the frequency of ""Unarmed Assault"" as an attack method. The relevant column is ""Attack method: Unarmed Assault"".
2. **Determine the statistical task type**: The question is asking whether the frequency of ""Unarmed Assault"" is normally distributed. This falls under the category of Distribution Compliance Test.
3. **Select the appropriate method category**: From the provided classification list, the methods that can be used to test for normal distribution are:
   - Anderson-Darling Test
   - Shapiro-Wilk Test of Normality
   - Kolmogorov-Smirnov Test for Normality
   - Lilliefors Test
4. **From the candidate methods in the provided classification list, keep only those that satisfy the data type, sample size and assumption**: All the methods listed above are suitable for testing normality on quantitative data with a sample size of 105","{""columns"": [""Attack method: Unarmed Assault""], ""methods"": [""Anderson-Darling Test"", ""Kolmogorov-Smirnov Test for Normality"", ""Lilliefors Test""]}","['Anderson-Darling Test', 'Shapiro-Wilk Test of Normality', 'Kolmogorov-Smirnov Test for Normality', 'Lilliefors Test']","{""Correct"": 3, ""Wrong"": 1, ""Missed"": 0}","{""Correct"": 1, ""Wrong"": 0, ""Missed"": 0}",0,1,0,False,False,False,True,Distribution Compliance Test
Los Angeles Library Monthly Statistics,Do differences in the distribution shapes of the total number of program attendees and the number of individuals assisted in pursuing citizenship at the library?,"[{""column_header"": ""Total Program Attendees"", ""is_strata"": false, ""is_control"": false}, {""column_header"": ""# of Individuals Assisted in Pursuing Citizenship"", ""is_strata"": false, ""is_control"": false}]",Distribution Compliance Test,easy,"[{""method"": ""Kolmogorov-Smirnov Test"", ""result"": ""{\""p value\"": 0.0}"", ""conclusion"": ""Distribution significantly different""}]","### Task Description: You need to select relevant columns and all applicable methods from provided list for the given statistical question.
### Instruction: You should only reply with one answer in JSON format containing two keys: 'columns' and 'methods'. The value of 'columns' is a list of columns' headers relevant to the given statistical question, and the value of 'methods' is a list containing all methods you think applicable. For example: {""columns"": [""c1"", ""c2"", ""...""], ""methods"": [""m1"", ""m2"", ""...""]}. If you think there is a strata or control variable involved, put its column header in the last item of the columns list. Ensure your methods selection is only limited to the classification list provided.
### Classification List: 
Correlation Analysis: Pearson Correlation Coefficient, Spearman Correlation Coefficient, Kendall Correlation Coefficient, Partial Correlation Coefficient;
Distribution Compliance Test: Anderson-Darling Test, Shapiro-Wilk Test of Normality, Kolmogorov-Smirnov Test for Normality, Lilliefors Test, Kolmogorov-Smirnov Test, Kolmogorov-Smirnov Test for Uniform distribution, Kolmogorov-Smirnov Test for Gamma distribution, Kolmogorov-Smirnov Test for Exponential distribution;
Contingency Table Test: Chi-square Independence Test, Fisher Exact Test, Mantel-Haenszel Test;
Descriptive Statistics: Mean, Median, Mode, Range, Quartile, Standard Deviation, Skewness, Kurtosis;
Variance Test: Mood Variance Test, Levene Test, Bartlett Test, F-Test for Variance.
### Column Information: 
column_header: Date; data_type: other; num_of_rows: 72; is_normality: False.
column_header: Total Library Visitors; data_type: quantitative; num_of_rows: 72; is_normality: True.
column_header: Total Program Attendees; data_type: quantitative; num_of_rows: 72; is_normality: False.
column_header: Total eMedia Circulation; data_type: quantitative; num_of_rows: 72; is_normality: True.
column_header: Total Cardholders; data_type: quantitative; num_of_rows: 72; is_normality: False.
column_header: Total Computer Usage (Wireless + PC Sessions); data_type: quantitative; num_of_rows: 72; is_normality: False.
column_header: New Cardholders; data_type: quantitative; num_of_rows: 72; is_normality: False.
column_header: # of Individuals Assisted in Pursuing Citizenship; data_type: quantitative; num_of_rows: 72; is_normality: False.
column_header: # of Homeless Individuals Served at The Source; data_type: quantitative; num_of_rows: 72; is_normality: False.
column_header: # of Attendees at Children's and Teen Programming; data_type: quantitative; num_of_rows: 72; is_normality: False.
### Statistical Question: Do differences in the distribution shapes of the total number of program attendees and the number of individuals assisted in pursuing citizenship at the library?
### Response: Let's first understand the problem and follow this plan: 
1. Identify the variables involved 2. Determine the statistical task type 3. Select the appropriate method category 4. From the candidate methods in the provided classification list, keep only those that satisfy the data type, sample size and assumption 5. Exclude methods that do not satisfy these conditions 6. Provide the final answer in JSON format.
Now solve the problem step by step following the plan.The answer of relevant columns and applicable methods in JSON format and reason is:","```json
{
  ""columns"": [""Total Program Attendees"", ""# of Individuals Assisted in Pursuing Citizenship""],
  ""methods"": [""Anderson-Darling Test"", ""Shapiro-Wilk Test of Normality"", ""Kolmogorov-Smirnov Test for Normality"", ""Lilliefors Test"", ""Kolmogorov-Smirnov Test"", ""Kolmogorov-Smirnov Test for Uniform distribution"", ""Kolmogorov-Smirnov Test for Gamma distribution"", ""Kolmogorov-Smirnov Test for Exponential distribution""]
}
```

### Reasoning:
1. **Identify the Variables Involved:**
   - The statistical question involves comparing the distribution shapes of two quantitative variables: ""Total Program Attendees"" and ""# of Individuals Assisted in Pursuing Citizenship"".

2. **Determine the Statistical Task Type:**
   - The task is to compare the distribution shapes of two variables, which falls under the category of distribution compliance tests.

3. **Select the Appropriate Method Category:**
   - From the provided classification list, the relevant category is ""Distribution Compliance Test"".

4. **Select Methods:**
   - The methods under ""Distribution Compliance Test"" are","{""columns"": [""Total Program Attendees"", ""# of Individuals Assisted in Pursuing Citizenship""], ""methods"": [""Kolmogorov-Smirnov Test""]}","['Anderson-Darling Test', 'Shapiro-Wilk Test of Normality', 'Kolmogorov-Smirnov Test for Normality', 'Lilliefors Test', 'Kolmogorov-Smirnov Test', 'Kolmogorov-Smirnov Test for Uniform distribution', 'Kolmogorov-Smirnov Test for Gamma distribution', 'Kolmogorov-Smirnov Test for Exponential distribution']","{""Correct"": 1, ""Wrong"": 7, ""Missed"": 0}","{""Correct"": 2, ""Wrong"": 0, ""Missed"": 0}",0,1,0,False,False,False,True,Distribution Compliance Test
Los Angeles Library Monthly Statistics,Are the variances of the total number of program attendees and the number of homeless individuals served at The Source statistically similar?,"[{""column_header"": ""Total Program Attendees"", ""is_strata"": false, ""is_control"": false}, {""column_header"": ""# of Homeless Individuals Served at The Source"", ""is_strata"": false, ""is_control"": false}]",Variance Test,hard,"[{""method"": ""Mood Variance Test"", ""result"": ""{\""stat\"": 0.0, \""p value\"": 1.0}"", ""conclusion"": ""Variance not significantly difference between them""}, {""method"": ""Levene Test"", ""result"": ""{\""stat\"": 44.38863, \""p value\"": 0.0}"", ""conclusion"": ""Variance significantly difference between them""}]","### Task Description: You need to select relevant columns and all applicable methods from provided list for the given statistical question.
### Instruction: You should only reply with one answer in JSON format containing two keys: 'columns' and 'methods'. The value of 'columns' is a list of columns' headers relevant to the given statistical question, and the value of 'methods' is a list containing all methods you think applicable. For example: {""columns"": [""c1"", ""c2"", ""...""], ""methods"": [""m1"", ""m2"", ""...""]}. If you think there is a strata or control variable involved, put its column header in the last item of the columns list. Ensure your methods selection is only limited to the classification list provided.
### Classification List: 
Correlation Analysis: Pearson Correlation Coefficient, Spearman Correlation Coefficient, Kendall Correlation Coefficient, Partial Correlation Coefficient;
Distribution Compliance Test: Anderson-Darling Test, Shapiro-Wilk Test of Normality, Kolmogorov-Smirnov Test for Normality, Lilliefors Test, Kolmogorov-Smirnov Test, Kolmogorov-Smirnov Test for Uniform distribution, Kolmogorov-Smirnov Test for Gamma distribution, Kolmogorov-Smirnov Test for Exponential distribution;
Contingency Table Test: Chi-square Independence Test, Fisher Exact Test, Mantel-Haenszel Test;
Descriptive Statistics: Mean, Median, Mode, Range, Quartile, Standard Deviation, Skewness, Kurtosis;
Variance Test: Mood Variance Test, Levene Test, Bartlett Test, F-Test for Variance.
### Column Information: 
column_header: Date; data_type: other; num_of_rows: 72; is_normality: False.
column_header: Total Library Visitors; data_type: quantitative; num_of_rows: 72; is_normality: True.
column_header: Total Program Attendees; data_type: quantitative; num_of_rows: 72; is_normality: False.
column_header: Total eMedia Circulation; data_type: quantitative; num_of_rows: 72; is_normality: True.
column_header: Total Cardholders; data_type: quantitative; num_of_rows: 72; is_normality: False.
column_header: Total Computer Usage (Wireless + PC Sessions); data_type: quantitative; num_of_rows: 72; is_normality: False.
column_header: New Cardholders; data_type: quantitative; num_of_rows: 72; is_normality: False.
column_header: # of Individuals Assisted in Pursuing Citizenship; data_type: quantitative; num_of_rows: 72; is_normality: False.
column_header: # of Homeless Individuals Served at The Source; data_type: quantitative; num_of_rows: 72; is_normality: False.
column_header: # of Attendees at Children's and Teen Programming; data_type: quantitative; num_of_rows: 72; is_normality: False.
### Statistical Question: Are the variances of the total number of program attendees and the number of homeless individuals served at The Source statistically similar?
### Response: Let's first understand the problem and follow this plan: 
1. Identify the variables involved 2. Determine the statistical task type 3. Select the appropriate method category 4. From the candidate methods in the provided classification list, keep only those that satisfy the data type, sample size and assumption 5. Exclude methods that do not satisfy these conditions 6. Provide the final answer in JSON format.
Now solve the problem step by step following the plan.The answer of relevant columns and applicable methods in JSON format and reason is:","```json
{
  ""columns"": [""Total Program Attendees"", ""# of Homeless Individuals Served at The Source""],
  ""methods"": [""Mood Variance Test"", ""Levene Test"", ""Bartlett Test"", ""F-Test for Variance""]
}
```

### Reasoning:
1. **Identify the Variables Involved:**
   - The statistical question involves comparing the variances of two quantitative variables: ""Total Program Attendees"" and ""# of Homeless Individuals Served at The Source"".

2. **Determine the Statistical Task Type:**
   - The task is to determine if the variances of these two variables are statistically similar, which falls under the category of variance testing.

3. **Select the Appropriate Method Category:**
   - From the provided classification list, the relevant category is ""Variance Test"".

4. **Select Candidate Methods:**
   - The candidate methods for variance testing are: Mood Variance Test, Levene Test, Bartlett Test, and F-Test for Variance.

5. **Exclude Methods Based on Assumptions:**
   - All the methods listed in the variance test category are applicable to quantitative data and do not have strict normality assumptions that would be violated by the","{""columns"": [""Total Program Attendees"", ""# of Homeless Individuals Served at The Source""], ""methods"": [""Mood Variance Test"", ""Levene Test""]}","['Mood Variance Test', 'Levene Test', 'Bartlett Test', 'F-Test for Variance']","{""Correct"": 2, ""Wrong"": 2, ""Missed"": 0}","{""Correct"": 2, ""Wrong"": 0, ""Missed"": 0}",0,1,0,False,False,False,True,Variance Test
Housing Price Dataset,Is there a statistically significant difference in the variances of the property's square footage and the number of bathrooms?,"[{""column_header"": ""SquareFeet"", ""is_strata"": false, ""is_control"": false}, {""column_header"": ""Bathrooms"", ""is_strata"": false, ""is_control"": false}]",Variance Test,hard,"[{""method"": ""Mood Variance Test"", ""result"": ""{\""stat\"": 0.0, \""p value\"": 1.0}"", ""conclusion"": ""Variance not significantly difference between them""}, {""method"": ""Levene Test"", ""result"": ""{\""stat\"": 147780.52582, \""p value\"": 0.0}"", ""conclusion"": ""Variance significantly difference between them""}]","### Task Description: You need to select relevant columns and all applicable methods from provided list for the given statistical question.
### Instruction: You should only reply with one answer in JSON format containing two keys: 'columns' and 'methods'. The value of 'columns' is a list of columns' headers relevant to the given statistical question, and the value of 'methods' is a list containing all methods you think applicable. For example: {""columns"": [""c1"", ""c2"", ""...""], ""methods"": [""m1"", ""m2"", ""...""]}. If you think there is a strata or control variable involved, put its column header in the last item of the columns list. Ensure your methods selection is only limited to the classification list provided.
### Classification List: 
Correlation Analysis: Pearson Correlation Coefficient, Spearman Correlation Coefficient, Kendall Correlation Coefficient, Partial Correlation Coefficient;
Distribution Compliance Test: Anderson-Darling Test, Shapiro-Wilk Test of Normality, Kolmogorov-Smirnov Test for Normality, Lilliefors Test, Kolmogorov-Smirnov Test, Kolmogorov-Smirnov Test for Uniform distribution, Kolmogorov-Smirnov Test for Gamma distribution, Kolmogorov-Smirnov Test for Exponential distribution;
Contingency Table Test: Chi-square Independence Test, Fisher Exact Test, Mantel-Haenszel Test;
Descriptive Statistics: Mean, Median, Mode, Range, Quartile, Standard Deviation, Skewness, Kurtosis;
Variance Test: Mood Variance Test, Levene Test, Bartlett Test, F-Test for Variance.
### Column Information: 
column_header: SquareFeet; data_type: quantitative; num_of_rows: 50000; is_normality: False.
column_header: Bedrooms; data_type: quantitative; num_of_rows: 50000; is_normality: False.
column_header: Bathrooms; data_type: quantitative; num_of_rows: 50000; is_normality: False.
column_header: Neighborhood; data_type: categorical; num_of_rows: 50000; is_normality: False.
column_header: YearBuilt; data_type: other; num_of_rows: 50000; is_normality: False.
column_header: Price; data_type: quantitative; num_of_rows: 50000; is_normality: False.
### Statistical Question: Is there a statistically significant difference in the variances of the property's square footage and the number of bathrooms?
### Response: Let's first understand the problem and follow this plan: 
1. Identify the variables involved 2. Determine the statistical task type 3. Select the appropriate method category 4. From the candidate methods in the provided classification list, keep only those that satisfy the data type, sample size and assumption 5. Exclude methods that do not satisfy these conditions 6. Provide the final answer in JSON format.
Now solve the problem step by step following the plan.The answer of relevant columns and applicable methods in JSON format and reason is:","```json
{
  ""columns"": [""SquareFeet"", ""Bathrooms""],
  ""methods"": [""Levene Test"", ""Bartlett Test"", ""Mood Variance Test""]
}
```

### Reasoning:
1. **Identify the Variables Involved:**
   - The variables involved are `SquareFeet` and `Bathrooms`.

2. **Determine the Statistical Task Type:**
   - The task is to determine if there is a statistically significant difference in the variances of the property's square footage and the number of bathrooms.

3. **Select the Appropriate Method Category:**
   - The appropriate method category is the Variance Test.

4. **From the Candidate Methods in the Provided Classification List, Keep Only Those That Satisfy the Data Type, Sample Size, and Assumptions:**
   - The data types for `SquareFeet` and `Bathrooms` are quantitative.
   - The sample size is 50,000 for each variable.
   - The methods that can be used to test for variance differences are:
     - Levene Test
     - Bartlett Test
     - Mood Variance Test

5. **Exclude Methods That Do Not Satisfy","{""columns"": [""SquareFeet"", ""Bathrooms""], ""methods"": [""Mood Variance Test"", ""Levene Test""]}","['Levene Test', 'Bartlett Test', 'Mood Variance Test']","{""Correct"": 2, ""Wrong"": 1, ""Missed"": 0}","{""Correct"": 2, ""Wrong"": 0, ""Missed"": 0}",0,1,0,False,False,False,True,Variance Test
Student Performance Prediction Dataset,Are the levels of data spread similar for studytime and Dalc?,"[{""column_header"": ""studytime"", ""is_strata"": false, ""is_control"": false}, {""column_header"": ""Dalc"", ""is_strata"": false, ""is_control"": false}]",Variance Test,hard,"[{""method"": ""Mood Variance Test"", ""result"": ""{\""stat\"": -2.3625, \""p value\"": 0.01815}"", ""conclusion"": ""Variance significantly difference between them""}, {""method"": ""Levene Test"", ""result"": ""{\""stat\"": 3.5869, \""p value\"": 0.05846}"", ""conclusion"": ""Variance not significantly difference between them""}]","### Task Description: You need to select relevant columns and all applicable methods from provided list for the given statistical question.
### Instruction: You should only reply with one answer in JSON format containing two keys: 'columns' and 'methods'. The value of 'columns' is a list of columns' headers relevant to the given statistical question, and the value of 'methods' is a list containing all methods you think applicable. For example: {""columns"": [""c1"", ""c2"", ""...""], ""methods"": [""m1"", ""m2"", ""...""]}. If you think there is a strata or control variable involved, put its column header in the last item of the columns list. Ensure your methods selection is only limited to the classification list provided.
### Classification List: 
Correlation Analysis: Pearson Correlation Coefficient, Spearman Correlation Coefficient, Kendall Correlation Coefficient, Partial Correlation Coefficient;
Distribution Compliance Test: Anderson-Darling Test, Shapiro-Wilk Test of Normality, Kolmogorov-Smirnov Test for Normality, Lilliefors Test, Kolmogorov-Smirnov Test, Kolmogorov-Smirnov Test for Uniform distribution, Kolmogorov-Smirnov Test for Gamma distribution, Kolmogorov-Smirnov Test for Exponential distribution;
Contingency Table Test: Chi-square Independence Test, Fisher Exact Test, Mantel-Haenszel Test;
Descriptive Statistics: Mean, Median, Mode, Range, Quartile, Standard Deviation, Skewness, Kurtosis;
Variance Test: Mood Variance Test, Levene Test, Bartlett Test, F-Test for Variance.
### Column Information: 
column_header: Unnamed: 0; data_type: id; num_of_rows: 649; is_normality: False.
column_header: school; data_type: categorical; num_of_rows: 649; is_normality: False.
column_header: sex; data_type: categorical; num_of_rows: 649; is_normality: False.
column_header: age; data_type: quantitative; num_of_rows: 649; is_normality: False.
column_header: address; data_type: categorical; num_of_rows: 649; is_normality: False.
column_header: famsize; data_type: categorical; num_of_rows: 649; is_normality: False.
column_header: Pstatus; data_type: categorical; num_of_rows: 649; is_normality: False.
column_header: Medu; data_type: quantitative; num_of_rows: 649; is_normality: False.
column_header: Fedu; data_type: quantitative; num_of_rows: 649; is_normality: False.
column_header: Mjob; data_type: categorical; num_of_rows: 649; is_normality: False.
column_header: Fjob; data_type: categorical; num_of_rows: 649; is_normality: False.
column_header: reason; data_type: categorical; num_of_rows: 649; is_normality: False.
column_header: guardian; data_type: categorical; num_of_rows: 649; is_normality: False.
column_header: traveltime; data_type: quantitative; num_of_rows: 649; is_normality: False.
column_header: studytime; data_type: quantitative; num_of_rows: 649; is_normality: False.
column_header: failures; data_type: quantitative; num_of_rows: 649; is_normality: False.
column_header: schoolsup; data_type: categorical; num_of_rows: 649; is_normality: False.
column_header: famsup; data_type: categorical; num_of_rows: 649; is_normality: False.
column_header: paid; data_type: categorical; num_of_rows: 649; is_normality: False.
column_header: activities; data_type: categorical; num_of_rows: 649; is_normality: False.
column_header: nursery; data_type: categorical; num_of_rows: 649; is_normality: False.
column_header: higher; data_type: categorical; num_of_rows: 649; is_normality: False.
column_header: internet; data_type: categorical; num_of_rows: 649; is_normality: False.
column_header: romantic; data_type: categorical; num_of_rows: 649; is_normality: False.
column_header: famrel; data_type: quantitative; num_of_rows: 649; is_normality: False.
column_header: freetime; data_type: quantitative; num_of_rows: 649; is_normality: False.
column_header: goout; data_type: quantitative; num_of_rows: 649; is_normality: False.
column_header: Dalc; data_type: quantitative; num_of_rows: 649; is_normality: False.
column_header: Walc; data_type: quantitative; num_of_rows: 649; is_normality: False.
column_header: health; data_type: quantitative; num_of_rows: 649; is_normality: False.
column_header: absences; data_type: quantitative; num_of_rows: 649; is_normality: False.
column_header: G1; data_type: quantitative; num_of_rows: 649; is_normality: False.
column_header: G2; data_type: quantitative; num_of_rows: 649; is_normality: False.
column_header: G3; data_type: quantitative; num_of_rows: 649; is_normality: False.
### Statistical Question: Are the levels of data spread similar for studytime and Dalc?
### Response: Let's first understand the problem and follow this plan: 
1. Identify the variables involved 2. Determine the statistical task type 3. Select the appropriate method category 4. From the candidate methods in the provided classification list, keep only those that satisfy the data type, sample size and assumption 5. Exclude methods that do not satisfy these conditions 6. Provide the final answer in JSON format.
Now solve the problem step by step following the plan.The answer of relevant columns and applicable methods in JSON format and reason is:","```json
{
  ""columns"": [""studytime"", ""Dalc""],
  ""methods"": [""Levene Test"", ""Bartlett Test""]
}
```

### Explanation:
1. **Identify the Variables Involved:**
   - The statistical question asks about the similarity of data spread (variance) between two quantitative variables: `studytime` and `Dalc`.

2. **Determine the Statistical Task Type:**
   - The task is to compare the variances of two quantitative variables, which falls under the category of variance tests.

3. **Select the Appropriate Method Category:**
   - From the provided classification list, the relevant category is ""Variance Test"".

4. **Select Appropriate Methods:**
   - The methods available under ""Variance Test"" are Mood Variance Test, Levene Test, Bartlett Test, and F-Test for Variance.
   - All these methods are suitable for comparing the variances of two quantitative variables.
   - Since the data is not necessarily normally distributed (as indicated by `is_normality: False`), non-parametric methods like Levene Test and Bartlett Test are preferred over parametric methods like F-Test for Variance.

5. **Final Selection","{""columns"": [""studytime"", ""Dalc""], ""methods"": [""Mood Variance Test"", ""Levene Test""]}","['Levene Test', 'Bartlett Test']","{""Correct"": 1, ""Wrong"": 1, ""Missed"": 1}","{""Correct"": 2, ""Wrong"": 0, ""Missed"": 0}",0,1,0,False,False,False,True,Variance Test
Jobs and Salaries Dataset,Is there a relationship between the frequency of work settings and company size?,"[{""column_header"": ""work_setting"", ""is_strata"": false, ""is_control"": false}, {""column_header"": ""company_size"", ""is_strata"": false, ""is_control"": false}]",Contingency Table Test,hard,"[{""method"": ""Chi-square Independence Test"", ""result"": ""{\""p value\"": 0.0}"", ""conclusion"": ""Not independent""}]","### Task Description: You need to select relevant columns and all applicable methods from provided list for the given statistical question.
### Instruction: You should only reply with one answer in JSON format containing two keys: 'columns' and 'methods'. The value of 'columns' is a list of columns' headers relevant to the given statistical question, and the value of 'methods' is a list containing all methods you think applicable. For example: {""columns"": [""c1"", ""c2"", ""...""], ""methods"": [""m1"", ""m2"", ""...""]}. If you think there is a strata or control variable involved, put its column header in the last item of the columns list. Ensure your methods selection is only limited to the classification list provided.
### Classification List: 
Correlation Analysis: Pearson Correlation Coefficient, Spearman Correlation Coefficient, Kendall Correlation Coefficient, Partial Correlation Coefficient;
Distribution Compliance Test: Anderson-Darling Test, Shapiro-Wilk Test of Normality, Kolmogorov-Smirnov Test for Normality, Lilliefors Test, Kolmogorov-Smirnov Test, Kolmogorov-Smirnov Test for Uniform distribution, Kolmogorov-Smirnov Test for Gamma distribution, Kolmogorov-Smirnov Test for Exponential distribution;
Contingency Table Test: Chi-square Independence Test, Fisher Exact Test, Mantel-Haenszel Test;
Descriptive Statistics: Mean, Median, Mode, Range, Quartile, Standard Deviation, Skewness, Kurtosis;
Variance Test: Mood Variance Test, Levene Test, Bartlett Test, F-Test for Variance.
### Column Information: 
column_header: work_year; data_type: quantitative; num_of_rows: 9355; is_normality: False.
column_header: job_title; data_type: categorical; num_of_rows: 9355; is_normality: False.
column_header: job_categoricalgory; data_type: categorical; num_of_rows: 9355; is_normality: False.
column_header: salary_currency; data_type: categorical; num_of_rows: 9355; is_normality: False.
column_header: salary; data_type: quantitative; num_of_rows: 9355; is_normality: False.
column_header: salary_in_usd; data_type: quantitative; num_of_rows: 9355; is_normality: False.
column_header: employee_residence; data_type: categorical; num_of_rows: 9355; is_normality: False.
column_header: experience_level; data_type: categorical; num_of_rows: 9355; is_normality: False.
column_header: employment_type; data_type: categorical; num_of_rows: 9355; is_normality: False.
column_header: work_setting; data_type: categorical; num_of_rows: 9355; is_normality: False.
column_header: company_location; data_type: categorical; num_of_rows: 9355; is_normality: False.
column_header: company_size; data_type: categorical; num_of_rows: 9355; is_normality: False.
### Statistical Question: Is there a relationship between the frequency of work settings and company size?
### Response: Let's first understand the problem and follow this plan: 
1. Identify the variables involved 2. Determine the statistical task type 3. Select the appropriate method category 4. From the candidate methods in the provided classification list, keep only those that satisfy the data type, sample size and assumption 5. Exclude methods that do not satisfy these conditions 6. Provide the final answer in JSON format.
Now solve the problem step by step following the plan.The answer of relevant columns and applicable methods in JSON format and reason is:","```json
{
  ""columns"": [""work_setting"", ""company_size""],
  ""methods"": [""Chi-square Independence Test"", ""Fisher Exact Test""]
}
```

### Reasoning:
1. **Identify the Variables Involved:**
   - The statistical question asks about the relationship between the frequency of work settings and company size.
   - `work_setting` is a categorical variable.
   - `company_size` is a categorical variable.

2. **Determine the Statistical Task Type:**
   - The task is to determine if there is a relationship between two categorical variables.
   - This falls under the category of contingency table tests.

3. **Select the Appropriate Method Category:**
   - The appropriate method category for this task is ""Contingency Table Test"".

4. **From the Candidate Methods in the Provided Classification List, Keep Only Those That Satisfy the Data Type, Sample Size, and Assumption:**
   - The candidate methods for contingency table tests are:
     - Chi-square Independence Test
     - Fisher Exact Test
     - Mantel-Haenszel Test
   - Given the sample size of 9355 rows, the Chi-square Independence Test is typically used for larger samples, while the Fisher Exact Test","{""columns"": [""work_setting"", ""company_size""], ""methods"": [""Chi-square Independence Test""]}","['Chi-square Independence Test', 'Fisher Exact Test']","{""Correct"": 1, ""Wrong"": 1, ""Missed"": 0}","{""Correct"": 2, ""Wrong"": 0, ""Missed"": 0}",0,1,0,False,False,False,True,Contingency Table Test
Exercise and Fitness Metrics Dataset,Is the variable Heart Rate suitable for statistical methods that assume normality?,"[{""column_header"": ""Heart Rate"", ""is_strata"": false, ""is_control"": false}]",Distribution Compliance Test,hard,"[{""method"": ""Anderson-Darling Test"", ""result"": ""{\""AD results\"": \""{\\\""stat\\\"": 45.71571, \\\""crit\\\"": 0.575}\""}"", ""conclusion"": ""Non-normally distributed""}, {""method"": ""Kolmogorov-Smirnov Test for Normality"", ""result"": ""{\""p value\"": 0.0}"", ""conclusion"": ""Non-normally distributed""}, {""method"": ""Lilliefors Test"", ""result"": ""{\""p value\"": 0.001}"", ""conclusion"": ""Non-normally distributed""}]","### Task Description: You need to select relevant columns and all applicable methods from provided list for the given statistical question.
### Instruction: You should only reply with one answer in JSON format containing two keys: 'columns' and 'methods'. The value of 'columns' is a list of columns' headers relevant to the given statistical question, and the value of 'methods' is a list containing all methods you think applicable. For example: {""columns"": [""c1"", ""c2"", ""...""], ""methods"": [""m1"", ""m2"", ""...""]}. If you think there is a strata or control variable involved, put its column header in the last item of the columns list. Ensure your methods selection is only limited to the classification list provided.
### Classification List: 
Correlation Analysis: Pearson Correlation Coefficient, Spearman Correlation Coefficient, Kendall Correlation Coefficient, Partial Correlation Coefficient;
Distribution Compliance Test: Anderson-Darling Test, Shapiro-Wilk Test of Normality, Kolmogorov-Smirnov Test for Normality, Lilliefors Test, Kolmogorov-Smirnov Test, Kolmogorov-Smirnov Test for Uniform distribution, Kolmogorov-Smirnov Test for Gamma distribution, Kolmogorov-Smirnov Test for Exponential distribution;
Contingency Table Test: Chi-square Independence Test, Fisher Exact Test, Mantel-Haenszel Test;
Descriptive Statistics: Mean, Median, Mode, Range, Quartile, Standard Deviation, Skewness, Kurtosis;
Variance Test: Mood Variance Test, Levene Test, Bartlett Test, F-Test for Variance.
### Column Information: 
column_header: ID; data_type: id; num_of_rows: 3864; is_normality: False.
column_header: Exercise; data_type: categorical; num_of_rows: 3864; is_normality: False.
column_header: Calories Burn; data_type: quantitative; num_of_rows: 3864; is_normality: False.
column_header: Dream Weight; data_type: quantitative; num_of_rows: 3864; is_normality: False.
column_header: Actual Weight; data_type: quantitative; num_of_rows: 3864; is_normality: False.
column_header: Age; data_type: quantitative; num_of_rows: 3864; is_normality: False.
column_header: Gender; data_type: categorical; num_of_rows: 3864; is_normality: False.
column_header: Duration; data_type: quantitative; num_of_rows: 3864; is_normality: False.
column_header: Heart Rate; data_type: quantitative; num_of_rows: 3864; is_normality: False.
column_header: BMI; data_type: quantitative; num_of_rows: 3864; is_normality: False.
column_header: Weather Conditions; data_type: categorical; num_of_rows: 3864; is_normality: False.
column_header: Exercise Intensity; data_type: categorical; num_of_rows: 3864; is_normality: False.
### Statistical Question: Is the variable Heart Rate suitable for statistical methods that assume normality?
### Response: Let's first understand the problem and follow this plan: 
1. Identify the variables involved 2. Determine the statistical task type 3. Select the appropriate method category 4. From the candidate methods in the provided classification list, keep only those that satisfy the data type, sample size and assumption 5. Exclude methods that do not satisfy these conditions 6. Provide the final answer in JSON format.
Now solve the problem step by step following the plan.The answer of relevant columns and applicable methods in JSON format and reason is:","```json
{
  ""columns"": [""Heart Rate""],
  ""methods"": [""Shapiro-Wilk Test of Normality"", ""Anderson-Darling Test"", ""Lilliefors Test"", ""Kolmogorov-Smirnov Test for Normality""]
}
```

### Reasoning:
- **Relevant Columns**: The statistical question is specifically about the variable ""Heart Rate"". Therefore, the relevant column is ""Heart Rate"".
- **Applicable Methods**: To determine if the variable ""Heart Rate"" is suitable for statistical methods that assume normality, we need to test if the data follows a normal distribution. The following methods from the provided list are suitable for this purpose:
  - **Shapiro-Wilk Test of Normality**: This is a powerful test for normality, especially for small to medium sample sizes.
  - **Anderson-Darling Test**: This test is sensitive to deviations from normality and is suitable for larger sample sizes.
  - **Lilliefors Test**: This is a modified Kolmogorov-Smirnov test that accounts for the estimation of parameters from the data, making it more appropriate for real-world data.
  - **Kolmogorov-Smirnov Test for Normality**: This test","{""columns"": [""Heart Rate""], ""methods"": [""Anderson-Darling Test"", ""Kolmogorov-Smirnov Test for Normality"", ""Lilliefors Test""]}","['Shapiro-Wilk Test of Normality', 'Anderson-Darling Test', 'Lilliefors Test', 'Kolmogorov-Smirnov Test for Normality']","{""Correct"": 3, ""Wrong"": 1, ""Missed"": 0}","{""Correct"": 1, ""Wrong"": 0, ""Missed"": 0}",0,1,0,False,False,False,True,Distribution Compliance Test
Housing Price Dataset,What is the average price?,"[{""column_header"": ""Price"", ""is_strata"": false, ""is_control"": false}]",Descriptive Statistics,easy,"[{""method"": ""Mean"", ""result"": ""224827.32515"", ""conclusion"": ""224827.32515""}]","### Task Description: You need to select relevant columns and all applicable methods from provided list for the given statistical question.
### Instruction: You should only reply with one answer in JSON format containing two keys: 'columns' and 'methods'. The value of 'columns' is a list of columns' headers relevant to the given statistical question, and the value of 'methods' is a list containing all methods you think applicable. For example: {""columns"": [""c1"", ""c2"", ""...""], ""methods"": [""m1"", ""m2"", ""...""]}. If you think there is a strata or control variable involved, put its column header in the last item of the columns list. Ensure your methods selection is only limited to the classification list provided.
### Classification List: 
Correlation Analysis: Pearson Correlation Coefficient, Spearman Correlation Coefficient, Kendall Correlation Coefficient, Partial Correlation Coefficient;
Distribution Compliance Test: Anderson-Darling Test, Shapiro-Wilk Test of Normality, Kolmogorov-Smirnov Test for Normality, Lilliefors Test, Kolmogorov-Smirnov Test, Kolmogorov-Smirnov Test for Uniform distribution, Kolmogorov-Smirnov Test for Gamma distribution, Kolmogorov-Smirnov Test for Exponential distribution;
Contingency Table Test: Chi-square Independence Test, Fisher Exact Test, Mantel-Haenszel Test;
Descriptive Statistics: Mean, Median, Mode, Range, Quartile, Standard Deviation, Skewness, Kurtosis;
Variance Test: Mood Variance Test, Levene Test, Bartlett Test, F-Test for Variance.
### Column Information: 
column_header: SquareFeet; data_type: quantitative; num_of_rows: 50000; is_normality: False.
column_header: Bedrooms; data_type: quantitative; num_of_rows: 50000; is_normality: False.
column_header: Bathrooms; data_type: quantitative; num_of_rows: 50000; is_normality: False.
column_header: Neighborhood; data_type: categorical; num_of_rows: 50000; is_normality: False.
column_header: YearBuilt; data_type: other; num_of_rows: 50000; is_normality: False.
column_header: Price; data_type: quantitative; num_of_rows: 50000; is_normality: False.
### Statistical Question: What is the average price?
### Response: Let's first understand the problem and follow this plan: 
1. Identify the variables involved 2. Determine the statistical task type 3. Select the appropriate method category 4. From the candidate methods in the provided classification list, keep only those that satisfy the data type, sample size and assumption 5. Exclude methods that do not satisfy these conditions 6. Provide the final answer in JSON format.
Now solve the problem step by step following the plan.The answer of relevant columns and applicable methods in JSON format and reason is:","{
  ""columns"": [""Price""],
  ""methods"": [""Mean"", ""Median"", ""Mode""]
}

### Reasoning:
- **Identify the variables involved:** The statistical question asks for the average price, which involves the ""Price"" column.
- **Determine the statistical task type:** The task is to calculate a measure of central tendency, specifically the average (mean).
- **Select the appropriate method category:** Descriptive Statistics is the relevant category here.
- **From the candidate methods in the provided classification list, keep only those that satisfy the data type, sample size, and assumption:** The ""Price"" column is quantitative, and we have a large sample size (50,000 rows). The methods that can be used to describe the central tendency of a quantitative variable are Mean, Median, and Mode.
- **Exclude methods that do not satisfy these conditions:** None of the other methods in the classification list are relevant for calculating the average price.
- **Provide the final answer in JSON format:** The relevant columns are [""Price""], and the applicable methods are [""Mean"", ""Median"", ""Mode""].","{""columns"": [""Price""], ""methods"": [""Mean""]}","['Mean', 'Median', 'Mode']","{""Correct"": 1, ""Wrong"": 2, ""Missed"": 0}","{""Correct"": 1, ""Wrong"": 0, ""Missed"": 0}",0,1,0,False,False,False,True,Descriptive Statistics
Stroke Prediction Dataset,Do the age and body mass index (BMI) have statistically similar dispersions?,"[{""column_header"": ""age"", ""is_strata"": false, ""is_control"": false}, {""column_header"": ""bmi"", ""is_strata"": false, ""is_control"": false}]",Variance Test,hard,"[{""method"": ""Mood Variance Test"", ""result"": ""{\""stat\"": 49.68115, \""p value\"": 0.0}"", ""conclusion"": ""Variance significantly difference between them""}, {""method"": ""Levene Test"", ""result"": ""{\""stat\"": 4811.51592, \""p value\"": 0.0}"", ""conclusion"": ""Variance significantly difference between them""}]","### Task Description: You need to select relevant columns and all applicable methods from provided list for the given statistical question.
### Instruction: You should only reply with one answer in JSON format containing two keys: 'columns' and 'methods'. The value of 'columns' is a list of columns' headers relevant to the given statistical question, and the value of 'methods' is a list containing all methods you think applicable. For example: {""columns"": [""c1"", ""c2"", ""...""], ""methods"": [""m1"", ""m2"", ""...""]}. If you think there is a strata or control variable involved, put its column header in the last item of the columns list. Ensure your methods selection is only limited to the classification list provided.
### Classification List: 
Correlation Analysis: Pearson Correlation Coefficient, Spearman Correlation Coefficient, Kendall Correlation Coefficient, Partial Correlation Coefficient;
Distribution Compliance Test: Anderson-Darling Test, Shapiro-Wilk Test of Normality, Kolmogorov-Smirnov Test for Normality, Lilliefors Test, Kolmogorov-Smirnov Test, Kolmogorov-Smirnov Test for Uniform distribution, Kolmogorov-Smirnov Test for Gamma distribution, Kolmogorov-Smirnov Test for Exponential distribution;
Contingency Table Test: Chi-square Independence Test, Fisher Exact Test, Mantel-Haenszel Test;
Descriptive Statistics: Mean, Median, Mode, Range, Quartile, Standard Deviation, Skewness, Kurtosis;
Variance Test: Mood Variance Test, Levene Test, Bartlett Test, F-Test for Variance.
### Column Information: 
column_header: id; data_type: id; num_of_rows: 5110; is_normality: False.
column_header: gender; data_type: categorical; num_of_rows: 5110; is_normality: False.
column_header: age; data_type: quantitative; num_of_rows: 5110; is_normality: False.
column_header: hypertension; data_type: categorical; num_of_rows: 5110; is_normality: False.
column_header: heart_disease; data_type: categorical; num_of_rows: 5110; is_normality: False.
column_header: ever_married; data_type: categorical; num_of_rows: 5110; is_normality: False.
column_header: work_type; data_type: categorical; num_of_rows: 5110; is_normality: False.
column_header: Residence_type; data_type: categorical; num_of_rows: 5110; is_normality: False.
column_header: avg_glucose_level; data_type: quantitative; num_of_rows: 5110; is_normality: False.
column_header: bmi; data_type: quantitative; num_of_rows: 5110; is_normality: False.
column_header: smoking_status; data_type: categorical; num_of_rows: 5110; is_normality: False.
column_header: stroke; data_type: categorical; num_of_rows: 5110; is_normality: False.
### Statistical Question: Do the age and body mass index (BMI) have statistically similar dispersions?
### Response: Let's first understand the problem and follow this plan: 
1. Identify the variables involved 2. Determine the statistical task type 3. Select the appropriate method category 4. From the candidate methods in the provided classification list, keep only those that satisfy the data type, sample size and assumption 5. Exclude methods that do not satisfy these conditions 6. Provide the final answer in JSON format.
Now solve the problem step by step following the plan.The answer of relevant columns and applicable methods in JSON format and reason is:","{
  ""columns"": [""age"", ""bmi""],
  ""methods"": [""Mood Variance Test"", ""Levene Test"", ""Bartlett Test"", ""F-Test for Variance""]
}

### Reasoning:
1. **Identify the Variables Involved:**
   - The variables involved are `age` and `bmi`, both of which are quantitative.

2. **Determine the Statistical Task Type:**
   - The question asks whether the age and BMI have statistically similar dispersions. This is a variance comparison task.

3. **Select the Appropriate Method Category:**
   - The appropriate method category for comparing variances is the Variance Test.

4. **From the Candidate Methods in the Provided Classification List, Keep Only Those That Satisfy the Data Type, Sample Size, and Assumptions:**
   - The methods available for variance tests are Mood Variance Test, Levene Test, Bartlett Test, and F-Test for Variance.
   - All these methods can be applied to quantitative data.
   - The sample size is 5110, which is sufficiently large for these tests.
   - No specific normality assumption is required for Mood Variance Test and Levene Test,","{""columns"": [""age"", ""bmi""], ""methods"": [""Mood Variance Test"", ""Levene Test""]}","['Mood Variance Test', 'Levene Test', 'Bartlett Test', 'F-Test for Variance']","{""Correct"": 2, ""Wrong"": 2, ""Missed"": 0}","{""Correct"": 2, ""Wrong"": 0, ""Missed"": 0}",0,1,0,False,False,False,True,Variance Test
Exercise and Fitness Metrics Dataset,Can we assume that there are no major differences in the variances of age and body mass index (BMI)?,"[{""column_header"": ""Age"", ""is_strata"": false, ""is_control"": false}, {""column_header"": ""BMI"", ""is_strata"": false, ""is_control"": false}]",Variance Test,hard,"[{""method"": ""Mood Variance Test"", ""result"": ""{\""stat\"": 27.11432, \""p value\"": 0.0}"", ""conclusion"": ""Variance significantly difference between them""}, {""method"": ""Levene Test"", ""result"": ""{\""stat\"": 3972.21513, \""p value\"": 0.0}"", ""conclusion"": ""Variance significantly difference between them""}]","### Task Description: You need to select relevant columns and all applicable methods from provided list for the given statistical question.
### Instruction: You should only reply with one answer in JSON format containing two keys: 'columns' and 'methods'. The value of 'columns' is a list of columns' headers relevant to the given statistical question, and the value of 'methods' is a list containing all methods you think applicable. For example: {""columns"": [""c1"", ""c2"", ""...""], ""methods"": [""m1"", ""m2"", ""...""]}. If you think there is a strata or control variable involved, put its column header in the last item of the columns list. Ensure your methods selection is only limited to the classification list provided.
### Classification List: 
Correlation Analysis: Pearson Correlation Coefficient, Spearman Correlation Coefficient, Kendall Correlation Coefficient, Partial Correlation Coefficient;
Distribution Compliance Test: Anderson-Darling Test, Shapiro-Wilk Test of Normality, Kolmogorov-Smirnov Test for Normality, Lilliefors Test, Kolmogorov-Smirnov Test, Kolmogorov-Smirnov Test for Uniform distribution, Kolmogorov-Smirnov Test for Gamma distribution, Kolmogorov-Smirnov Test for Exponential distribution;
Contingency Table Test: Chi-square Independence Test, Fisher Exact Test, Mantel-Haenszel Test;
Descriptive Statistics: Mean, Median, Mode, Range, Quartile, Standard Deviation, Skewness, Kurtosis;
Variance Test: Mood Variance Test, Levene Test, Bartlett Test, F-Test for Variance.
### Column Information: 
column_header: ID; data_type: id; num_of_rows: 3864; is_normality: False.
column_header: Exercise; data_type: categorical; num_of_rows: 3864; is_normality: False.
column_header: Calories Burn; data_type: quantitative; num_of_rows: 3864; is_normality: False.
column_header: Dream Weight; data_type: quantitative; num_of_rows: 3864; is_normality: False.
column_header: Actual Weight; data_type: quantitative; num_of_rows: 3864; is_normality: False.
column_header: Age; data_type: quantitative; num_of_rows: 3864; is_normality: False.
column_header: Gender; data_type: categorical; num_of_rows: 3864; is_normality: False.
column_header: Duration; data_type: quantitative; num_of_rows: 3864; is_normality: False.
column_header: Heart Rate; data_type: quantitative; num_of_rows: 3864; is_normality: False.
column_header: BMI; data_type: quantitative; num_of_rows: 3864; is_normality: False.
column_header: Weather Conditions; data_type: categorical; num_of_rows: 3864; is_normality: False.
column_header: Exercise Intensity; data_type: categorical; num_of_rows: 3864; is_normality: False.
### Statistical Question: Can we assume that there are no major differences in the variances of age and body mass index (BMI)?
### Response: Let's first understand the problem and follow this plan: 
1. Identify the variables involved 2. Determine the statistical task type 3. Select the appropriate method category 4. From the candidate methods in the provided classification list, keep only those that satisfy the data type, sample size and assumption 5. Exclude methods that do not satisfy these conditions 6. Provide the final answer in JSON format.
Now solve the problem step by step following the plan.The answer of relevant columns and applicable methods in JSON format and reason is:","```json
{
  ""columns"": [""Age"", ""BMI""],
  ""methods"": [""Mood Variance Test"", ""Levene Test"", ""Bartlett Test"", ""F-Test for Variance""]
}
```

### Reasoning:
1. **Identify the variables involved**: The statistical question involves comparing the variances of two quantitative variables: `Age` and `BMI`.
2. **Determine the statistical task type**: The task is to test whether there are significant differences in the variances of two quantitative variables.
3. **Select the appropriate method category**: The appropriate method category for this task is the Variance Test.
4. **From the candidate methods in the provided classification list, keep only those that satisfy the data type, sample size, and assumption**:
   - The sample size is 3864, which is sufficiently large.
   - The data types of `Age` and `BMI` are quantitative.
   - The methods available in the Variance Test category are Mood Variance Test, Levene Test, Bartlett Test, and F-Test for Variance.
5. **Exclude methods that do not satisfy these conditions**: All methods in the Variance Test category satisfy the conditions.
6. **Provide","{""columns"": [""Age"", ""BMI""], ""methods"": [""Mood Variance Test"", ""Levene Test""]}","['Mood Variance Test', 'Levene Test', 'Bartlett Test', 'F-Test for Variance']","{""Correct"": 2, ""Wrong"": 2, ""Missed"": 0}","{""Correct"": 2, ""Wrong"": 0, ""Missed"": 0}",0,1,0,False,False,False,True,Variance Test
Stroke Prediction Dataset,Is there any evidence of an association between the type of work and smoking status?,"[{""column_header"": ""work_type"", ""is_strata"": false, ""is_control"": false}, {""column_header"": ""smoking_status"", ""is_strata"": false, ""is_control"": false}]",Contingency Table Test,hard,"[{""method"": ""Chi-square Independence Test"", ""result"": ""{\""p value\"": 0.0}"", ""conclusion"": ""Not independent""}]","### Task Description: You need to select relevant columns and all applicable methods from provided list for the given statistical question.
### Instruction: You should only reply with one answer in JSON format containing two keys: 'columns' and 'methods'. The value of 'columns' is a list of columns' headers relevant to the given statistical question, and the value of 'methods' is a list containing all methods you think applicable. For example: {""columns"": [""c1"", ""c2"", ""...""], ""methods"": [""m1"", ""m2"", ""...""]}. If you think there is a strata or control variable involved, put its column header in the last item of the columns list. Ensure your methods selection is only limited to the classification list provided.
### Classification List: 
Correlation Analysis: Pearson Correlation Coefficient, Spearman Correlation Coefficient, Kendall Correlation Coefficient, Partial Correlation Coefficient;
Distribution Compliance Test: Anderson-Darling Test, Shapiro-Wilk Test of Normality, Kolmogorov-Smirnov Test for Normality, Lilliefors Test, Kolmogorov-Smirnov Test, Kolmogorov-Smirnov Test for Uniform distribution, Kolmogorov-Smirnov Test for Gamma distribution, Kolmogorov-Smirnov Test for Exponential distribution;
Contingency Table Test: Chi-square Independence Test, Fisher Exact Test, Mantel-Haenszel Test;
Descriptive Statistics: Mean, Median, Mode, Range, Quartile, Standard Deviation, Skewness, Kurtosis;
Variance Test: Mood Variance Test, Levene Test, Bartlett Test, F-Test for Variance.
### Column Information: 
column_header: id; data_type: id; num_of_rows: 5110; is_normality: False.
column_header: gender; data_type: categorical; num_of_rows: 5110; is_normality: False.
column_header: age; data_type: quantitative; num_of_rows: 5110; is_normality: False.
column_header: hypertension; data_type: categorical; num_of_rows: 5110; is_normality: False.
column_header: heart_disease; data_type: categorical; num_of_rows: 5110; is_normality: False.
column_header: ever_married; data_type: categorical; num_of_rows: 5110; is_normality: False.
column_header: work_type; data_type: categorical; num_of_rows: 5110; is_normality: False.
column_header: Residence_type; data_type: categorical; num_of_rows: 5110; is_normality: False.
column_header: avg_glucose_level; data_type: quantitative; num_of_rows: 5110; is_normality: False.
column_header: bmi; data_type: quantitative; num_of_rows: 5110; is_normality: False.
column_header: smoking_status; data_type: categorical; num_of_rows: 5110; is_normality: False.
column_header: stroke; data_type: categorical; num_of_rows: 5110; is_normality: False.
### Statistical Question: Is there any evidence of an association between the type of work and smoking status?
### Response: Let's first understand the problem and follow this plan: 
1. Identify the variables involved 2. Determine the statistical task type 3. Select the appropriate method category 4. From the candidate methods in the provided classification list, keep only those that satisfy the data type, sample size and assumption 5. Exclude methods that do not satisfy these conditions 6. Provide the final answer in JSON format.
Now solve the problem step by step following the plan.The answer of relevant columns and applicable methods in JSON format and reason is:","```json
{
  ""columns"": [""work_type"", ""smoking_status""],
  ""methods"": [""Chi-square Independence Test"", ""Fisher Exact Test""]
}
```

### Reasoning:
1. **Identify the Variables Involved:**
   - The statistical question asks about the association between ""work_type"" and ""smoking_status"".
   - Both ""work_type"" and ""smoking_status"" are categorical variables.

2. **Determine the Statistical Task Type:**
   - The task is to determine if there is an association between two categorical variables.
   - This falls under the category of contingency table tests.

3. **Select the Appropriate Method Category:**
   - From the provided classification list, the relevant category is ""Contingency Table Test"".

4. **Select Applicable Methods:**
   - The methods in the ""Contingency Table Test"" category are:
     - Chi-square Independence Test
     - Fisher Exact Test
     - Mantel-Haenszel Test
   - Since ""work_type"" and ""smoking_status"" are categorical and the sample size is large (5110 rows), the Chi-square Independence Test is appropriate.
   - The Fisher Exact Test is also applicable, especially if the sample","{""columns"": [""work_type"", ""smoking_status""], ""methods"": [""Chi-square Independence Test""]}","['Chi-square Independence Test', 'Fisher Exact Test']","{""Correct"": 1, ""Wrong"": 1, ""Missed"": 0}","{""Correct"": 2, ""Wrong"": 0, ""Missed"": 0}",0,1,0,False,False,False,True,Contingency Table Test
Crop Production Dataset,Is the distribution of annual crop production in Brazil close enough to normal for practical purposes?,"[{""column_header"": ""Brazil"", ""is_strata"": false, ""is_control"": false}]",Distribution Compliance Test,hard,"[{""method"": ""Anderson-Darling Test"", ""result"": ""{\""AD results\"": \""{\\\""stat\\\"": 0.78351, \\\""crit\\\"": 1.317}\""}"", ""conclusion"": ""Normally distributed""}, {""method"": ""Shapiro-Wilk Test of Normality"", ""result"": ""{\""p value\"": 0.00275}"", ""conclusion"": ""Non-normally distributed""}, {""method"": ""Kolmogorov-Smirnov Test for Normality"", ""result"": ""{\""p value\"": 0.26566}"", ""conclusion"": ""Normally distributed""}]","### Task Description: You need to select relevant columns and all applicable methods from provided list for the given statistical question.
### Instruction: You should only reply with one answer in JSON format containing two keys: 'columns' and 'methods'. The value of 'columns' is a list of columns' headers relevant to the given statistical question, and the value of 'methods' is a list containing all methods you think applicable. For example: {""columns"": [""c1"", ""c2"", ""...""], ""methods"": [""m1"", ""m2"", ""...""]}. If you think there is a strata or control variable involved, put its column header in the last item of the columns list. Ensure your methods selection is only limited to the classification list provided.
### Classification List: 
Correlation Analysis: Pearson Correlation Coefficient, Spearman Correlation Coefficient, Kendall Correlation Coefficient, Partial Correlation Coefficient;
Distribution Compliance Test: Anderson-Darling Test, Shapiro-Wilk Test of Normality, Kolmogorov-Smirnov Test for Normality, Lilliefors Test, Kolmogorov-Smirnov Test, Kolmogorov-Smirnov Test for Uniform distribution, Kolmogorov-Smirnov Test for Gamma distribution, Kolmogorov-Smirnov Test for Exponential distribution;
Contingency Table Test: Chi-square Independence Test, Fisher Exact Test, Mantel-Haenszel Test;
Descriptive Statistics: Mean, Median, Mode, Range, Quartile, Standard Deviation, Skewness, Kurtosis;
Variance Test: Mood Variance Test, Levene Test, Bartlett Test, F-Test for Variance.
### Column Information: 
column_header: Year; data_type: Other; num_of_rows: 4; is_normality: False.
column_header: Nigeria; data_type: quantitative; num_of_rows: 4; is_normality: True.
column_header: Pakistan; data_type: quantitative; num_of_rows: 4; is_normality: True.
column_header: Japan; data_type: quantitative; num_of_rows: 4; is_normality: True.
column_header: United States; data_type: quantitative; num_of_rows: 4; is_normality: True.
column_header: Brazil; data_type: quantitative; num_of_rows: 4; is_normality: True.
column_header: Philippines; data_type: quantitative; num_of_rows: 4; is_normality: True.
column_header: Myanmar; data_type: quantitative; num_of_rows: 4; is_normality: True.
column_header: Thailand; data_type: quantitative; num_of_rows: 4; is_normality: True.
column_header: Vietnam; data_type: quantitative; num_of_rows: 4; is_normality: True.
column_header: Indonesia; data_type: quantitative; num_of_rows: 4; is_normality: True.
column_header: Bangladesh; data_type: quantitative; num_of_rows: 4; is_normality: True.
column_header: India; data_type: quantitative; num_of_rows: 4; is_normality: True.
column_header: China; data_type: quantitative; num_of_rows: 4; is_normality: True.
### Statistical Question: Is the distribution of annual crop production in Brazil close enough to normal for practical purposes?
### Response: Let's first understand the problem and follow this plan: 
1. Identify the variables involved 2. Determine the statistical task type 3. Select the appropriate method category 4. From the candidate methods in the provided classification list, keep only those that satisfy the data type, sample size and assumption 5. Exclude methods that do not satisfy these conditions 6. Provide the final answer in JSON format.
Now solve the problem step by step following the plan.The answer of relevant columns and applicable methods in JSON format and reason is:","```json
{
  ""columns"": [""Brazil""],
  ""methods"": [""Shapiro-Wilk Test of Normality"", ""Anderson-Darling Test"", ""Kolmogorov-Smirnov Test for Normality"", ""Lilliefors Test""]
}
```

### Reasoning:
1. **Identify the variables involved**: The statistical question is focused on the annual crop production in Brazil, which is a quantitative variable.
2. **Determine the statistical task type**: The task is to assess whether the distribution of annual crop production in Brazil is close enough to normal for practical purposes. This falls under the category of Distribution Compliance Test.
3. **Select the appropriate method category**: From the provided classification list, the relevant category is ""Distribution Compliance Test"".
4. **From the candidate methods in the provided classification list, keep only those that satisfy the data type, sample size and assumption**:
   - The data type is quantitative.
   - The number of rows is 4, which is a small sample size.
   - The methods should be applicable to testing normality.
5. **Exclude methods that do not satisfy these conditions**:
   - Methods like Kolmogorov-Smirnov Test for Uniform distribution, Kolmogorov","{""columns"": [""Brazil""], ""methods"": [""Anderson-Darling Test"", ""Shapiro-Wilk Test of Normality"", ""Kolmogorov-Smirnov Test for Normality""]}","['Shapiro-Wilk Test of Normality', 'Anderson-Darling Test', 'Kolmogorov-Smirnov Test for Normality', 'Lilliefors Test']","{""Correct"": 3, ""Wrong"": 1, ""Missed"": 0}","{""Correct"": 1, ""Wrong"": 0, ""Missed"": 0}",0,1,0,False,False,False,True,Distribution Compliance Test
Obesity or CVD Risk Dataset,Is there a statistically significant difference in the distribution of the number of main meals (NCP) compared to daily water consumption (CH2O)?,"[{""column_header"": ""NCP"", ""is_strata"": false, ""is_control"": false}, {""column_header"": ""CH2O"", ""is_strata"": false, ""is_control"": false}]",Distribution Compliance Test,easy,"[{""method"": ""Kolmogorov-Smirnov Test"", ""result"": ""{\""p value\"": 0.0}"", ""conclusion"": ""Distribution significantly different""}]","### Task Description: You need to select relevant columns and all applicable methods from provided list for the given statistical question.
### Instruction: You should only reply with one answer in JSON format containing two keys: 'columns' and 'methods'. The value of 'columns' is a list of columns' headers relevant to the given statistical question, and the value of 'methods' is a list containing all methods you think applicable. For example: {""columns"": [""c1"", ""c2"", ""...""], ""methods"": [""m1"", ""m2"", ""...""]}. If you think there is a strata or control variable involved, put its column header in the last item of the columns list. Ensure your methods selection is only limited to the classification list provided.
### Classification List: 
Correlation Analysis: Pearson Correlation Coefficient, Spearman Correlation Coefficient, Kendall Correlation Coefficient, Partial Correlation Coefficient;
Distribution Compliance Test: Anderson-Darling Test, Shapiro-Wilk Test of Normality, Kolmogorov-Smirnov Test for Normality, Lilliefors Test, Kolmogorov-Smirnov Test, Kolmogorov-Smirnov Test for Uniform distribution, Kolmogorov-Smirnov Test for Gamma distribution, Kolmogorov-Smirnov Test for Exponential distribution;
Contingency Table Test: Chi-square Independence Test, Fisher Exact Test, Mantel-Haenszel Test;
Descriptive Statistics: Mean, Median, Mode, Range, Quartile, Standard Deviation, Skewness, Kurtosis;
Variance Test: Mood Variance Test, Levene Test, Bartlett Test, F-Test for Variance.
### Column Information: 
column_header: Gender; data_type: categorical; num_of_rows: 2111; is_normality: False.
column_header: Age; data_type: quantitative; num_of_rows: 2111; is_normality: False.
column_header: Height; data_type: quantitative; num_of_rows: 2111; is_normality: False.
column_header: Weight; data_type: quantitative; num_of_rows: 2111; is_normality: False.
column_header: family_history_with_overweight; data_type: categorical; num_of_rows: 2111; is_normality: False.
column_header: FAVC; data_type: categorical; num_of_rows: 2111; is_normality: False.
column_header: FCVC; data_type: quantitative; num_of_rows: 2111; is_normality: False.
column_header: NCP; data_type: quantitative; num_of_rows: 2111; is_normality: False.
column_header: CAEC; data_type: categorical; num_of_rows: 2111; is_normality: False.
column_header: SMOKE; data_type: categorical; num_of_rows: 2111; is_normality: False.
column_header: CH2O; data_type: quantitative; num_of_rows: 2111; is_normality: False.
column_header: SCC; data_type: categorical; num_of_rows: 2111; is_normality: False.
column_header: FAF; data_type: quantitative; num_of_rows: 2111; is_normality: False.
column_header: TUE; data_type: quantitative; num_of_rows: 2111; is_normality: False.
column_header: CALC; data_type: categorical; num_of_rows: 2111; is_normality: False.
column_header: MTRANS; data_type: categorical; num_of_rows: 2111; is_normality: False.
column_header: NObeyesdad; data_type: categorical; num_of_rows: 2111; is_normality: False.
### Statistical Question: Is there a statistically significant difference in the distribution of the number of main meals (NCP) compared to daily water consumption (CH2O)?
### Response: Let's first understand the problem and follow this plan: 
1. Identify the variables involved 2. Determine the statistical task type 3. Select the appropriate method category 4. From the candidate methods in the provided classification list, keep only those that satisfy the data type, sample size and assumption 5. Exclude methods that do not satisfy these conditions 6. Provide the final answer in JSON format.
Now solve the problem step by step following the plan.The answer of relevant columns and applicable methods in JSON format and reason is:","```json
{
  ""columns"": [""NCP"", ""CH2O""],
  ""methods"": [""Kolmogorov-Smirnov Test"", ""Anderson-Darling Test"", ""Shapiro-Wilk Test of Normality"", ""Lilliefors Test""]
}
```

### Reasoning:
1. **Identify the variables involved:**
   - NCP (Number of main meals per day): quantitative
   - CH2O (Daily water consumption): quantitative

2. **Determine the statistical task type:**
   - The question asks for a comparison of the distribution of two quantitative variables.

3. **Select the appropriate method category:**
   - Since we are comparing the distribution of two quantitative variables, we need to use distribution compliance tests to check if the distributions of NCP and CH2O are significantly different.

4. **From the candidate methods in the provided classification list, keep only those that satisfy the data type, sample size, and assumption:**
   - The sample size is 2111, which is sufficiently large.
   - The methods that can be used to compare the distributions of two quantitative variables are:
     - Kolmogorov-Smirnov Test
     - Anderson-Darling Test","{""columns"": [""NCP"", ""CH2O""], ""methods"": [""Kolmogorov-Smirnov Test""]}","['Kolmogorov-Smirnov Test', 'Anderson-Darling Test', 'Shapiro-Wilk Test of Normality', 'Lilliefors Test']","{""Correct"": 1, ""Wrong"": 3, ""Missed"": 0}","{""Correct"": 2, ""Wrong"": 0, ""Missed"": 0}",0,1,0,False,False,False,True,Distribution Compliance Test
Crop Production Dataset,Do Pakistan and Bangladesh have significantly different variances in annual crop production?,"[{""column_header"": ""Pakistan"", ""is_strata"": false, ""is_control"": false}, {""column_header"": ""Bangladesh"", ""is_strata"": false, ""is_control"": false}]",Variance Test,easy,"[{""method"": ""Mood Variance Test"", ""result"": ""{\""stat\"": 0.0, \""p value\"": 1.0}"", ""conclusion"": ""Variance not significantly difference between them""}, {""method"": ""Levene Test"", ""result"": ""{\""stat\"": 12.51168, \""p value\"": 0.01226}"", ""conclusion"": ""Variance significantly difference between them""}, {""method"": ""Bartlett Test"", ""result"": ""{\""stat\"": 7.60479, \""p value\"": 0.00582}"", ""conclusion"": ""Variance significantly difference between them""}, {""method"": ""F-Test for Variance"", ""result"": ""{\""stat\"": 30.83636, \""p value\"": 0.00144}"", ""conclusion"": ""Variance significantly difference between them""}]","### Task Description: You need to select relevant columns and all applicable methods from provided list for the given statistical question.
### Instruction: You should only reply with one answer in JSON format containing two keys: 'columns' and 'methods'. The value of 'columns' is a list of columns' headers relevant to the given statistical question, and the value of 'methods' is a list containing all methods you think applicable. For example: {""columns"": [""c1"", ""c2"", ""...""], ""methods"": [""m1"", ""m2"", ""...""]}. If you think there is a strata or control variable involved, put its column header in the last item of the columns list. Ensure your methods selection is only limited to the classification list provided.
### Classification List: 
Correlation Analysis: Pearson Correlation Coefficient, Spearman Correlation Coefficient, Kendall Correlation Coefficient, Partial Correlation Coefficient;
Distribution Compliance Test: Anderson-Darling Test, Shapiro-Wilk Test of Normality, Kolmogorov-Smirnov Test for Normality, Lilliefors Test, Kolmogorov-Smirnov Test, Kolmogorov-Smirnov Test for Uniform distribution, Kolmogorov-Smirnov Test for Gamma distribution, Kolmogorov-Smirnov Test for Exponential distribution;
Contingency Table Test: Chi-square Independence Test, Fisher Exact Test, Mantel-Haenszel Test;
Descriptive Statistics: Mean, Median, Mode, Range, Quartile, Standard Deviation, Skewness, Kurtosis;
Variance Test: Mood Variance Test, Levene Test, Bartlett Test, F-Test for Variance.
### Column Information: 
column_header: Year; data_type: Other; num_of_rows: 4; is_normality: False.
column_header: Nigeria; data_type: quantitative; num_of_rows: 4; is_normality: True.
column_header: Pakistan; data_type: quantitative; num_of_rows: 4; is_normality: True.
column_header: Japan; data_type: quantitative; num_of_rows: 4; is_normality: True.
column_header: United States; data_type: quantitative; num_of_rows: 4; is_normality: True.
column_header: Brazil; data_type: quantitative; num_of_rows: 4; is_normality: True.
column_header: Philippines; data_type: quantitative; num_of_rows: 4; is_normality: True.
column_header: Myanmar; data_type: quantitative; num_of_rows: 4; is_normality: True.
column_header: Thailand; data_type: quantitative; num_of_rows: 4; is_normality: True.
column_header: Vietnam; data_type: quantitative; num_of_rows: 4; is_normality: True.
column_header: Indonesia; data_type: quantitative; num_of_rows: 4; is_normality: True.
column_header: Bangladesh; data_type: quantitative; num_of_rows: 4; is_normality: True.
column_header: India; data_type: quantitative; num_of_rows: 4; is_normality: True.
column_header: China; data_type: quantitative; num_of_rows: 4; is_normality: True.
### Statistical Question: Do Pakistan and Bangladesh have significantly different variances in annual crop production?
### Response: Let's first understand the problem and follow this plan: 
1. Identify the variables involved 2. Determine the statistical task type 3. Select the appropriate method category 4. From the candidate methods in the provided classification list, keep only those that satisfy the data type, sample size and assumption 5. Exclude methods that do not satisfy these conditions 6. Provide the final answer in JSON format.
Now solve the problem step by step following the plan.The answer of relevant columns and applicable methods in JSON format and reason is:","```json
{
  ""columns"": [""Pakistan"", ""Bangladesh""],
  ""methods"": [""Levene Test"", ""Bartlett Test"", ""Mood Variance Test""]
}
```

### Reasoning:
1. **Identify the Variables Involved:**
   - The statistical question involves comparing the variances of annual crop production between Pakistan and Bangladesh.
   - Therefore, the relevant columns are ""Pakistan"" and ""Bangladesh"".

2. **Determine the Statistical Task Type:**
   - The task is to determine if there is a significant difference in variances between two groups (Pakistan and Bangladesh).

3. **Select the Appropriate Method Category:**
   - The appropriate category for comparing variances between two groups is the Variance Test category.

4. **From the Candidate Methods in the Provided Classification List, Keep Only Those That Satisfy the Data Type, Sample Size, and Assumptions:**
   - The data type for both columns is quantitative.
   - The sample size for each country is 4.
   - The methods available in the Variance Test category are Mood Variance Test, Levene Test, Bartlett Test, and F-Test for Variance.
   - Since the sample size is small (4","{""columns"": [""Pakistan"", ""Bangladesh""], ""methods"": [""Mood Variance Test"", ""Levene Test"", ""Bartlett Test"", ""F-Test for Variance""]}","['Levene Test', 'Bartlett Test', 'Mood Variance Test']","{""Correct"": 3, ""Wrong"": 0, ""Missed"": 1}","{""Correct"": 2, ""Wrong"": 0, ""Missed"": 0}",0,1,0,False,False,False,True,Variance Test
Students Math-Reading-Writing Performance Dataset,Does the student's score on the standardized mathematics test follow a normal distribution?,"[{""column_header"": ""math score"", ""is_strata"": false, ""is_control"": false}]",Distribution Compliance Test,hard,"[{""method"": ""Anderson-Darling Test"", ""result"": ""{\""AD results\"": \""{\\\""stat\\\"": 0.65721, \\\""crit\\\"": 0.574}\""}"", ""conclusion"": ""Non-normally distributed""}, {""method"": ""Kolmogorov-Smirnov Test for Normality"", ""result"": ""{\""p value\"": 0.29427}"", ""conclusion"": ""Normally distributed""}, {""method"": ""Lilliefors Test"", ""result"": ""{\""p value\"": 0.03567}"", ""conclusion"": ""Non-normally distributed""}]","### Task Description: You need to select relevant columns and all applicable methods from provided list for the given statistical question.
### Instruction: You should only reply with one answer in JSON format containing two keys: 'columns' and 'methods'. The value of 'columns' is a list of columns' headers relevant to the given statistical question, and the value of 'methods' is a list containing all methods you think applicable. For example: {""columns"": [""c1"", ""c2"", ""...""], ""methods"": [""m1"", ""m2"", ""...""]}. If you think there is a strata or control variable involved, put its column header in the last item of the columns list. Ensure your methods selection is only limited to the classification list provided.
### Classification List: 
Correlation Analysis: Pearson Correlation Coefficient, Spearman Correlation Coefficient, Kendall Correlation Coefficient, Partial Correlation Coefficient;
Distribution Compliance Test: Anderson-Darling Test, Shapiro-Wilk Test of Normality, Kolmogorov-Smirnov Test for Normality, Lilliefors Test, Kolmogorov-Smirnov Test, Kolmogorov-Smirnov Test for Uniform distribution, Kolmogorov-Smirnov Test for Gamma distribution, Kolmogorov-Smirnov Test for Exponential distribution;
Contingency Table Test: Chi-square Independence Test, Fisher Exact Test, Mantel-Haenszel Test;
Descriptive Statistics: Mean, Median, Mode, Range, Quartile, Standard Deviation, Skewness, Kurtosis;
Variance Test: Mood Variance Test, Levene Test, Bartlett Test, F-Test for Variance.
### Column Information: 
column_header: gender; data_type: categorical; num_of_rows: 1000; is_normality: False.
column_header: race/ethnicity; data_type: categorical; num_of_rows: 1000; is_normality: False.
column_header: parental level of education; data_type: categorical; num_of_rows: 1000; is_normality: False.
column_header: lunch; data_type: categorical; num_of_rows: 1000; is_normality: False.
column_header: test preparation course; data_type: categorical; num_of_rows: 1000; is_normality: False.
column_header: math score; data_type: quantitative; num_of_rows: 1000; is_normality: True.
column_header: reading score; data_type: quantitative; num_of_rows: 1000; is_normality: False.
column_header: writing score; data_type: quantitative; num_of_rows: 1000; is_normality: False.
### Statistical Question: Does the student's score on the standardized mathematics test follow a normal distribution?
### Response: Let's first understand the problem and follow this plan: 
1. Identify the variables involved 2. Determine the statistical task type 3. Select the appropriate method category 4. From the candidate methods in the provided classification list, keep only those that satisfy the data type, sample size and assumption 5. Exclude methods that do not satisfy these conditions 6. Provide the final answer in JSON format.
Now solve the problem step by step following the plan.The answer of relevant columns and applicable methods in JSON format and reason is:","```json
{
  ""columns"": [""math score""],
  ""methods"": [""Shapiro-Wilk Test of Normality"", ""Anderson-Darling Test"", ""Kolmogorov-Smirnov Test for Normality"", ""Lilliefors Test""]
}
```

### Reasoning:
1. **Identify the Variables Involved:**
   - The statistical question is about the distribution of the ""math score"" variable.

2. **Determine the Statistical Task Type:**
   - The task is to test whether the ""math score"" follows a normal distribution.

3. **Select the Appropriate Method Category:**
   - The appropriate category is ""Distribution Compliance Test"" since we are testing for normality.

4. **From the Candidate Methods in the Provided Classification List, Keep Only Those That Satisfy the Data Type, Sample Size, and Assumption:**
   - The ""math score"" is quantitative and has 1000 rows, which is a sufficient sample size.
   - The methods that test for normality are:
     - Shapiro-Wilk Test of Normality
     - Anderson-Darling Test
     - Kolmogorov-Smirnov Test for Normality
     - Lilliefors","{""columns"": [""math score""], ""methods"": [""Anderson-Darling Test"", ""Kolmogorov-Smirnov Test for Normality"", ""Lilliefors Test""]}","['Shapiro-Wilk Test of Normality', 'Anderson-Darling Test', 'Kolmogorov-Smirnov Test for Normality', 'Lilliefors Test']","{""Correct"": 3, ""Wrong"": 1, ""Missed"": 0}","{""Correct"": 1, ""Wrong"": 0, ""Missed"": 0}",0,1,0,False,False,False,True,Distribution Compliance Test
