"question_id","task","method","expected","verdict","j1","response","J2_cites_features","J3_reasons_correct","J4_part1_consistency","annotator_notes"
"11","Distribution Compliance Test","Anderson-Darling Test","APPLICABLE","APPLICABLE","correct","APPLICABLE

The Anderson-Darling Test can be used to determine if a dataset comes from a specified distribution. Given the data features:

1. **Data Type**: The column ""Death Age 100+"" is quantitative, which means it contains numerical values suitable for statistical tests.
2. **Normality**: The column ""Death Age 100+"" has been marked as not normal (""is_normality: False""), indicating a potential deviation from a normal distribution.
3. **Sample Size**: With 10,517 rows, the sample size is sufficiently large to apply the Anderson-Darling Test, which generally requires a minimum of 5 observations but performs better with larger samples.

**Applicability Conditions**:
- **Quantitative Data**: The data must be quantitative. The ""Death Age 100+"" column is quantitative, so this condition is MEET.
- **Sample Size**: The sample should be reasonably large. With 10,517 observations, this condition is MEET.
- **Hypothesized Distribution**: The test can be applied to various distributions, including the normal distribution. Since we are testing against normality, this condition is MEET.

Therefore, the Anderson-Darling Test is APPLICABLE to this problem based on the provided data features.","","","",""
"36","Variance Test","Kendall Correlation Coefficient","NOT_APPLICABLE","APPLICABLE","wrong","APPLICABLE

The Kendall Correlation Coefficient is applicable for assessing the relationship between two quantitative variables. Here are the specific data features and conditions:

- **Data Type**: Both GRE Score and SOP are quantitative data types, which is required for the Kendall Correlation Coefficient.
- **Sample Size**: With 400 rows of data, the sample size is sufficiently large to apply non-parametric correlation methods like Kendall's.
- **Normality**: The normality of the data is not a requirement for the Kendall Correlation Coefficient. Both GRE Score and SOP are noted as not normally distributed, but this does not affect the applicability of the method.

For each known applicability condition of the Kendall Correlation Coefficient:
- **Quantitative Data**: MEETS the condition since both variables are quantitative.
- **Sample Size Adequacy**: MEETS the condition with 400 observations.
- **No Requirement for Normal Distribution**: MEETS the condition as the method does not assume normal distribution of the data.","","","",""
"29","Contingency Table Test","Kolmogorov-Smirnov Test for Gamma distribution","NOT_APPLICABLE","NOT_APPLICABLE","correct","NOT APPLICABLE

The Kolmogorov-Smirnov Test for Gamma distribution is not suitable for the given dataset due to the following reasons:

1. **Data Type**: The variable of interest, ""SHORTNESS OF BREATH,"" and the outcome variable, ""LUNG_CANCER,"" are both categorical. The Kolmogorov-Smirnov test is used to compare a sample with a reference probability distribution (or to compare two samples), and it assumes continuous data. Therefore, the data type does not meet the requirement for using this test.

2. **Normality**: The question mentions that the variables are not normally distributed, but more importantly, the Kolmogorov-Smirnov test for Gamma distribution is specifically designed to test if a sample comes from a Gamma distribution, which is a continuous distribution. Since the variables are categorical, they cannot be assumed to follow any continuous distribution like the Gamma distribution.

3. **Sample Size**: While the sample size (309 rows) might seem adequate for some tests, the Kolmogorov-Smirnov test's applicability hinges more on the nature of the data rather than just the sample size. However, even if we consider the sample size, it does not change the fact that the data type is inappropriate for this test.

In summary, the data does not meet the conditions required for applying the Kolmogorov-Smirnov Test for Gamma distribution because the variables involved are categorical, not continuous.","","","",""
"12","Distribution Compliance Test","Kurtosis","NOT_APPLICABLE","APPLICABLE","wrong","APPLICABLE

The method ""Kurtosis"" is applicable to the problem of assessing whether the distribution of the amount spent on fish in the last two years (MntFishProducts) deviates from normality. Here are the specific data features and conditions that support this conclusion:

1. **Data Type**: The column `MntFishProducts` has a data type of quantitative, which means it contains numerical values. Kurtosis is a measure that applies to numerical data distributions.
   
2. **Sample Size**: There are 2240 rows of data for `MntFishProducts`. This sample size is sufficiently large to apply kurtosis analysis, as kurtosis can be reliably estimated with samples of this size.

3. **Normality Information**: The `is_normality` flag for `MntFishProducts` is False, indicating that the data does not follow a normal distribution. Kurtosis can help quantify how much the tails of the distribution differ from those of a normal distribution.

**Applicability Conditions of Kurtosis Method**:
- **Numerical Data**: MEETS - The data type is quantitative.
- **Sample Size Adequacy**: MEETS - With 2240 observations, the sample size is adequate for calculating kurtosis.
- **Distribution Analysis Purpose**: MEETS - Since we are interested in understanding if the distribution deviates from normality, kurtosis is relevant as it measures the ""tailedness"" of the distribution compared to a normal distribution.

Therefore, the method ""Kurtosis"" is applicable to assess the deviation from normality in the distribution of `MntFishProducts`.","","","",""
"46","Variance Test","Partial Correlation Coefficient","NOT_APPLICABLE","NOT_APPLICABLE","correct","NOT APPLICABLE

The method ""Partial Correlation Coefficient"" is not directly applicable to the problem of comparing the variances of two different variables (Weight and FCVC). The partial correlation coefficient is used to measure the degree of association between two random variables, controlling for the effects of one or more additional variables. It is not designed to compare variances.

However, let's evaluate the conditions typically required for using partial correlation coefficients based on the provided data features:

1. **Quantitative Variables**: Both Weight and FCVC are quantitative variables, which is a requirement for calculating partial correlations. This condition is MEETS.
   
2. **Sample Size**: With 2111 rows, the sample size is sufficiently large for most statistical analyses, including partial correlation. This condition is MEETS.

3. **Normality**: The data types for both Weight and FCVC are quantitative, but their normality status is listed as False. Partial correlation assumes multivariate normality, especially when using parametric methods. This condition is DOES NOT MEET.

4. **No Outliers**: While not explicitly stated, it is generally assumed that the data should be free from outliers. Since outliers are not mentioned, we cannot confirm this condition is met without further analysis. However, this is often checked visually or through statistical tests before applying partial correlation.

Given these points, even though some conditions are met, the primary issue is that the method of partial correlation is not suitable for comparing variances. Therefore, the overall conclusion is NOT APPLICABLE.","","","",""
"27","Distribution Compliance Test","Spearman Correlation Coefficient","NOT_APPLICABLE","APPLICABLE","wrong","APPLICABLE

The Spearman Correlation Coefficient is applicable to this problem based on the following evidence from the data features:

- The data type for the ""TV Ad Budget ($)"" column is quantitative, which is appropriate for correlation analysis.
- The sample size is 200 rows, which is sufficiently large for most statistical methods, including the Spearman Correlation Coefficient.
- The ""is_normality"" flag for the ""TV Ad Budget ($)"" column is False, indicating that the data does not follow a normal distribution. This is not a barrier for the Spearman Correlation Coefficient since it does not assume normality.

For each known applicability condition of the Spearman Correlation Coefficient:
- **Condition: Data should be at least ordinal or quantitative.** - MEETS (the data is quantitative)
- **Condition: No assumption about the distribution of the data.** - MEETS (the data is not normally distributed, but this is acceptable for Spearman's method)
- **Condition: Sample size should be adequate.** - MEETS (with 200 observations, the sample size is considered adequate)

Therefore, the method ""Spearman Correlation Coefficient"" is applicable to this problem.","","","",""
"46","Variance Test","Bartlett Test","NOT_APPLICABLE","NOT_APPLICABLE","correct","NOT APPLICABLE

The Bartlett test is used to check if variances are equal across different groups for normally distributed data. Here are the specific conditions and how they apply to the data:

1. **Data Type**: The variables being compared are quantitative (Weight and FCVC). This condition is met.
   
2. **Normality**: Both Weight and FCVC are not normally distributed according to the provided information (""is_normality: False""). The Bartlett test assumes that the data from each group is normally distributed. Since this assumption is violated, the data does not meet this condition.

3. **Sample Size**: With 2111 rows, the sample size is sufficiently large. However, since the normality condition is not met, the sample size alone cannot justify the use of the Bartlett test.

Given these points, the Bartlett test is NOT APPLICABLE because the data does not meet the critical assumption of normality.","","","",""
"21","Distribution Compliance Test","Kolmogorov-Smirnov Test for Normality","APPLICABLE","NOT_APPLICABLE","wrong","NOT APPLICABLE

The Kolmogorov-Smirnov Test for Normality is not directly applicable to the given dataset for determining if the distribution of weekend alcohol consumption (Walc) follows a normal distribution due to the following reasons:

1. **Data Type**: The Walc column is quantitative, which is required for the Kolmogorov-Smirnov test. However, the test assumes continuous data, and while alcohol consumption could be considered continuous, it is often recorded in discrete categories (e.g., 1-5 scale). This may violate the assumption of continuity.

2. **Sample Size**: The number of rows (observations) is 649, which is sufficiently large for the Kolmogorov-Smirnov test. However, the test's power increases with larger samples, and small deviations from normality can become statistically significant even if they are practically insignificant.

3. **Normality Assumption**: The Walc column is marked as not being normally distributed (""is_normality: False""), but this does not necessarily mean the test cannot be used. It indicates prior knowledge or suspicion about non-normality, but the test can still be applied.

**Applicability Conditions of the Kolmogorov-Smirnov Test for Normality**:
- **Continuous Data**: The data should ideally be continuous. The Walc data is quantitative but likely on a discrete scale, so this condition is not fully met.
- **Sample Size**: The sample size should be reasonably large. With 649 observations, this condition is met.
- **Independence of Observations**: Each observation must be independent. There is no indication of dependency in the provided data features, so this condition is assumed to be met.
- **No Outliers**: The presence of outliers can affect the results. Without specific outlier information, we assume there are no significant outliers affecting the test.

Given these considerations, the primary issue is the discreteness of the data, making the Kolmogorov-Smirnov test less suitable despite the large sample size. A more appropriate approach might involve visual methods like Q-Q plots or histogram analysis to assess normality.","","","",""
"9","Distribution Compliance Test","Fisher Exact Test","NOT_APPLICABLE","NOT_APPLICABLE","correct","NOT APPLICABLE

The Fisher Exact Test is used for analyzing contingency tables, typically with small sample sizes, to determine if there is a significant association between two categorical variables. The specific conditions for applying the Fisher Exact Test include:

1. **Data Type**: Both variables must be categorical. In this dataset, while several columns are categorical (gender, hypertension, heart_disease, etc.), the question does not specify which two categorical variables would be analyzed. Additionally, the focus is on the age distribution, which is quantitative, not categorical.

2. **Sample Size**: The Fisher Exact Test is generally used when the sample size is small enough to calculate exact probabilities. However, the dataset has 5110 rows, which is considered too large for the Fisher Exact Test, as it becomes computationally intensive and less practical.

Given these points, the Fisher Exact Test is NOT APPLICABLE because:
- The variable of interest (age) is quantitative, not categorical.
- The sample size is too large for the Fisher Exact Test to be practical.","","","",""
"4","Distribution Compliance Test","Median","NOT_APPLICABLE","APPLICABLE","wrong","APPLICABLE

The method ""Median"" is applicable to this problem based on the following evidence from the data features:

- The data type for the column `losangelesretail` is quantitative, which means it consists of numerical values that can be analyzed using statistical measures like the median.
- The sample size is large with 15,766 rows, providing a robust dataset for calculating the median.
- The column `losangelesretail` does not have a normal distribution (`is_normality: False`), but the median is a measure of central tendency that is robust to deviations from normality and outliers.

For each known applicability condition of the median method:
1. Data should be quantitative: MEETS (the data type is quantitative).
2. Sample size should be sufficient: MEETS (with 15,766 observations, the sample size is more than adequate).
3. Distribution does not need to be normal: MEETS (the median is appropriate even if the data is not normally distributed).","","","",""
"20","Correlation Analysis","Kolmogorov-Smirnov Test for Uniform distribution","NOT_APPLICABLE","NOT_APPLICABLE","correct","NOT APPLICABLE

The Kolmogorov-Smirnov Test for Uniform Distribution is not suitable for the given problem because:

1. Data Type: The method requires comparing a sample distribution to a uniform distribution. However, the question involves examining the relationship between two quantitative variables (Total Library Visitors and Number of Homeless Individuals Served at The Source), which calls for a correlation analysis rather than a test for distribution uniformity.

2. Normality: The Kolmogorov-Smirnov Test for Uniform Distribution does not require checking normality since it tests against a uniform distribution. However, the provided data indicates that neither variable is normally distributed, but this is irrelevant for the uniformity test.

3. Sample Size: While the sample size (72 rows) might be adequate for some tests, the Kolmogorov-Smirnov Test for Uniform Distribution is generally applicable to any sample size. This condition is met, but it does not change the fact that the test is inappropriate for the stated purpose.

4. Purpose: The primary goal is to assess the strength of the correlation between two variables, which would typically involve a Pearson or Spearman correlation coefficient, not a test for uniform distribution.

In summary, the data does not meet the conditions necessary for applying the Kolmogorov-Smirnov Test for Uniform Distribution to the stated problem.","","","",""
"9","Distribution Compliance Test","Kurtosis","NOT_APPLICABLE","APPLICABLE","wrong","APPLICABLE

The method ""Kurtosis"" is applicable to the problem based on the provided data features. Here's the reasoning:

1. **Data Type**: The variable ""age"" is quantitative, which means it consists of numerical values. Kurtosis is a measure used with quantitative data to describe the shape of a distribution's tails relative to a normal distribution.

2. **Sample Size**: With 5110 rows, the sample size is sufficiently large to apply measures like kurtosis, which generally require a substantial number of observations to provide reliable estimates.

3. **Normality**: The column ""age"" is noted as not being normally distributed (""is_normality: False""). While kurtosis is often discussed in the context of normal distributions, it can still be calculated and interpreted for non-normal distributions to understand the peakedness or flatness compared to a normal distribution.

**Applicability Conditions**:
- **Quantitative Data**: MEETS - Age is a quantitative variable.
- **Sufficient Sample Size**: MEETS - There are 5110 observations, which is adequate for calculating kurtosis.
- **Distribution Shape Analysis**: MEETS - Kurtosis can be applied regardless of whether the data is normally distributed or not, providing insights into the tail behavior of the distribution.

Therefore, the method ""Kurtosis"" is APPLICABLE to analyze the age distribution in this dataset.","","","",""
"38","Distribution Compliance Test","F-Test for Variance","NOT_APPLICABLE","NOT_APPLICABLE","correct","NOT APPLICABLE

The F-Test for Variance is not applicable in this scenario due to the following reasons:

1. **Data Type**: The F-Test for Variance requires quantitative data. While the 'Age' column is quantitative, other conditions must also be met for the test to be valid.

2. **Normality**: The F-Test assumes that the data is normally distributed. However, the 'is_normality: False' flag indicates that the 'Age' column does not follow a normal distribution. This violates one of the key assumptions of the F-Test.

3. **Sample Size**: Although the sample size (num_of_rows: 3864) is large, the F-Test's assumption of normality is more critical than sample size alone. Large samples can exacerbate deviations from normality, making the F-Test less reliable.

**Applicability Conditions and Their Status**:
- **Quantitative Data**: MEETS (the 'Age' column is quantitative).
- **Normal Distribution**: DOES NOT MEET (the 'Age' column is not normally distributed).
- **Independence of Observations**: ASSUMED to be met (not explicitly stated but often assumed in such tests unless otherwise indicated).

Given these points, the F-Test for Variance is NOT APPLICABLE due to the violation of the normality assumption.","","","",""
"39","Distribution Compliance Test","Shapiro-Wilk Test of Normality","NOT_APPLICABLE","APPLICABLE","wrong","APPLICABLE

The Shapiro-Wilk test can be applied to the variable ""Attack method: Facility/Infrastructure Attack"" based on the following specific data features:

- The data type for ""Attack method: Facility/Infrastructure Attack"" is quantitative.
- The number of rows (observations) is 10517, which is sufficiently large for the Shapiro-Wilk test, although it is typically used for smaller sample sizes (up to around 2000).
- The column's normality status is marked as False, indicating a need to test for normality.

Conditions for the Shapiro-Wilk test:
1. **Data Type**: The variable must be quantitative. 
   - MEETS: The variable ""Attack method: Facility/Infrastructure Attack"" is quantitative.
   
2. **Sample Size**: The Shapiro-Wilk test is generally recommended for sample sizes up to about 2000, but it can still be used for larger samples with caution.
   - MEETS: The sample size of 10517 is within the range where the Shapiro-Wilk test can be applied, though it may not be ideal for very large datasets.

3. **Normality Check Requirement**:
   - MEETS: The requirement to check for normality is present since the normality status is False.

Given these conditions, the Shapiro-Wilk test is applicable to determine if the variable ""Attack method: Facility/Infrastructure Attack"" follows a normal distribution.","","","",""
"45","Variance Test","Anderson-Darling Test","NOT_APPLICABLE","NOT_APPLICABLE","correct","NOT APPLICABLE

The Anderson-Darling Test is not designed to compare variances directly between two different variables. It is used to test if a sample is drawn from a population with a specified distribution. However, the question asks for a comparison of variances between the 'age' and 'health' variables, which requires a different statistical approach such as Levene's test or Bartlett's test.

Specific data features relevant to the Anderson-Darling Test include:
- Data Type: The 'age' and 'health' variables are both quantitative.
- Normality: Both variables are noted as non-normal (is_normality: False).
- Sample Size: There are 649 rows of data, which is sufficient for many tests but does not change the applicability of the Anderson-Darling Test for this purpose.

Conditions for the Anderson-Darling Test:
1. **Single Sample**: The test is applied to a single sample to check its distribution against a specified theoretical distribution. The data provided involves two separate variables, so this condition **DOES NOT MEET**.
2. **Distribution Specification**: The test compares the sample to a specified distribution (like normal, exponential, etc.). Here, we need to compare variances, not distributions against a theoretical model, so this condition **DOES NOT MEET**.

Therefore, the Anderson-Darling Test is NOT APPLICABLE for comparing the variances of 'age' and 'health'.","","","",""
"47","Correlation Analysis","Pearson Correlation Coefficient","NOT_APPLICABLE","APPLICABLE","wrong","APPLICABLE

The Pearson Correlation Coefficient is applicable for assessing the linear relationship between two quantitative variables. Here are the specific data features supporting this conclusion:

- The data type for both ""Number of trees sold"" and ""Average Tree Price"" is quantitative.
- Both variables are normally distributed according to the provided information (""is_normality: True"").
- The sample size (num_of_rows: 14) is adequate but on the smaller side for Pearson correlation, which typically requires at least 30 observations for robustness. However, since the normality assumption holds, we can still apply Pearson correlation.

For each known applicability condition of the Pearson Correlation Coefficient:

1. **Quantitative Variables**: Both ""Number of trees sold"" and ""Average Tree Price"" are quantitative. This condition is MEETS.
2. **Normal Distribution**: Both variables are normally distributed. This condition is MEETS.
3. **Linear Relationship**: While not directly tested here, the Pearson correlation assumes a linear relationship between the variables. This condition is ASSUMED based on the method's requirements.
4. **Sample Size**: Although ideally larger samples are preferred, the normality of the data supports the use of Pearson correlation even with a smaller sample size. This condition is MEETS within the context of the given data.

Given these points, the Pearson Correlation Coefficient is applicable to this problem.","","","",""
"40","Variance Test","Skewness","NOT_APPLICABLE","NOT_APPLICABLE","correct","NOT APPLICABLE

The method ""Skewness"" is not directly applicable to determine if there is a statistically significant difference in the variances of annual crop production between Vietnam and China. Skewness measures the asymmetry of the probability distribution of a real-valued random variable about its mean. It does not test for differences in variances between two groups.

Specific data features relevant to this assessment include:
- Data type: Quantitative
- Normality: Both Vietnam and China's data are normally distributed (is_normality: True)
- Sample size: Each country has 4 rows of data

For skewness analysis:
1. **Normality**: The data for both countries is stated to be normally distributed. Skewness is typically used to assess deviation from normality, but since the data is already stated to be normally distributed, skewness would not provide additional useful information here.
2. **Sample Size**: With only 4 observations per group, the sample size is very small. Skewness calculations on such small samples can be unreliable and may not accurately reflect the true distribution characteristics.

Therefore, the conditions for using skewness to address the question about variance differences are not met. The appropriate statistical test for comparing variances between two groups would be Levene's test or the F-test, provided the assumptions of these tests are satisfied.","","","",""
"23","Variance Test","Kendall Correlation Coefficient","NOT_APPLICABLE","APPLICABLE","wrong","APPLICABLE

The Kendall Correlation Coefficient is applicable for comparing the fluctuations in the Research Quality Score and the Teaching Score based on the provided data features. Here's the reasoning:

1. **Data Type**: Both the Research Quality Score and the Teaching Score are quantitative, which is required for the Kendall Correlation Coefficient.
2. **Sample Size**: With 910 rows of data, the sample size is sufficiently large for the Kendall Correlation Coefficient, which can handle datasets of this size effectively.
3. **Normality**: The normality of the data is not a requirement for the Kendall Correlation Coefficient. This method does not assume any particular distribution of the data, making it suitable even if the data is not normally distributed.

For each known applicability condition of the Kendall Correlation Coefficient:
- **Quantitative Data**: MEETS (both variables are quantitative).
- **Sample Size Adequacy**: MEETS (sample size of 910 is adequate).
- **No Normality Assumption Required**: MEETS (the method does not require the data to be normally distributed).","","","",""
"21","Distribution Compliance Test","Quartile","NOT_APPLICABLE","NOT_APPLICABLE","correct","NOT APPLICABLE

The method ""Quartile"" does not refer to a specific statistical test or visualization technique for assessing normality. However, if you interpret ""Quartile"" as using quartiles to create a boxplot, which is a common way to visualize data distribution, then it could be used alongside other methods to assess normality. But strictly speaking, quartiles alone do not provide enough information to determine if a distribution is normal.

Specific data features relevant to this problem include:
- Data type: Quantitative
- Sample size: 649 rows
- Normality: Not specified as normal (is_normality: False)

For the purpose of assessing normality, the conditions typically considered are:
1. **Data Type**: The variable must be quantitative. 
   - MEETS: The data type for Walc is quantitative.
   
2. **Sample Size**: While there's no strict rule, generally, a larger sample size provides more reliable results.
   - MEETS: With 649 observations, the sample size is sufficiently large.
   
3. **Visualization Method**: Quartiles alone do not provide sufficient information about the shape of the distribution to determine normality.
   - DOES NOT MEET: Quartiles do not give enough detail to assess normality directly.

Therefore, while the data meets some basic requirements for assessing normality, the use of quartiles alone is not sufficient and thus the method ""Quartile"" is NOT APPLICABLE for determining if the distribution of weekend alcohol consumption (Walc) follows a normal distribution. Instead, consider using a histogram, Q-Q plot, or Shapiro-Wilk test for a more comprehensive assessment.","","","",""
"7","Variance Test","Spearman Correlation Coefficient","NOT_APPLICABLE","APPLICABLE","wrong","APPLICABLE

The Spearman Correlation Coefficient is applicable for assessing the relationship between two ranked variables. Here's the breakdown based on the specific conditions required for using the Spearman Correlation Coefficient:

1. **Data Type**: The Spearman Correlation Coefficient can be used with ordinal or continuous data. In this dataset, both ""studytime"" and ""health"" are quantitative, which means they can be treated as continuous or ranked data. Therefore, the data MEETS this condition.

2. **Normality**: The Spearman Correlation Coefficient does not require the data to be normally distributed. Since the normality check for both ""studytime"" and ""health"" is False, indicating non-normal distributions, this does not affect the applicability of the Spearman Correlation Coefficient. Therefore, the data MEETS this condition.

3. **Sample Size**: While there isn't a strict minimum sample size requirement for the Spearman Correlation Coefficient, it generally performs well with samples of at least 5-10 observations. With 649 rows of data, the sample size is sufficiently large. Therefore, the data MEETS this condition.

Given these points, the method ""Spearman Correlation Coefficient"" is APPLICABLE to this problem.","","","",""
"0","Distribution Compliance Test","Kolmogorov-Smirnov Test for Normality","APPLICABLE","APPLICABLE","correct","APPLICABLE

The Kolmogorov-Smirnov Test for Normality can be applied to assess if the price of cars, measured in lakhs of currency units, is drawn from a normal distribution. Here's the reasoning based on specific data features and conditions required for the test:

1. **Data Type**: The column ""price(in lakhs)"" has a data type of quantitative, which means it consists of numerical values. This is necessary for the Kolmogorov-Smirnov Test since it operates on continuous numerical data.
   
2. **Sample Size**: With 1553 rows of data, the sample size is sufficiently large. Generally, the Kolmogorov-Smirnov Test is reliable with samples of at least 50 observations, making this dataset suitable.

3. **Normality Check**: The column ""price(in lakhs)"" is marked as not normal (""is_normality"": False), indicating that there is an interest in testing its normality, which aligns with the purpose of the Kolmogorov-Smirnov Test.

**Applicability Conditions**:
- **Continuous Data**: The data must be continuous. The ""price(in lakhs)"" is quantitative, so this condition is MEETS.
- **Sample Size**: The sample should be reasonably large. With 1553 observations, this condition is MEETS.
- **No Outliers or Extreme Values**: While not explicitly stated, the test assumes no significant outliers. Given the large sample size, minor deviations due to outliers are less likely to severely impact the test results. However, this assumption is generally considered to be MEETS unless extreme outliers are present.
  
Therefore, the Kolmogorov-Smirnov Test for Normality is APPLICABLE to this problem.","","","",""
"24","Distribution Compliance Test","Spearman Correlation Coefficient","NOT_APPLICABLE","APPLICABLE","wrong","APPLICABLE

The Spearman correlation coefficient is applicable for assessing the relationship between two ranked variables. Here are the specific data features supporting this:

- **Data Type**: Both ""Income"" and ""Teenhome"" are quantitative data types, which can be ranked.
- **Normality**: Neither variable is normally distributed, which is not a requirement for the Spearman correlation.
- **Sample Size**: With 2240 rows, the sample size is sufficiently large for most statistical tests, including the Spearman correlation.

**Applicability Conditions**:
1. **Rankable Data**: The Spearman correlation requires that both variables can be ranked. Since ""Income"" and ""Teenhome"" are quantitative, they can be ranked. This condition is MEETS.
2. **Non-Normal Distribution**: The Spearman correlation does not assume a normal distribution of the data. Given that neither ""Income"" nor ""Teenhome"" is normally distributed, this condition is MEETS.
3. **Sample Size**: While there is no strict minimum, a sample size of 2240 is more than adequate for the Spearman correlation. This condition is MEETS.

Therefore, the method ""Spearman Correlation Coefficient"" is APPLICABLE to this problem.","","","",""
"7","Variance Test","Mantel-Haenszel Test","NOT_APPLICABLE","NOT_APPLICABLE","correct","NOT APPLICABLE

The Mantel-Haenszel test is used to assess the association between two binary variables while controlling for a confounding variable. The specific conditions required for applying the Mantel-Haenszel test include:

1. **Binary Variables**: Both the primary exposure and outcome variables must be binary (dichotomous).
2. **Stratification Variable**: There should be a confounding variable that can be stratified into multiple levels.

In the provided dataset, neither ""studytime"" nor ""health"" are binary variables. Instead, they are quantitative variables. Specifically:
- ""studytime"" is a quantitative variable representing the amount of weekly study time.
- ""health"" is a quantitative variable representing the self-reported health status on a scale from 1 to 5.

Since both variables are not binary, the data does not meet the fundamental requirement of the Mantel-Haenszel test. Therefore, the Mantel-Haenszel test is NOT APPLICABLE to this problem.","","","",""
"0","Distribution Compliance Test","Median","NOT_APPLICABLE","APPLICABLE","wrong","APPLICABLE

The method ""Median"" is applicable to the problem based on the following evidence:

- The column ""price(in lakhs)"" has a data type of quantitative and contains 1553 rows of data.
- The median is a measure of central tendency that can be applied to any quantitative data regardless of its distribution shape or presence of outliers.
- The normality status of the data (is_normality: False) does not affect the applicability of the median since the median does not require the data to be normally distributed.

For each known applicability condition of the median method:
1. The data must be quantitative: MEETS (the price is measured in quantitative units).
2. The data does not need to be normally distributed: MEETS (the data is not specified to be normally distributed, but the median can still be calculated).
3. The data can contain outliers: MEETS (the normality status being false suggests there might be non-normal distributions or outliers, but these do not affect the calculation of the median).","","","",""
"10","Variance Test","Lilliefors Test","NOT_APPLICABLE","NOT_APPLICABLE","correct","NOT APPLICABLE

The Lilliefors test is used to determine if a sample comes from a normally distributed population when the mean and variance of the population are unknown. However, the question asks about comparing the variance patterns between two quantitative variables, ""Total"" and ""Height_m"". The Lilliefors test is not designed for comparing variances or distributions of two different variables but rather for assessing the normality of a single variable.

Specific data features relevant to this decision include:
- Both ""Total"" and ""Height_m"" are quantitative variables.
- The number of rows (observations) for both columns is 721.
- Neither ""Total"" nor ""Height_m"" is normally distributed according to the provided information (""is_normality"": False).

Applicability conditions of the Lilliefors test:
1. **Single Variable**: The Lilliefors test is applied to a single variable, not to compare two variables. The data does NOT MEET this condition because we are dealing with two different quantitative variables.
2. **Unknown Mean and Variance**: This condition is irrelevant here since we are not testing for normality of a single variable but comparing variances between two variables.
3. **Sample Size**: While the sample size of 721 is large enough for many tests, it is not pertinent to the Lilliefors test's application in this context.

Therefore, the Lilliefors test is NOT APPLICABLE to this problem.","","","",""
"4","Distribution Compliance Test","Mean","NOT_APPLICABLE","APPLICABLE","wrong","APPLICABLE

The mean can still be used as a measure of central tendency even if the data does not perfectly follow a normal distribution, especially with a large sample size. Here are the specific data features and conditions:

- Data Type: The column 'losangelesretail' is quantitative, which means it consists of numerical values where the mean can be calculated.
- Normality: The 'is_normality' flag for all columns is False, indicating that the data may not be normally distributed. However, the mean remains a valid statistic to use.
- Sample Size: With 15,766 rows of data, the sample size is sufficiently large. According to the Central Limit Theorem, the sampling distribution of the mean will approximate a normal distribution regardless of the shape of the population distribution when the sample size is large enough.

For each known applicability condition of the mean method:
- The data should be quantitative: MEETS.
- The data should have a reasonable sample size: MEETS.
- The data should be approximately normally distributed: DOES NOT MEET, but this is less critical due to the large sample size.","","","",""
"26","Variance Test","Kolmogorov-Smirnov Test for Uniform distribution","NOT_APPLICABLE","NOT_APPLICABLE","correct","NOT APPLICABLE

The Kolmogorov-Smirnov test for uniform distribution is not suitable for assessing the uniformity of variance between two variables such as height and weight. The test is used to determine if a sample comes from a population with a specified distribution, typically comparing the empirical distribution function of the sample with a theoretical distribution function. In this case, we are interested in comparing variances across different groups (height vs. weight), which is not what the Kolmogorov-Smirnov test is designed to do.

Specific data features relevant to this decision include:
- Data types: Both Height_m and Weight_kg are quantitative, but the test does not compare these directly.
- Normality: The is_normality flag is False for both columns, indicating non-normal distributions, but this is irrelevant to the variance comparison question.
- Sample size: With 721 rows, the sample size is adequate for many tests, but again, this is not pertinent to the Kolmogorov-Smirnov test's application here.

Conditions for the Kolmogorov-Smirnov test for uniform distribution:
1. The test should be applied to a single variable to check if it follows a uniform distribution.
   - MEETS: The test is meant for one variable at a time, but we need to compare variances between two variables.
2. The sample must be independent and identically distributed (i.i.d.).
   - DOES NOT MEET: While the data could potentially meet this condition within each variable, the test cannot be used to compare variances between two different variables.
3. The sample size should be sufficiently large.
   - MEETS: The sample size of 721 is generally considered large enough for most statistical tests, but this is not the issue here.

Given these points, the Kolmogorov-Smirnov test for uniform distribution is NOT APPLICABLE to the problem of determining uniformity in the variance of height compared to weight among Pokémon.","","","",""
"0","Distribution Compliance Test","Shapiro-Wilk Test of Normality","NOT_APPLICABLE","APPLICABLE","wrong","APPLICABLE

The Shapiro-Wilk Test of Normality is applicable to the column ""price(in lakhs)"" because:

1. Data Type: The ""price(in lakhs)"" column has a quantitative data type, which is required for the Shapiro-Wilk test.
2. Sample Size: The Shapiro-Wilk test is typically used for small to medium sample sizes, usually up to around 2000 observations. With 1553 rows, the sample size is within an acceptable range for this test.
3. Normality Check: The Shapiro-Wilk test is designed to check if a dataset comes from a normally distributed population, which aligns with the question's intent.

Specifically addressing the conditions for the Shapiro-Wilk test:
- **Quantitative Data**: MEETS - The ""price(in lakhs)"" is quantitative.
- **Sample Size**: MEETS - The sample size of 1553 is appropriate for the Shapiro-Wilk test.
- **No Outliers Required**: DOES NOT MEET - While not strictly necessary, the presence of outliers can affect the results. However, this does not make the test inapplicable.
- **Independence of Observations**: NOT SPECIFIED - Independence of observations is assumed but not confirmed by the provided data features.

Given these points, the Shapiro-Wilk Test of Normality is applicable to assess the normality of the ""price(in lakhs)"" variable.","","","",""
"9","Distribution Compliance Test","Spearman Correlation Coefficient","NOT_APPLICABLE","NOT_APPLICABLE","correct","NOT APPLICABLE

The Spearman Correlation Coefficient is typically used to measure the strength and direction of association between two ranked variables. The applicability of the Spearman Correlation Coefficient depends on the following conditions:

1. **Data Type**: Both variables should be ordinal or continuous but not necessarily normally distributed. In this dataset, the variable of interest is ""age,"" which is quantitative. However, the question does not specify another variable to correlate with ""age."" If we assume another quantitative or ordinal variable (such as ""avg_glucose_level"" or ""bmi""), then the data type condition would be met.

2. **Sample Size**: The sample size is 5110 rows, which is sufficiently large for most statistical tests, including the Spearman Correlation Coefficient.

3. **Normality Requirement**: The Spearman Correlation Coefficient does not require the data to be normally distributed, which aligns with the provided information where ""is_normality: False"" for the ""age"" column.

However, since the question does not specify a second variable to correlate with ""age,"" it is impossible to definitively conclude whether the Spearman Correlation Coefficient can be applied. Therefore, based on the incomplete information provided, the method is NOT APPLICABLE.

- Data Type: MEETS if another ordinal or quantitative variable is chosen.
- Sample Size: MEETS.
- Normality Requirement: DOES NOT APPLY (since Spearman does not require normality).","","","",""
"47","Correlation Analysis","Standard Deviation","NOT_APPLICABLE","APPLICABLE","wrong","APPLICABLE

The method ""Standard Deviation"" is applicable to this problem based on the following data features:

- The data type for both ""Number of trees sold"" and ""Average Tree Price"" is quantitative.
- Both ""Number of trees sold"" and ""Average Tree Price"" have a normal distribution (is_normality: True).
- The sample size (num_of_rows: 14) is relatively small but still sufficient for calculating standard deviation, although normality is more critical than sample size for this measure.

For each known applicability condition of the standard deviation method:
1. Data must be quantitative: MEETS (both ""Number of trees sold"" and ""Average Tree Price"" are quantitative).
2. Data should ideally follow a normal distribution: MEETS (both variables are normally distributed).

Therefore, the conditions for applying standard deviation are met.","","","",""
"41","Correlation Analysis","Median","NOT_APPLICABLE","NOT_APPLICABLE","correct","NOT APPLICABLE

The median is a measure of central tendency used primarily for quantitative data to describe the middle value when the data points are ordered. However, the question asks if the median method is applicable to the problem of determining a statistically significant association between the age of the bank customer and their bank account balance. This problem requires a statistical test rather than a descriptive statistic like the median.

Specific data features relevant to the question include:
- Data type: Both ""Age"" and ""Balance"" are quantitative.
- Normality: Neither ""Age"" nor ""Balance"" is normally distributed.
- Sample size: The dataset has 10002 rows, which is sufficiently large.

For the median method:
1. **Quantitative Data**: The data types for both variables (Age and Balance) are quantitative, which MEETS the requirement for calculating medians.
2. **Normality**: The median does not require normal distribution, so the lack of normality in the data DOES NOT AFFECT its applicability.
3. **Sample Size**: While a large sample size is beneficial for many statistical tests, the median itself does not depend on sample size for its calculation. Therefore, the sample size MEETS the requirement for calculating medians but is irrelevant to the question's context.

However, since the question pertains to assessing an association, methods such as correlation analysis or regression would be more appropriate, making the use of the median NOT APPLICABLE to solving the stated problem.","","","",""
"31","Variance Test","Kurtosis","NOT_APPLICABLE","APPLICABLE","wrong","APPLICABLE

The method ""Kurtosis"" can be applied to the quantitative data types present in the dataset, specifically the TOEFL Score and LOR (Letters of Recommendation). Here's the breakdown based on the specific data features:

1. **Data Type**: Both TOEFL Score and LOR are quantitative data types, which is a requirement for calculating kurtosis.
2. **Normality**: The normality status (whether it is normal or not) does not affect the applicability of kurtosis. Kurtosis measures the shape of the distribution relative to a normal distribution, regardless of whether the data is normally distributed or not.
3. **Sample Size**: With 400 rows of data, the sample size is sufficiently large to provide reliable estimates of kurtosis.

For each known applicability condition of the kurtosis method:
- **Quantitative Data**: MEETS the condition since both TOEFL Score and LOR are quantitative.
- **Sample Size Adequacy**: MEETS the condition with 400 observations, which is generally considered adequate for estimating kurtosis.
- **Distribution Shape**: DOES NOT REQUIRE the data to be normally distributed, thus MEETS this condition as well since kurtosis can be calculated for any distribution shape.","","","",""
"1","Variance Test","Partial Correlation Coefficient","NOT_APPLICABLE","NOT_APPLICABLE","correct","NOT APPLICABLE

The method ""Partial Correlation Coefficient"" is not directly applicable to the given dataset for the following reasons:

1. **Data Type**: The partial correlation coefficient requires quantitative variables. While some of the columns (like `avg_satisfaction`, `std_satisfaction`, `avg_income`, `median_income`, `income_inequality`, `happyScore`, and `GDP`) are quantitative, the presence of categorical variables (`region` and duplicate country identifiers) does not affect the applicability but highlights the need for clear variable selection.

2. **Normality**: The partial correlation coefficient assumes that the variables involved are normally distributed. However, several key variables (`avg_income`, `median_income`, `income_inequality`, `happyScore`, and `GDP`) are not normally distributed according to the provided information (`is_normality: False`). This violates the assumption of normality required by the partial correlation coefficient.

3. **Sample Size**: Although the sample size (111 rows) might be sufficient for some analyses, it is not explicitly stated as a critical factor for partial correlation. However, the primary issue here is the violation of the normality assumption rather than the sample size itself.

**Applicability Conditions Summary**:
- **Quantitative Variables**: MEETS (the relevant variables are quantitative).
- **Normal Distribution**: DOES NOT MEET (several key variables are not normally distributed).
- **Sample Size**: Not a critical factor mentioned in the problem statement, but generally, a larger sample size would help meet the normality assumption through the Central Limit Theorem if applicable.

Given these points, the method of Partial Correlation Coefficient is NOT APPLICABLE due to the failure to meet the normality assumption.","","","",""
"29","Contingency Table Test","Chi-square Independence Test","NOT_APPLICABLE","APPLICABLE","wrong","APPLICABLE

The Chi-Square Independence Test is used to determine if there is a significant association between two categorical variables. In this case, we are examining the relationship between ""SHORTNESS OF BREATH"" and ""LUNG_CANCER"", while controlling for ""ALLERGY"". Here's how the specific conditions for applying the Chi-Square Independence Test are met:

1. **Data Type**: Both ""SHORTNESS OF BREATH"" and ""LUNG_CANCER"" are categorical variables, which is a requirement for the Chi-Square Independence Test.
   
2. **Sample Size**: The dataset has 309 rows, which is generally considered sufficient for the Chi-Square test, although it depends on the expected cell counts. A common rule of thumb is that no more than 20% of the cells should have an expected count less than 5.

3. **Controlling for a Third Variable**: To control for ""ALLERGY"", we can create a contingency table where ""SHORTNESS OF BREATH"" and ""LUNG_CANCER"" are cross-tabulated within each level of ""ALLERGY"". This approach allows us to assess the independence of ""SHORTNESS OF BREATH"" and ""LUNG_CANCER"" separately for those with and without allergies.

Given these points, the Chi-Square Independence Test is applicable to this problem because both primary variables (""SHORTNESS OF BREATH"" and ""LUNG_CANCER"") are categorical, and the sample size is adequate for the test. Additionally, the method can be adapted to control for a third categorical variable (""ALLERGY"") by stratifying the analysis.","","","",""
"45","Variance Test","Partial Correlation Coefficient","NOT_APPLICABLE","NOT_APPLICABLE","correct","NOT APPLICABLE

The method ""Partial Correlation Coefficient"" is not suitable for directly comparing variances between two variables such as age and health. However, let's evaluate if the conditions for using partial correlation coefficients are met based on the provided data features:

1. **Data Type**: Both 'age' and 'health' are quantitative variables, which is a requirement for calculating partial correlations.
   - Condition: Quantitative data types.
   - Status: MEETS

2. **Sample Size**: The dataset has 649 rows, which is generally considered a sufficient sample size for many statistical analyses including partial correlation.
   - Condition: Adequate sample size.
   - Status: MEETS

3. **Normality**: The data for both 'age' and 'health' is not normally distributed according to the provided information.
   - Condition: Normal distribution of variables.
   - Status: DOES NOT MEET

4. **Purpose**: Partial correlation is used to assess the relationship between two variables while controlling for one or more additional variables. It does not directly compare variances.
   - Condition: Purpose of comparing variances.
   - Status: DOES NOT MEET

Given these points, while partial correlation can be computed for quantitative variables with an adequate sample size, the non-normality of the data and the fact that it does not serve the purpose of comparing variances make it NOT APPLICABLE for the stated problem.","","","",""
"45","Variance Test","Standard Deviation","NOT_APPLICABLE","APPLICABLE","wrong","APPLICABLE

The method ""Standard Deviation"" is applicable to this problem based on the following specific data features:

- The 'age' column is quantitative with 649 rows.
- The 'health' column is also quantitative with 649 rows.

For the standard deviation method to be applicable, the following conditions must be met:
1. **Data Type**: The data should be quantitative. Both 'age' and 'health' are quantitative, so this condition is MEET.
2. **Sample Size**: While there isn't a strict minimum sample size requirement for calculating standard deviation, having 649 observations is sufficient to compute it accurately. This condition is MEET.
3. **Normality Requirement**: Standard deviation can be calculated regardless of whether the distribution is normal or not. Although both columns are noted as non-normal, this does not affect the applicability of calculating standard deviation. This condition is MEET.

Therefore, the method ""Standard Deviation"" is APPLICABLE to this problem.","","","",""
"28","Distribution Compliance Test","F-Test for Variance","NOT_APPLICABLE","NOT_APPLICABLE","correct","NOT APPLICABLE

The F-Test for Variance is not applicable in this scenario due to the following reasons:

1. **Data Type**: The F-Test requires quantitative data, which is present for both the math score and writing score columns. However, the primary issue lies with the assumption of normality.
   
2. **Normality**: The F-Test assumes that the data from both groups being compared are normally distributed. While the math score column is noted as normally distributed (is_normality: True), the writing score column is not (is_normality: False). This violates one of the key assumptions of the F-Test.

3. **Sample Size**: Although the sample size (num_of_rows: 1000) is sufficiently large for many tests, it does not address the issue of non-normality.

**Applicability Conditions Check**:
- **Quantitative Data**: MEETS (both math score and writing score are quantitative).
- **Normal Distribution**: DOES NOT MEET (writing score is not normally distributed).
- **Independence of Observations**: ASSUMED to be met based on the context but not explicitly stated.
- **Homogeneity of Variances**: Not directly relevant here since we are checking the applicability based on normality and data type primarily.

Given these conditions, the F-Test for Variance cannot be applied because the writing score data does not meet the normality requirement.","","","",""
"4","Distribution Compliance Test","Shapiro-Wilk Test of Normality","NOT_APPLICABLE","APPLICABLE","wrong","APPLICABLE

The Shapiro-Wilk Test of Normality is applicable to the problem based on the following specific data features:

- The data type for `losangelesretail` is quantitative, which is required for the Shapiro-Wilk test.
- The number of rows (15766) is within the recommended range for the Shapiro-Wilk test, which can handle samples up to about 5000 but is still considered reliable with larger samples like the one here.
- Although the `is_normality` flag is False for all columns, this does not preclude the use of the Shapiro-Wilk test; it merely suggests that normality has not been confirmed previously.

For each known applicability condition of the Shapiro-Wilk test:

1. **Quantitative Data**: The `losangelesretail` column is quantitative, so this condition is MEETS.
2. **Sample Size**: The sample size of 15766 is large, but the Shapiro-Wilk test can be applied to such sizes, albeit with some caution regarding power and interpretation. This condition is MEETS, though with the understanding that very large samples may detect even trivial deviations from normality.
3. **No Outliers or Extreme Skewness**: While not explicitly stated, the Shapiro-Wilk test can still be used, although extreme outliers or skewness might affect the results. Since no specific mention of these issues is provided, we assume this condition is MEETS unless otherwise indicated by visual inspection or other tests.

Given these points, the Shapiro-Wilk Test of Normality is APPLICABLE to assess the normality of the `losangelesretail` distribution.","","","",""
"19","Variance Test","Anderson-Darling Test","NOT_APPLICABLE","NOT_APPLICABLE","correct","NOT APPLICABLE

The Anderson-Darling Test is used to test if a sample is from a specified distribution. However, the question asks about comparing variances between two different measures (average self-reported happiness scores and median income). The Anderson-Darling Test does not serve this purpose directly.

Specific data features relevant to the applicability of the Anderson-Darling Test include:
- Data Type: The test can be applied to quantitative data.
- Normality: The test checks for fit to a specified distribution, but it is not designed to compare variances between two different variables.
- Sample Size: While the sample size (111 rows) is adequate for many tests, the Anderson-Darling Test's applicability here is not contingent on sample size alone.

Conditions for the Anderson-Darling Test:
1. **Data Type**: The data must be quantitative. Both 'avg_satisfaction' and 'median_income' are quantitative, so this condition MEETS.
2. **Distribution Specification**: The test requires specifying a distribution against which to test the data. This condition is irrelevant since the goal is to compare variances, not test against a specific distribution. Therefore, this condition DOES NOT APPLY.
3. **Comparing Variances**: The test is not designed to compare variances between two different variables. This condition DOES NOT MEET.

Given these points, the Anderson-Darling Test is NOT APPLICABLE for the stated purpose.","","","",""
"33","Variance Test","Standard Deviation","NOT_APPLICABLE","APPLICABLE","wrong","APPLICABLE

The method ""Standard Deviation"" is applicable to this problem based on the following specific data features:

- The data type for both Pakistan and Myanmar is quantitative.
- The number of rows (observations) for both countries is 4, which is the minimum required to calculate standard deviation, although typically more observations are preferred for robust statistical analysis.
- Normality is not a strict requirement for calculating standard deviation, but it is noted that the data for both Pakistan and Myanmar is normally distributed (is_normality: True).

For each known applicability condition of this method:
1. Data must be quantitative: MEETS (both Pakistan and Myanmar have quantitative data).
2. Sufficient sample size: MEETS (each has 4 observations, though this is minimal).
3. Normal distribution is not strictly necessary for calculating standard deviation: MEETS (the data is normally distributed, but this is not a requirement for standard deviation calculation).","","","",""
"36","Variance Test","Kolmogorov-Smirnov Test","NOT_APPLICABLE","NOT_APPLICABLE","correct","NOT APPLICABLE

The Kolmogorov-Smirnov (KS) test is used to compare a sample with a reference probability distribution (one-sample KS test) or to compare two samples (two-sample KS test). In this context, we are asked to compare the levels of variability in GRE scores and the strength of the applicant's Statement of Purpose (SOP).

1. **Data Type**: The GRE Score is quantitative, while SOP is also described as quantitative but it is not clear what scale or measurement SOP uses. If SOP is on an ordinal or interval scale, then both variables could be compared directly. However, if SOP is treated as a rating or score without a clear interval scale, it may not be appropriate for direct comparison using the KS test.

2. **Normality**: Both GRE Score and SOP are noted as non-normal distributions. This does not inherently disqualify the use of the KS test, which can handle non-normal distributions.

3. **Sample Size**: With 400 rows of data, the sample size is sufficiently large for the KS test to be valid.

**Applicability Conditions of the KS Test**:
- **Condition 1: Data should be continuous or ordinal**: GRE Score is clearly continuous. SOP, if treated as a continuous variable, would need to be confirmed as such. If SOP is ordinal, the KS test might still be applied but with caution.
- **Condition 2: Sample sizes should be adequate**: The sample size of 400 is adequate.
- **Condition 3: Data should be independent**: There is no indication of dependency between observations, so this condition is likely met.
- **Condition 4: Data should be from the same population or two different populations being compared**: The KS test can compare two different populations, which is the case here.

Given these points, the main issue lies in the nature of the SOP variable. Without clear evidence that SOP is measured on an interval scale, the KS test may not be the most appropriate method to compare variability between GRE scores and SOP. Therefore, the method is NOT APPLICABLE based on the uncertainty regarding the scale of measurement for SOP.","","","",""
"41","Correlation Analysis","Skewness","NOT_APPLICABLE","APPLICABLE","wrong","APPLICABLE

The method ""Skewness"" is applicable to this problem based on the following evidence from the data features:

- The data type for both ""Age"" and ""Balance"" columns is quantitative.
- Skewness can be calculated for any quantitative data regardless of its distribution shape or normality status.

Specifically:
- The ""Age"" column is quantitative and non-normal.
- The ""Balance"" column is quantitative and non-normal.

For skewness calculation:
- Data type requirement: MEETS (both variables are quantitative).
- Normality requirement: DOES NOT APPLY (skewness can be calculated for non-normal distributions as well).","","","",""
"22","Distribution Compliance Test","Bartlett Test","NOT_APPLICABLE","NOT_APPLICABLE","correct","NOT APPLICABLE

The Bartlett test is used to check if multiple samples have equal variances. To apply the Bartlett test, we need at least two groups of data from a quantitative variable. In the provided dataset, the only quantitative variable mentioned that could be relevant for such a test is ""EstimatedSalary"". However, there is no indication of different groups or categories within the data based on which we could split the ""EstimatedSalary"" into multiple samples.

Specific data features supporting this conclusion include:
- The data type of ""EstimatedSalary"" is quantitative.
- There is no explicit mention of different groups or categories within the data that would allow splitting the ""EstimatedSalary"" into distinct samples for comparison.

For the Bartlett test to be applicable, the following conditions must be met:
1. Data should be normally distributed within each group (this is not indicated for any group).
2. Data should be independent across groups.
3. At least two groups of quantitative data are required.

Based on the provided information:
- The data does not indicate normality for any column, and specifically ""EstimatedSalary"" is listed as not being normally distributed.
- There is no clear indication of multiple groups or categories within the data that would allow us to perform the test on ""EstimatedSalary"".
- Therefore, the data does not meet the requirement of having at least two groups of quantitative data.

Thus, the Bartlett test is NOT APPLICABLE to this problem.","","","",""
"10","Variance Test","Spearman Correlation Coefficient","NOT_APPLICABLE","APPLICABLE","wrong","APPLICABLE

The Spearman correlation coefficient is applicable for assessing the relationship between two variables based on their ranks rather than their raw values. Here's how the specific data features support its applicability:

1. **Data Type**: Both ""Total"" and ""Height_m"" are quantitative data types, which is suitable for calculating the Spearman correlation coefficient.
2. **Sample Size**: With 721 rows, the sample size is sufficiently large to apply the Spearman correlation coefficient.
3. **Normality**: The data for both ""Total"" and ""Height_m"" is not normally distributed (""is_normality: False""), but the Spearman correlation does not assume normality, making it appropriate for non-normal distributions.

For each known applicability condition of the Spearman correlation coefficient:
- **Quantitative Data**: MEETS - Both ""Total"" and ""Height_m"" are quantitative.
- **Rank-Based Relationship**: MEETS - The Spearman correlation assesses monotonic relationships through ranks.
- **No Normality Assumption Required**: MEETS - The data for both variables is not normally distributed, but this does not affect the applicability of the Spearman correlation.
- **Sample Size Adequacy**: MEETS - A sample size of 721 is adequate for the Spearman correlation coefficient.","","","",""
"31","Variance Test","F-Test for Variance","NOT_APPLICABLE","NOT_APPLICABLE","correct","NOT APPLICABLE

The F-Test for Variance is not applicable in this scenario due to several reasons based on the provided data features:

1. **Data Type**: The F-Test requires quantitative data. Both TOEFL Score and LOR (Letters of Recommendation) are quantitative, but the test assumes that the data comes from normally distributed populations.

2. **Normality**: The normality check for both TOEFL Score and LOR indicates that they are not normally distributed (""is_normality"": False). The F-Test assumes that the samples are drawn from normally distributed populations.

3. **Sample Size**: While the sample size of 400 rows is generally considered large enough for some tests to rely on the Central Limit Theorem, the F-Test specifically requires normality, which is not met here.

For each known applicability condition of the F-Test for Variance:
- **Condition: Data must be quantitative** - MEETS
- **Condition: Samples must come from normally distributed populations** - DOES NOT MEET
- **Condition: Sample sizes should be sufficiently large (though not strictly necessary if normality holds)** - MEETS (but irrelevant since normality does not hold)

Given these conditions, the F-Test for Variance is NOT APPLICABLE.","","","",""
"12","Distribution Compliance Test","Shapiro-Wilk Test of Normality","NOT_APPLICABLE","APPLICABLE","wrong","APPLICABLE

The Shapiro-Wilk Test of Normality is applicable to the column `MntFishProducts` for the following reasons:

1. **Data Type**: The data type of `MntFishProducts` is quantitative, which is required for the Shapiro-Wilk test.
2. **Sample Size**: The number of rows (observations) for `MntFishProducts` is 2240, which falls within the recommended range for the Shapiro-Wilk test (typically between 3 and 5000).
3. **Normality Check Requirement**: The question asks about the deviation from normality, which is precisely what the Shapiro-Wilk test assesses.

**Applicability Conditions**:
- **Quantitative Data**: MEETS - The data is quantitative.
- **Sample Size**: MEETS - The sample size is sufficiently large but within the acceptable range for the Shapiro-Wilk test.
- **No Outliers or Extreme Values**: NOT SPECIFIED - While not explicitly stated, the Shapiro-Wilk test can handle some degree of non-normality due to outliers, but ideally, the data should be free of extreme values for more accurate results. However, this condition is often assumed to be met unless otherwise specified.
- **Independence of Observations**: NOT SPECIFIED - Independence of observations is an assumption that must hold true for the test, but it is not provided in the dataset description.

Given these points, the Shapiro-Wilk Test is applicable to determine if the distribution of `MntFishProducts` deviates from normality.","","","",""
"32","Variance Test","Mode","NOT_APPLICABLE","NOT_APPLICABLE","correct","NOT APPLICABLE

The method ""Mode"" is not suitable for comparing differences in yearly crop yields between Nigeria and Myanmar due to the following reasons:

1. Data Type: The data types for Nigeria and Myanmar are quantitative, which means they represent numerical values. The mode is typically used for categorical or discrete data where identifying the most frequent category or value is meaningful. Quantitative data does not benefit from mode analysis in this context.

2. Sample Size: With only 4 rows of data for each country, the sample size is very small. The mode would not provide a reliable measure of central tendency with such limited data points.

3. Normality: While the normality status of the data is provided, it is irrelevant for determining the applicability of the mode since the mode can be calculated for any distribution of data, regardless of its shape. However, the primary issue remains the nature of the data being quantitative rather than categorical.

Given these conditions, the data does NOT MEET the criteria for using the mode as a meaningful statistical method to compare yearly crop yields between Nigeria and Myanmar.","","","",""
"5","Variance Test","Mood Variance Test","APPLICABLE","NOT_APPLICABLE","wrong","NOT APPLICABLE

The Mood's Variance Test is used to compare the variances of two independent groups. Here are the specific conditions for applying the Mood's Variance Test and how they relate to the provided data:

1. **Data Type**: The test requires quantitative data. Both ""Number of Ratings"" and ""Rating"" are quantitative, which MEETS the requirement.
   
2. **Sample Size**: The test generally requires a sufficient sample size. With 16,677 rows, the sample size is large enough, which MEETS the requirement.

3. **Normality**: The test does not assume normality but assumes that the data is from a continuous distribution. However, the problem states that neither ""Number of Ratings"" nor ""Rating"" is normally distributed (is_normality: False). This condition is less critical than for parametric tests but still needs to be considered. Since the data is not specified to be non-continuous, we can tentatively consider this MEETS the requirement.

4. **Independence**: The test requires that the samples are independent. There is no indication in the data description that the ""Number of Ratings"" and ""Rating"" are dependent on each other, so this condition is assumed to be MEETS the requirement.

5. **Comparing Two Groups**: The Mood's Variance Test specifically compares the variances of two groups. The question asks about comparing the dispersion (variance) between the count of ratings and the average rating, which involves comparing two different variables rather than two groups within a variable. Therefore, this condition DOES NOT MEET the requirement because the test cannot be applied directly to compare the variances of two different variables in this manner.

Given that the primary issue is the comparison of two different variables rather than two groups within a single variable, the Mood's Variance Test is NOT APPLICABLE to this problem.","","","",""
"34","Correlation Analysis","Mantel-Haenszel Test","NOT_APPLICABLE","NOT_APPLICABLE","correct","NOT APPLICABLE

The Mantel-Haenszel test is used to assess the association between two binary variables while controlling for confounding factors. The specific conditions required for the Mantel-Haenszel test include having binary exposure and outcome variables, which is not the case here. 

Here are the relevant data features:
- SOP (Statement of Purpose strength): quantitative, non-normal distribution.
- CGPA (Grade Point Average): quantitative, normal distribution.

For the Mantel-Haenszel test:
1. **Binary Exposure Variable**: The data does not have a binary exposure variable. SOP and CGPA are both quantitative measures.
   - MEETS: NO
2. **Binary Outcome Variable**: The data does not have a binary outcome variable. CGPA is a quantitative measure.
   - MEETS: NO
3. **Confounding Variables**: While the Mantel-Haenszel test can control for confounders, the presence of confounders alone does not make the test applicable if the primary variables are not binary.
   - MEETS: NO

Given these points, the Mantel-Haenszel test is NOT APPLICABLE to this problem.","","","",""
"33","Variance Test","Mood Variance Test","APPLICABLE","NOT_APPLICABLE","wrong","NOT APPLICABLE

The Mood Variance Test is used to compare the variances of two independent groups. Here are the specific data features and conditions for applicability:

1. **Data Type**: The relevant columns are ""Pakistan"" and ""Myanmar"", both of which are quantitative. This condition is met.
2. **Normality**: Both ""Pakistan"" and ""Myanmar"" data are normally distributed (is_normality: True). This condition is met.
3. **Sample Size**: Each country has only 4 rows of data. Generally, the Mood Variance Test requires larger sample sizes for reliable results. A common rule of thumb is at least 5 observations per group, but ideally more. With only 4 observations per group, the test may not be reliable. This condition does NOT MEET the requirement for sufficient sample size.

Given these points, while the data types and normality requirements are satisfied, the small sample size makes the Mood Variance Test NOT APPLICABLE due to potential unreliability with such limited data.","","","",""
"47","Correlation Analysis","Partial Correlation Coefficient","NOT_APPLICABLE","NOT_APPLICABLE","correct","NOT APPLICABLE

The method ""Partial Correlation Coefficient"" requires specific conditions to be met for its application:

1. **Quantitative Variables**: The Partial Correlation Coefficient is used to measure the strength of a relationship between two variables while controlling for one or more additional variables. Both the primary variables and the control variable(s) must be quantitative. In this dataset, the columns ""Number of trees sold"" and ""Average Tree Price"" are quantitative, which meets this requirement.

2. **Normality Assumption**: Typically, partial correlation assumes that the variables involved are normally distributed. Here, both ""Number of trees sold"" and ""Average Tree Price"" are stated to be normally distributed (is_normality: True), which meets this requirement.

3. **Sample Size**: While not explicitly provided, a common rule of thumb is that the sample size should be at least 10 times the number of variables being controlled for. With 14 rows of data, if we are controlling for just one variable, this would mean needing at least 10 observations per controlled variable, which is barely met but generally considered insufficient for robust analysis.

4. **Categorical Variables**: The presence of categorical variables like ""Type of tree"" does not directly affect the applicability of partial correlation if they are not included as control variables. However, it suggests that if these variables were to be controlled for, they would need to be appropriately handled, which is beyond the scope of standard partial correlation calculations.

Given the small sample size relative to the complexity of controlling for variables, the method is NOT APPLICABLE due to the insufficient sample size for reliable partial correlation analysis.","","","",""
"2","Distribution Compliance Test","Mean","NOT_APPLICABLE","APPLICABLE","wrong","APPLICABLE

The method ""Mean"" is applicable to the problem of comparing the distribution of students' math scores to a theoretical normal distribution based on the following specific data features:

- The data type for the ""math score"" column is quantitative, which means it consists of numerical values that can be averaged.
- The ""is_normality"" flag for the ""math score"" column is True, indicating that the data may follow a normal distribution, although this alone does not preclude the use of mean as a measure of central tendency.
- The sample size for the ""math score"" column is 1000 rows, which is sufficiently large to support the calculation and interpretation of the mean.

For each known applicability condition of the method ""Mean"":
- The data must be quantitative: MEETS.
- The data should ideally be normally distributed for the mean to be a reliable measure of central tendency: MEETS (as indicated by the ""is_normality"" flag being True).
- A sufficient sample size is needed for the mean to be a stable and meaningful statistic: MEETS (with 1000 observations).

Therefore, the method ""Mean"" is applicable to this problem.","","","",""
"7","Variance Test","Shapiro-Wilk Test of Normality","NOT_APPLICABLE","NOT_APPLICABLE","correct","NOT APPLICABLE

The Shapiro-Wilk Test of Normality is not directly applicable to the question of whether there are no major differences in the variances of study time and health status. The Shapiro-Wilk test is used to assess if a sample comes from a normally distributed population, which is not the same as comparing variances between two variables.

However, addressing the conditions for the Shapiro-Wilk test itself:

1. **Data Type**: The Shapiro-Wilk test is applicable to quantitative data. Both ""studytime"" and ""health"" are quantitative data types.
   - Condition Met: MEETS

2. **Sample Size**: The Shapiro-Wilk test is typically used for small to medium-sized samples (generally up to around 5000 observations). With 649 observations, the sample size is within an acceptable range.
   - Condition Met: MEETS

3. **Normality Check**: The Shapiro-Wilk test is used to check for normality, but it does not compare variances between different variables.
   - Condition Not Relevant: N/A

In summary, while the Shapiro-Wilk test could be applied individually to ""studytime"" and ""health"" to check their individual normality, it cannot be used to determine if there are no major differences in their variances.","","","",""
"39","Distribution Compliance Test","Kolmogorov-Smirnov Test for Normality","APPLICABLE","NOT_APPLICABLE","wrong","NOT APPLICABLE

The Kolmogorov-Smirnov Test for Normality is not applicable to the variable ""Attack method: Facility/Infrastructure Attack"" based on the provided data features. Here's the reasoning:

1. **Data Type**: The variable ""Attack method: Facility/Infrastructure Attack"" is of quantitative data type, which could potentially meet the requirement for the Kolmogorov-Smirnov test. However, the critical issue lies with the normality status and the nature of the data.

2. **Normality Status**: The column ""Attack method: Facility/Infrastructure Attack"" has an attribute `is_normality: False`, indicating that it does not follow a normal distribution. This suggests that applying a test specifically designed to check for normality might be redundant since the data is already known to deviate from normality.

3. **Sample Size**: While the sample size (10517 rows) is sufficiently large for many normality tests, including the Kolmogorov-Smirnov test, the primary issue here is not about the sample size but the nature of the data.

**Applicability Conditions of the Kolmogorov-Smirnov Test for Normality**:
- **Quantitative Data**: MEETS - The data is quantitative.
- **Sample Size**: MEETS - The sample size is sufficiently large (10517).
- **Unknown Distribution**: The test is typically used when the distribution is unknown. However, since we know the data does not follow a normal distribution (`is_normality: False`), this condition is technically met but irrelevant due to prior knowledge.

Given these points, while the conditions for sample size and data type are met, the primary reason for non-applicability is the known deviation from normality, making the application of the test unnecessary and redundant.","","","",""
"31","Variance Test","Partial Correlation Coefficient","NOT_APPLICABLE","NOT_APPLICABLE","correct","NOT APPLICABLE

The method ""Partial Correlation Coefficient"" requires certain conditions to be met for its application:

1. **Quantitative Data**: Partial correlation is used to assess the relationship between two quantitative variables while controlling for one or more additional variables. The data types for both TOEFL Score and LOR are quantitative, which meets this requirement.

2. **Normality Assumption**: Partial correlation assumes that the variables involved are normally distributed. However, the provided data indicates that neither the TOEFL Score nor LOR is normally distributed (is_normality: False). This violates the assumption of normality.

3. **Sample Size**: While not explicitly stated as a strict requirement, partial correlation generally benefits from larger sample sizes to ensure reliable estimates. With 400 rows of data, the sample size is adequate but the primary issue here is the violation of the normality assumption.

Given these points, the data does not meet the normality assumption required for the use of partial correlation coefficients. Therefore, the method is NOT APPLICABLE.","","","",""
"46","Variance Test","Standard Deviation","NOT_APPLICABLE","APPLICABLE","wrong","APPLICABLE

The method ""Standard Deviation"" can be used to measure the variability in both the ""Weight"" and ""FCVC"" columns. Here are the specific data features supporting this:

- **Data Type**: Both ""Weight"" and ""FCVC"" are quantitative data types, which allows for the calculation of standard deviation.
- **Sample Size**: With 2111 rows of data, the sample size is sufficiently large to calculate meaningful standard deviations.
- **Normality**: The normality status (False for both ""Weight"" and ""FCVC"") indicates that the data may not be normally distributed. However, standard deviation can still be calculated regardless of the distribution shape.

For each known applicability condition of the standard deviation method:
1. **Quantitative Data**: MEETS - Both ""Weight"" and ""FCVC"" are quantitative.
2. **Sufficient Sample Size**: MEETS - There are 2111 observations, which is adequate.
3. **Distribution Shape**: DOES NOT MEET - The data is not necessarily normally distributed, but standard deviation can still be computed and interpreted as a measure of spread.","","","",""
"8","Distribution Compliance Test","Kolmogorov-Smirnov Test for Uniform distribution","NOT_APPLICABLE","NOT_APPLICABLE","correct","NOT APPLICABLE

The Kolmogorov-Smirnov test for uniform distribution is not suitable for the given problem because it is designed to test if a sample comes from a uniform distribution, whereas the question involves comparing two distributions (amount spent on wine in the last 2 years and revenue).

Specific data features relevant to this decision include:
- The data types of the columns involved: `MntWines` (amount spent on wine) and `Z_Revenue` (revenue) are both quantitative.
- The normality status of these variables: Both are non-normal (`is_normality: False`).
- Sample size: There are 2240 rows of data, which is sufficient for most statistical tests but does not change the applicability of the KS test for uniform distribution.

Conditions for the Kolmogorov-Smirnov test for uniform distribution:
1. **Data Type**: The data should be quantitative. This condition is met.
2. **Sample Distribution**: The test is specifically for testing against a uniform distribution, not for comparing two different distributions. This condition is not met since we are not testing against a uniform distribution but comparing two empirical distributions.
3. **Sample Size**: While the sample size is large enough for many tests, this condition is not directly relevant here as the issue lies with the nature of the comparison rather than the sample size.

Given these points, the Kolmogorov-Smirnov test for uniform distribution is NOT APPLICABLE to compare the distributions of the amount spent on wine and revenue.","","","",""
"48","Distribution Compliance Test","Kurtosis","NOT_APPLICABLE","APPLICABLE","wrong","APPLICABLE

The method ""Kurtosis"" is applicable to the problem based on the provided data features. Here's the reasoning:

1. **Data Type**: The column ""Age"" has a data type of quantitative, which means it consists of numerical values. Kurtosis is a measure used with quantitative data to describe the shape of a distribution.
   
2. **Sample Size**: With 10,000 rows of data, the sample size is sufficiently large to apply kurtosis calculations reliably.

3. **Normality**: While the column ""Age"" does not meet the condition of being normally distributed (""is_normality: False""), kurtosis can still be calculated and interpreted regardless of whether the data follows a normal distribution. Kurtosis measures the ""tailedness"" of the probability distribution of a real-valued random variable.

**Applicability Conditions of Kurtosis**:
- **Quantitative Data**: MEETS - The ""Age"" column contains quantitative data.
- **Sample Size**: MEETS - The sample size of 10,000 observations is adequate for calculating kurtosis.
- **Distribution Shape**: DOES NOT MEET - The data does not need to be normally distributed to calculate kurtosis, but understanding the context of non-normality may influence how the kurtosis value is interpreted.","","","",""
"49","Contingency Table Test","Kolmogorov-Smirnov Test for Gamma distribution","NOT_APPLICABLE","NOT_APPLICABLE","correct","NOT APPLICABLE

The Kolmogorov-Smirnov Test for Gamma distribution is not suitable for the given dataset due to the following reasons:

1. **Data Type**: The variables of interest, ""PEER_PRESSURE"" and ""CHEST PAIN"", are both categorical. The Kolmogorov-Smirnov test is used to compare a sample with a reference probability distribution (or to compare two samples), and it assumes that the data being tested are continuous. Since the data here are categorical, the test is not appropriate.

2. **Normality**: The normality status provided does not affect the applicability of the Kolmogorov-Smirnov test for Gamma distribution directly because the test is specifically designed to assess if a sample comes from a Gamma distribution, not a normal one. However, the fact that the data types are categorical makes the test irrelevant regardless of normality.

3. **Sample Size**: While the sample size (309 rows) might be adequate for some tests, the Kolmogorov-Smirnov test for Gamma distribution is still not applicable due to the categorical nature of the data.

**Applicability Conditions**:
- **Continuous Data**: The data must be continuous. Here, the data are categorical. Therefore, this condition **DOES NOT MEET**.
- **Sample Size**: Generally, the test requires a sufficient sample size, but this is secondary to the data type requirement. In this case, the sample size is large enough but irrelevant due to the data type issue. This condition is not the primary reason for inapplicability.
- **Gamma Distribution Assumption**: The test assumes the data follow a Gamma distribution. Given the categorical nature of the data, this assumption cannot be met. This condition **DOES NOT MEET**.

In summary, the Kolmogorov-Smirnov Test for Gamma distribution is NOT APPLICABLE due to the categorical nature of the data.","","","",""
"36","Variance Test","Skewness","NOT_APPLICABLE","APPLICABLE","wrong","APPLICABLE

The method ""Skewness"" is applicable to this problem based on the following specific data features:

- The data type for both ""GRE Score"" and ""SOP"" is quantitative.
- The normality check for both ""GRE Score"" and ""SOP"" indicates they are not normally distributed, which often suggests the need to assess skewness.

For each known applicability condition of the skewness method:

1. **Data Type**: Skewness can be calculated for quantitative data. Both ""GRE Score"" and ""SOP"" are quantitative, so this condition is MEETS.
2. **Sample Size**: While there isn't a strict minimum sample size requirement for calculating skewness, having 400 rows provides a reasonable sample size to estimate skewness accurately. This condition is MEETS.
3. **Normality**: Since the data is not normally distributed (indicated by is_normality: False), assessing skewness is relevant. This condition is MEETS.

Therefore, the method ""Skewness"" is applicable to compare the levels of variability in GRE scores to those in the strength of the applicant's Statement of Purpose.","","","",""
"26","Variance Test","Quartile","NOT_APPLICABLE","NOT_APPLICABLE","correct","NOT APPLICABLE

The method ""Quartile"" is not a statistical test or analysis method used to directly compare variances between two variables like height and weight. Instead, quartiles are descriptive statistics used to divide data into four equal parts. To determine if there is uniformity in the variance of height among Pokémon compared to their weight, more appropriate methods would be Levene's test or Bartlett's test for homogeneity of variances.

Specific data features relevant to the question include:
- Data types: Both Height_m and Weight_kg are quantitative.
- Sample size: There are 721 rows of data, which is sufficient for most variance tests.
- Normality: The normality status is False for both Height_m and Weight_kg, indicating non-normal distributions.

For the method ""Quartile"":
- The requirement for the data to be divided into equal parts is met since both height and weight are quantitative.
- However, quartiles do not address the comparison of variances between two different variables, so this condition is irrelevant here.

Therefore, the use of quartiles does not meet the necessary conditions to answer the posed question about comparing the variances of height and weight.","","","",""
"39","Distribution Compliance Test","Kolmogorov-Smirnov Test","NOT_APPLICABLE","APPLICABLE","wrong","APPLICABLE

The Kolmogorov-Smirnov (KS) test can be used to determine if a variable follows a normal distribution. Here are the specific data features and conditions that support this:

1. **Data Type**: The variable ""Attack method: Facility/Infrastructure Attack"" is quantitative, which is required for the KS test.
2. **Sample Size**: There are 10,517 rows of data, which is a sufficiently large sample size for the KS test to be reliable.
3. **Normality Check**: The column ""is_normality: False"" indicates that the variable does not already follow a normal distribution, making it appropriate to use the KS test to formally assess this.

For each known applicability condition of the KS test:
- **Quantitative Data**: MEETS the condition since the variable is quantitative.
- **Sample Size**: MEETS the condition with a sample size of 10,517.
- **Distribution Assumption**: MEETS the condition because the KS test can be used to check against any continuous distribution, including the normal distribution.

Therefore, the Kolmogorov-Smirnov Test is APPLICABLE to this problem.","","","",""
"26","Variance Test","Kolmogorov-Smirnov Test for Gamma distribution","NOT_APPLICABLE","NOT_APPLICABLE","correct","NOT APPLICABLE

The Kolmogorov-Smirnov test for a Gamma distribution is not suitable for the given problem and dataset for the following reasons:

1. **Data Type**: The relevant columns for the question are ""Height_m"" and ""Weight_kg"", both of which are quantitative. However, the Kolmogorov-Smirnov test is used to compare a sample with a reference probability distribution or to compare two samples. It is not designed specifically for testing against a Gamma distribution unless the data is expected to follow such a distribution.

2. **Normality**: The problem states that the data is not normally distributed (""is_normality: False""). While this does not directly affect the applicability of the Kolmogorov-Smirnov test, it suggests that the data may not be well-suited for parametric tests that assume normality. The Kolmogorov-Smirnov test can handle non-normal distributions but is more commonly used for comparing distributions rather than assessing uniformity in variance.

3. **Sample Size**: With 721 rows, the sample size is sufficiently large for many statistical tests, including the Kolmogorov-Smirnov test. However, the test's primary use case is not for assessing uniformity in variance between two variables like height and weight.

4. **Applicability Conditions**:
   - **Single Sample vs. Reference Distribution**: The Kolmogorov-Smirnov test typically compares a single sample to a reference distribution or compares two samples. Here, we need to assess the uniformity in variance between two variables, which is not the intended use of the test.
   - **Gamma Distribution Assumption**: Even if the data were to be tested against a Gamma distribution, the question asks about uniformity in variance between height and weight, not about fitting a Gamma distribution to either variable.

Given these points, the Kolmogorov-Smirnov test for a Gamma distribution is NOT APPLICABLE to assess uniformity in variance of height compared to weight among Pokémon. A more appropriate method might involve Levene's test or Bartlett's test for homogeneity of variances.","","","",""
"34","Correlation Analysis","Median","NOT_APPLICABLE","APPLICABLE","wrong","APPLICABLE

The method ""Median"" is applicable to this problem based on the following data features:

- The data type for both the ""SOP"" and ""CGPA"" columns is quantitative, which means they contain numerical values that can be ordered and summarized using measures of central tendency like the median.
- The normality of the ""CGPA"" column is True, while ""SOP"" is False. However, the median is a robust measure of central tendency that does not assume normal distribution and is appropriate for non-normal distributions.
- The sample size of 400 rows is sufficiently large to apply the median as a measure of central tendency.

For each known applicability condition of the median method:
- The data must be quantitative: MEETS (both ""SOP"" and ""CGPA"" are quantitative).
- The data does not need to be normally distributed: MEETS (the median works well with non-normally distributed data such as ""SOP"").
- The sample size should be adequate: MEETS (a sample size of 400 is more than sufficient).","","","",""
"42","Distribution Compliance Test","Kolmogorov-Smirnov Test for Normality","APPLICABLE","APPLICABLE","correct","APPLICABLE

The Kolmogorov-Smirnov Test for Normality can be used to determine if a dataset deviates from a normal distribution. Here are the specific data features supporting this:

- **Data Type**: The column ""# of Homeless Individuals Served at The Source"" is quantitative, which is required for the Kolmogorov-Smirnov test.
- **Normality**: The column is marked as not normal (""is_normality"": False), indicating a potential deviation from normality that we want to test.
- **Sample Size**: There are 72 rows of data, which is generally considered sufficient for the Kolmogorov-Smirnov test.

For each known applicability condition of the Kolmogorov-Smirnov test:

1. **Quantitative Data**: The data is quantitative. This condition is MEET.
2. **Sample Size**: The sample size of 72 is typically adequate for the Kolmogorov-Smirnov test. This condition is MEET.
3. **Independence of Observations**: While independence is not directly stated, it is assumed based on typical application contexts unless otherwise specified. This condition is ASSUMED TO BE MET.
4. **Continuous Distribution**: The test is often applied to continuous distributions, but it can also be used with discrete data, especially when the sample size is large enough. Given the sample size of 72, this condition is MEET.

Therefore, the Kolmogorov-Smirnov Test for Normality is applicable to this problem.","","","",""
"20","Correlation Analysis","Pearson Correlation Coefficient","APPLICABLE","NOT_APPLICABLE","wrong","NOT APPLICABLE

The Pearson Correlation Coefficient requires both variables to be normally distributed for accurate interpretation. Here are the specific conditions and how they are met or not met:

1. **Data Type**: Both ""Total Library Visitors"" and ""# of Homeless Individuals Served at The Source"" are quantitative, which meets the requirement for Pearson's correlation.
   
2. **Normality**: 
   - ""Total Library Visitors"" is normally distributed (is_normality: True).
   - ""# of Homeless Individuals Served at The Source"" is not normally distributed (is_normality: False).

Since one of the variables does not meet the normality requirement, the use of Pearson's correlation coefficient is not appropriate here. Therefore, the method is NOT APPLICABLE.","","","",""
"13","Contingency Table Test","Kolmogorov-Smirnov Test for Normality","NOT_APPLICABLE","NOT_APPLICABLE","correct","NOT APPLICABLE

The Kolmogorov-Smirnov Test for Normality is not applicable to the provided dataset for the following reasons:

1. **Data Type**: The columns of interest, WHEEZING and COUGHING, are both categorical. The Kolmogorov-Smirnov test is designed to assess whether a sample comes from a population with a specific distribution, typically used for continuous data. It cannot be applied directly to categorical variables.

2. **Normality Check**: Even if we were to consider the normality check on other continuous variables, none are present in the dataset. All quantitative variables listed (AGE) are noted as non-normal, but AGE is the only quantitative variable available, and it is not relevant to the question about the relationship between WHEEZING and COUGHING.

**Applicability Conditions of the Kolmogorov-Smirnov Test for Normality**:
- **Continuous Data**: The data must be continuous. The dataset contains no continuous variables relevant to the question.
- **Sample Size**: While the sample size (309) is adequate for many tests, the requirement for continuous data overrides this consideration.
- **Distribution Assumption**: The test assumes the data follows a specified distribution (usually normal). This assumption is irrelevant here due to the categorical nature of the data in question.

Given these points, the Kolmogorov-Smirnov Test for Normality is NOT APPLICABLE to the problem at hand.","","","",""
"7","Variance Test","Standard Deviation","NOT_APPLICABLE","APPLICABLE","wrong","APPLICABLE

The method ""Standard Deviation"" is applicable to the problem based on the provided data features. Here's the reasoning:

1. **Data Type**: The variables ""studytime"" and ""health"" are both quantitative, which means they consist of numerical values. Standard deviation is a measure used for quantitative data to describe the variability or dispersion within a dataset.

2. **Sample Size**: With 649 rows of data, the sample size is sufficiently large to calculate standard deviation accurately.

3. **Normality**: While the normality of the data is not specified as true for these variables, standard deviation can still be calculated regardless of whether the data follows a normal distribution. However, it is important to note that standard deviation is most meaningful when applied to normally distributed data, but it is still a valid measure of spread for non-normal distributions.

**Applicability Conditions**:
- **Quantitative Data**: MEETS - Both ""studytime"" and ""health"" are quantitative.
- **Sample Size Adequacy**: MEETS - The sample size of 649 is adequate for calculating standard deviation.
- **Distribution Normality**: DOES NOT MEET - The data is not specified as normally distributed, but this does not prevent the calculation of standard deviation.","","","",""
"28","Distribution Compliance Test","Kolmogorov-Smirnov Test for Gamma distribution","NOT_APPLICABLE","NOT_APPLICABLE","correct","NOT APPLICABLE

The Kolmogorov-Smirnov Test for Gamma distribution is not suitable for the given dataset due to the following reasons:

1. **Data Type**: The Kolmogorov-Smirnov Test can be used for quantitative data, which is correct for both the math score and writing score columns. However, the specific version of the test for the Gamma distribution assumes that the data follows a Gamma distribution. There is no indication that the data specifically follows a Gamma distribution.

2. **Normality**: The math score column is noted as normally distributed (is_normality: True), while the writing score column is not (is_normality: False). The Kolmogorov-Smirnov Test for Gamma distribution does not apply to normally distributed data unless it can be shown that the data also fits a Gamma distribution, which is not indicated here.

3. **Sample Size**: With 1000 rows, the sample size is sufficiently large for many statistical tests, including the Kolmogorov-Smirnov Test. However, the applicability of the test is more dependent on the distributional assumptions than the sample size alone.

**Applicability Conditions**:
- **Distribution Assumption**: The data must follow a Gamma distribution. The data does not meet this condition as there is no indication that either the math score or writing score follows a Gamma distribution.
- **Sample Size**: The sample size should be adequate for the test to be reliable. The data meets this condition with 1000 observations.
- **Quantitative Data**: The data must be quantitative. Both the math score and writing score are quantitative, so this condition is met.

Given these points, the method ""Kolmogorov-Smirnov Test for Gamma distribution"" is NOT APPLICABLE to this problem.","","","",""
"0","Distribution Compliance Test","Kolmogorov-Smirnov Test","NOT_APPLICABLE","APPLICABLE","wrong","APPLICABLE

The Kolmogorov-Smirnov (KS) test can be used to determine if a sample is drawn from a particular distribution, such as a normal distribution. Here's how the specific data features support the applicability of the KS test:

1. **Data Type**: The column ""price(in lakhs)"" is quantitative, which is necessary for the KS test since it deals with continuous numerical data.
2. **Sample Size**: With 1553 rows, the sample size is sufficiently large for the KS test, which generally performs well with larger samples.
3. **Normality Check**: The ""is_normality"" flag for the ""price(in lakhs)"" column is False, indicating that preliminary checks suggest the data may not be normally distributed. This makes the application of the KS test relevant to confirm or refute the normality assumption.

For each known applicability condition of the KS test:
- **Continuous Data**: The ""price(in lakhs)"" is quantitative, so this condition is MEETS.
- **Sample Size**: The sample size of 1553 is adequate, so this condition is MEETS.
- **Distribution Assumption**: The KS test can be applied to check against any continuous distribution, including the normal distribution, so this condition is MEETS.

Therefore, the Kolmogorov-Smirnov Test is APPLICABLE to this problem.","","","",""
"2","Distribution Compliance Test","Kolmogorov-Smirnov Test for Normality","APPLICABLE","APPLICABLE","correct","APPLICABLE

The Kolmogorov-Smirnov (KS) Test for Normality is applicable to the 'math score' column because it meets the necessary conditions for this test:

1. Data Type: The 'math score' column is quantitative, which is required for the KS test.
2. Sample Size: With 1000 rows, the sample size is sufficiently large for the KS test, although the minimum requirement can be as low as 50 for some applications.
3. Normality Assumption: The 'is_normality' flag for the 'math score' column is True, indicating that the data may reasonably follow a normal distribution, making the KS test appropriate to assess this assumption.

Each of these conditions is met by the 'math score' column, thus the KS test is applicable.","","","",""
"16","Distribution Compliance Test","Shapiro-Wilk Test of Normality","NOT_APPLICABLE","APPLICABLE","wrong","APPLICABLE

The Shapiro-Wilk Test of Normality is applicable to the problem of assessing the normality of player weights in pounds. Here are the specific data features and conditions that support this conclusion:

- **Data Type**: The column ""Weight"" has a data type of quantitative, which means it contains numerical values suitable for statistical tests like the Shapiro-Wilk test.
- **Sample Size**: With 17,660 rows, the sample size is sufficiently large. However, the Shapiro-Wilk test is particularly well-suited for smaller samples (typically up to around 5000 observations). Despite the large sample size, the test can still be applied, though results should be interpreted with caution due to its sensitivity in large samples.
- **Normality Information**: The provided metadata does not specify the normality status of the ""Weight"" column directly, but the question asks about the applicability of the test rather than the actual normality of the data.

**Applicability Conditions of the Shapiro-Wilk Test**:
1. **Quantitative Data**: The data must be quantitative. The ""Weight"" column meets this requirement.
2. **Sample Size**: While ideally suited for small to medium-sized samples, the Shapiro-Wilk test can technically be used on larger samples. The sample size here is 17,660, which is large but within the range where the test can be applied.
3. **Independence of Observations**: This condition is assumed based on typical usage scenarios unless specified otherwise. There's no indication of dependency among the observations in the provided data features.

In summary, while the Shapiro-Wilk test is generally more powerful and reliable for smaller datasets, it is still applicable to the ""Weight"" column in this dataset.","","","",""
"33","Variance Test","Kurtosis","NOT_APPLICABLE","NOT_APPLICABLE","correct","NOT APPLICABLE

The method ""Kurtosis"" is not directly applicable to compare the annual crop production variances between Pakistan and Myanmar for the following reasons:

1. **Data Type**: The relevant data types for Pakistan and Myanmar are quantitative, which is suitable for kurtosis analysis. However, kurtosis measures the shape of the distribution of a dataset, specifically the ""tailedness"" of the probability distribution of a real-valued random variable. It does not inherently compare two different datasets' variances directly.

2. **Normality**: Both Pakistan and Myanmar's data are noted as normally distributed (is_normality: True). Kurtosis is typically used on normally distributed data to understand the peakedness relative to a normal distribution. However, comparing variances between two distributions requires a different approach, such as Levene's test or F-test for equality of variances.

3. **Sample Size**: With only 4 rows of data for each country, the sample size is very small. Kurtosis calculations can be unreliable with small sample sizes due to high variability and potential outliers having a significant impact on the measure.

**Applicability Conditions of Kurtosis**:
- **Condition: Requires Quantitative Data**
  - **Status**: MEETS (Both Pakistan and Myanmar have quantitative data)
- **Condition: Suitable for Normally Distributed Data**
  - **Status**: MEETS (Both Pakistan and Myanmar are noted as normally distributed)
- **Condition: Sample Size Adequacy**
  - **Status**: DOES NOT MEET (Only 4 rows of data per country, which is too small)

Given these conditions, while kurtosis can be calculated for both countries individually, it is not an appropriate method to determine if their annual crop production variances are statistically similar. A more suitable method would involve comparing the variances directly using tests like Levene's test or F-test.","","","",""
"36","Variance Test","Standard Deviation","NOT_APPLICABLE","APPLICABLE","wrong","APPLICABLE

The method ""Standard Deviation"" is applicable to the problem based on the provided data features. Here’s the reasoning:

1. **Data Type**: The GRE Score and SOP (Statement of Purpose) are both quantitative data types. Standard deviation is a measure used for quantitative data to assess variability.

2. **Sample Size**: With 400 rows of data, the sample size is sufficiently large to calculate standard deviation accurately.

3. **Normality**: While the normality of the distributions is not specified as true for all variables, standard deviation can still be calculated regardless of whether the data is normally distributed or not. However, it is important to note that standard deviation is most meaningful when the data is normally distributed, but it is still a valid measure of spread even if the distribution is skewed or non-normal.

**Applicability Conditions**:
- **Quantitative Data**: MEETS - Both GRE Score and SOP are quantitative.
- **Sample Size Adequacy**: MEETS - A sample size of 400 is adequate for calculating standard deviation.
- **Distribution Normality**: DOES NOT MEET - The data is not necessarily normally distributed, but standard deviation can still be computed and interpreted as a measure of spread.","","","",""
"33","Variance Test","Kolmogorov-Smirnov Test for Uniform distribution","NOT_APPLICABLE","NOT_APPLICABLE","correct","NOT APPLICABLE

The Kolmogorov-Smirnov test for uniform distribution is not suitable for the given dataset for the following reasons:

1. **Data Type**: The data type for both Pakistan and Myanmar's annual crop production is quantitative, which is appropriate for the Kolmogorov-Smirnov test. However, the test specifically checks if a sample comes from a uniform distribution, which is not indicated by the data description.

2. **Normality**: The data for Pakistan and Myanmar is noted as normally distributed (is_normality: True). The Kolmogorov-Smirnov test for uniform distribution would be inappropriate here because it is designed to test against a uniform distribution, not a normal one.

3. **Sample Size**: The number of rows (observations) for each country is 4. While some versions of the Kolmogorov-Smirnov test can handle small sample sizes, the test for uniform distribution typically requires larger samples to have sufficient power and validity. A sample size of 4 is generally too small to reliably apply such tests.

**Applicability Conditions**:
- **Condition: Data should be quantitative**: MEETS
- **Condition: Data should come from a uniform distribution**: DOES NOT MEET
- **Condition: Sample size should be adequate (typically larger than 4)**: DOES NOT MEET

Given these points, the Kolmogorov-Smirnov test for uniform distribution is NOT APPLICABLE to this problem.","","","",""
"31","Variance Test","Mood Variance Test","APPLICABLE","NOT_APPLICABLE","wrong","NOT APPLICABLE

The Mood's Variance Test is used to compare the variances of two or more groups when the data does not meet the assumptions of normality. However, in this case, the data types and characteristics do not align with the requirements for applying the Mood's Variance Test directly between TOEFL Scores and Letters of Recommendation (LOR).

Specific data features:
- TOEFL Score: quantitative, non-normal distribution, 400 rows.
- LOR: quantitative, non-normal distribution, 400 rows.

Applicability conditions for Mood's Variance Test:
1. The data should be quantitative.
   - MEETS: Both TOEFL Score and LOR are quantitative.
2. The samples should come from populations that are not necessarily normally distributed.
   - MEETS: Both TOEFL Score and LOR have is_normality: False.
3. The samples should be independent.
   - NOT SPECIFIED: There is no information provided about the independence of the samples.
4. The samples should be from at least two different groups.
   - NOT SPECIFIED: The question does not specify if these are from different groups or the same group measured twice.

Since the independence of the samples and the grouping of the data are not specified, we cannot conclusively apply the Mood's Variance Test. Therefore, it is NOT APPLICABLE based on the incomplete information provided.","","","",""
"42","Distribution Compliance Test","Mode","NOT_APPLICABLE","NOT_APPLICABLE","correct","NOT APPLICABLE

The method ""Mode"" is not applicable to this problem based on the specific data features provided. Here are the reasons:

1. **Data Type**: The column ""# of Homeless Individuals Served at The Source"" is quantitative. While the mode can be calculated for quantitative data, it is typically more meaningful for categorical or discrete data where the frequency of occurrence is more relevant.

2. **Normality**: The column is noted as non-normal (""is_normality: False""). The mode is generally used less frequently with normally distributed data because the mean and median are more informative. However, the non-normality alone does not make the mode inapplicable but rather less useful compared to other measures.

3. **Sample Size**: With 72 rows of data, the sample size is adequate for calculating the mode, but the relevance of the mode depends more on the nature of the data than the sample size.

**Applicability Conditions for Mode**:
- **Discrete Data**: The data should ideally be discrete or categorical for the mode to be meaningful. The data here is quantitative, which means the mode might not provide significant insights.
- **Frequency Distribution**: The mode is useful when you want to know the most frequent value. In quantitative data, especially continuous, the concept of the most frequent exact value is less meaningful unless binned into categories.

Given these points, while the mode can technically be computed, it does not meet the conditions where it would be most meaningful or useful for the given dataset. Therefore, the method ""Mode"" is NOT APPLICABLE for this problem.","","","",""
"31","Variance Test","Skewness","NOT_APPLICABLE","APPLICABLE","wrong","APPLICABLE

The method ""Skewness"" is applicable to this problem based on the following specific data features:

- The data types for both TOEFL Score and LOR (Letters of Recommendation) are quantitative.
- Skewness can be calculated for any quantitative data regardless of its distribution shape or sample size.

For each known applicability condition of this method:

1. **Quantitative Data**: Both TOEFL Score and LOR are quantitative data types. This condition is MEETS.
2. **Sample Size**: With 400 rows of data, the sample size is sufficiently large to calculate skewness accurately. This condition is MEETS.
3. **Normality**: Skewness can be calculated irrespective of whether the data is normally distributed or not. This condition is MEETS since skewness measures the asymmetry of the probability distribution of a real-valued random variable about its mean, and it does not require the data to be normally distributed.

Therefore, the method ""Skewness"" is applicable to compare the variations in TOEFL scores with those in Letters of Recommendation.","","","",""
"39","Distribution Compliance Test","Kendall Correlation Coefficient","NOT_APPLICABLE","NOT_APPLICABLE","correct","NOT APPLICABLE

The Kendall correlation coefficient is typically used to measure the ordinal association between two measured quantities. However, the question asks about the normal distribution of a single variable (""Attack method: Facility/Infrastructure Attack""), not about the relationship between two variables. Therefore, the Kendall correlation coefficient is not applicable for assessing the normality of a single variable.

Specific data features relevant to this decision include:
- Data type: The variable ""Attack method: Facility/Infrastructure Attack"" is quantitative.
- Normality: The variable does not follow a normal distribution according to the provided metadata.
- Sample size: There are 10517 rows of data, which is a large sample size, but this is irrelevant for determining the applicability of the Kendall correlation coefficient in this context.

Conditions for the Kendall correlation coefficient:
1. Requires two quantitative variables: **DOES NOT MEET** (only one variable is considered).
2. Suitable for ordinal data: **RELEVANT BUT UNCHECKED** (the data type is quantitative, and we do not have information on the ordinal nature of the variable).
3. Applicable for assessing relationships: **DOES NOT MEET** (the goal is to assess normality, not relationship).

Given these points, the Kendall correlation coefficient is NOT APPLICABLE for the stated purpose.","","","",""
"26","Variance Test","Kurtosis","NOT_APPLICABLE","APPLICABLE","wrong","APPLICABLE

The method ""Kurtosis"" can be applied to assess the shape of the distribution of numerical data, specifically focusing on the tails or outliers of the distribution. Here are the specific data features and conditions that support its applicability:

- **Data Type**: The columns ""Height_m"" and ""Weight_kg"" are both quantitative, which means they contain numerical values suitable for kurtosis analysis.
- **Sample Size**: With 721 rows of data, the sample size is sufficiently large to provide reliable estimates of kurtosis.
- **Normality**: The normality status of these quantitative variables is not specified as true normality but does not preclude the use of kurtosis, which is a measure independent of normality.

For each known applicability condition of the kurtosis method:
- **Condition: Data must be quantitative** - MEETS (both ""Height_m"" and ""Weight_kg"" are quantitative).
- **Condition: Sufficient sample size** - MEETS (721 observations provide a robust sample).
- **Condition: No requirement for normal distribution** - MEETS (kurtosis can be calculated regardless of whether the data is normally distributed).

Therefore, the method ""Kurtosis"" is applicable to analyze the uniformity in the variance of height compared to weight among Pokémon.","","","",""
"8","Distribution Compliance Test","Kolmogorov-Smirnov Test for Exponential distribution","NOT_APPLICABLE","NOT_APPLICABLE","correct","NOT APPLICABLE

The Kolmogorov-Smirnov test for exponential distribution is not applicable in this scenario due to the following reasons:

1. **Data Type**: The relevant columns for the analysis are `MntWines` (amount spent on wine) and `Z_Revenue`. Both are quantitative data types, which is appropriate for the Kolmogorov-Smirnov test. However, the test specifically checks if a dataset follows an exponential distribution, and there is no indication that these variables are expected to follow such a distribution based on the provided context.

2. **Normality**: The `is_normality` flag for both `MntWines` and `Z_Revenue` is False, indicating non-normal distributions. While this does not preclude the use of the Kolmogorov-Smirnov test, it does not confirm that they follow an exponential distribution.

3. **Sample Size**: With 2240 rows, the sample size is sufficiently large for most statistical tests, including the Kolmogorov-Smirnov test. However, the applicability of the test depends more on the nature of the distribution rather than just the sample size.

**Applicability Conditions of the Kolmogorov-Smirnov Test for Exponential Distribution**:
- **Condition 1: Data should be quantitative**: MEETS.
- **Condition 2: Data should be hypothesized to follow an exponential distribution**: DOES NOT MEET.
- **Condition 3: Sample size should be adequate**: MEETS.

Since the primary requirement for applying the Kolmogorov-Smirnov test for exponential distribution is that the data should be hypothesized to follow an exponential distribution, and there is no evidence suggesting that `MntWines` or `Z_Revenue` follow such a distribution, the test is NOT APPLICABLE.","","","",""
"37","Distribution Compliance Test","Lilliefors Test","NOT_APPLICABLE","APPLICABLE","wrong","APPLICABLE

The Lilliefors test is used to determine if a sample comes from a normally distributed population when the mean and variance of the population are unknown. Given the data features:

- Data type: Quantitative
- Normality: False for the column ""# of Homeless Individuals Served at The Source""
- Sample size: 72 rows

The specific conditions for applying the Lilliefors test are as follows:

1. **Data Type**: The Lilliefors test can be applied to quantitative data. The data type for ""# of Homeless Individuals Served at The Source"" is quantitative, so this condition is MEETS.

2. **Sample Size**: The Lilliefors test generally requires a minimum sample size to provide reliable results. A sample size of 72 is typically sufficient for the Lilliefors test, so this condition is MEETS.

3. **Normality Check Requirement**: The Lilliefors test is specifically designed to check for normality, which aligns with the requirement here since we need to assess if the data deviates from normality. This condition is MEETS.

Since all conditions are met, the Lilliefors test is APPLICABLE to this problem.","","","",""
"36","Variance Test","Kolmogorov-Smirnov Test for Exponential distribution","NOT_APPLICABLE","NOT_APPLICABLE","correct","NOT APPLICABLE

The Kolmogorov-Smirnov Test for Exponential Distribution is not suitable for comparing the levels of variability between GRE scores and the strength of the applicant's Statement of Purpose (SOP). Here are the reasons based on specific data features:

1. **Data Type**: The GRE Score is quantitative, while SOP is also described as quantitative but it is unclear if it represents a continuous variable or a scaled score that can be meaningfully compared using an exponential distribution test. Typically, SOP would be more qualitative or ordinal rather than continuous, making direct comparison challenging.

2. **Normality**: Both GRE Score and SOP are non-normal (is_normality: False), which does not inherently disqualify them from being tested with the Kolmogorov-Smirnov test, but the test specifically checks against an exponential distribution, not normality.

3. **Sample Size**: With 400 rows, the sample size is adequate for many statistical tests, including the Kolmogorov-Smirnov test. However, the appropriateness of the test depends more on the nature of the data rather than just the sample size.

**Applicability Conditions of the Kolmogorov-Smirnov Test for Exponential Distribution**:
- **Condition 1: Data should follow an exponential distribution** - The data provided does not indicate that either GRE Score or SOP follows an exponential distribution. Therefore, the data DOES NOT MEET this condition.
- **Condition 2: Data should be continuous** - While GRE Score is continuous, SOP is likely not continuous in the context of measuring the strength of a statement, thus the data DOES NOT FULLY MEET this condition.
- **Condition 3: Sample size should be sufficiently large** - The sample size of 400 is sufficient, so this condition is MET.

Given these points, the Kolmogorov-Smirnov Test for Exponential Distribution is NOT APPLICABLE to compare the variability in GRE scores and the strength of the applicant's Statement of Purpose.","","","",""
"38","Distribution Compliance Test","Kendall Correlation Coefficient","NOT_APPLICABLE","APPLICABLE","wrong","APPLICABLE

The Kendall correlation coefficient is a non-parametric measure of rank correlation, which means it does not assume any particular distribution of the data. Given the data features:

- The data type for the variables of interest (Age and other quantitative variables like Calories Burn, Dream Weight, Actual Weight, Duration, Heart Rate, BMI) is quantitative.
- The sample size is sufficiently large with 3864 rows.
- The normality check for all quantitative variables indicates they are not normally distributed (""is_normality: False"").

For the Kendall correlation coefficient method, the following conditions are relevant:

1. **Data Type**: The variables should be at least ordinal, but since we are dealing with quantitative data, this condition is met.
2. **Sample Size**: A sample size of 3864 is adequate for most statistical analyses, including the Kendall correlation coefficient.
3. **Distribution Assumption**: Unlike Pearson's correlation, the Kendall correlation does not require the data to be normally distributed, making it suitable for non-normal distributions.

Based on these points, the data MEETS the necessary conditions for applying the Kendall correlation coefficient. Therefore, the method is APPLICABLE.","","","",""
"45","Variance Test","Quartile","NOT_APPLICABLE","NOT_APPLICABLE","correct","NOT APPLICABLE

The method ""Quartile"" is not a statistical test or method used to determine if there is a significant difference in variance between two variables. Instead, quartiles are descriptive statistics used to divide data into four equal parts. To assess the difference in variance between the 'age' and 'health' variables, one would typically use a statistical test such as Levene's test or Bartlett's test.

However, addressing the question based on the provided format:

1. **Conclusion**: NOT APPLICABLE
2. **Evidence**:
   - The data type for both 'age' and 'health' is quantitative.
   - Both variables have 649 rows of data.
   - Neither variable is normally distributed according to the provided information.
3. **Applicability Conditions**:
   - Quartiles require quantitative data: MEETS.
   - Quartiles do not require normal distribution: MEETS.
   - Quartiles are not designed to compare variances between two variables: DOES NOT MEET.

Given these points, while quartiles can be calculated for both 'age' and 'health', they cannot be used to determine if there is a significant difference in variance between these two variables. Therefore, the method ""Quartile"" is NOT APPLICABLE to this problem.","","","",""
"6","Distribution Compliance Test","Median","NOT_APPLICABLE","APPLICABLE","wrong","APPLICABLE

The method ""Median"" is applicable to the problem based on the provided data features. Here's the reasoning:

- **Data Type**: The variable ""happyScore"" is quantitative, which means it consists of numerical values. The median is a measure of central tendency that can be calculated for any quantitative data.
- **Normality**: The ""happyScore"" column is not normally distributed (""is_normality"": False). However, the median is robust to non-normal distributions and outliers, making it an appropriate measure even when data is skewed or has extreme values.
- **Sample Size**: With 111 rows of data, the sample size is sufficient to calculate the median reliably.

For each known applicability condition of the median method:
- **Quantitative Data Requirement**: MEETS (the data type is quantitative).
- **Robustness to Distribution Shape**: MEETS (the median does not require the data to be normally distributed).
- **Sample Size Adequacy**: MEETS (a sample size of 111 is adequate for calculating the median).

Therefore, the use of the median is fully justified for the ""happyScore"" variable.","","","",""
"10","Variance Test","F-Test for Variance","NOT_APPLICABLE","NOT_APPLICABLE","correct","NOT APPLICABLE

The F-Test for Variance is not applicable in this scenario due to the following reasons:

1. **Data Type**: Both ""Total"" and ""Height_m"" are quantitative variables, which is a requirement for the F-test. However, the F-test assumes that the data is normally distributed, especially when comparing variances between two groups.

2. **Normality**: The ""is_normality"" attribute for both ""Total"" and ""Height_m"" is False, indicating that these variables do not follow a normal distribution. The F-test is sensitive to deviations from normality, particularly with small sample sizes. Since the normality assumption is violated, the F-test cannot be reliably used.

3. **Sample Size**: While the sample size (num_of_rows: 721) is relatively large, the F-test's robustness to non-normality increases with larger samples. However, without normality, even large samples can lead to misleading results.

**Applicability Conditions of F-Test**:
- **Normal Distribution**: The data does not meet this condition as indicated by ""is_normality: False"".
- **Independence**: This condition is assumed met since no information suggests otherwise.
- **Homogeneity of Variances**: This condition is irrelevant here because we are questioning the applicability based on normality issues.

Given these points, the F-Test for Variance is NOT APPLICABLE.","","","",""
"42","Distribution Compliance Test","Kolmogorov-Smirnov Test","NOT_APPLICABLE","APPLICABLE","wrong","APPLICABLE

The Kolmogorov-Smirnov (KS) test can be used to determine if a sample comes from a population with a specified distribution. In this case, we want to check if the distribution of the number of homeless individuals served at The Source deviates from a normal distribution. Here are the specific data features and conditions for the KS test:

1. **Data Type**: The relevant column is ""# of Homeless Individuals Served at The Source"", which is quantitative. The KS test is applicable to continuous or discrete quantitative data.
   
2. **Normality**: The column ""# of Homeless Individuals Served at The Source"" has an attribute `is_normality: False`, indicating it does not follow a normal distribution. This suggests there may be a deviation from normality, which is what we aim to test.

3. **Sample Size**: There are 72 rows of data, which is generally considered sufficient for the KS test. A common rule of thumb is that the KS test performs well with samples sizes greater than 50.

**Applicability Conditions of the KS Test**:
- **Continuous Data**: The KS test is typically applied to continuous data, but it can also be used for discrete data. Since the data here is quantitative, it meets this condition.
- **Sample Size**: The sample size should be reasonably large. With 72 observations, this condition is met.
- **Distribution Specification**: The KS test requires specifying the distribution against which to compare the sample. Here, we are comparing against a normal distribution.

Based on these points, the data MEETS the conditions required for applying the Kolmogorov-Smirnov test.","","","",""
"39","Distribution Compliance Test","Chi-square Independence Test","NOT_APPLICABLE","NOT_APPLICABLE","correct","NOT APPLICABLE

The Chi-square Independence Test is used to determine if there is a significant association between two categorical variables. However, the variable ""Attack method: Facility/Infrastructure Attack"" is described as quantitative, not categorical. Additionally, the provided information indicates that none of the columns are normally distributed, which is irrelevant for the Chi-square test but further suggests these are not being treated as continuous variables in a traditional sense.

Specific data features and conditions:
1. Data type: The variable ""Attack method: Facility/Infrastructure Attack"" is quantitative, which means it is numerical and likely represents counts or frequencies rather than categories. This does not meet the requirement for the Chi-square test, which requires categorical data.
2. Sample size: While the sample size (10,517 rows) is large, this alone does not make the Chi-square test applicable since the data types must be appropriate.
3. Normality: Irrelevant for the Chi-square test, but mentioned here to show the overall context of the data characteristics.

Given these points, the Chi-square Independence Test is NOT APPLICABLE to this problem.","","","",""
"10","Variance Test","Mood Variance Test","APPLICABLE","NOT_APPLICABLE","wrong","NOT APPLICABLE

The Mood Variance Test is used to compare variances across two or more groups. However, based on the provided data features, we need to evaluate if the conditions for applying the Mood Variance Test are met:

1. **Data Type**: Both ""Total"" and ""Height_m"" are quantitative variables, which is appropriate for variance analysis.
2. **Normality**: The ""is_normality"" flag for both ""Total"" and ""Height_m"" is False, indicating that these variables do not follow a normal distribution. The Mood Variance Test does not assume normality but typically requires at least ordinal data and can be applied to non-normal distributions. This condition is met.
3. **Sample Size**: With 721 rows of data, the sample size is sufficiently large for most variance tests, including the Mood Variance Test. This condition is met.

However, the Mood Variance Test is specifically designed to compare variances across different groups (categories). In the provided dataset, there is no indication of distinct groups or categories within ""Total"" and ""Height_m"" that would allow us to apply the test meaningfully. Without such categorization, it is not possible to use the Mood Variance Test to compare the variances of ""Total"" and ""Height_m"".

Therefore, the method ""Mood Variance Test"" is NOT APPLICABLE due to the lack of categorized groups necessary for the comparison of variances.","","","",""
"46","Variance Test","Kolmogorov-Smirnov Test for Exponential distribution","NOT_APPLICABLE","NOT_APPLICABLE","correct","NOT APPLICABLE

The Kolmogorov-Smirnov test for exponential distribution is not suitable for the given problem due to the following reasons:

1. **Data Type**: The Kolmogorov-Smirnov test is generally used to compare a sample with a reference probability distribution or to compare two samples. In this case, we are comparing the variances of two different variables (Weight and FCVC), which involves a different statistical approach such as Levene's test or Bartlett's test rather than a distribution comparison.

2. **Normality**: Both ""Weight"" and ""FCVC"" are noted as non-normal (is_normality: False). The Kolmogorov-Smirnov test can be used to test if a sample comes from an exponential distribution, but it does not directly address variance equality between two variables.

3. **Sample Size**: While the sample size (2111 rows) is large enough for many statistical tests, the Kolmogorov-Smirnov test for exponential distribution is not designed to compare variances directly.

**Applicability Conditions of the Kolmogorov-Smirnov Test for Exponential Distribution**:
- **Condition 1: Data should follow an exponential distribution** - The data provided does not indicate that either ""Weight"" or ""FCVC"" follows an exponential distribution. Therefore, this condition **DOES NOT MEET**.
- **Condition 2: Sample size should be adequate** - Although the sample size is adequate, the test is not intended for comparing variances between two different variables. Thus, this condition is irrelevant here.
- **Condition 3: Data should be continuous** - Both ""Weight"" and ""FCVC"" are quantitative, so they meet this condition. However, since the primary goal is to compare variances, this condition is not relevant to the problem at hand.

Given these points, the Kolmogorov-Smirnov test for exponential distribution is NOT APPLICABLE to determine if there is no significant difference in the variances of ""Weight"" and ""FCVC"".","","","",""
"24","Distribution Compliance Test","Kurtosis","NOT_APPLICABLE","APPLICABLE","wrong","APPLICABLE

The method ""Kurtosis"" can be applied to measure the tailedness of the probability distribution of a real-valued random variable. Here are the specific data features supporting this applicability:

- **Data Type**: Both ""Income"" and ""Teenhome"" are quantitative data types, which are suitable for kurtosis analysis.
- **Sample Size**: With 2240 rows, the sample size is sufficiently large to apply kurtosis calculations.
- **Normality**: The columns ""Income"" and ""Teenhome"" are noted as not being normally distributed, which does not preclude the use of kurtosis since it is used to describe the shape of distributions regardless of their normality.

For each known applicability condition of the kurtosis method:
1. **Quantitative Data**: MEETS - Both ""Income"" and ""Teenhome"" are quantitative.
2. **Sample Size Adequacy**: MEETS - A sample size of 2240 is adequate for calculating kurtosis.
3. **Distribution Type**: DOES NOT MEET - Kurtosis can still be calculated even if the data is not normally distributed, so this condition is not strictly necessary to meet for the applicability of kurtosis.","","","",""
"36","Variance Test","Kolmogorov-Smirnov Test for Gamma distribution","NOT_APPLICABLE","NOT_APPLICABLE","correct","NOT APPLICABLE

The Kolmogorov-Smirnov Test for Gamma distribution is not suitable for comparing the levels of variability between GRE scores and the strength of the applicant's Statement of Purpose (SOP). Here are the reasons based on specific data features:

1. **Data Type**: The GRE Score is quantitative, while SOP is also described as quantitative but it is unclear if it represents a continuous variable that can be meaningfully compared with GRE scores using a Gamma distribution test. Typically, SOP might be a rating or score on a scale which may not follow a Gamma distribution.

2. **Normality**: Both GRE Score and SOP are non-normal (is_normality: False), indicating they do not follow a normal distribution. However, the Kolmogorov-Smirnov test for Gamma distribution specifically tests against a Gamma distribution, not just any non-normal distribution.

3. **Sample Size**: With 400 rows, the sample size is adequate for many statistical tests, but the appropriateness of the Kolmogorov-Smirnov test here depends more on the nature of the data rather than the sample size alone.

**Applicability Conditions of the Method**:
- **Condition 1: Data should follow a Gamma distribution** - The data does not meet this condition as neither GRE Score nor SOP is specified to follow a Gamma distribution.
- **Condition 2: Data should be quantitative** - This condition is met for both GRE Score and SOP.
- **Condition 3: Sample size should be sufficiently large** - This condition is met with 400 observations.

Given these points, the method is NOT APPLICABLE because the primary requirement for the data to follow a Gamma distribution is not satisfied.","","","",""
"31","Variance Test","Levene Test","APPLICABLE","NOT_APPLICABLE","wrong","NOT APPLICABLE

The Levene Test is used to assess the equality of variances across different groups for a continuous/quantitative variable. In this dataset, we need to compare the variances of TOEFL Scores and Letters of Recommendation (LOR). However, the data type of LOR is quantitative but it is not clear if it represents a score on a scale that can be directly compared with TOEFL scores, which are standardized test results. Additionally, both variables do not meet the assumption of normality according to the provided information.

Here are the conditions for applying the Levene Test and how they are met or not met by the data:

1. **Data Type**: Both TOEFL Score and LOR are quantitative. This condition is MEETed.
2. **Normality Assumption**: The Levene Test does not assume normality, but it is typically applied to normally distributed data. Since neither variable is normally distributed (is_normality: False), this condition is technically not required for the Levene Test, but it suggests caution in interpretation. This condition is NOT DIRECTLY RELEVANT but indicates potential issues.
3. **Sample Size**: With 400 rows of data, the sample size is adequate for the Levene Test. This condition is MEETed.
4. **Comparability of Variables**: The core issue here is the comparability of the two variables. TOEFL Score is a standardized test result, while LOR is a quantitative measure that may not have the same scale or meaning. This condition is NOT MEETed due to the lack of clarity on what LOR measures and how it compares to TOEFL scores.

Given these considerations, especially the lack of comparability between the two variables, the Levene Test is NOT APPLICABLE in this context.","","","",""
"48","Distribution Compliance Test","Partial Correlation Coefficient","NOT_APPLICABLE","NOT_APPLICABLE","correct","NOT APPLICABLE

The method ""Partial Correlation Coefficient"" requires certain conditions to be met for its application:

1. **Quantitative Data**: The variables involved must be quantitative. In this dataset, the variable of interest is ""Age"", which is quantitative. This condition is MEETS.

2. **Normality Assumption**: Partial correlation coefficients typically assume that the variables are normally distributed. According to the provided column information, the ""Age"" column does not meet the normality assumption (is_normality: False). This condition DOES NOT MEET.

3. **Sample Size**: While there isn't a strict rule on the minimum sample size required for partial correlation, it generally works better with larger samples. With 10,002 rows, the sample size is sufficiently large. However, since the normality condition is not met, this aspect is less critical here. This condition is MEETS but is secondary to the normality issue.

Given that the primary requirement of normality is not satisfied, the method ""Partial Correlation Coefficient"" is NOT APPLICABLE to the ""Age"" variable in this dataset.","","","",""
"6","Distribution Compliance Test","Lilliefors Test","APPLICABLE","NOT_APPLICABLE","wrong","NOT APPLICABLE

The Lilliefors test is used to determine if a sample comes from a normally distributed population when the mean and variance of the population are unknown. Given the specific data features:

- The column `happyScore` is quantitative and has a sample size of 111 rows.
- The `is_normality` flag for `happyScore` is False, indicating it does not follow a normal distribution.

However, the Lilliefors test is specifically designed for testing normality against an unspecified normal distribution. The conditions for applying the Lilliefors test include:

1. **Data Type**: The data must be quantitative. This condition is MEETS since `happyScore` is quantitative.
2. **Sample Size**: The Lilliefors test can be applied to samples of various sizes, but typically works well with moderate sample sizes. This condition is MEETS since the sample size of 111 is considered moderate.
3. **Unknown Parameters**: The test assumes that the parameters of the normal distribution (mean and standard deviation) are unknown and estimated from the data. This condition is MEETS since the mean and standard deviation would be estimated from the sample data.

Despite these conditions being met, the question asks about the applicability of the Lilliefors test to the problem of analyzing the implications of non-normal distribution for the variable representing adjusted self-reported happiness scores. Since the Lilliefors test is primarily a hypothesis test for normality rather than directly addressing implications of non-normal distributions, its direct application to understanding the implications of non-normality is NOT APPLICABLE. Instead, methods such as transformations, robust statistical techniques, or non-parametric tests might be more appropriate for dealing with non-normal data.","","","",""
"23","Variance Test","Mode","NOT_APPLICABLE","NOT_APPLICABLE","correct","NOT APPLICABLE

The mode is a measure of central tendency typically used for categorical data or discrete numerical data. In this dataset, both the Research Quality Score and the Teaching Score are quantitative and non-normal, which suggests they are continuous variables rather than categorical or discrete numerical values. Therefore, the mode is not an appropriate measure for these types of data.

Specific data features:
- Data type: Quantitative (continuous)
- Normality: Non-normal
- Sample size: 910 rows

Applicability conditions for the mode:
- The data should be categorical or discrete numerical: DOES NOT MEET
- The data should have a meaningful frequency distribution: NOT RELEVANT FOR CONTINUOUS DATA

Given these conditions, the mode is NOT APPLICABLE for comparing fluctuations in the Research Quality Score and the Teaching Score.","","","",""
"32","Variance Test","Bartlett Test","APPLICABLE","NOT_APPLICABLE","wrong","NOT APPLICABLE

The Bartlett test is used to check if variances across multiple groups are equal, which is an assumption for ANOVA. However, there are several issues with applying it to the given dataset:

1. **Data Type**: The Bartlett test requires quantitative data. While the columns for Nigeria and Myanmar contain quantitative data, the presence of other countries' data complicates the analysis unless specifically focused on comparing only these two countries.

2. **Normality**: The Bartlett test assumes that the data from each group is normally distributed. Both Nigeria and Myanmar's data meet this criterion (is_normality: True). However, the inclusion of other countries' data without specifying their normality status makes it inappropriate to apply the test broadly.

3. **Sample Size**: Each country has only 4 rows of data. Small sample sizes can make the Bartlett test overly sensitive to deviations from normality and less reliable. A minimum of around 5-10 observations per group is generally recommended for the Bartlett test.

**Applicability Conditions**:
- **Quantitative Data**: MEETS (for Nigeria and Myanmar).
- **Normal Distribution**: MEETS (for Nigeria and Myanmar).
- **Equal Sample Sizes**: DOES NOT MEET (all have 4 rows but including unnecessary countries).
- **Sufficient Sample Size**: DOES NOT MEET (only 4 observations each).

Given these conditions, the Bartlett test is not suitable for the provided dataset when considering all countries listed. It would be more appropriate to focus solely on Nigeria and Myanmar and ensure that only relevant data is included.","","","",""
"38","Distribution Compliance Test","Bartlett Test","NOT_APPLICABLE","NOT_APPLICABLE","correct","NOT APPLICABLE

The Bartlett test is used to check if multiple samples have equal variances. The key conditions for applying the Bartlett test include:

1. **Data Type**: The data should be continuous and measured on an interval or ratio scale. In this dataset, the relevant columns for variance comparison would be quantitative variables such as ""Calories Burn"", ""Dream Weight"", ""Actual Weight"", ""Age"", ""Duration"", ""Heart Rate"", and ""BMI"". These meet the requirement of being quantitative.

2. **Normality Assumption**: The Bartlett test assumes that the data from each group is normally distributed. However, all quantitative columns in the dataset are noted as not being normally distributed (""is_normality: False""). This violates the assumption of normality required by the Bartlett test.

Given these points, while the data types are appropriate, the critical issue is the violation of the normality assumption. Therefore, the Bartlett test is NOT APPLICABLE due to the non-normal distribution of the data.","","","",""
"37","Distribution Compliance Test","Kolmogorov-Smirnov Test","NOT_APPLICABLE","APPLICABLE","wrong","APPLICABLE

The Kolmogorov-Smirnov (KS) test can be used to determine if a sample comes from a population with a specific distribution. Given the data features:

- Data Type: Quantitative
- Normality: False
- Sample Size: 72 rows

The KS test is applicable for testing the hypothesis that the distribution of the number of homeless individuals served at The Source does not follow a normal distribution. Here are the conditions for the KS test and how they are met by the data:

1. **Sample Size**: The KS test generally requires a minimum sample size, typically larger than 50 for reliable results. With 72 observations, the sample size requirement is met.
   
2. **Data Type**: The KS test is designed for continuous data. While the number of homeless individuals served is discrete, it can often be treated as continuous when the range of values is large enough, which is the case here.

3. **Normality Check**: The KS test can be used to check against any continuous distribution, including the normal distribution. Since the data is specified as non-normal (""is_normality: False""), the KS test is appropriate to confirm this deviation from normality.

Therefore, the data MEETS the necessary conditions for applying the Kolmogorov-Smirnov Test.","","","",""
"44","Contingency Table Test","Lilliefors Test","NOT_APPLICABLE","NOT_APPLICABLE","correct","NOT APPLICABLE

The Lilliefors test is used to determine if a sample comes from a normally distributed population when the mean and variance of the population are unknown. Given the specific data features:

- The data type for both the independent variable (ChestPainType) and dependent variable (HeartDisease) is categorical.
- The Lilliefors test is not designed for categorical data but rather for continuous data where normality can be assessed.
- The primary interest here is to find an association between two categorical variables, which would typically be analyzed using methods like Chi-Square tests for independence, not a normality test.

Therefore, the conditions for applying the Lilliefors test are:
- Data must be quantitative: **DOES NOT MEET**
- Interest should be in assessing normality of distribution: **DOES NOT MEET**

Since the data types are categorical and the goal is to assess an association rather than normality, the Lilliefors test is not applicable.","","","",""
"27","Distribution Compliance Test","Kolmogorov-Smirnov Test","NOT_APPLICABLE","APPLICABLE","wrong","APPLICABLE

The Kolmogorov-Smirnov (KS) test is used to determine if a sample comes from a population with a specified distribution. Here are the specific data features and conditions that support the applicability of the KS test:

1. **Data Type**: The ""TV Ad Budget ($)"" column is quantitative, which is appropriate for the KS test since it can be applied to continuous data.
2. **Sample Size**: There are 200 rows of data, which is generally considered a sufficient sample size for the KS test.
3. **Normality Information**: While the problem states that the data does not follow a normal distribution (""is_normality: False""), the KS test can be used to compare the sample distribution against any theoretical distribution, not just the normal distribution.

**Applicability Conditions of the KS Test**:
- **Continuous Data**: The KS test requires the data to be continuous. The ""TV Ad Budget ($)"" is quantitative, so this condition is MEETS.
- **Sample Size**: The KS test typically works well with samples of at least 50 observations. With 200 observations, this condition is MEETS.
- **Distribution Assumption**: The KS test can be used to test against any cumulative distribution function, not just the normal distribution. This condition is MEETS because the KS test does not require the data to be normally distributed to be applied.

Therefore, the Kolmogorov-Smirnov Test is APPLICABLE to this problem.","","","",""
"47","Correlation Analysis","Kendall Correlation Coefficient","APPLICABLE","APPLICABLE","correct","APPLICABLE

The Kendall Correlation Coefficient is applicable to this problem based on the following data features:

- The data type for both ""Number of trees sold"" and ""Average Tree Price"" is quantitative, which is suitable for correlation analysis.
- The sample size of 14 rows is relatively small but still within the range where non-parametric methods like Kendall's can be used, especially when assessing monotonic relationships.
- Normality is not required for the Kendall Correlation Coefficient, so the fact that these variables are normally distributed (for ""Number of trees sold"" and ""Average Tree Price"") is not necessary but does not hinder its application.

Specifically addressing the conditions for the Kendall Correlation Coefficient:
1. Both variables must be at least ordinal. Since ""Number of trees sold"" and ""Average Tree Price"" are quantitative, they meet this requirement.
2. The sample size should be adequate for detecting correlations. With 14 observations, it is feasible but may limit the power of the test.
3. The relationship does not need to be linear, only monotonic, which aligns well with the nature of the Kendall Correlation Coefficient.

Therefore, the data MEETS the requirements for applying the Kendall Correlation Coefficient.","","","",""
"14","Distribution Compliance Test","Median","NOT_APPLICABLE","APPLICABLE","wrong","APPLICABLE

The method ""Median"" is applicable to this problem based on the following evidence from the data features:

- The data type for the ""math score"", ""reading score"", and ""writing score"" columns is quantitative, which means they contain numerical values suitable for calculating the median.
- The sample size for each of these columns is 1000 rows, which is sufficiently large to consider the median as a reliable measure of central tendency.
- While the normality of the ""math score"" column is indicated as True, the median is a robust measure of central tendency that can be used regardless of the distribution's shape. Therefore, the normality status does not affect the applicability of using the median.

For each known applicability condition of the median method:
- The data must be quantitative: MEETS.
- The sample size should be adequate: MEETS.
- The median is appropriate even if the data is not normally distributed: MEETS.","","","",""
"47","Correlation Analysis","Chi-square Independence Test","NOT_APPLICABLE","NOT_APPLICABLE","correct","NOT APPLICABLE

The Chi-square Independence Test is used to determine if there is a significant association between two categorical variables. In this dataset, the relevant columns for assessing the relationship between the number of Christmas trees purchased and the average selling price of each tree are:

- Number of trees sold: quantitative, normally distributed
- Average Tree Price: quantitative, normally distributed

Since both of these variables are quantitative, not categorical, the Chi-square Independence Test is not suitable for this analysis. The conditions required for applying the Chi-square Independence Test include having two categorical variables, which is not the case here. Therefore, the method is NOT APPLICABLE.","","","",""
"45","Variance Test","Skewness","NOT_APPLICABLE","APPLICABLE","wrong","APPLICABLE

The method ""Skewness"" is applicable to this problem based on the following specific data features:

- The ""age"" variable is quantitative and has 649 rows.
- The ""health"" variable is also quantitative and has 649 rows.
- Both variables are not normally distributed according to the provided information.

For skewness analysis, the conditions are as follows:

1. **Data Type**: Skewness can be calculated for quantitative data. Both ""age"" and ""health"" are quantitative, so this condition is MEETS.
   
2. **Sample Size**: While there isn't an absolute minimum sample size required for calculating skewness, having at least 30 observations is generally considered sufficient for meaningful skewness calculations. With 649 observations, both ""age"" and ""health"" have more than enough data points, so this condition is MEETS.

3. **Normality**: Skewness measures the asymmetry of the distribution relative to a normal distribution. Since both ""age"" and ""health"" are not normally distributed, skewness can provide useful information about their distributions, so this condition is MEETS.

Given these considerations, the method ""Skewness"" is APPLICABLE to assess the difference in variance between the ""age"" and ""health"" variables by understanding their respective distributional shapes.","","","",""
"2","Distribution Compliance Test","Lilliefors Test","APPLICABLE","APPLICABLE","correct","APPLICABLE

The Lilliefors Test is applicable for assessing whether a sample comes from a normally distributed population when the mean and variance of the population are unknown. Here's how the specific data features support its applicability:

1. **Data Type**: The ""math score"" column is quantitative, which is necessary for the Lilliefors Test since it deals with continuous numerical data.
2. **Normality**: The ""is_normality"" flag for the ""math score"" column is True, indicating that the variable might be normally distributed, which aligns with the purpose of the Lilliefors Test.
3. **Sample Size**: With 1000 rows, the sample size is sufficiently large to apply the Lilliefors Test, as it performs well with larger samples.

For each known applicability condition of the Lilliefors Test:
- **Continuous Data**: MEETS (the ""math score"" is quantitative).
- **Unknown Mean and Variance**: MEETS (the Lilliefors Test is designed for cases where these parameters are not known beforehand).
- **Sample Size Adequacy**: MEETS (a sample size of 1000 is generally considered adequate for this test).","","","",""
"23","Variance Test","Shapiro-Wilk Test of Normality","NOT_APPLICABLE","APPLICABLE","wrong","APPLICABLE

The Shapiro-Wilk Test of Normality can be applied to the ""Research Quality Score"" and ""Teaching Score"" columns because they are both quantitative and have a sufficient number of rows (910). Here's the breakdown based on the conditions for applying the Shapiro-Wilk test:

1. Data Type: The Shapiro-Wilk test requires quantitative data. Both ""Research Quality Score"" and ""Teaching Score"" are quantitative, so this condition is MEET.
2. Sample Size: The Shapiro-Wilk test is generally recommended for sample sizes between 3 and 5000. With 910 rows, the sample size requirement is MEET.
3. Normality Check: Although the normality status for these variables is listed as False, indicating non-normality, the Shapiro-Wilk test is used to formally test for normality, so this does not preclude its use. This condition is MEET since the test can still be conducted regardless of initial assumptions about normality.

Given these points, the Shapiro-Wilk Test of Normality is APPLICABLE to the given dataset for comparing the fluctuations in the Research Quality Score and Teaching Score.","","","",""
"20","Correlation Analysis","Kolmogorov-Smirnov Test for Exponential distribution","NOT_APPLICABLE","NOT_APPLICABLE","correct","NOT APPLICABLE

The Kolmogorov-Smirnov test for exponential distribution is not suitable for the given data set for the following reasons:

1. **Data Type**: The method requires quantitative data, which is present in the dataset. However, the specific application of the Kolmogorov-Smirnov test to check for an exponential distribution is not appropriate here because we are interested in the correlation between two variables, not testing if a single variable follows an exponential distribution.

2. **Normality**: The test is not concerned with normality but rather with fitting a specific distribution (exponential). However, the data types of ""Total Library Visitors"" and ""# of Homeless Individuals Served at The Source"" are quantitative, but their normality status does not directly impact the applicability of the Kolmogorov-Smirnov test for exponential distribution in this context.

3. **Sample Size**: While the sample size (72 rows) might be adequate for some tests, it is not relevant for determining the applicability of the Kolmogorov-Smirnov test for exponential distribution when the goal is to assess the correlation between two variables.

**Applicability Conditions**:
- **Single Variable Distribution Check**: The Kolmogorov-Smirnov test for exponential distribution checks if a single variable fits an exponential distribution. This condition is not met since we need to assess the relationship between two variables.
- **Quantitative Data**: The data must be quantitative, which is true for both ""Total Library Visitors"" and ""# of Homeless Individuals Served at The Source"". However, this alone does not make the test applicable for correlation analysis.
- **Exponential Distribution Hypothesis**: There is no indication that either variable is hypothesized to follow an exponential distribution, making this test irrelevant for the stated purpose.

Therefore, the Kolmogorov-Smirnov test for exponential distribution is NOT APPLICABLE to determine the strength of the correlation between the total number of library visitors and the number of homeless individuals served at The Source.","","","",""
"43","Variance Test","Kurtosis","NOT_APPLICABLE","APPLICABLE","wrong","APPLICABLE

The method ""Kurtosis"" is applicable to this problem based on the following specific data features:

- **Data Type**: Both CreditScore and EstimatedSalary are quantitative variables.
- **Sample Size**: There are 10002 rows of data available for both columns, which is a sufficiently large sample size to calculate kurtosis accurately.
- **Normality**: The normality status (False) indicates that these variables may not be normally distributed, but this does not preclude the calculation of kurtosis.

For each known applicability condition of the kurtosis method:

1. **Quantitative Data Requirement**: Both CreditScore and EstimatedSalary are quantitative, so this condition is MEETS.
2. **Sample Size Adequacy**: With 10002 observations, the sample size is adequate for calculating kurtosis, so this condition is MEETS.
3. **Distribution Type**: Kurtosis can be calculated regardless of whether the distribution is normal or not, so this condition is MEETS.","","","",""
"12","Distribution Compliance Test","Partial Correlation Coefficient","NOT_APPLICABLE","NOT_APPLICABLE","correct","NOT APPLICABLE

The method ""Partial Correlation Coefficient"" is not directly applicable to the problem of determining if the distribution of the amount spent on fish in the last two years (MntFishProducts) deviates from normality. Here's why:

1. **Data Type**: The variable MntFishProducts is quantitative, which is necessary for calculating partial correlation coefficients. However, partial correlation coefficients are used to assess the relationship between two variables while controlling for one or more additional variables. The question at hand is about testing the normality of a single variable, not assessing relationships between multiple variables.

2. **Normality Requirement**: Partial correlation coefficients do not require the variables to be normally distributed, but they assume that the residuals after partialling out the effect of control variables are normally distributed. Since the question does not involve comparing or relating MntFishProducts with other variables, this requirement is irrelevant here.

3. **Sample Size**: While a large sample size (like 2240 rows) can be beneficial for estimating partial correlations accurately, it is not the primary issue when the method itself is not suitable for the task at hand.

**Applicability Conditions of Partial Correlation Coefficient**:
- **Quantitative Variables**: MEETS (MntFishProducts is quantitative).
- **Relationship Between Variables**: DOES NOT MEET (the question does not involve assessing relationships between variables but rather checking the distribution of a single variable).
- **Control Variables**: DOES NOT MEET (no need to control for other variables in the context of checking normality).

Given these points, the method of partial correlation coefficient is NOT APPLICABLE to determine if the distribution of MntFishProducts deviates from normality.","","","",""
"7","Variance Test","Skewness","NOT_APPLICABLE","APPLICABLE","wrong","APPLICABLE

The method ""Skewness"" is applicable to this problem based on the following specific data features:

- The data includes quantitative variables such as 'studytime' and 'health', which are necessary for calculating skewness.
- Skewness can be calculated for any distribution regardless of its normality status, which aligns with the fact that the data does not meet normality conditions according to the provided information.

For each known applicability condition of this method:
1. The variable must be quantitative: MEETS (both 'studytime' and 'health' are quantitative).
2. The data does not need to be normally distributed: MEETS (the data is specified as not normal).","","","",""
"4","Distribution Compliance Test","Mode","NOT_APPLICABLE","NOT_APPLICABLE","correct","NOT APPLICABLE

The mode is generally used to identify the most frequently occurring value in a dataset. However, based on the provided data features, the mode is not the most appropriate measure for assessing whether the distribution of retail prices in Los Angeles is sufficiently close to a normal distribution for practical purposes. Here's why:

1. **Data Type**: The column `losangelesretail` is quantitative, which means it deals with numerical values. While the mode can be calculated for quantitative data, it is typically more useful for categorical or discrete data where frequency counts are meaningful.

2. **Normality**: The `is_normality` flag for all quantitative columns is False, indicating that these distributions are not normal. The mode does not provide information about the shape of the distribution relative to a normal distribution.

3. **Sample Size**: With 15,766 rows, the sample size is large enough to use other measures like mean and standard deviation to assess normality, but the mode alone does not capture the central tendency or spread of the data effectively.

**Applicability Conditions of Mode**:
- **Identifies the most frequent value**: MEETS (the mode can be calculated).
- **Provides insight into the shape of the distribution relative to normality**: DOES NOT MEET (the mode does not indicate how closely the distribution resembles a normal distribution).

Given these points, the mode is not an appropriate method to determine if the distribution of retail prices in Los Angeles is sufficiently close to a normal distribution for practical purposes.","","","",""
"38","Distribution Compliance Test","Kurtosis","NOT_APPLICABLE","APPLICABLE","wrong","APPLICABLE

The method ""Kurtosis"" is applicable to the problem based on the provided data features. Here's the reasoning:

1. **Data Type**: The column ""Age"" is quantitative, which means it consists of numerical values. Kurtosis is a measure used for quantitative data to describe the shape of a probability distribution, specifically focusing on the tails and peak of the distribution.

2. **Normality**: The column ""Age"" is specified as not being normally distributed (""is_normality: False""). Kurtosis can be calculated regardless of whether the data is normally distributed or not. It provides information about the shape of the distribution relative to a normal distribution.

3. **Sample Size**: With 3864 rows of data, the sample size is sufficiently large to calculate kurtosis reliably. Generally, a larger sample size helps in obtaining more accurate estimates of distribution characteristics like kurtosis.

**Applicability Conditions of Kurtosis**:
- **Quantitative Data**: The data must be quantitative. The ""Age"" column meets this condition.
- **Distribution Shape Analysis**: Kurtosis measures the shape of the distribution, particularly the tails and peak. This condition is met since we are interested in understanding the distribution of ages.
- **Sample Size**: A sufficient sample size is needed for reliable estimation. With 3864 observations, this condition is also met.

In summary, all conditions necessary for applying the kurtosis measure are met by the ""Age"" column in the dataset.","","","",""
"47","Correlation Analysis","F-Test for Variance","NOT_APPLICABLE","NOT_APPLICABLE","correct","NOT APPLICABLE

The F-Test for Variance is not applicable to this problem based on the provided data features. Here's why:

1. **Data Types**: The F-Test for Variance requires two sets of quantitative data to compare their variances. In this case, we have two quantitative variables: ""Number of trees sold"" and ""Average Tree Price"". However, the F-test is typically used to compare the variances of these variables across different groups or conditions, which is not clearly defined here.

2. **Normality**: Both ""Number of trees sold"" and ""Average Tree Price"" are stated to be normally distributed (is_normality: True). While normality is a requirement for the F-Test, it does not alone justify its application without clear groups or conditions to compare.

3. **Sample Size**: With 14 rows of data, the sample size is relatively small but meets the minimum requirement for an F-Test. However, the applicability of the test still hinges on having distinct groups to compare.

**Applicability Conditions of F-Test for Variance**:
- **Quantitative Data**: MEETS - Both ""Number of trees sold"" and ""Average Tree Price"" are quantitative.
- **Normal Distribution**: MEETS - Both variables are stated to be normally distributed.
- **Independent Observations**: NOT CLEARLY DEFINED - There is no indication if the observations are independent.
- **Equal Variances Assumption**: NOT RELEVANT - Without specific groups to compare, this assumption cannot be assessed.
- **Two Groups or Conditions**: DOES NOT MEET - No clear indication of two distinct groups or conditions to compare the variances between.

Given these points, the F-Test for Variance is NOT APPLICABLE because there is no clear definition of the groups or conditions necessary to apply the test meaningfully.","","","",""
"38","Distribution Compliance Test","Kolmogorov-Smirnov Test","NOT_APPLICABLE","APPLICABLE","wrong","APPLICABLE

The Kolmogorov-Smirnov (KS) test can be used to assess if a sample comes from a particular distribution or to compare two samples. Here's how the specific data features support its applicability:

- **Data Type**: The KS test is applicable for quantitative data. The 'Age' column is quantitative and has 3864 rows, which is sufficient for the KS test.
- **Normality**: The 'Age' column is specified as not being normally distributed, which aligns with the purpose of using the KS test to check for deviations from normality.
- **Sample Size**: With 3864 observations, the sample size is large enough to apply the KS test effectively.

For the known applicability conditions of the KS test:
1. **Quantitative Data**: The 'Age' column is quantitative. This condition is MEETS.
2. **Sample Size**: The sample size of 3864 is generally considered adequate for the KS test. This condition is MEETS.
3. **Distribution Assumption**: The KS test does not assume normality but can be used to test against a normal distribution. Since the 'Age' column is not normal, this condition is MEETS as well, since we are testing against normality specifically.

Therefore, the Kolmogorov-Smirnov Test is APPLICABLE to this problem.","","","",""
"39","Distribution Compliance Test","Levene Test","NOT_APPLICABLE","NOT_APPLICABLE","correct","NOT APPLICABLE

The Levene test is used to assess the equality of variances across different groups, typically for comparing two or more samples. However, the question pertains to determining if a single variable (""Attack method: Facility/Infrastructure Attack"") follows a normal distribution. The Levene test is not designed for this purpose; instead, tests such as the Shapiro-Wilk test would be more appropriate for assessing normality.

Specific data features and conditions for the Levene test include:

1. Data Type: The Levene test requires quantitative data, which is met here since ""Attack method: Facility/Infrastructure Attack"" is quantitative.
2. Normality: The Levene test does not require the data to be normally distributed itself but rather assumes that the groups being compared have similar distributions. Since we are not comparing groups but assessing a single variable's distribution, this condition is irrelevant.
3. Sample Size: The Levene test can handle various sample sizes, but again, it is meant for comparing groups, not assessing a single variable's distribution.

Given these points, the Levene test is NOT APPLICABLE to determine if a single variable follows a normal distribution.","","","",""
"14","Distribution Compliance Test","Levene Test","NOT_APPLICABLE","APPLICABLE","wrong","APPLICABLE

The Levene Test can be used to assess the equality of variances for a variable across different groups. In this dataset, we have a quantitative variable (""math score"") which is noted to be normally distributed and has a sufficient sample size (1000 rows). Additionally, there are several categorical variables (gender, race/ethnicity, parental level of education, lunch, test preparation course) that could define the groups being compared.

Specific conditions for the Levene Test applicability and how they are met by the data:

1. **Data Type**: The Levene Test requires at least one quantitative dependent variable and one or more categorical independent variables. Here, ""math score"" is quantitative, and the other columns are categorical, thus MEETING this requirement.

2. **Sample Size**: A sample size of 1000 is generally considered large enough for the Levene Test to be reliable. This MEETS the condition for having a sufficiently large sample size.

3. **Normality Requirement**: While the Levene Test does not require the dependent variable to be normally distributed itself, it assumes that the errors (differences from the group means) are approximately normally distributed. Since ""math score"" is noted to be normally distributed, this MEETS the condition for the residuals to be approximately normally distributed.

Given these points, the Levene Test is APPLICABLE to this problem.","","","",""
"43","Variance Test","Kolmogorov-Smirnov Test for Exponential distribution","NOT_APPLICABLE","NOT_APPLICABLE","correct","NOT APPLICABLE

The Kolmogorov-Smirnov test for exponential distribution is not suitable for comparing variances between two variables directly. Instead, it is used to test if a sample comes from an exponentially distributed population. Here are the reasons why it is not applicable:

1. **Data Type**: Both CreditScore and EstimatedSalary are quantitative variables, but the Kolmogorov-Smirnov test for exponential distribution is used to test if a single variable follows an exponential distribution, not to compare variances between two variables.

2. **Normality**: The normality status of the variables (is_normality: False) does not affect the applicability of the Kolmogorov-Smirnov test for exponential distribution since this test specifically checks for an exponential distribution, not normality.

3. **Sample Size**: While the sample size (10002 rows) is large enough for many statistical tests, the Kolmogorov-Smirnov test for exponential distribution is not designed to compare variances between two different variables.

**Applicability Conditions**:
- **Single Variable Distribution Check**: The Kolmogorov-Smirnov test for exponential distribution is meant to check if a single variable follows an exponential distribution. This condition is NOT MET because we are dealing with two different variables (CreditScore and EstimatedSalary).
- **Comparing Variances**: The question asks about comparing the variance patterns of two variables, which is NOT MET by the Kolmogorov-Smirnov test for exponential distribution.

Therefore, the method ""Kolmogorov-Smirnov Test for Exponential distribution"" is NOT APPLICABLE to this problem.","","","",""
"37","Distribution Compliance Test","Kurtosis","NOT_APPLICABLE","APPLICABLE","wrong","APPLICABLE

The method ""Kurtosis"" can be applied to measure the tailedness of the distribution of the data for the number of homeless individuals served at The Source. Here are the specific data features supporting this:

- Data Type: The data is quantitative.
- Normality: The data is not normally distributed.
- Sample Size: There are 72 rows of data, which is generally sufficient for calculating kurtosis.

For the conditions required for applying Kurtosis:
1. **Quantitative Data**: The data must be quantitative. The data type is quantitative, so this condition is MEETS.
2. **Sample Size**: While there is no strict minimum sample size requirement for calculating kurtosis, a common rule of thumb is that the sample should be large enough to provide reliable estimates. With 72 observations, this condition is MEETS.
3. **Distribution Shape**: Kurtosis can be calculated regardless of whether the data follows a normal distribution or not. Since the data is not normally distributed, this condition is MEETS.

Therefore, the method ""Kurtosis"" is applicable to this dataset.","","","",""
"13","Contingency Table Test","Kolmogorov-Smirnov Test for Uniform distribution","NOT_APPLICABLE","NOT_APPLICABLE","correct","NOT APPLICABLE

The Kolmogorov-Smirnov Test for Uniform Distribution is not suitable for the provided dataset due to the following reasons:

1. **Data Type**: The variables of interest, WHEEZING and COUGHING, are both categorical. The Kolmogorov-Smirnov test is typically used for continuous data to compare distributions against a reference distribution or to compare two empirical distributions. It is not designed for categorical data.

2. **Normality**: The question does not pertain to normality but rather to the uniform distribution, which is irrelevant here since the data types are categorical.

3. **Sample Size**: While the sample size (309 rows) might be adequate for some tests, it does not influence the applicability of the Kolmogorov-Smirnov test for categorical data.

**Applicability Conditions**:
- **Continuous Data Requirement**: The data must be continuous. Here, the data is categorical. Therefore, this condition is **NOT MET**.
- **Uniform Distribution Hypothesis**: This test checks if a sample comes from a uniform distribution. Since the data is categorical, testing for a uniform distribution is not meaningful. Thus, this condition is **NOT MET**.

Given these points, the Kolmogorov-Smirnov Test for Uniform Distribution is NOT APPLICABLE to this problem.","","","",""
"48","Distribution Compliance Test","Spearman Correlation Coefficient","NOT_APPLICABLE","APPLICABLE","wrong","APPLICABLE

The Spearman Correlation Coefficient is applicable to the given dataset for the following reasons:

1. **Data Type**: The variable ""Age"" is quantitative, which means it can be ranked. The Spearman correlation coefficient requires at least ordinal data, and since quantitative data can always be ranked, this condition is MEET.

2. **Normality**: The column ""Age"" does not have normality according to the provided metadata (""is_normality: False""). However, the Spearman correlation coefficient does not require the data to be normally distributed. This condition is MEET because the method is non-parametric and thus does not depend on the assumption of normality.

3. **Sample Size**: With 10,002 rows of data, the sample size is sufficiently large to apply the Spearman correlation coefficient. This condition is MEET as the method can be applied to datasets of various sizes, including large ones.

Given these points, the conditions necessary for applying the Spearman Correlation Coefficient are all MEET, making the method APPLICABLE to the problem involving the ""Age"" variable.","","","",""
"44","Contingency Table Test","Fisher Exact Test","NOT_APPLICABLE","NOT_APPLICABLE","correct","NOT APPLICABLE

The Fisher Exact Test is typically used for analyzing contingency tables, especially when sample sizes are small. The specific conditions for applying the Fisher Exact Test include:

1. **Categorical Data**: Both variables must be categorical. In this case, both ""ChestPainType"" and ""HeartDisease"" are categorical, so this condition is MET.
   
2. **Contingency Table**: The test requires a contingency table format where the counts of occurrences in different categories are tabulated. This condition can be MET since we have two categorical variables.

3. **Sample Size**: The Fisher Exact Test is particularly useful when the sample size is small. However, with 918 rows of data, the sample size is relatively large. Generally, if more than 20% of the cells in the contingency table have expected counts less than 5, then the Fisher Exact Test might still be considered appropriate. But typically, for such a large dataset, other tests like the Chi-Square Test of Independence are preferred over the Fisher Exact Test due to computational feasibility and power considerations.

Given the large sample size of 918, the Fisher Exact Test is not typically recommended because it becomes computationally intensive and less powerful compared to alternatives like the Chi-Square Test. Therefore, while the data types and structure meet the basic requirements for the Fisher Exact Test, the large sample size makes it NOT APPLICABLE.","","","",""
"22","Distribution Compliance Test","Mean","NOT_APPLICABLE","APPLICABLE","wrong","APPLICABLE

The method ""Mean"" is applicable to the problem of assessing the consistency of estimated salaries with a normal distribution based on the provided data features. Here's the reasoning:

1. **Data Type**: The column ""EstimatedSalary"" has a data type of quantitative, which means it consists of numerical values. The mean can be calculated for any set of numerical values.
   
2. **Sample Size**: With 10,002 rows of data, the sample size is sufficiently large to calculate the mean and consider its properties.

3. **Normality Consideration**: While the question asks about the consistency of the estimated salaries with a normal distribution, the calculation of the mean itself does not depend on the data being normally distributed. However, understanding the distribution might be important for interpreting the mean in context.

**Applicability Conditions**:
- **Numerical Data**: The data must be numerical. The ""EstimatedSalary"" column is quantitative, so this condition is MEETS.
- **Sample Size**: A sufficient number of observations is needed to ensure the mean is reliable. With over 10,000 observations, this condition is MEETS.
- **Distribution Assumption**: The mean can be calculated regardless of the underlying distribution, though the interpretation may vary. This condition is MEETS since no assumption about the distribution is required for calculating the mean.

Therefore, the method ""Mean"" is APPLICABLE to this problem.","","","",""
"20","Correlation Analysis","Standard Deviation","NOT_APPLICABLE","NOT_APPLICABLE","correct","NOT APPLICABLE

The method ""Standard Deviation"" is not directly applicable to the problem of determining the strength of the correlation between the total number of library visitors and the number of homeless individuals served at The Source. Standard deviation measures the dispersion or variability of a single variable around its mean, whereas the question requires assessing the relationship or correlation between two variables.

Specific data features relevant to this decision include:
- Data Type: Both ""Total Library Visitors"" and ""# of Homeless Individuals Served at The Source"" are quantitative.
- Normality: ""Total Library Visitors"" is normally distributed, but ""# of Homeless Individuals Served at The Source"" is not.
- Sample Size: There are 72 rows of data, which is sufficient for many statistical analyses but does not affect the applicability of standard deviation to correlation analysis.

For the method ""Standard Deviation"":
- Condition: Requires a single quantitative variable.
  - Status: DOES NOT MEET (the analysis involves two quantitative variables).
- Condition: Not concerned with the relationship between variables.
  - Status: DOES NOT MEET (the goal is to measure the strength of correlation between two variables).

Therefore, standard deviation is not the appropriate method for this problem.","","","",""
"7","Variance Test","Median","NOT_APPLICABLE","APPLICABLE","wrong","APPLICABLE

The median is a measure of central tendency that is robust to outliers and does not require assumptions about the distribution of the data. Here are the specific data features supporting its applicability:

- **Data Type**: The variables ""studytime"" and ""health"" are both quantitative, which means they can be ordered and have numerical values, making them suitable for calculating the median.
- **Normality**: Both ""studytime"" and ""health"" are noted as non-normal (""is_normality: False""), but the median is appropriate for non-normally distributed data.
- **Sample Size**: With 649 rows of data, the sample size is sufficiently large to calculate meaningful medians.

For each known applicability condition of the median method:
1. **Applicable to Quantitative Data**: MEETS - Both ""studytime"" and ""health"" are quantitative.
2. **Robust to Outliers**: MEETS - The median is not affected by extreme values.
3. **Does Not Require Normal Distribution**: MEETS - Neither variable is normally distributed, but the median can still be calculated effectively.","","","",""
"11","Distribution Compliance Test","Chi-square Independence Test","NOT_APPLICABLE","NOT_APPLICABLE","correct","NOT APPLICABLE

The Chi-square Independence Test is used to determine if there is a significant association between two categorical variables. However, the question pertains to assessing whether the number of deaths of individuals aged 100 or above follows a normal distribution, which involves testing for normality rather than independence between categorical variables.

Specific data features relevant to this assessment include:
- The data type for ""Death Age 100+"" is quantitative.
- The sample size is large (10,517 rows).
- Normality tests have already indicated that the data is not normally distributed (""is_normality: False"").

Conditions for the Chi-square Independence Test and their applicability to the given data:
1. **Data should be categorical**: The data provided is quantitative, not categorical. Therefore, the data DOES NOT MEET this condition.
2. **Independence of observations**: This condition is not relevant here since we are not dealing with categorical variables but rather a test of distribution shape. Thus, it is IRRELEVANT.
3. **Sample size**: While the sample size is large, this condition is irrelevant because the Chi-square Independence Test requires categorical data, which is not present here. Therefore, it is IRRELEVANT.

Given these points, the Chi-square Independence Test is NOT APPLICABLE to this problem.","","","",""
"28","Distribution Compliance Test","Shapiro-Wilk Test of Normality","NOT_APPLICABLE","APPLICABLE","wrong","APPLICABLE

The Shapiro-Wilk Test of Normality is applicable to the ""math score"" column because it meets the necessary conditions for this test:

- **Data Type**: The ""math score"" column is quantitative, which is required for the Shapiro-Wilk test.
- **Sample Size**: With 1000 rows, the sample size is within the recommended range for the Shapiro-Wilk test, which can handle samples up to about 5000 observations.
- **Normality Check**: The ""math score"" column is marked as normally distributed (""is_normality: True""), but the Shapiro-Wilk test will still be valid to confirm this characteristic formally.

For the other quantitative columns (""reading score"" and ""writing score""), while they are also quantitative with sufficient sample sizes, they are not marked as normally distributed (""is_normality: False""). However, the question specifically asks about the applicability of the Shapiro-Wilk Test to the problem at hand, which involves checking the distribution of the ""math score"". Therefore, the Shapiro-Wilk Test is applicable based on the provided data features for the ""math score"".

**Conditions for Shapiro-Wilk Test:**
1. Data must be quantitative - **MEETS**.
2. Sample size should be between 3 and 5000 - **MEETS**.
3. The test is used to check for normality - **MEETS**, as we aim to verify if the distribution is indeed normal.","","","",""
"42","Distribution Compliance Test","Shapiro-Wilk Test of Normality","APPLICABLE","APPLICABLE","correct","APPLICABLE

The Shapiro-Wilk Test of Normality is applicable to the column ""# of Homeless Individuals Served at The Source"". Here are the specific data features supporting this conclusion:

- Data Type: Quantitative
- Number of Rows: 72
- Normality: False

For the Shapiro-Wilk test to be applicable, the following conditions must be met:
1. The data should be quantitative.
   - MEETS: The data is quantitative.
2. The sample size should typically be between 3 and 5000.
   - MEETS: The sample size of 72 falls within the acceptable range.
3. The Shapiro-Wilk test is generally more powerful for smaller sample sizes (up to about 2000), but it can still be used for larger samples like 72.
   - MEETS: With 72 observations, the test is appropriate.

Given these points, the Shapiro-Wilk Test of Normality is applicable to determine if the distribution of the number of homeless individuals served at The Source deviates from a normal distribution.","","","",""
"43","Variance Test","Skewness","NOT_APPLICABLE","APPLICABLE","wrong","APPLICABLE

The method ""Skewness"" is applicable to this problem based on the following specific data features:

- **Data Type**: Both CreditScore and EstimatedSalary are quantitative variables.
- **Sample Size**: There are 10002 rows of data, which is a sufficiently large sample size for calculating skewness.
- **Normality**: The normality status for both columns is False, indicating that they may not be normally distributed, making the assessment of skewness particularly relevant.

For each known applicability condition of this method:

1. **Condition**: Variables must be quantitative.
   - **Status**: MEETS (Both CreditScore and EstimatedSalary are quantitative.)
2. **Condition**: Sample size should be adequate for reliable statistics.
   - **Status**: MEETS (With 10002 observations, the sample size is more than sufficient.)
3. **Condition**: Data does not need to be normally distributed.
   - **Status**: MEETS (Both variables are indicated as not being normally distributed, so skewness can provide useful information about their distribution shape.)","","","",""
"43","Variance Test","Kolmogorov-Smirnov Test for Gamma distribution","NOT_APPLICABLE","NOT_APPLICABLE","correct","NOT APPLICABLE

The Kolmogorov-Smirnov Test for Gamma distribution is not suitable for comparing the variance patterns between two variables directly. Instead, it is used to test if a sample comes from a population with a specified distribution—in this case, the Gamma distribution. The question asks about comparing the variances of two quantitative variables, CreditScore and EstimatedSalary, which requires a different statistical approach such as Levene's test or Bartlett's test.

Specific data features relevant to the applicability of the Kolmogorov-Smirnov Test for Gamma distribution include:

- Data Type: Both CreditScore and EstimatedSalary are quantitative, but the test is designed to compare one sample against a theoretical Gamma distribution, not to compare two samples' variances.
- Normality: Neither variable is normally distributed according to the provided information, but the lack of normality does not affect the suitability of the Kolmogorov-Smirnov test for its intended purpose (testing against a Gamma distribution), though it does highlight the need for a non-parametric or alternative parametric test for variance comparison.
- Sample Size: With 10,002 rows, the sample size is sufficiently large for many statistical tests, but again, this feature is more pertinent to variance comparison tests than to the Kolmogorov-Smirnov test for Gamma distribution.

Conditions for the Kolmogorov-Smirnov Test for Gamma distribution and their relevance to the data:
1. **Data should be continuous**: MEETS - Both CreditScore and EstimatedSalary are quantitative, implying they are continuous.
2. **Sample should be independent**: NOT RELEVANT - This test compares a single sample to a distribution, not two samples.
3. **Distribution should be specified (Gamma distribution)**: NOT RELEVANT - The test checks against a Gamma distribution, not for comparing variances between two variables.
4. **Sample size should be adequate**: NOT RELEVANT - Adequate sample size is important for the power of the test but not for comparing variances between two variables.

Given these points, the Kolmogorov-Smirnov Test for Gamma distribution is NOT APPLICABLE to the problem of comparing the variance patterns between CreditScore and EstimatedSalary.","","","",""
"21","Distribution Compliance Test","Kurtosis","NOT_APPLICABLE","APPLICABLE","wrong","APPLICABLE

The method ""Kurtosis"" is applicable for determining the shape of the distribution of a quantitative variable like ""Walc"" (weekend alcohol consumption). Here's the reasoning based on specific data features:

- **Data Type**: The column ""Walc"" has a data type of quantitative, which means it consists of numerical values that can be used to calculate kurtosis.
- **Sample Size**: With 649 rows, the sample size is sufficiently large to apply measures of distribution shape such as kurtosis.
- **Normality**: The column ""Walc"" is marked as not normal (""is_normality: False""), indicating that assessing its distribution shape could provide useful insights.

For each known applicability condition of the kurtosis method:
1. **Quantitative Data**: MEETS - The data is quantitative.
2. **Sufficient Sample Size**: MEETS - There are 649 observations, which is generally considered sufficient for calculating kurtosis.
3. **Univariate Analysis**: MEETS - Kurtosis is calculated for a single variable at a time, and we are focusing on one variable (""Walc"").

Therefore, the method ""Kurtosis"" is applicable to determine if the distribution of weekend alcohol consumption follows a normal distribution.","","","",""
"22","Distribution Compliance Test","Levene Test","NOT_APPLICABLE","NOT_APPLICABLE","correct","NOT APPLICABLE

The Levene test is used to assess the equality of variances across different groups. The specific conditions for applying the Levene test include having at least one categorical variable that defines the groups and a quantitative variable whose variance is being compared across these groups.

Evidence from the provided data features:
- The column ""EstimatedSalary"" is quantitative, which could be the variable of interest.
- However, there is no indication of a categorical variable that defines distinct groups for comparison of variances.

Since the question does not specify any categorical grouping variable (such as Geography, Gender, etc.) to compare the variances of EstimatedSalaries across different categories, the Levene test cannot be applied here. Therefore, the data does not meet the necessary condition of having multiple groups defined by a categorical variable.

Each condition check:
- Presence of a quantitative variable: MEETS (EstimatedSalary).
- Presence of a categorical variable defining groups: DOES NOT MEET (no specified categorical variable for group comparison).","","","",""
"47","Correlation Analysis","Mean","NOT_APPLICABLE","APPLICABLE","wrong","APPLICABLE

The method ""Mean"" is applicable to the problem based on the following data features:

- The column ""Number of trees sold"" has a data type of quantitative and is normally distributed (is_normality: True).
- The column ""Average Tree Price"" also has a data type of quantitative and is normally distributed (is_normality: True).

For the mean to be applicable, the following conditions must be met:
1. The data should be quantitative.
   - MEETS: Both ""Number of trees sold"" and ""Average Tree Price"" are quantitative.
2. The data distribution should be approximately normal.
   - MEETS: Both ""Number of trees sold"" and ""Average Tree Price"" are normally distributed.

Given these conditions, the use of the mean is appropriate for analyzing both the number of trees sold and the average tree price.","","","",""
"36","Variance Test","F-Test for Variance","NOT_APPLICABLE","NOT_APPLICABLE","correct","NOT APPLICABLE

The F-Test for Variance is not applicable in this scenario due to several reasons based on the provided data features:

1. **Data Type**: The F-Test requires both variables to be quantitative. While GRE Score and SOP are both quantitative, the nature of SOP as a score for the strength of an applicant's Statement of Purpose is not typically measured on a scale that would allow meaningful variance comparison with standardized test scores like GRE. SOP scores might be subjective and less consistent across applicants compared to standardized test scores.

2. **Normality**: Both GRE Score and SOP are noted as non-normal (is_normality: False). The F-Test assumes that the data from both groups are normally distributed. Since neither variable meets this assumption, the F-Test cannot be applied.

3. **Sample Size**: Although the sample size of 400 is generally considered adequate for many statistical tests, the F-Test specifically requires that the samples come from populations that are normally distributed. Given the non-normal distribution of both variables, the large sample size does not compensate for the lack of normality.

In summary:
- **Normality Condition**: DOES NOT MEET (both GRE Score and SOP are non-normal).
- **Quantitative Data Condition**: MEETS (both GRE Score and SOP are quantitative).
- **Sample Size Condition**: MEETS (sample size is sufficiently large at 400).

Due to the failure to meet the normality condition, the F-Test for Variance is NOT APPLICABLE.","","","",""
"4","Distribution Compliance Test","Kurtosis","NOT_APPLICABLE","APPLICABLE","wrong","APPLICABLE

The method ""Kurtosis"" is applicable to this problem based on the following specific data features:

- The data type for the column `losangelesretail` is quantitative, which means it consists of numerical values.
- The number of rows (observations) is 15766, which is a sufficiently large sample size to apply measures like kurtosis.
- Although the normality check (`is_normality`) for `losangelesretail` is False, indicating that the distribution does not follow a normal distribution, this does not preclude the use of kurtosis. Kurtosis can be calculated for any univariate dataset regardless of its distribution shape.

For each known applicability condition of the kurtosis method:
- The data must be quantitative: MEETS.
- The sample size should be adequate: MEETS (a sample size of 15766 is more than sufficient).
- The data does not need to be normally distributed: MEETS (kurtosis can be applied to non-normal distributions).

Therefore, the method ""Kurtosis"" is applicable to assess the distribution of retail prices in Los Angeles.","","","",""
"28","Distribution Compliance Test","Kolmogorov-Smirnov Test","APPLICABLE","APPLICABLE","correct","APPLICABLE

The Kolmogorov-Smirnov (KS) Test can be used to compare the distributions of two datasets. Here are the specific data features supporting its applicability:

- The KS Test requires quantitative data for both samples being compared, which is met by the ""math score"" and ""writing score"" columns.
- The KS Test does not assume normality, which is beneficial since the ""writing score"" column is not normally distributed.
- The sample size requirement for the KS Test is generally considered adequate with at least 50 observations, and here we have 1000 rows of data.

For each known applicability condition of the KS Test:
- **Quantitative Data**: Both ""math score"" and ""writing score"" are quantitative, so this condition is MEET.
- **Sample Size**: With 1000 rows of data, the sample size is sufficiently large, so this condition is MEET.
- **Distribution Shape**: The KS Test does not require the data to be normally distributed, so this condition is MEET regardless of the normality status of the data.","","","",""
"37","Distribution Compliance Test","Median","NOT_APPLICABLE","APPLICABLE","wrong","APPLICABLE

The method ""Median"" is applicable to the problem based on the following evidence from the data features:

- Data Type: The column ""# of Homeless Individuals Served at The Source"" is quantitative, which means it consists of numerical values that can be used to calculate measures of central tendency like the median.
- Normality: The column is specified as not being normally distributed (""is_normality"": False). The median is particularly useful for non-normally distributed data because it is less affected by outliers and skewness compared to the mean.
- Sample Size: With 72 rows of data, the sample size is sufficient to compute meaningful statistics, including the median.

For each known applicability condition of the median method:
- The data must be quantitative: MEETS.
- The data should not necessarily be normally distributed: MEETS (in fact, it is explicitly stated to be non-normal).
- There should be enough data points to provide a reliable measure: MEETS (72 data points are provided).

Therefore, the use of the median is appropriate for summarizing the central tendency of the number of homeless individuals served at The Source.","","","",""
"46","Variance Test","Spearman Correlation Coefficient","NOT_APPLICABLE","NOT_APPLICABLE","correct","NOT APPLICABLE

The Spearman Correlation Coefficient is used to measure the strength and direction of association between two ranked variables. The conditions for its applicability include:

1. **Data Type**: Both variables should be ordinal or continuous but not necessarily normally distributed. Here, one variable is ""Weight"" which is quantitative, and the other is ""FCVC"" (Frequency of Vegetable Consumption), also quantitative. However, the Spearman correlation can still be applied if these variables are treated as ranks.
   
2. **Normality**: The Spearman correlation does not require the data to be normally distributed, which is consistent with the provided information where neither ""Weight"" nor ""FCVC"" is normally distributed.

3. **Sample Size**: A sample size of 2111 is sufficiently large for the Spearman correlation coefficient to be reliable.

However, the primary issue here is that the Spearman correlation measures the relationship between two variables based on their ranks, not their raw values. Since both ""Weight"" and ""FCVC"" are quantitative and not inherently ordinal, transforming them into ranks might not make practical sense without a clear rationale for why such a transformation would be meaningful. Therefore, while technically possible, it may not be the most appropriate method for assessing the relationship between weight and frequency of vegetable consumption directly.

- **Data Type Condition**: MEETS (both variables are quantitative, though they could be converted to ranks).
- **Normality Condition**: MEETS (not required for Spearman correlation).
- **Sample Size Condition**: MEETS (ample sample size).

Given the above considerations, the method is technically applicable but may not be the best choice for the specific context of comparing weight and frequency of vegetable consumption directly.","","","",""
"3","Distribution Compliance Test","Median","NOT_APPLICABLE","APPLICABLE","wrong","APPLICABLE

The method ""Median"" is applicable to the problem based on the provided data features. Here's the reasoning:

1. **Data Type**: The column ""LOR"" is quantitative, which means it contains numerical values. The median is a measure of central tendency that can be calculated for any quantitative data.
   
2. **Normality**: The ""is_normality"" attribute for the ""LOR"" column is False, indicating that the distribution of LOR scores does not necessarily follow a normal distribution. However, the applicability of the median does not depend on the normality of the data. The median is robust to outliers and skewed distributions, making it a suitable measure even if the data is not normally distributed.

3. **Sample Size**: With 400 rows of data, the sample size is sufficiently large to calculate the median accurately.

For each known applicability condition of the median method:
- **Quantitative Data Requirement**: MEETS (the ""LOR"" column is quantitative).
- **Robustness to Distribution Shape**: MEETS (the median does not require the data to be normally distributed).

Therefore, the use of the median is appropriate for summarizing the central tendency of the LOR scores.","","","",""
"44","Contingency Table Test","Kolmogorov-Smirnov Test for Normality","NOT_APPLICABLE","NOT_APPLICABLE","correct","NOT APPLICABLE

The Kolmogorov-Smirnov Test for Normality is not applicable in this scenario due to the following reasons:

1. **Data Type**: The test is designed for quantitative data to assess if it follows a normal distribution. However, the primary focus of the question is on the association between the type of chest pain (ChestPainType) and the presence of heart disease (HeartDisease), both of which are categorical variables. Therefore, the data types do not meet the requirement for the Kolmogorov-Smirnov Test.

2. **Purpose of Analysis**: The goal is to determine an association between two categorical variables, which would typically be analyzed using methods such as Chi-square tests or logistic regression, rather than assessing normality.

3. **Specific Conditions**:
   - **Quantitative Data Requirement**: The Kolmogorov-Smirnov Test requires quantitative data. Here, we have categorical data for both ChestPainType and HeartDisease. Hence, this condition does NOT MEET.
   - **Sample Size Consideration**: While the sample size (918 rows) is adequate for many statistical tests, the Kolmogorov-Smirnov Test's applicability is primarily determined by the nature of the data rather than the sample size alone. Thus, even though the sample size is large enough, the data type issue still renders the test NOT APPLICABLE.
   - **Normality Check Purpose**: The test checks for normality, but the research question here is about association, not distributional properties. This condition also does NOT MEET.

In summary, the Kolmogorov-Smirnov Test for Normality is NOT APPLICABLE because the data consists of categorical variables, and the research question pertains to an association rather than a normality check.","","","",""
"2","Distribution Compliance Test","Skewness","NOT_APPLICABLE","APPLICABLE","wrong","APPLICABLE

The method ""Skewness"" is applicable to the problem based on the following evidence from the provided data features:

- The data type for the ""math score"" column is quantitative, which is necessary for calculating skewness.
- The ""math score"" column has a sample size of 1000 rows, which is sufficiently large to reliably estimate skewness.
- Although the ""is_normality"" flag for the ""math score"" column is marked as True, indicating it may be normally distributed, skewness can still be calculated and analyzed to confirm this assumption.

Applicability conditions for skewness calculation:
1. Data must be quantitative: MEETS (the ""math score"" is quantitative).
2. Sample size should be adequate: MEETS (1000 rows provide a substantial sample size).
3. Skewness can be computed regardless of the distribution's normality: MEETS (skewness can be calculated even if the data is normally distributed).","","","",""
"40","Variance Test","Anderson-Darling Test","NOT_APPLICABLE","NOT_APPLICABLE","correct","NOT APPLICABLE

The Anderson-Darling Test is not applicable for directly comparing the variances of two different datasets (Vietnam and China's annual crop production). The Anderson-Darling Test is used to test if a sample is from a specified distribution, typically for goodness-of-fit testing within a single dataset rather than comparing two separate datasets' variances.

Specific data features:
- Data type: Quantitative
- Normality: Both Vietnam and China's data are normally distributed (is_normality: True).
- Sample size: Each country has 4 rows of data.

Applicability conditions of the Anderson-Darling Test:
1. **Single Dataset**: The test is designed for a single dataset, not for comparing two different datasets.
   - Data MEETS: This condition does not apply since we are comparing two datasets.
   
2. **Normal Distribution Assumption**: The test assumes the data follows a specified distribution, usually normal.
   - Data MEETS: Both Vietnam and China's data are normally distributed, but this is irrelevant when comparing variances between two groups.

Since the primary purpose of the Anderson-Darling Test is not to compare variances between two groups, it is NOT APPLICABLE for the stated problem.","","","",""
"19","Variance Test","Skewness","NOT_APPLICABLE","APPLICABLE","wrong","APPLICABLE

The method ""Skewness"" can be applied to assess the symmetry of distributions for quantitative data regardless of their normality status. Here are the specific data features supporting this applicability:

- The data types for `avg_satisfaction`, `std_satisfaction`, and `median_income` are quantitative.
- The normality statuses for these variables vary: `avg_satisfaction` and `std_satisfaction` are normally distributed (`is_normality: True`), while `median_income` is not (`is_normality: False`).

For skewness analysis, the conditions are as follows:
1. **Data Type**: Skewness is applicable to quantitative data. Both `avg_satisfaction`, `std_satisfaction`, and `median_income` meet this condition.
2. **Sample Size**: While the exact sample size is not specified beyond the number of rows (111), skewness can generally be calculated for any sample size greater than two. This condition is met.
3. **Normality Status**: Skewness can be calculated for both normal and non-normal distributions. Therefore, the fact that some variables are normally distributed and others are not does not affect the applicability of skewness analysis.

In summary, the method ""Skewness"" is APPLICABLE because it meets all necessary conditions for the provided data types and sizes.","","","",""
"18","Contingency Table Test","Mean","NOT_APPLICABLE","NOT_APPLICABLE","correct","NOT APPLICABLE

The method ""Mean"" is not applicable for this problem because the variable of interest, ""reason"" for choosing the school, is categorical and does not have numerical values. The mean can only be calculated for quantitative data types where the values represent measurable quantities. Here are the specific conditions and their status:

1. **Data Type**: The ""reason"" column is categorical (data_type: categorical). 
   - Condition: Data must be quantitative.
   - Status: DOES NOT MEET

2. **Normality**: Irrelevant for categorical data.
   - Condition: Data should be normally distributed.
   - Status: NOT APPLICABLE

3. **Sample Size**: While the sample size (num_of_rows: 649) is large enough for many statistical analyses, it does not affect the applicability of calculating the mean for categorical data.
   - Condition: Sample size should be sufficient.
   - Status: NOT APPLICABLE

Given these points, calculating the mean for the categorical variable ""reason"" is not appropriate.","","","",""
"19","Variance Test","Levene Test","APPLICABLE","NOT_APPLICABLE","wrong","NOT APPLICABLE

The Levene Test is used to assess the equality of variances for a variable across different groups. In this context, the question asks about comparing the variances between the average self-reported happiness scores and the median income of individuals. However, the Levene Test requires that the data be structured such that you are comparing variances within the same variable across different groups, not comparing variances between two different variables directly.

Specific data features relevant to this decision include:
- The data types of `avg_satisfaction` (quantitative, normally distributed) and `median_income` (quantitative, not normally distributed).
- The number of rows (111) which is sufficient for many tests but does not change the applicability of the Levene Test in this context.

Conditions for the Levene Test:
1. **Data should be quantitative**: Both `avg_satisfaction` and `median_income` are quantitative, so this condition is met.
2. **Normality is not strictly required but can affect the choice of test statistic (mean vs. median)**: Since `avg_satisfaction` is normally distributed and `median_income` is not, using the median version of the Levene Test would be more appropriate if we were comparing variances within the same variable across groups. However, since we are comparing variances between two different variables, this condition is irrelevant here.
3. **Comparing variances within the same variable across different groups**: This condition is not met because we are trying to compare variances between two different variables (`avg_satisfaction` and `median_income`) rather than within one variable across different groups.

Given these points, the Levene Test is NOT APPLICABLE to the stated problem.","","","",""
"27","Distribution Compliance Test","Pearson Correlation Coefficient","NOT_APPLICABLE","NOT_APPLICABLE","correct","NOT APPLICABLE

The Pearson Correlation Coefficient assumes that both variables being correlated are normally distributed. Here are the specific data features and conditions:

1. **Data Type**: The ""TV Ad Budget ($)"" column is quantitative, which is appropriate for the Pearson Correlation Coefficient.
2. **Normality**: The ""TV Ad Budget ($)"" column is specified as not following a distribution that is suitable for methods assuming normality (""is_normality: False"").
3. **Sample Size**: While the sample size of 200 rows is generally sufficient for the Central Limit Theorem to apply, the normality assumption must still be met for individual variables in the Pearson correlation context.

**Applicability Conditions**:
- **Variables should be normally distributed**: The ""TV Ad Budget ($)"" variable does NOT MEET this condition as it is specified as non-normal.
- **Linear relationship**: This cannot be assessed without knowing the second variable for correlation, but typically requires visual inspection or other tests.
- **Homoscedasticity**: This condition also cannot be fully evaluated without specifying the second variable, but generally requires similar variance across the range of scores.

Given that the ""TV Ad Budget ($)"" variable is explicitly stated as not normal, the Pearson Correlation Coefficient is NOT APPLICABLE.","","","",""
"0","Distribution Compliance Test","Kurtosis","NOT_APPLICABLE","APPLICABLE","wrong","APPLICABLE

The method ""Kurtosis"" is applicable to the problem based on the provided data features. Here's the reasoning:

1. **Data Type**: The column ""price(in lakhs)"" has a data type of quantitative, which means it consists of numerical values. Kurtosis is a measure used for quantitative data to describe the shape of a probability distribution, specifically focusing on the tails and the peak of the distribution.

2. **Sample Size**: With 1553 rows of data, the sample size is sufficiently large to apply kurtosis analysis. Generally, a minimum of 30 observations is considered adequate for many statistical tests, including those assessing distribution characteristics like kurtosis.

3. **Normality**: The column ""price(in lakhs)"" is noted as not being normally distributed (""is_normality: False""). This does not preclude the use of kurtosis since kurtosis can be calculated regardless of whether the data follows a normal distribution or not. However, it indicates that the distribution may have heavier or lighter tails than a normal distribution, which kurtosis aims to quantify.

**Applicability Conditions**:
- **Quantitative Data**: The data must be quantitative. The ""price(in lakhs)"" column meets this condition.
- **Sufficient Sample Size**: A sufficient number of observations is needed to accurately estimate kurtosis. The dataset with 1553 observations meets this condition.
- **Distribution Shape Analysis**: Kurtosis measures the shape of the distribution, particularly the tails and peak. Since we are interested in understanding the shape of the price distribution, this condition is met.

In summary, the conditions for applying kurtosis to the ""price(in lakhs)"" column are all met, making the method APPLICABLE.","","","",""
"24","Distribution Compliance Test","Levene Test","NOT_APPLICABLE","NOT_APPLICABLE","correct","NOT APPLICABLE

The Levene test is used to assess the equality of variances across different groups. To apply the Levene test, we need at least one categorical variable defining the groups and a continuous dependent variable. In the provided dataset:

- The relevant columns for the question are `Income` (quantitative) and `Teenhome` (quantitative).
- Both `Income` and `Teenhome` are quantitative variables.
- There is no explicit mention of a categorical grouping variable that would define different groups for comparison.

For the Levene test to be applicable, the following conditions must be met:
1. **Presence of a Continuous Dependent Variable**: This condition is met since both `Income` and `Teenhome` are quantitative.
2. **Presence of a Categorical Independent Variable**: This condition is not met because there is no specified categorical variable that defines different groups for comparison between `Income` and `Teenhome`.

Since the second condition is not met, the Levene test is NOT APPLICABLE to this problem.","","","",""
"33","Variance Test","Bartlett Test","APPLICABLE","NOT_APPLICABLE","wrong","NOT APPLICABLE

The Bartlett test is used to check if multiple samples have equal variances. The specific conditions for applying the Bartlett test include:

1. **Data Type**: The data must be quantitative. Both Pakistan and Myanmar's annual crop production data are quantitative, so this condition is MET.
   
2. **Normality**: The Bartlett test assumes that the populations from which the samples were drawn are normally distributed. According to the provided data, both Pakistan and Myanmar's data are noted as being normally distributed (is_normality: True), so this condition is MET.

3. **Sample Size**: The Bartlett test generally requires a sufficient sample size for accurate results. However, with only 4 rows of data for each country, the sample size is very small. Typically, a minimum of around 5-10 observations per group is recommended for the Bartlett test to be reliable. Therefore, this condition is NOT MET due to insufficient sample size.

Given these considerations, despite meeting the requirements of having quantitative data and normal distribution, the sample size is too small to apply the Bartlett test reliably. Thus, the Bartlett test is NOT APPLICABLE in this scenario.","","","",""
"0","Distribution Compliance Test","Bartlett Test","NOT_APPLICABLE","NOT_APPLICABLE","correct","NOT APPLICABLE

The Bartlett test is used to check if multiple samples are from populations with equal variances. To apply the Bartlett test, we need at least two groups of data from different categories within a single variable. However, based on the provided column information, there is no indication of categorical variables that would allow us to split the quantitative variable ""price(in lakhs)"" into distinct groups for comparison.

Specific data features supporting this conclusion include:
- The only quantitative variable mentioned is ""price(in lakhs)"", and there are no other quantitative variables listed that could be used to form groups.
- All other columns that could potentially categorize the data (like 'fuel_type', 'seats', 'transmission') do not have associated numerical values that would allow for variance comparisons across these categories.

For the Bartlett test to be applicable, the following conditions must be met:
1. Data should be normally distributed within each group - The data does not meet this condition as indicated by ""is_normality: False"".
2. Data should be independent - There is no information suggesting dependency or independence, but typically, price data can be considered independent unless otherwise specified.
3. Data should be from at least two groups - This condition is not met since there are no clear groups formed from categorical variables that would allow for a comparison of variances.

Given these points, the Bartlett test is NOT APPLICABLE to the provided dataset.","","","",""
"27","Distribution Compliance Test","Median","NOT_APPLICABLE","APPLICABLE","wrong","APPLICABLE

The method ""Median"" is applicable to this problem based on the provided data features. Here's the reasoning:

1. **Data Type**: The ""TV Ad Budget ($)"" column is quantitative, which means it contains numerical values that can be used to calculate the median.
2. **Normality**: The ""TV Ad Budget ($)"" column is specified as not following a normal distribution (""is_normality: False""). However, the median is a robust measure of central tendency and does not require the assumption of normality.
3. **Sample Size**: With 200 rows of data, the sample size is sufficiently large to compute the median accurately.

For each known applicability condition of the median method:
- **Quantitative Data Requirement**: MEETS (the data is quantitative).
- **No Normality Assumption Required**: MEETS (the median does not assume normality).
- **Sufficient Sample Size**: MEETS (200 observations provide a robust estimate).","","","",""
"3","Distribution Compliance Test","Kendall Correlation Coefficient","NOT_APPLICABLE","NOT_APPLICABLE","correct","NOT APPLICABLE

The Kendall Correlation Coefficient is typically used to measure the ordinal association between two measured quantities. Here are the specific conditions and how they apply to the provided data:

1. **Data Type**: The Kendall Correlation Coefficient requires both variables to be quantitative. In this case, the LOR column is quantitative, but we need another quantitative variable to compute the correlation. Since the question does not specify another quantitative variable, let's assume we would use another quantitative variable like CGPA for the analysis.

2. **Normality**: The normality of the distributions is not a strict requirement for the Kendall Correlation Coefficient. However, it is important that the data is ordinal or continuous. The LOR and CGPA columns are both quantitative, which meets this criterion.

3. **Sample Size**: The sample size is 400 rows, which is generally considered sufficient for most statistical tests, including the Kendall Correlation Coefficient.

Based on these points:
- Data Type: MEETS (both LOR and CGPA are quantitative).
- Normality: NOT RELEVANT (the Kendall Correlation Coefficient does not require normality).
- Sample Size: MEETS (sample size of 400 is adequate).

Since the only issue is the lack of specification of a second quantitative variable other than LOR, the method cannot be applied without specifying another quantitative variable. Therefore, the method is NOT APPLICABLE based on the incomplete information provided.","","","",""
"38","Distribution Compliance Test","Median","NOT_APPLICABLE","APPLICABLE","wrong","APPLICABLE

The method ""Median"" is applicable to the problem based on the provided data features. Here's the reasoning:

1. **Data Type**: The ""Age"" column is quantitative, and the median is a measure of central tendency that can be applied to any quantitative data.
2. **Normality**: The ""Age"" column is not normally distributed (""is_normality: False""). The median is robust to non-normal distributions and outliers, making it a suitable measure for such data.
3. **Sample Size**: With 3864 rows, the sample size is sufficiently large to ensure reliable estimation of the median.

For each known applicability condition of the median method:
- **Quantitative Data Requirement**: MEETS (the ""Age"" column is quantitative).
- **Robustness to Non-Normal Distributions**: MEETS (the median does not assume normality and is appropriate for non-normally distributed data).
- **Sample Size Adequacy**: MEETS (a sample size of 3864 is adequate for estimating the median reliably).","","","",""
"13","Contingency Table Test","Bartlett Test","NOT_APPLICABLE","NOT_APPLICABLE","correct","NOT APPLICABLE

The Bartlett test is used to check if multiple samples have equal variances. However, for the Bartlett test to be applicable, the following conditions must be met:

1. **Data Type**: The data should be continuous and normally distributed within each group. In this dataset, both the WHEEZING and COUGHING columns are categorical, not continuous. Therefore, the data type requirement is not met.

2. **Normality**: Even if the data were continuous, the Bartlett test assumes that the data are normally distributed. Here, the is_normality value for all columns is False, indicating that the data do not meet the normality assumption.

Since the data types are categorical and the data are not normally distributed, the Bartlett test is NOT APPLICABLE to this problem.","","","",""
"16","Distribution Compliance Test","Median","NOT_APPLICABLE","APPLICABLE","wrong","APPLICABLE

The method ""Median"" is applicable to the problem based on the following evidence from the data features:

- **Data Type**: The column ""Weight"" is of quantitative data type, which means it consists of numerical values that can be used to calculate measures of central tendency like the median.
- **Sample Size**: With 17,660 rows, the sample size is sufficiently large to apply the median as a measure of central tendency.
- **Normality**: The column ""Weight"" is marked as not being normally distributed (""is_normality: False""). However, the median is a robust measure of central tendency and does not require the assumption of normality.

For each known applicability condition of the median method:
- **Quantitative Data**: MEETS the condition since weight is a quantitative variable.
- **Sample Size Adequacy**: MEETS the condition with a large sample size of 17,660.
- **Distribution Normality Requirement**: DOES NOT REQUIRE the data to be normally distributed, thus the condition is MEET by default regardless of the actual distribution shape.","","","",""
"42","Distribution Compliance Test","Kolmogorov-Smirnov Test for Gamma distribution","NOT_APPLICABLE","NOT_APPLICABLE","correct","NOT APPLICABLE

The Kolmogorov-Smirnov test for a Gamma distribution is not suitable for the given dataset for the following reasons:

1. **Data Type**: The relevant column is ""# of Homeless Individuals Served at The Source"", which is quantitative. While the data type is appropriate for the Kolmogorov-Smirnov test, the specific test for a Gamma distribution requires additional assumptions about the shape and scale parameters of the Gamma distribution, which are not provided or evident from the data description.

2. **Normality**: The column ""# of Homeless Individuals Served at The Source"" is marked as non-normal (""is_normality: False""). This suggests that the data does not follow a normal distribution, but it does not confirm that it follows a Gamma distribution. The Kolmogorov-Smirnov test can be used to compare a sample with a reference probability distribution (like the Gamma distribution), but we need to know if the Gamma distribution is an appropriate model for the data.

3. **Sample Size**: With 72 rows of data, the sample size is adequate for many statistical tests, including the Kolmogorov-Smirnov test. However, the applicability of the test depends on the correct specification of the Gamma distribution, which is not provided here.

**Applicability Conditions of the Kolmogorov-Smirnov Test for Gamma Distribution**:
- **Correctly Specified Distribution**: The data must be compared against a correctly specified Gamma distribution, which requires knowing the shape and scale parameters of the Gamma distribution. Since these parameters are not provided, this condition is not met.
- **Sample Size**: The sample size should be large enough to detect deviations from the hypothesized distribution. A sample size of 72 is generally considered sufficient, but this alone does not make the test applicable without the correct distribution specification.

Given these points, the method ""Kolmogorov-Smirnov Test for Gamma distribution"" is NOT APPLICABLE to this problem.","","","",""
"14","Distribution Compliance Test","Kurtosis","NOT_APPLICABLE","APPLICABLE","wrong","APPLICABLE

The method ""Kurtosis"" is applicable to the problem based on the provided data features. Here's the reasoning:

1. **Data Type**: The ""math score"", ""reading score"", and ""writing score"" columns are quantitative, which is necessary for calculating kurtosis.
2. **Normality**: While the ""is_normality"" flag for these quantitative variables is set to True, indicating they may be normally distributed, kurtosis can still be calculated regardless of the distribution's shape. Kurtosis measures the ""tailedness"" of the probability distribution of a real-valued random variable.
3. **Sample Size**: With 1000 rows of data, the sample size is sufficiently large to apply kurtosis calculations reliably.

For each known applicability condition of the kurtosis method:
- **Quantitative Data Requirement**: MEETS (the data consists of quantitative scores).
- **Sample Size Adequacy**: MEETS (a sample size of 1000 is generally considered adequate for statistical measures like kurtosis).
- **Distribution Shape Independence**: MEETS (kurtosis can be calculated even if the data is not normally distributed).","","","",""
"47","Correlation Analysis","Bartlett Test","NOT_APPLICABLE","NOT_APPLICABLE","correct","NOT APPLICABLE

The Bartlett test is used to check if multiple samples have equal variances. Here are the conditions for applying the Bartlett test and how they relate to the provided dataset:

1. **Data Type**: The Bartlett test requires quantitative data. Both ""Number of trees sold"" and ""Average Tree Price"" are quantitative, which meets this requirement.

2. **Normality**: The Bartlett test assumes that the data from each group is normally distributed. According to the dataset, both ""Number of trees sold"" and ""Average Tree Price"" are reported as normally distributed (is_normality: True). This condition is met.

3. **Sample Size**: There is no strict minimum sample size required for the Bartlett test, but it generally performs well with larger samples. With 14 rows of data, the sample size is relatively small, but not necessarily prohibitive. However, the primary issue here is not the sample size but the nature of the question asked.

4. **Purpose of Analysis**: The Bartlett test is used to compare variances across groups. The question asks about the relationship between the number of trees sold and the average price per tree, implying a correlation analysis rather than a comparison of variances. Therefore, the Bartlett test is not suitable for this purpose.

Given these points, while the data technically could be used in a Bartlett test due to its normal distribution and quantitative nature, the Bartlett test does not address the intended research question regarding the relationship between two variables. Thus, the Bartlett test is NOT APPLICABLE to this problem.","","","",""
"46","Variance Test","Mood Variance Test","APPLICABLE","NOT_APPLICABLE","wrong","NOT APPLICABLE

The Mood's variance test (also known as the Mood's median test for variances) is used to compare the variances of two or more independent groups. However, the specific conditions and requirements for applying this test need to be carefully considered based on the provided data features:

1. **Data Type**: The variables ""Weight"" and ""FCVC"" are both quantitative, which is necessary for the Mood's variance test.
2. **Sample Size**: With 2111 rows, the sample size is sufficiently large.
3. **Normality**: Both ""Weight"" and ""FCVC"" are not normally distributed according to the provided information (""is_normality: False"").

For the Mood's variance test:
- **Independence of Observations**: This condition is assumed to be met since the data is structured as individual records.
- **Quantitative Data**: Both ""Weight"" and ""FCVC"" are quantitative, so this condition is met.
- **Non-normal Distribution**: The Mood's variance test does not require the assumption of normality, making it suitable for non-normally distributed data. This condition is met.
- **Equal Sample Sizes**: While not strictly required, having equal sample sizes can improve the robustness of the test. Since the data is from the same dataset, we can assume the sample sizes are equal for the comparison between ""Weight"" and ""FCVC"".

However, the primary issue here is that the Mood's variance test is typically used to compare variances across different groups (e.g., comparing the variance of weights between males and females). In the question, there is no indication of comparing variances across different groups but rather an implicit comparison between two continuous variables without specifying groups. Therefore, the application of the Mood's variance test in this context is not clear and would require defining groups or categories to compare.

Given these considerations, the method ""Mood Variance Test"" is NOT APPLICABLE as stated because the problem does not specify how to categorize the data into distinct groups for variance comparison.","","","",""
"45","Variance Test","Spearman Correlation Coefficient","NOT_APPLICABLE","NOT_APPLICABLE","correct","NOT APPLICABLE

The Spearman Correlation Coefficient is used to measure the strength and direction of association between two ranked variables. However, the question asks about comparing variances between two quantitative variables (age and health), which is not what the Spearman correlation coefficient is designed for. Instead, a test like Levene's test or the Brown-Forsythe test would be more appropriate for assessing differences in variance.

Specific data features relevant to the applicability of the Spearman Correlation Coefficient:
- Data Type: Both 'age' and 'health' are quantitative, but the Spearman Correlation Coefficient requires ordinal or ranked data.
- Normality: Irrelevant for Spearman Correlation Coefficient since it does not assume normal distribution.
- Sample Size: The sample size is 649, which is large enough for many tests, but again, not relevant for the specific purpose of comparing variances.

Conditions for using Spearman Correlation Coefficient:
1. Variables should be at least ordinal (ranked): The data provided are quantitative, so this condition is NOT MET.
2. No assumption about the distribution of the data: This condition is MET, but irrelevant to the current problem.
3. Appropriate for non-linear relationships: This condition is MET, but irrelevant to the current problem.

Since the primary goal is to compare variances rather than measuring correlation, the Spearman Correlation Coefficient is NOT APPLICABLE.","","","",""
"33","Variance Test","Kolmogorov-Smirnov Test","NOT_APPLICABLE","APPLICABLE","wrong","APPLICABLE

The Kolmogorov-Smirnov (KS) test can be used to determine if two samples come from the same distribution. Here are the specific data features supporting this:

- **Data Type**: The data for Pakistan and Myanmar are quantitative, which is suitable for the KS test.
- **Sample Size**: Each country has 4 rows of data. While the KS test generally requires larger sample sizes for more reliable results, it can still be applied with smaller samples.
- **Normality**: The KS test does not assume normality, making it appropriate even though the normality status of the overall dataset is mixed.

For the KS test applicability conditions:
1. **Quantitative Data**: MEETS - Both Pakistan and Myanmar have quantitative data.
2. **Independence of Observations**: ASSUMED - Not directly provided but typically required for such tests.
3. **No Normality Assumption Required**: MEETS - The KS test does not require the data to be normally distributed.
4. **Comparable Samples**: MEETS - The samples are from different countries' crop production variances, which are comparable in nature.

Given these points, the Kolmogorov-Smirnov Test is APPLICABLE to compare the annual crop production variances in Pakistan and Myanmar.","","","",""
"33","Variance Test","Spearman Correlation Coefficient","NOT_APPLICABLE","NOT_APPLICABLE","correct","NOT APPLICABLE

The Spearman Correlation Coefficient is used to measure the strength and direction of association between two ranked variables. However, for this specific problem, we need to assess the statistical similarity of variances between two countries' annual crop production data, which does not align with the purpose of the Spearman correlation.

Specific data features relevant to the applicability of the Spearman Correlation Coefficient:
- Data Type: The data types for Pakistan and Myanmar are quantitative, which means they represent numerical values rather than ranks.
- Normality: While the normality status of the data is provided, it is not directly relevant to the choice of using Spearman's correlation since this test is more concerned with the ranking of the data rather than its distribution.
- Sample Size: With only 4 rows of data for each country, the sample size is very small, but this alone does not make the method inapplicable; however, it does affect the reliability of the results.

Conditions for the Spearman Correlation Coefficient:
1. Variables should be at least ordinal (ranked). 
   - MEETS: The data is quantitative, but for Spearman's correlation, we would typically convert these to ranks. However, the question is about comparing variances, not measuring correlation between two ranked variables.
2. Sample size should be adequate.
   - DOES NOT MEET: Although the method can technically be applied to small samples, the primary issue here is the mismatch between the method's purpose and the research question.
3. No strict assumption about the distribution of the data.
   - MEETS: This condition is satisfied as Spearman's correlation does not assume a particular distribution.

Given the mismatch between the intended use of the Spearman Correlation Coefficient and the actual requirement to compare variances, the method is NOT APPLICABLE.","","","",""
"6","Distribution Compliance Test","Spearman Correlation Coefficient","NOT_APPLICABLE","APPLICABLE","wrong","APPLICABLE

The Spearman Correlation Coefficient is applicable to the given problem based on the following data features and conditions:

1. **Data Type**: The Spearman Correlation Coefficient can be used with quantitative data. The variable of interest, `happyScore`, is quantitative.
   
2. **Normality**: The `happyScore` column is not normally distributed (`is_normality: False`). The Spearman Correlation Coefficient does not require the data to be normally distributed, making it suitable for non-normal distributions.

3. **Sample Size**: With 111 rows of data, the sample size is adequate for conducting the Spearman Correlation Coefficient analysis.

4. **Condition Check**:
   - **Quantitative Data**: MEETS the requirement since `happyScore` is quantitative.
   - **Non-Normal Distribution**: MEETS the requirement because the Spearman Correlation Coefficient is appropriate for non-normally distributed data.
   - **Ordinal or Ranked Data**: Although `happyScore` is quantitative, the Spearman Correlation Coefficient can still be applied effectively as it ranks the data internally before calculating the correlation.

Given these points, the method ""Spearman Correlation Coefficient"" is APPLICABLE to analyze the relationship involving the `happyScore` variable.","","","",""
"18","Contingency Table Test","Kolmogorov-Smirnov Test for Gamma distribution","NOT_APPLICABLE","NOT_APPLICABLE","correct","NOT APPLICABLE

The Kolmogorov-Smirnov test for the Gamma distribution is not suitable for the given dataset for the following reasons:

1. **Data Type**: The primary variable of interest here is ""reason"" which is categorical and represents the choice of school based on different factors such as proximity to home, school reputation, course preference, or other. The Kolmogorov-Smirnov test is used to compare a sample with a reference probability distribution or to compare two samples. It is not designed for categorical data.

2. **Normality Check**: The Kolmogorov-Smirnov test can be applied to continuous variables to check if they follow a specified distribution, such as the Gamma distribution. However, the ""reason"" variable is categorical, and its values do not represent numerical measurements that could be tested against a Gamma distribution.

3. **Sample Size**: While the sample size (649 rows) is adequate for many statistical tests, it does not change the fact that the Kolmogorov-Smirnov test cannot be applied to categorical data.

**Applicability Conditions**:
- **Continuous Data Requirement**: The data must be continuous. The ""reason"" variable is categorical, so this condition is **NOT MET**.
- **Distribution Specification**: The test requires specifying a theoretical distribution (Gamma distribution in this case). This condition is **MEET**, but irrelevant since the data type is incorrect.
- **Sample Size**: The sample size should be large enough for the asymptotic properties of the test to hold. With 649 observations, this condition is **MEET**, but again, irrelevant due to the data type issue.

Given these points, the Kolmogorov-Smirnov test for the Gamma distribution is NOT APPLICABLE to this problem.","","","",""
"48","Distribution Compliance Test","Skewness","NOT_APPLICABLE","APPLICABLE","wrong","APPLICABLE

The method ""Skewness"" is applicable to the problem based on the following evidence from the provided data features:

- The column ""Age"" has a data type of quantitative, which means it consists of numerical values.
- Skewness can be calculated for any quantitative variable regardless of its distribution shape or normality status.
- The number of rows (10002) is sufficiently large to calculate skewness accurately.

Specific conditions for applying skewness and their status based on the data:

1. **Data Type**: The ""Age"" column is quantitative. This condition MEETS the requirement for calculating skewness.
2. **Sample Size**: With 10002 observations, the sample size is adequate to compute skewness reliably. This condition MEETS the requirement.
3. **Normality Requirement**: Skewness does not require the data to be normally distributed. Therefore, the fact that ""is_normality"" is False for the ""Age"" column DOES NOT AFFECT the applicability of skewness calculation.","","","",""
"23","Variance Test","F-Test for Variance","NOT_APPLICABLE","NOT_APPLICABLE","correct","NOT APPLICABLE

The F-Test for Variance is not applicable in this scenario due to the following reasons:

1. Data Type: The F-Test requires quantitative data, which is correct for both the Research Quality Score and Teaching Score columns. However, this alone does not disqualify the test.

2. Normality: The F-Test assumes that the data is normally distributed. According to the provided information, neither the Research Quality Score nor the Teaching Score is normally distributed (""is_normality: False""). This is a critical requirement that is not met.

3. Sample Size: While the number of rows (910) is sufficiently large, the normality assumption is more crucial for the F-Test than the sample size itself.

Given these points, the conditions for applying the F-Test for Variance are:
- **Quantitative Data**: MEETS
- **Normal Distribution**: DOES NOT MEET

Since the data does not meet the normality requirement, the F-Test for Variance is NOT APPLICABLE.","","","",""
"24","Distribution Compliance Test","Median","NOT_APPLICABLE","APPLICABLE","wrong","APPLICABLE

The method ""Median"" is applicable to this problem based on the following data features:

- **Data Type**: Both ""Income"" and ""Teenhome"" are quantitative data types, which means they represent numerical values.
- **Normality**: The columns ""Income"" and ""Teenhome"" are both noted as not being normally distributed (""is_normality: False""). This is important because the median is a robust measure of central tendency that is less affected by outliers or non-normal distributions compared to the mean.
- **Sample Size**: With 2240 rows of data, the sample size is sufficiently large for calculating the median.

**Applicability Conditions**:
1. **Quantitative Data**: The data must be numerical. Both ""Income"" and ""Teenhome"" meet this condition.
2. **Distribution Shape**: The median is appropriate regardless of the distribution shape, making it suitable for non-normal distributions. Both ""Income"" and ""Teenhome"" do not follow a normal distribution, but this does not affect the applicability of the median.
3. **Presence of Outliers**: The median is less sensitive to outliers than the mean. Since we do not have specific information about the presence of outliers, using the median is still a safe choice as it will provide a more reliable measure of central tendency if outliers are present.

Therefore, the method ""Median"" MEETS all relevant conditions for the given data.","","","",""
"44","Contingency Table Test","Standard Deviation","NOT_APPLICABLE","NOT_APPLICABLE","correct","NOT APPLICABLE

The method ""Standard Deviation"" is not applicable for analyzing the association between the type of chest pain (ChestPainType) and the presence of heart disease (HeartDisease). Here's why:

1. Data Type: The variable ""ChestPainType"" is categorical, not quantitative. Standard deviation is a measure of variability used for quantitative data, which requires numerical values that can be summed and averaged. Since ""ChestPainType"" consists of categories (e.g., typical angina, atypical angina), standard deviation cannot be applied.

2. Normality: Even if we were dealing with quantitative data, the normality check is irrelevant here because standard deviation does not require the data to be normally distributed. However, since the data type is inappropriate, this consideration is secondary.

In summary, the data type requirement for standard deviation is not met due to the categorical nature of the ""ChestPainType"" variable. Therefore, standard deviation is NOT APPLICABLE to this problem.","","","",""
"31","Variance Test","Standard Deviation","NOT_APPLICABLE","APPLICABLE","wrong","APPLICABLE

The method ""Standard Deviation"" is applicable to the given dataset for certain columns. Here's the reasoning based on specific data features:

1. **Data Type**: The columns ""TOEFL Score"" and ""LOR"" (Letters of Recommendation) are both quantitative, which means they contain numerical values that can be used to calculate standard deviation.
   
2. **Sample Size**: There are 400 rows of data, which is a sufficiently large sample size to apply standard deviation calculations.

3. **Normality**: While the normality of ""TOEFL Score"" and ""LOR"" is not specified as normally distributed, standard deviation can still be calculated regardless of the distribution shape. However, interpreting the results might be more straightforward if the data were normally distributed.

For each known applicability condition of the standard deviation method:

- **Quantitative Data Requirement**: Both ""TOEFL Score"" and ""LOR"" meet this requirement as they are quantitative data types.
- **Sample Size Adequacy**: The dataset meets this requirement with 400 observations.
- **Distribution Normality**: Although not necessary for calculating standard deviation, the lack of normality does not prevent its application but may affect interpretation in some contexts.

Therefore, the method ""Standard Deviation"" is APPLICABLE to the ""TOEFL Score"" and ""LOR"" columns in this dataset.","","","",""
"43","Variance Test","Anderson-Darling Test","NOT_APPLICABLE","NOT_APPLICABLE","correct","NOT APPLICABLE

The Anderson-Darling Test is used to test if a sample is drawn from a population that follows a specified distribution. However, the question asks about comparing the variance patterns between two quantitative variables, CreditScore and EstimatedSalary, rather than testing for a specific distribution.

Specific data features relevant to this decision include:
- Both CreditScore and EstimatedSalary are quantitative data types.
- The normality status for both variables is indicated as False, suggesting they may not follow a normal distribution.
- The sample size is large (10,000 rows).

Applicability conditions for the Anderson-Darling Test:
1. **Test for Distribution Fit**: The test checks if a sample fits a specific distribution. Here, we need to compare variances, not fit a distribution.
   - Data MEETS: Having quantitative data.
   - Data DOES NOT MEET: The purpose of comparing variances instead of fitting a distribution.

Given these points, the Anderson-Darling Test is not suitable for comparing the variance patterns between CreditScore and EstimatedSalary.","","","",""
"8","Distribution Compliance Test","Skewness","NOT_APPLICABLE","APPLICABLE","wrong","APPLICABLE

The method ""Skewness"" is applicable to this problem based on the following data features:

- The data type for both ""MntWines"" (amount spent on wine) and ""Z_Revenue"" (revenue) is quantitative.
- Skewness can be calculated for any quantitative data regardless of its normality or sample size.

Specifically:
- Data Type: Both ""MntWines"" and ""Z_Revenue"" are quantitative, which meets the requirement for calculating skewness.
- Normality: The normality status (whether normal or not) does not affect the applicability of skewness calculation.
- Sample Size: With 2240 rows of data, the sample size is sufficiently large to calculate skewness accurately.

Therefore, the conditions for applying skewness analysis are met.","","","",""
"46","Variance Test","Levene Test","APPLICABLE","APPLICABLE","correct","APPLICABLE

The Levene test is used to assess the equality of variances for a variable across different groups. Here are the specific data features that support the applicability of the Levene test:

- **Data Type**: Both ""Weight"" and ""FCVC"" are quantitative variables, which is necessary for the Levene test.
- **Sample Size**: There are 2111 rows of data, indicating a sufficiently large sample size.
- **Normality**: The normality status of the data is not required for the Levene test, but it is noted that neither ""Weight"" nor ""FCVC"" is normally distributed, which is acceptable since the Levene test does not assume normality.

For each known applicability condition of the Levene test:
1. **Quantitative Data**: MEETS - Both ""Weight"" and ""FCVC"" are quantitative.
2. **Independence of Observations**: ASSUMED - Not directly provided, but typically assumed in such datasets unless stated otherwise.
3. **Sufficient Sample Size**: MEETS - With 2111 observations, the sample size is adequate.
4. **No Normality Assumption Required**: MEETS - The Levene test does not require the data to be normally distributed.

Given these conditions, the Levene test is applicable to determine if there is no significant difference in the variances of ""Weight"" and ""FCVC"".","","","",""
"40","Variance Test","Bartlett Test","APPLICABLE","NOT_APPLICABLE","wrong","NOT APPLICABLE

The Bartlett test is used to determine if there are differences in variances across multiple groups under certain conditions. The specific conditions for applying the Bartlett test include:

1. **Data Type**: The data should be quantitative. This condition is met since both ""Vietnam"" and ""China"" columns are of quantitative data types.
   
2. **Normality**: The samples must come from normally distributed populations. According to the provided information, the normality status for both ""Vietnam"" and ""China"" is True, meaning they are normally distributed. This condition is met.

3. **Sample Size**: Each group should have a sufficient number of observations. Typically, a rule of thumb is that each group should have at least 5 observations. Here, each country has 4 rows of data, which is below the typical threshold but close. However, some sources may accept smaller samples, so this could be considered marginally met.

Despite meeting the above conditions, the primary issue lies with the number of groups and the specific question asked. The Bartlett test is designed to compare variances across more than two groups. In this case, only two countries (Vietnam and China) are being compared, making the use of the Bartlett test inappropriate. A more suitable test would be Levene's test or the F-test for equality of variances when comparing just two groups.

Therefore, the Bartlett test is NOT APPLICABLE due to the comparison involving only two groups rather than multiple groups.","","","",""
"45","Variance Test","Mode","NOT_APPLICABLE","NOT_APPLICABLE","correct","NOT APPLICABLE

The mode is a measure of central tendency used primarily for categorical data or discrete numerical data. The question asks about comparing variances between two quantitative variables, 'age' and 'health'. 

- Data Type: Both 'age' and 'health' are quantitative, not categorical.
- Normality: Neither variable is normally distributed according to the provided information.
- Sample Size: There are 649 rows of data, which is sufficient for many statistical tests but not relevant for determining the applicability of the mode.

For the mode to be applicable:
- The data should be categorical or at least discrete quantitative values. (MEETS: DOES NOT MEET)
- It does not require normal distribution. (MEETS: DOES NOT APPLY AS RELEVANT)
- Sample size is generally not a concern for calculating the mode. (MEETS: DOES NOT APPLY AS RELEVANT)

Since the mode is not a suitable measure for comparing variances between two quantitative variables, it is NOT APPLICABLE to this problem.","","","",""
"36","Variance Test","Quartile","NOT_APPLICABLE","APPLICABLE","wrong","APPLICABLE

The method ""Quartile"" (which refers to dividing data into quartiles) is applicable to the given dataset for the following reasons:

1. Data Type: The ""SOP"" (Statement of Purpose) and ""GRE Score"" columns are both quantitative, which means they contain numerical values that can be ordered and divided into quartiles.
2. Normality: Neither the ""SOP"" nor the ""GRE Score"" columns are normally distributed, but quartiles do not require normal distribution as they are based on ranking and dividing the data into four equal parts.
3. Sample Size: With 400 rows of data, the sample size is sufficiently large to reliably calculate quartiles.

For each known applicability condition of the quartile method:
- The data must be quantitative: MEETS (both ""SOP"" and ""GRE Score"" are quantitative).
- The data does not need to be normally distributed: MEETS (neither ""SOP"" nor ""GRE Score"" is normally distributed).
- The sample size should be adequate: MEETS (400 rows provide a sufficient number of observations).","","","",""
"40","Variance Test","Lilliefors Test","NOT_APPLICABLE","NOT_APPLICABLE","correct","NOT APPLICABLE

The Lilliefors test is used to check for normality in a dataset when the parameters of the normal distribution are unknown. However, the question asks about comparing the variances of annual crop production between Vietnam and China, which would typically require a different test such as Levene's test or the F-test for equality of variances.

Specific data features relevant to the Lilliefors test applicability include:
- Data type: Quantitative
- Normality: The normality status is provided for each country, but it does not specify if these are the only two countries being compared (Vietnam and China).
- Sample size: Each country has 4 rows of data, which is a very small sample size.

Conditions for the Lilliefors test:
1. **Data Type**: The data must be quantitative, which is met.
2. **Sample Size**: The Lilliefors test can be applied to small samples, so this condition is met.
3. **Purpose**: The purpose here is to compare variances between two groups, not to test for normality within a single group, which is what the Lilliefors test is designed for.

Since the goal is to determine if there is a statistically significant difference in the variances of annual crop production between Vietnam and China, the Lilliefors test is not appropriate. Therefore, the method is NOT APPLICABLE.","","","",""
"10","Variance Test","Median","NOT_APPLICABLE","APPLICABLE","wrong","APPLICABLE

The method ""Median"" is applicable to this problem because:

- The data types for both ""Total"" and ""Height_m"" are quantitative, which means they contain numerical values suitable for calculating the median.
- The normality status for both columns is False, indicating that the data may not be normally distributed. This does not affect the applicability of the median since it is a robust measure of central tendency that can be used regardless of the distribution shape.
- The number of rows (721) is sufficiently large to calculate meaningful statistics like the median.

For each known applicability condition of the median method:
- Requires numerical data: MEETS (both ""Total"" and ""Height_m"" are quantitative).
- Does not require normal distribution: MEETS (the data is not normally distributed, but this does not impact the use of the median).
- Sufficient sample size: MEETS (with 721 observations, there is enough data to compute the median accurately).","","","",""
"3","Distribution Compliance Test","Partial Correlation Coefficient","NOT_APPLICABLE","NOT_APPLICABLE","correct","NOT APPLICABLE

The method ""Partial Correlation Coefficient"" requires certain conditions to be met for its application:

1. **Data Type**: The variables involved should be quantitative. In this case, the LOR score is quantitative, which meets this requirement.
   
2. **Normality**: Partial correlation coefficients typically assume that the variables involved are normally distributed. Here, the LOR column is specified as not being normally distributed (""is_normality: False""). This does not meet the normality assumption required for partial correlation coefficients.

3. **Sample Size**: While the sample size of 400 rows is generally considered adequate for many statistical tests, it is more critical in the context of partial correlations to ensure that the number of observations is sufficiently larger than the number of variables being controlled for. However, without knowing the exact number of control variables, we cannot definitively assess this condition. But given the failure on the normality condition, this becomes less relevant.

Given these points, the primary reason for the method being NOT APPLICABLE is the lack of normality in the LOR scores.","","","",""
"23","Variance Test","Standard Deviation","NOT_APPLICABLE","APPLICABLE","wrong","APPLICABLE

The method ""Standard Deviation"" is applicable for comparing the fluctuations in the Research Quality Score and the Teaching Score. Here's the reasoning based on the provided data features:

1. **Data Type**: Both the Research Quality Score and the Teaching Score are quantitative data types. Standard deviation is a measure used specifically with quantitative data to assess variability or dispersion within a dataset.
   
2. **Sample Size**: The number of rows (observations) is 910 for both scores, which is generally considered a sufficiently large sample size for applying standard deviation calculations.

3. **Normality**: While the normality status is listed as False for both scores, standard deviation can still be calculated regardless of whether the data follows a normal distribution. However, it's important to note that if the primary goal is to compare the variability of these two scores, and assuming they do not follow a normal distribution, alternative measures like interquartile range might also be considered for a more robust comparison.

In summary:
- **Quantitative Data Type**: MEETS the requirement for standard deviation calculation.
- **Sample Size**: MEETS the requirement for having enough observations to calculate standard deviation accurately.
- **Normality Requirement**: DOES NOT MEET the assumption of normality, but standard deviation can still be computed and used as a descriptive statistic.","","","",""
"26","Variance Test","Mean","NOT_APPLICABLE","NOT_APPLICABLE","correct","NOT APPLICABLE

The method ""Mean"" is not directly applicable to the problem of determining if there is uniformity in the variance of height among Pokémon compared to their weight. The mean is a measure of central tendency and does not provide information about the variance or uniformity of variances between two variables.

Specific data features relevant to this assessment include:
- Data type: Both Height_m and Weight_kg are quantitative.
- Normality: Neither column is specified as normally distributed.
- Sample size: There are 721 rows of data.

For the method ""Mean"" to be applicable, it would need to MEET the following conditions:
1. The data should be quantitative, which it is for both Height_m and Weight_kg.
2. The data should ideally be normally distributed for the mean to be a reliable measure of central tendency, but this is not specified here.
3. The mean alone does not address the question of uniformity in variance, so this condition is not met.

Since the goal is to assess uniformity in variance, methods such as Levene's test or Bartlett's test would be more appropriate than simply calculating means. Therefore, the use of ""Mean"" is NOT APPLICABLE to solve the stated problem.","","","",""
"16","Distribution Compliance Test","Kurtosis","NOT_APPLICABLE","APPLICABLE","wrong","APPLICABLE

The method ""Kurtosis"" is applicable to the problem based on the following evidence from the data features:

- The column ""Weight"" has a data type of quantitative and contains 17660 rows, which indicates a sufficient sample size for statistical measures like kurtosis.
- Although the normality status of the ""Weight"" column is listed as False, this does not preclude the calculation of kurtosis, which is a measure of the shape of the distribution's tails relative to a normal distribution.

For each known applicability condition of the kurtosis method:
- The data must be quantitative: MEETS (the weight data is quantitative).
- The sample size should be sufficiently large: MEETS (with 17660 observations, the sample size is adequate).
- The data does not need to be normally distributed: MEETS (kurtosis can be calculated regardless of the normality of the distribution).","","","",""
"29","Contingency Table Test","Anderson-Darling Test","NOT_APPLICABLE","NOT_APPLICABLE","correct","NOT APPLICABLE

The Anderson-Darling Test is used to test if a sample is drawn from a population that follows a specified distribution. It is typically applied to continuous data to assess normality or conformity to another specified distribution. However, the data provided includes several categorical variables and no continuous variables are mentioned.

Specific data features relevant to this decision include:
- All variables listed are either categorical or do not specify a continuous quantitative nature.
- The data types for all relevant columns (SHORTNESS OF BREATH, ALLERGY, LUNG_CANCER) are categorical.

Applicability conditions of the Anderson-Darling Test and their status based on the data:
1. **Continuous Data Requirement**: The data must be continuous. The data provided consists of categorical variables. Therefore, the data DOES NOT MEET this condition.
2. **Sample Size Consideration**: While the Anderson-Darling test can be applied to various sample sizes, it is generally more reliable with larger samples. However, since the data type requirement is not met, this consideration is moot. The data DOES NOT MEET this condition due to the data type issue.

Given these points, the Anderson-Darling Test is NOT APPLICABLE to the provided dataset.","","","",""
"24","Distribution Compliance Test","Shapiro-Wilk Test of Normality","NOT_APPLICABLE","APPLICABLE","wrong","APPLICABLE

The Shapiro-Wilk Test of Normality can be applied to the columns 'Income' and 'Teenhome' to determine if their distributions are normal. Here are the specific data features supporting this:

- **Data Type**: Both 'Income' and 'Teenhome' are quantitative data types, which is required for the Shapiro-Wilk test.
- **Sample Size**: The number of rows for both columns is 2240, which is within the recommended range for the Shapiro-Wilk test (typically from 3 to 5000).
- **Normality Check Requirement**: The Shapiro-Wilk test is used to check for normality, and it is specified that we need to check if these variables follow a similar distribution curve, which aligns with the purpose of the test.

For each known applicability condition of the Shapiro-Wilk test:
1. **Quantitative Data**: MEETS - Both 'Income' and 'Teenhome' are quantitative.
2. **Sample Size**: MEETS - With 2240 observations, it falls within the appropriate range for the Shapiro-Wilk test.
3. **Purpose of Testing Normality**: MEETS - The goal is to assess the normality of the distribution curves of household income and the number of teenagers in the household.","","","",""
"42","Distribution Compliance Test","Kolmogorov-Smirnov Test for Uniform distribution","NOT_APPLICABLE","NOT_APPLICABLE","correct","NOT APPLICABLE

The Kolmogorov-Smirnov test is typically used to compare a sample with a reference probability distribution (such as the normal distribution) or to compare two samples. However, the question here asks about testing for deviation from a normal distribution, but the method suggested is for testing against a uniform distribution. Therefore, the Kolmogorov-Smirnov test for a uniform distribution is not suitable for this purpose.

Specific data features relevant to this decision include:
- Data type: Quantitative
- Normality: False (indicating non-normal distribution)
- Sample size: 72 rows

Conditions for the Kolmogorov-Smirnov test for a uniform distribution:
1. **Reference Distribution**: The test should be applied against a uniform distribution, not a normal distribution. The data does not meet this condition since we are interested in testing against a normal distribution.
2. **Sample Size**: The sample size of 72 is generally considered adequate for the Kolmogorov-Smirnov test, so this condition is met.
3. **Data Type**: The data type being quantitative is appropriate for the Kolmogorov-Smirnov test, so this condition is met.

Since the primary issue is the mismatch between the intended test (against normal distribution) and the proposed method (for uniform distribution), the method is NOT APPLICABLE.","","","",""
"11","Distribution Compliance Test","Kolmogorov-Smirnov Test","NOT_APPLICABLE","APPLICABLE","wrong","APPLICABLE

The Kolmogorov-Smirnov (KS) test can be used to determine if a sample comes from a particular distribution, such as a normal distribution. Here's how the specific data features support its applicability:

1. **Data Type**: The column ""Death Age 100+"" is quantitative, which is suitable for the KS test since it requires numerical data.
2. **Sample Size**: With 10,517 rows, the sample size is sufficiently large for the KS test, which generally performs well with larger samples.
3. **Normality Information**: The ""is_normality: False"" indicates that the data does not follow a normal distribution, which aligns with the purpose of using the KS test to check for non-normality.

For each known applicability condition of the KS test:
- **Numerical Data**: MEETS - The data is quantitative.
- **Sample Size**: MEETS - The sample size is sufficiently large (10,517).
- **Distribution Assumption**: MEETS - The KS test can be used to test against a normal distribution, and we are interested in testing for non-normality.

Therefore, the Kolmogorov-Smirnov Test is applicable to this problem.","","","",""
"9","Distribution Compliance Test","Kendall Correlation Coefficient","NOT_APPLICABLE","NOT_APPLICABLE","correct","NOT APPLICABLE

The Kendall Correlation Coefficient is typically used to measure the ordinal association between two measured quantities. The specific conditions for its application include:

1. **Data Type**: Both variables should be at least ordinal. In this dataset, the variable of interest is ""age"", which is quantitative and can be treated as ordinal. However, the second variable is not specified in the question. If we assume another quantitative or ordinal variable like ""avg_glucose_level"" or ""bmi"", then the data types would meet the requirement.

2. **Sample Size**: The sample size of 5110 rows is sufficiently large for the Kendall correlation coefficient, which does not have strict minimum requirements but generally performs well with larger samples.

3. **Normality Requirement**: The Kendall Correlation Coefficient does not require the data to be normally distributed. Therefore, the fact that ""is_normality: False"" for the ""age"" column does not affect its applicability.

Since the question does not specify a second variable to correlate with ""age"", it is impossible to definitively conclude that the method is applicable without knowing the second variable's nature. Assuming an ordinal or quantitative variable, the method would be applicable based on the sample size and data type. However, due to the lack of specification, the answer must be NOT APPLICABLE.","","","",""
"3","Distribution Compliance Test","Kolmogorov-Smirnov Test","NOT_APPLICABLE","APPLICABLE","wrong","APPLICABLE

The Kolmogorov-Smirnov (KS) test can be used to determine if the distribution of scores for Letter of Recommendation (LOR) follows a normal distribution. Here are the specific data features and conditions that support this:

1. **Data Type**: The LOR column is quantitative, which is required for the KS test.
2. **Sample Size**: There are 400 rows of data, which is generally considered sufficient for the KS test to provide reliable results.
3. **Normality Check Requirement**: The KS test is designed to compare a sample distribution with a reference probability distribution (in this case, the normal distribution).

For the KS test applicability conditions:
- **Quantitative Data**: MEETS (the LOR scores are quantitative).
- **Sample Size**: MEETS (400 observations is typically adequate for the KS test).
- **Distribution Comparison**: MEETS (the KS test can compare the empirical distribution of LOR scores against a normal distribution).

Therefore, the Kolmogorov-Smirnov Test is APPLICABLE to this problem.","","","",""
"40","Variance Test","Mean","NOT_APPLICABLE","NOT_APPLICABLE","correct","NOT APPLICABLE

The question asks if the method ""Mean"" is applicable to determine if there is a statistically significant difference in the variances of annual crop production between Vietnam and China. However, the mean is not used to compare variances directly. Instead, methods like Levene's test or the F-test for equality of variances would be more appropriate.

Specific data features relevant to the applicability of variance comparison methods include:
- Data type: Quantitative (MEETS)
- Normality: Both Vietnam and China data are normally distributed (MEETS)
- Sample size: Each country has 4 rows of data (DOES NOT MEET - typically, larger sample sizes are preferred for more reliable variance tests)

Since the mean itself does not address the variance comparison, the method ""Mean"" is NOT APPLICABLE for this specific problem.","","","",""
"22","Distribution Compliance Test","Skewness","NOT_APPLICABLE","APPLICABLE","wrong","APPLICABLE

The method ""Skewness"" is applicable to the problem of assessing whether the values of the estimated salaries of bank customers are consistent with a normal distribution. Here's the reasoning based on specific data features:

- **Data Type**: The column ""EstimatedSalary"" has a data type of quantitative, which means it contains numerical values. Skewness is a measure used for quantitative data to determine the symmetry of its distribution.
- **Normality**: The column ""EstimatedSalary"" is marked as not being normally distributed (""is_normality: False""). This indicates that there might be an asymmetry in the distribution, which skewness can help quantify.
- **Sample Size**: With 10,000 rows of data, the sample size is sufficiently large to apply measures like skewness, which generally require a minimum number of observations to provide reliable estimates.

For each known applicability condition of the skewness method:
1. **Quantitative Data**: The data meets this condition because ""EstimatedSalary"" is quantitative.
2. **Sample Size Adequacy**: The data meets this condition due to the large sample size of 10,000 observations.
3. **Distribution Analysis Purpose**: The data meets this condition since we are interested in understanding if the salary distribution is symmetrical or skewed, which skewness can help determine.

Therefore, the method ""Skewness"" is APPLICABLE to assess the consistency of estimated salaries with a normal distribution.","","","",""
"47","Correlation Analysis","Lilliefors Test","NOT_APPLICABLE","NOT_APPLICABLE","correct","NOT APPLICABLE

The Lilliefors test is used to determine if a sample comes from a normally distributed population when the mean and variance of the population are unknown. Here are the specific conditions for applying the Lilliefors test and how they relate to the provided dataset:

1. **Data Type**: The Lilliefors test can be applied to quantitative data. Both ""Number of trees sold"" and ""Average Tree Price"" are quantitative data types. However, the test is typically applied to a single variable at a time, not to assess relationships between two variables.

2. **Normality**: The Lilliefors test checks for normality within a single variable. While ""Number of trees sold"" and ""Average Tree Price"" are both stated to be normally distributed (is_normality: True), the test would need to be applied separately to each variable, not to establish a relationship between them.

3. **Sample Size**: The Lilliefors test generally requires a minimum sample size, often recommended to be at least 50 observations for reliable results. In this case, there are only 14 rows of data, which is insufficient for the Lilliefors test to provide meaningful results.

Given these points, the Lilliefors test is not suitable for determining the relationship between the number of Christmas trees purchased and the average selling price of each tree. It is designed to test the normality of a single variable, not to explore relationships between two variables.

- **Condition 1 (Quantitative Data)**: MEETS
- **Condition 2 (Normality Check for Single Variable)**: MEETS
- **Condition 3 (Minimum Sample Size Requirement)**: DOES NOT MEET

Therefore, the Lilliefors test is NOT APPLICABLE for this problem.","","","",""
"1","Variance Test","Mood Variance Test","APPLICABLE","NOT_APPLICABLE","wrong","NOT APPLICABLE

The Mood Variance Test is used to compare variances across two or more groups when the data does not meet the assumptions of normality. However, the specific conditions for applying the Mood Variance Test to the given dataset need to be carefully evaluated:

1. **Data Type**: The test requires quantitative data. Both 'avg_income' and 'happyScore' are quantitative, which meets this requirement.

2. **Normality Assumption**: The Mood Variance Test is designed for non-normal distributions. Here, 'avg_income' and 'happyScore' are both noted as not being normally distributed, which aligns with the test's requirements.

3. **Sample Size**: While the sample size (111 rows) is adequate for many tests, the Mood Variance Test does not have strict minimum sample size requirements beyond what would be necessary for detecting differences in variance.

4. **Categorical Grouping**: The test requires at least one categorical variable defining the groups to be compared. In this case, 'region' could serve as the categorical grouping variable.

However, the question specifically asks about comparing ""average income and overall happiness score."" These are two different quantitative variables rather than variances within groups defined by a categorical variable. The Mood Variance Test is not designed to compare variances between two different quantitative variables but rather to compare variances within groups of a single quantitative variable categorized by another variable.

Therefore, the Mood Variance Test is NOT APPLICABLE because it cannot be used to directly compare the variances of 'avg_income' and 'happyScore' as separate variables without a common categorical grouping factor.","","","",""
"23","Variance Test","Levene Test","APPLICABLE","APPLICABLE","correct","APPLICABLE

The Levene Test is used to assess the equality of variances across different groups. In this context, we want to compare the fluctuations (variances) in the Research Quality Score and the Teaching Score. The specific data features supporting the applicability of the Levene Test include:

- Both the Research Quality Score and Teaching Score are quantitative data types.
- There are 910 rows of data for each score, which is a sufficiently large sample size for the Levene Test.
- The normality status of these scores is not specified as normal, but the Levene Test does not assume normality of the data, making it suitable for non-normal distributions.

For each known applicability condition of the Levene Test:
1. Data should be quantitative: MEETS (both Research Quality Score and Teaching Score are quantitative).
2. Sample size should be adequate: MEETS (with 910 observations, the sample size is more than sufficient).
3. No assumption of normality required: MEETS (the test does not require the data to be normally distributed).","","","",""
"36","Variance Test","Range","NOT_APPLICABLE","APPLICABLE","wrong","APPLICABLE

The method ""Range"" is applicable to both the GRE Score and SOP columns since they are both quantitative data types. The range can be calculated for any set of numerical values regardless of their distribution (normal or non-normal) and sample size.

Specific data features supporting this applicability include:
- Data Type: Both GRE Score and SOP are quantitative.
- Normality: Neither column is specified as normally distributed, but range calculation does not depend on normality.
- Sample Size: With 400 rows, there is sufficient data to calculate the range.

For each known applicability condition of the range method:
- Requires quantitative data: MEETS (both GRE Score and SOP are quantitative).
- Does not require normal distribution: MEETS (range calculation is valid for any distribution).
- Applicable with any sample size: MEETS (the sample size of 400 is adequate).","","","",""
"41","Correlation Analysis","Levene Test","NOT_APPLICABLE","NOT_APPLICABLE","correct","NOT APPLICABLE

The Levene Test is used to assess the equality of variances across different groups, typically for checking the homogeneity of variance assumption in ANOVA tests. To apply the Levene Test, we need at least one quantitative variable and one categorical variable that defines the groups.

In this dataset:
- The quantitative variables are: CreditScore, Age, Tenure, Balance, NumOfProducts, HasCrCard (though it's binary), IsActiveMember (though it's binary), EstimatedSalary.
- The categorical variables are: Geography, Gender, HasCrCard, IsActiveMember, Exited.

To use the Levene Test, we would need to define groups based on a categorical variable and then compare the variances of a quantitative variable across these groups. However, the question does not specify any particular grouping variable for the Levene Test. Additionally, the Balance column, which represents the bank account balance, is quantitative, but without a specified categorical grouping variable, we cannot apply the Levene Test directly to check for homogeneity of variance related to age.

Specifically:
- Data Type Condition: MEETS (we have both quantitative and categorical variables).
- Normality Condition: Irrelevant for Levene Test application since it checks for equal variances regardless of distribution shape.
- Sample Size Condition: MEETS (the dataset has 10002 rows, which is sufficiently large).

Since no specific grouping variable is mentioned for the Levene Test, the method is NOT APPLICABLE to the given problem statement.","","","",""
"9","Distribution Compliance Test","Shapiro-Wilk Test of Normality","NOT_APPLICABLE","APPLICABLE","wrong","APPLICABLE

The Shapiro-Wilk Test of Normality is applicable to the 'age' column based on the following specific data features:

- Data Type: The 'age' column is quantitative, which is required for the Shapiro-Wilk test.
- Sample Size: With 5110 rows, the sample size is sufficiently large for the Shapiro-Wilk test, although it is noted that the test can be applied to smaller samples as well (typically recommended for n ≤ 5000).
- Normality: The 'is_normality' flag for the 'age' column is False, indicating that preliminary checks suggest the data may not be normally distributed, but this does not preclude the use of the Shapiro-Wilk test.

Conditions for the Shapiro-Wilk Test:
1. The data must be quantitative: MEETS.
2. The sample size should typically be less than or equal to 5000: MEETS.
3. No transformation or grouping of data is needed: ASSUMED TO MEET unless stated otherwise.

Given these conditions, the Shapiro-Wilk Test of Normality is applicable to assess the normality of the 'age' distribution.","","","",""
"17","Contingency Table Test","Kendall Correlation Coefficient","NOT_APPLICABLE","NOT_APPLICABLE","correct","NOT APPLICABLE

The Kendall correlation coefficient is used to measure the association between two ranked variables. However, the question involves comparing the frequencies observed in schools with differences in the categorical variable `Mjob`. Here are the specific reasons why the Kendall correlation coefficient is not applicable:

1. **Data Type**: The variable `school` is categorical and does not represent a rankable variable. Similarly, `Mjob` is also categorical. The Kendall correlation coefficient requires at least one variable to be ordinal or continuous for ranking purposes, which is not the case here.

2. **Normality**: Normality is not relevant for the Kendall correlation coefficient since it is a non-parametric test. However, the issue remains that the variables involved are categorical rather than ordinal or continuous.

3. **Sample Size**: While the sample size (649 rows) is adequate for many statistical tests, it does not change the fact that the variables are not suitable for the Kendall correlation coefficient.

**Applicability Conditions of Kendall Correlation Coefficient**:
- **Condition 1**: At least one variable should be ordinal or continuous for ranking. 
  - **Status**: DOES NOT MEET (Both `school` and `Mjob` are categorical).
  
- **Condition 2**: The relationship between the variables should be monotonic.
  - **Status**: DOES NOT APPLY (Not relevant due to the nature of the variables).

Given these points, the Kendall correlation coefficient is NOT APPLICABLE for this problem.","","","",""
"42","Distribution Compliance Test","Skewness","NOT_APPLICABLE","APPLICABLE","wrong","APPLICABLE

The method ""Skewness"" is applicable to this problem based on the following specific data features:

- Data Type: The column ""# of Homeless Individuals Served at The Source"" is quantitative.
- Normality: The column is marked as not normal (""is_normality: False"").
- Sample Size: There are 72 rows of data, which is generally sufficient for assessing skewness.

For each known applicability condition of this method:

1. The data must be quantitative: MEETS (the data is quantitative).
2. The data should have a reasonable sample size: MEETS (72 observations are typically adequate).
3. Skewness is often used when the data is not normally distributed: MEETS (the data is marked as not normal).","","","",""
"6","Distribution Compliance Test","Pearson Correlation Coefficient","NOT_APPLICABLE","NOT_APPLICABLE","correct","NOT APPLICABLE

The Pearson Correlation Coefficient requires that both variables being correlated are normally distributed. In this dataset, the variable `happyScore` is specified as not being normally distributed (`is_normality: False`). Additionally, other quantitative variables like `avg_income`, `median_income`, `income_inequality`, and `GDP` are also not normally distributed. 

Here are the conditions for using the Pearson Correlation Coefficient and how they apply to the data:

1. **Both Variables Should Be Quantitative**: 
   - The `happyScore` variable is quantitative, but its normality assumption is violated.
   
2. **Normal Distribution Assumption**:
   - The `happyScore` variable does not meet the normality requirement (`is_normality: False`).
   
Since the `happyScore` variable is not normally distributed, the Pearson Correlation Coefficient is not appropriate for use with this variable. Therefore, the method is NOT APPLICABLE.","","","",""
"2","Distribution Compliance Test","Standard Deviation","NOT_APPLICABLE","APPLICABLE","wrong","APPLICABLE

The method ""Standard Deviation"" is applicable to the problem based on the following evidence from the data features:

- The data type for the ""math score"" column is quantitative, which is necessary for calculating standard deviation.
- The ""is_normality"" flag for the ""math score"" column is True, indicating that the data follows a normal distribution, although this is not strictly required for calculating standard deviation but is useful for interpretation and further statistical tests.
- The number of rows (1000) provides a sufficiently large sample size to reliably estimate the standard deviation.

For each known applicability condition of the standard deviation method:
- The data must be quantitative: MEETS.
- The data should ideally follow a normal distribution for certain inferential statistics, but this is not a strict requirement for calculating standard deviation: MEETS (since it can still be calculated regardless).
- A sufficient sample size is needed for reliable estimation: MEETS.","","","",""
