"question_id","task","difficulty","method","verdict","expected","j1","parse_reason","ground_truth_methods"
"0","Distribution Compliance Test","hard","Pearson Correlation Coefficient","NOT_APPLICABLE","NOT_APPLICABLE","correct","head:\bNOT\s+APPLICABLE\b","['Anderson-Darling Test', 'Kolmogorov-Smirnov Test for Normality', 'Lilliefors Test']"
"0","Distribution Compliance Test","hard","Spearman Correlation Coefficient","NOT_APPLICABLE","NOT_APPLICABLE","correct","head:\bNOT\s+APPLICABLE\b","['Anderson-Darling Test', 'Kolmogorov-Smirnov Test for Normality', 'Lilliefors Test']"
"0","Distribution Compliance Test","hard","Kendall Correlation Coefficient","NOT_APPLICABLE","NOT_APPLICABLE","correct","head:\bNOT\s+APPLICABLE\b","['Anderson-Darling Test', 'Kolmogorov-Smirnov Test for Normality', 'Lilliefors Test']"
"0","Distribution Compliance Test","hard","Partial Correlation Coefficient","NOT_APPLICABLE","NOT_APPLICABLE","correct","head:\bNOT\s+APPLICABLE\b","['Anderson-Darling Test', 'Kolmogorov-Smirnov Test for Normality', 'Lilliefors Test']"
"0","Distribution Compliance Test","hard","Anderson-Darling Test","APPLICABLE","APPLICABLE","correct","head:\bAPPLICABLE\b","['Anderson-Darling Test', 'Kolmogorov-Smirnov Test for Normality', 'Lilliefors Test']"
"0","Distribution Compliance Test","hard","Shapiro-Wilk Test of Normality","APPLICABLE","NOT_APPLICABLE","wrong","head:\bAPPLICABLE\b","['Anderson-Darling Test', 'Kolmogorov-Smirnov Test for Normality', 'Lilliefors Test']"
"0","Distribution Compliance Test","hard","Kolmogorov-Smirnov Test for Normality","APPLICABLE","APPLICABLE","correct","head:\bAPPLICABLE\b","['Anderson-Darling Test', 'Kolmogorov-Smirnov Test for Normality', 'Lilliefors Test']"
"0","Distribution Compliance Test","hard","Lilliefors Test","APPLICABLE","APPLICABLE","correct","head:\bAPPLICABLE\b","['Anderson-Darling Test', 'Kolmogorov-Smirnov Test for Normality', 'Lilliefors Test']"
"0","Distribution Compliance Test","hard","Kolmogorov-Smirnov Test","APPLICABLE","NOT_APPLICABLE","wrong","head:\bAPPLICABLE\b","['Anderson-Darling Test', 'Kolmogorov-Smirnov Test for Normality', 'Lilliefors Test']"
"0","Distribution Compliance Test","hard","Kolmogorov-Smirnov Test for Uniform distribution","NOT_APPLICABLE","NOT_APPLICABLE","correct","head:\bNOT\s+APPLICABLE\b","['Anderson-Darling Test', 'Kolmogorov-Smirnov Test for Normality', 'Lilliefors Test']"
"0","Distribution Compliance Test","hard","Kolmogorov-Smirnov Test for Gamma distribution","NOT_APPLICABLE","NOT_APPLICABLE","correct","head:\bNOT\s+APPLICABLE\b","['Anderson-Darling Test', 'Kolmogorov-Smirnov Test for Normality', 'Lilliefors Test']"
"0","Distribution Compliance Test","hard","Kolmogorov-Smirnov Test for Exponential distribution","NOT_APPLICABLE","NOT_APPLICABLE","correct","head:\bNOT\s+APPLICABLE\b","['Anderson-Darling Test', 'Kolmogorov-Smirnov Test for Normality', 'Lilliefors Test']"
"0","Distribution Compliance Test","hard","Chi-square Independence Test","NOT_APPLICABLE","NOT_APPLICABLE","correct","head:\bNOT\s+APPLICABLE\b","['Anderson-Darling Test', 'Kolmogorov-Smirnov Test for Normality', 'Lilliefors Test']"
"0","Distribution Compliance Test","hard","Fisher Exact Test","NOT_APPLICABLE","NOT_APPLICABLE","correct","head:\bNOT\s+APPLICABLE\b","['Anderson-Darling Test', 'Kolmogorov-Smirnov Test for Normality', 'Lilliefors Test']"
"0","Distribution Compliance Test","hard","Mantel-Haenszel Test","NOT_APPLICABLE","NOT_APPLICABLE","correct","head:\bNOT\s+APPLICABLE\b","['Anderson-Darling Test', 'Kolmogorov-Smirnov Test for Normality', 'Lilliefors Test']"
"0","Distribution Compliance Test","hard","Mean","APPLICABLE","NOT_APPLICABLE","wrong","head:\bAPPLICABLE\b","['Anderson-Darling Test', 'Kolmogorov-Smirnov Test for Normality', 'Lilliefors Test']"
"0","Distribution Compliance Test","hard","Median","APPLICABLE","NOT_APPLICABLE","wrong","head:\bAPPLICABLE\b","['Anderson-Darling Test', 'Kolmogorov-Smirnov Test for Normality', 'Lilliefors Test']"
"0","Distribution Compliance Test","hard","Mode","NOT_APPLICABLE","NOT_APPLICABLE","correct","head:\bNOT\s+APPLICABLE\b","['Anderson-Darling Test', 'Kolmogorov-Smirnov Test for Normality', 'Lilliefors Test']"
"0","Distribution Compliance Test","hard","Range","NOT_APPLICABLE","NOT_APPLICABLE","correct","head:\bNOT\s+APPLICABLE\b","['Anderson-Darling Test', 'Kolmogorov-Smirnov Test for Normality', 'Lilliefors Test']"
"0","Distribution Compliance Test","hard","Quartile","NOT_APPLICABLE","NOT_APPLICABLE","correct","head:\bNOT\s+APPLICABLE\b","['Anderson-Darling Test', 'Kolmogorov-Smirnov Test for Normality', 'Lilliefors Test']"
"0","Distribution Compliance Test","hard","Standard Deviation","APPLICABLE","NOT_APPLICABLE","wrong","head:\bAPPLICABLE\b","['Anderson-Darling Test', 'Kolmogorov-Smirnov Test for Normality', 'Lilliefors Test']"
"0","Distribution Compliance Test","hard","Skewness","APPLICABLE","NOT_APPLICABLE","wrong","head:\bAPPLICABLE\b","['Anderson-Darling Test', 'Kolmogorov-Smirnov Test for Normality', 'Lilliefors Test']"
"0","Distribution Compliance Test","hard","Kurtosis","APPLICABLE","NOT_APPLICABLE","wrong","head:\bAPPLICABLE\b","['Anderson-Darling Test', 'Kolmogorov-Smirnov Test for Normality', 'Lilliefors Test']"
"0","Distribution Compliance Test","hard","Mood Variance Test","NOT_APPLICABLE","NOT_APPLICABLE","correct","head:\bNOT\s+APPLICABLE\b","['Anderson-Darling Test', 'Kolmogorov-Smirnov Test for Normality', 'Lilliefors Test']"
"0","Distribution Compliance Test","hard","Levene Test","NOT_APPLICABLE","NOT_APPLICABLE","correct","head:\bNOT\s+APPLICABLE\b","['Anderson-Darling Test', 'Kolmogorov-Smirnov Test for Normality', 'Lilliefors Test']"
"0","Distribution Compliance Test","hard","Bartlett Test","NOT_APPLICABLE","NOT_APPLICABLE","correct","head:\bNOT\s+APPLICABLE\b","['Anderson-Darling Test', 'Kolmogorov-Smirnov Test for Normality', 'Lilliefors Test']"
"0","Distribution Compliance Test","hard","F-Test for Variance","NOT_APPLICABLE","NOT_APPLICABLE","correct","head:\bNOT\s+APPLICABLE\b","['Anderson-Darling Test', 'Kolmogorov-Smirnov Test for Normality', 'Lilliefors Test']"
"1","Variance Test","hard","Pearson Correlation Coefficient","NOT_APPLICABLE","NOT_APPLICABLE","correct","head:\bNOT\s+APPLICABLE\b","['Mood Variance Test', 'Levene Test']"
"1","Variance Test","hard","Spearman Correlation Coefficient","NOT_APPLICABLE","NOT_APPLICABLE","correct","head:\bNOT\s+APPLICABLE\b","['Mood Variance Test', 'Levene Test']"
"1","Variance Test","hard","Kendall Correlation Coefficient","NOT_APPLICABLE","NOT_APPLICABLE","correct","head:\bNOT\s+APPLICABLE\b","['Mood Variance Test', 'Levene Test']"
"1","Variance Test","hard","Partial Correlation Coefficient","NOT_APPLICABLE","NOT_APPLICABLE","correct","head:\bNOT\s+APPLICABLE\b","['Mood Variance Test', 'Levene Test']"
"1","Variance Test","hard","Anderson-Darling Test","NOT_APPLICABLE","NOT_APPLICABLE","correct","head:\bNOT\s+APPLICABLE\b","['Mood Variance Test', 'Levene Test']"
"1","Variance Test","hard","Shapiro-Wilk Test of Normality","NOT_APPLICABLE","NOT_APPLICABLE","correct","head:\bNOT\s+APPLICABLE\b","['Mood Variance Test', 'Levene Test']"
"1","Variance Test","hard","Kolmogorov-Smirnov Test for Normality","NOT_APPLICABLE","NOT_APPLICABLE","correct","head:\bNOT\s+APPLICABLE\b","['Mood Variance Test', 'Levene Test']"
"1","Variance Test","hard","Lilliefors Test","NOT_APPLICABLE","NOT_APPLICABLE","correct","head:\bNOT\s+APPLICABLE\b","['Mood Variance Test', 'Levene Test']"
"1","Variance Test","hard","Kolmogorov-Smirnov Test","NOT_APPLICABLE","NOT_APPLICABLE","correct","head:\bNOT\s+APPLICABLE\b","['Mood Variance Test', 'Levene Test']"
"1","Variance Test","hard","Kolmogorov-Smirnov Test for Uniform distribution","NOT_APPLICABLE","NOT_APPLICABLE","correct","head:\bNOT\s+APPLICABLE\b","['Mood Variance Test', 'Levene Test']"
"1","Variance Test","hard","Kolmogorov-Smirnov Test for Gamma distribution","NOT_APPLICABLE","NOT_APPLICABLE","correct","head:\bNOT\s+APPLICABLE\b","['Mood Variance Test', 'Levene Test']"
"1","Variance Test","hard","Kolmogorov-Smirnov Test for Exponential distribution","NOT_APPLICABLE","NOT_APPLICABLE","correct","head:\bNOT\s+APPLICABLE\b","['Mood Variance Test', 'Levene Test']"
"1","Variance Test","hard","Chi-square Independence Test","NOT_APPLICABLE","NOT_APPLICABLE","correct","head:\bNOT\s+APPLICABLE\b","['Mood Variance Test', 'Levene Test']"
"1","Variance Test","hard","Fisher Exact Test","NOT_APPLICABLE","NOT_APPLICABLE","correct","head:\bNOT\s+APPLICABLE\b","['Mood Variance Test', 'Levene Test']"
"1","Variance Test","hard","Mantel-Haenszel Test","NOT_APPLICABLE","NOT_APPLICABLE","correct","head:\bNOT\s+APPLICABLE\b","['Mood Variance Test', 'Levene Test']"
"1","Variance Test","hard","Mean","NOT_APPLICABLE","NOT_APPLICABLE","correct","head:\bNOT\s+APPLICABLE\b","['Mood Variance Test', 'Levene Test']"
"1","Variance Test","hard","Median","NOT_APPLICABLE","NOT_APPLICABLE","correct","head:\bNOT\s+APPLICABLE\b","['Mood Variance Test', 'Levene Test']"
"1","Variance Test","hard","Mode","NOT_APPLICABLE","NOT_APPLICABLE","correct","head:\bNOT\s+APPLICABLE\b","['Mood Variance Test', 'Levene Test']"
"1","Variance Test","hard","Range","NOT_APPLICABLE","NOT_APPLICABLE","correct","head:\bNOT\s+APPLICABLE\b","['Mood Variance Test', 'Levene Test']"
"1","Variance Test","hard","Quartile","NOT_APPLICABLE","NOT_APPLICABLE","correct","head:\bNOT\s+APPLICABLE\b","['Mood Variance Test', 'Levene Test']"
"1","Variance Test","hard","Standard Deviation","NOT_APPLICABLE","NOT_APPLICABLE","correct","head:\bNOT\s+APPLICABLE\b","['Mood Variance Test', 'Levene Test']"
"1","Variance Test","hard","Skewness","APPLICABLE","NOT_APPLICABLE","wrong","head:\bAPPLICABLE\b","['Mood Variance Test', 'Levene Test']"
"1","Variance Test","hard","Kurtosis","NOT_APPLICABLE","NOT_APPLICABLE","correct","head:\bNOT\s+APPLICABLE\b","['Mood Variance Test', 'Levene Test']"
"1","Variance Test","hard","Mood Variance Test","NOT_APPLICABLE","APPLICABLE","wrong","head:\bNOT\s+APPLICABLE\b","['Mood Variance Test', 'Levene Test']"
"1","Variance Test","hard","Levene Test","APPLICABLE","APPLICABLE","correct","head:\bAPPLICABLE\b","['Mood Variance Test', 'Levene Test']"
"1","Variance Test","hard","Bartlett Test","NOT_APPLICABLE","NOT_APPLICABLE","correct","head:\bNOT\s+APPLICABLE\b","['Mood Variance Test', 'Levene Test']"
"1","Variance Test","hard","F-Test for Variance","NOT_APPLICABLE","NOT_APPLICABLE","correct","head:\bNOT\s+APPLICABLE\b","['Mood Variance Test', 'Levene Test']"
"2","Distribution Compliance Test","hard","Pearson Correlation Coefficient","NOT_APPLICABLE","NOT_APPLICABLE","correct","head:\bNOT\s+APPLICABLE\b","['Anderson-Darling Test', 'Kolmogorov-Smirnov Test for Normality', 'Lilliefors Test']"
"2","Distribution Compliance Test","hard","Spearman Correlation Coefficient","NOT_APPLICABLE","NOT_APPLICABLE","correct","head:\bNOT\s+APPLICABLE\b","['Anderson-Darling Test', 'Kolmogorov-Smirnov Test for Normality', 'Lilliefors Test']"
"2","Distribution Compliance Test","hard","Kendall Correlation Coefficient","NOT_APPLICABLE","NOT_APPLICABLE","correct","head:\bNOT\s+APPLICABLE\b","['Anderson-Darling Test', 'Kolmogorov-Smirnov Test for Normality', 'Lilliefors Test']"
"2","Distribution Compliance Test","hard","Partial Correlation Coefficient","NOT_APPLICABLE","NOT_APPLICABLE","correct","head:\bNOT\s+APPLICABLE\b","['Anderson-Darling Test', 'Kolmogorov-Smirnov Test for Normality', 'Lilliefors Test']"
"2","Distribution Compliance Test","hard","Anderson-Darling Test","APPLICABLE","APPLICABLE","correct","head:\bAPPLICABLE\b","['Anderson-Darling Test', 'Kolmogorov-Smirnov Test for Normality', 'Lilliefors Test']"
"2","Distribution Compliance Test","hard","Shapiro-Wilk Test of Normality","APPLICABLE","NOT_APPLICABLE","wrong","head:\bAPPLICABLE\b","['Anderson-Darling Test', 'Kolmogorov-Smirnov Test for Normality', 'Lilliefors Test']"
"2","Distribution Compliance Test","hard","Kolmogorov-Smirnov Test for Normality","APPLICABLE","APPLICABLE","correct","head:\bAPPLICABLE\b","['Anderson-Darling Test', 'Kolmogorov-Smirnov Test for Normality', 'Lilliefors Test']"
"2","Distribution Compliance Test","hard","Lilliefors Test","APPLICABLE","APPLICABLE","correct","head:\bAPPLICABLE\b","['Anderson-Darling Test', 'Kolmogorov-Smirnov Test for Normality', 'Lilliefors Test']"
"2","Distribution Compliance Test","hard","Kolmogorov-Smirnov Test","APPLICABLE","NOT_APPLICABLE","wrong","head:\bAPPLICABLE\b","['Anderson-Darling Test', 'Kolmogorov-Smirnov Test for Normality', 'Lilliefors Test']"
"2","Distribution Compliance Test","hard","Kolmogorov-Smirnov Test for Uniform distribution","NOT_APPLICABLE","NOT_APPLICABLE","correct","head:\bNOT\s+APPLICABLE\b","['Anderson-Darling Test', 'Kolmogorov-Smirnov Test for Normality', 'Lilliefors Test']"
"2","Distribution Compliance Test","hard","Kolmogorov-Smirnov Test for Gamma distribution","NOT_APPLICABLE","NOT_APPLICABLE","correct","head:\bNOT\s+APPLICABLE\b","['Anderson-Darling Test', 'Kolmogorov-Smirnov Test for Normality', 'Lilliefors Test']"
"2","Distribution Compliance Test","hard","Kolmogorov-Smirnov Test for Exponential distribution","NOT_APPLICABLE","NOT_APPLICABLE","correct","head:\bNOT\s+APPLICABLE\b","['Anderson-Darling Test', 'Kolmogorov-Smirnov Test for Normality', 'Lilliefors Test']"
"2","Distribution Compliance Test","hard","Chi-square Independence Test","NOT_APPLICABLE","NOT_APPLICABLE","correct","head:\bNOT\s+APPLICABLE\b","['Anderson-Darling Test', 'Kolmogorov-Smirnov Test for Normality', 'Lilliefors Test']"
"2","Distribution Compliance Test","hard","Fisher Exact Test","NOT_APPLICABLE","NOT_APPLICABLE","correct","head:\bNOT\s+APPLICABLE\b","['Anderson-Darling Test', 'Kolmogorov-Smirnov Test for Normality', 'Lilliefors Test']"
"2","Distribution Compliance Test","hard","Mantel-Haenszel Test","NOT_APPLICABLE","NOT_APPLICABLE","correct","head:\bNOT\s+APPLICABLE\b","['Anderson-Darling Test', 'Kolmogorov-Smirnov Test for Normality', 'Lilliefors Test']"
"2","Distribution Compliance Test","hard","Mean","APPLICABLE","NOT_APPLICABLE","wrong","head:\bAPPLICABLE\b","['Anderson-Darling Test', 'Kolmogorov-Smirnov Test for Normality', 'Lilliefors Test']"
"2","Distribution Compliance Test","hard","Median","NOT_APPLICABLE","NOT_APPLICABLE","correct","head:\bNOT\s+APPLICABLE\b","['Anderson-Darling Test', 'Kolmogorov-Smirnov Test for Normality', 'Lilliefors Test']"
"2","Distribution Compliance Test","hard","Mode","NOT_APPLICABLE","NOT_APPLICABLE","correct","head:\bNOT\s+APPLICABLE\b","['Anderson-Darling Test', 'Kolmogorov-Smirnov Test for Normality', 'Lilliefors Test']"
"2","Distribution Compliance Test","hard","Range","NOT_APPLICABLE","NOT_APPLICABLE","correct","head:\bNOT\s+APPLICABLE\b","['Anderson-Darling Test', 'Kolmogorov-Smirnov Test for Normality', 'Lilliefors Test']"
"2","Distribution Compliance Test","hard","Quartile","NOT_APPLICABLE","NOT_APPLICABLE","correct","head:\bNOT\s+APPLICABLE\b","['Anderson-Darling Test', 'Kolmogorov-Smirnov Test for Normality', 'Lilliefors Test']"
"2","Distribution Compliance Test","hard","Standard Deviation","APPLICABLE","NOT_APPLICABLE","wrong","head:\bAPPLICABLE\b","['Anderson-Darling Test', 'Kolmogorov-Smirnov Test for Normality', 'Lilliefors Test']"
"2","Distribution Compliance Test","hard","Skewness","APPLICABLE","NOT_APPLICABLE","wrong","head:\bAPPLICABLE\b","['Anderson-Darling Test', 'Kolmogorov-Smirnov Test for Normality', 'Lilliefors Test']"
"2","Distribution Compliance Test","hard","Kurtosis","APPLICABLE","NOT_APPLICABLE","wrong","head:\bAPPLICABLE\b","['Anderson-Darling Test', 'Kolmogorov-Smirnov Test for Normality', 'Lilliefors Test']"
"2","Distribution Compliance Test","hard","Mood Variance Test","NOT_APPLICABLE","NOT_APPLICABLE","correct","head:\bNOT\s+APPLICABLE\b","['Anderson-Darling Test', 'Kolmogorov-Smirnov Test for Normality', 'Lilliefors Test']"
"2","Distribution Compliance Test","hard","Levene Test","NOT_APPLICABLE","NOT_APPLICABLE","correct","head:\bNOT\s+APPLICABLE\b","['Anderson-Darling Test', 'Kolmogorov-Smirnov Test for Normality', 'Lilliefors Test']"
"2","Distribution Compliance Test","hard","Bartlett Test","NOT_APPLICABLE","NOT_APPLICABLE","correct","head:\bNOT\s+APPLICABLE\b","['Anderson-Darling Test', 'Kolmogorov-Smirnov Test for Normality', 'Lilliefors Test']"
"2","Distribution Compliance Test","hard","F-Test for Variance","NOT_APPLICABLE","NOT_APPLICABLE","correct","head:\bNOT\s+APPLICABLE\b","['Anderson-Darling Test', 'Kolmogorov-Smirnov Test for Normality', 'Lilliefors Test']"
"3","Distribution Compliance Test","hard","Pearson Correlation Coefficient","NOT_APPLICABLE","NOT_APPLICABLE","correct","head:\bNOT\s+APPLICABLE\b","['Anderson-Darling Test', 'Kolmogorov-Smirnov Test for Normality', 'Lilliefors Test']"
"3","Distribution Compliance Test","hard","Spearman Correlation Coefficient","APPLICABLE","NOT_APPLICABLE","wrong","head:\bAPPLICABLE\b","['Anderson-Darling Test', 'Kolmogorov-Smirnov Test for Normality', 'Lilliefors Test']"
"3","Distribution Compliance Test","hard","Kendall Correlation Coefficient","NOT_APPLICABLE","NOT_APPLICABLE","correct","head:\bNOT\s+APPLICABLE\b","['Anderson-Darling Test', 'Kolmogorov-Smirnov Test for Normality', 'Lilliefors Test']"
"3","Distribution Compliance Test","hard","Partial Correlation Coefficient","NOT_APPLICABLE","NOT_APPLICABLE","correct","head:\bNOT\s+APPLICABLE\b","['Anderson-Darling Test', 'Kolmogorov-Smirnov Test for Normality', 'Lilliefors Test']"
"3","Distribution Compliance Test","hard","Anderson-Darling Test","APPLICABLE","APPLICABLE","correct","head:\bAPPLICABLE\b","['Anderson-Darling Test', 'Kolmogorov-Smirnov Test for Normality', 'Lilliefors Test']"
"3","Distribution Compliance Test","hard","Shapiro-Wilk Test of Normality","APPLICABLE","NOT_APPLICABLE","wrong","head:\bAPPLICABLE\b","['Anderson-Darling Test', 'Kolmogorov-Smirnov Test for Normality', 'Lilliefors Test']"
"3","Distribution Compliance Test","hard","Kolmogorov-Smirnov Test for Normality","APPLICABLE","APPLICABLE","correct","head:\bAPPLICABLE\b","['Anderson-Darling Test', 'Kolmogorov-Smirnov Test for Normality', 'Lilliefors Test']"
"3","Distribution Compliance Test","hard","Lilliefors Test","APPLICABLE","APPLICABLE","correct","head:\bAPPLICABLE\b","['Anderson-Darling Test', 'Kolmogorov-Smirnov Test for Normality', 'Lilliefors Test']"
"3","Distribution Compliance Test","hard","Kolmogorov-Smirnov Test","APPLICABLE","NOT_APPLICABLE","wrong","head:\bAPPLICABLE\b","['Anderson-Darling Test', 'Kolmogorov-Smirnov Test for Normality', 'Lilliefors Test']"
"3","Distribution Compliance Test","hard","Kolmogorov-Smirnov Test for Uniform distribution","NOT_APPLICABLE","NOT_APPLICABLE","correct","head:\bNOT\s+APPLICABLE\b","['Anderson-Darling Test', 'Kolmogorov-Smirnov Test for Normality', 'Lilliefors Test']"
"3","Distribution Compliance Test","hard","Kolmogorov-Smirnov Test for Gamma distribution","NOT_APPLICABLE","NOT_APPLICABLE","correct","head:\bNOT\s+APPLICABLE\b","['Anderson-Darling Test', 'Kolmogorov-Smirnov Test for Normality', 'Lilliefors Test']"
"3","Distribution Compliance Test","hard","Kolmogorov-Smirnov Test for Exponential distribution","NOT_APPLICABLE","NOT_APPLICABLE","correct","head:\bNOT\s+APPLICABLE\b","['Anderson-Darling Test', 'Kolmogorov-Smirnov Test for Normality', 'Lilliefors Test']"
"3","Distribution Compliance Test","hard","Chi-square Independence Test","NOT_APPLICABLE","NOT_APPLICABLE","correct","head:\bNOT\s+APPLICABLE\b","['Anderson-Darling Test', 'Kolmogorov-Smirnov Test for Normality', 'Lilliefors Test']"
"3","Distribution Compliance Test","hard","Fisher Exact Test","NOT_APPLICABLE","NOT_APPLICABLE","correct","head:\bNOT\s+APPLICABLE\b","['Anderson-Darling Test', 'Kolmogorov-Smirnov Test for Normality', 'Lilliefors Test']"
"3","Distribution Compliance Test","hard","Mantel-Haenszel Test","NOT_APPLICABLE","NOT_APPLICABLE","correct","head:\bNOT\s+APPLICABLE\b","['Anderson-Darling Test', 'Kolmogorov-Smirnov Test for Normality', 'Lilliefors Test']"
"3","Distribution Compliance Test","hard","Mean","NOT_APPLICABLE","NOT_APPLICABLE","correct","head:\bNOT\s+APPLICABLE\b","['Anderson-Darling Test', 'Kolmogorov-Smirnov Test for Normality', 'Lilliefors Test']"
"3","Distribution Compliance Test","hard","Median","APPLICABLE","NOT_APPLICABLE","wrong","head:\bAPPLICABLE\b","['Anderson-Darling Test', 'Kolmogorov-Smirnov Test for Normality', 'Lilliefors Test']"
"3","Distribution Compliance Test","hard","Mode","NOT_APPLICABLE","NOT_APPLICABLE","correct","head:\bNOT\s+APPLICABLE\b","['Anderson-Darling Test', 'Kolmogorov-Smirnov Test for Normality', 'Lilliefors Test']"
"3","Distribution Compliance Test","hard","Range","NOT_APPLICABLE","NOT_APPLICABLE","correct","head:\bNOT\s+APPLICABLE\b","['Anderson-Darling Test', 'Kolmogorov-Smirnov Test for Normality', 'Lilliefors Test']"
"3","Distribution Compliance Test","hard","Quartile","NOT_APPLICABLE","NOT_APPLICABLE","correct","head:\bNOT\s+APPLICABLE\b","['Anderson-Darling Test', 'Kolmogorov-Smirnov Test for Normality', 'Lilliefors Test']"
"3","Distribution Compliance Test","hard","Standard Deviation","NOT_APPLICABLE","NOT_APPLICABLE","correct","head:\bNOT\s+APPLICABLE\b","['Anderson-Darling Test', 'Kolmogorov-Smirnov Test for Normality', 'Lilliefors Test']"
"3","Distribution Compliance Test","hard","Skewness","APPLICABLE","NOT_APPLICABLE","wrong","head:\bAPPLICABLE\b","['Anderson-Darling Test', 'Kolmogorov-Smirnov Test for Normality', 'Lilliefors Test']"
"3","Distribution Compliance Test","hard","Kurtosis","APPLICABLE","NOT_APPLICABLE","wrong","head:\bAPPLICABLE\b","['Anderson-Darling Test', 'Kolmogorov-Smirnov Test for Normality', 'Lilliefors Test']"
"3","Distribution Compliance Test","hard","Mood Variance Test","NOT_APPLICABLE","NOT_APPLICABLE","correct","head:\bNOT\s+APPLICABLE\b","['Anderson-Darling Test', 'Kolmogorov-Smirnov Test for Normality', 'Lilliefors Test']"
"3","Distribution Compliance Test","hard","Levene Test","NOT_APPLICABLE","NOT_APPLICABLE","correct","head:\bNOT\s+APPLICABLE\b","['Anderson-Darling Test', 'Kolmogorov-Smirnov Test for Normality', 'Lilliefors Test']"
"3","Distribution Compliance Test","hard","Bartlett Test","NOT_APPLICABLE","NOT_APPLICABLE","correct","head:\bNOT\s+APPLICABLE\b","['Anderson-Darling Test', 'Kolmogorov-Smirnov Test for Normality', 'Lilliefors Test']"
"3","Distribution Compliance Test","hard","F-Test for Variance","NOT_APPLICABLE","NOT_APPLICABLE","correct","head:\bNOT\s+APPLICABLE\b","['Anderson-Darling Test', 'Kolmogorov-Smirnov Test for Normality', 'Lilliefors Test']"
"4","Distribution Compliance Test","hard","Pearson Correlation Coefficient","NOT_APPLICABLE","NOT_APPLICABLE","correct","head:\bNOT\s+APPLICABLE\b","['Anderson-Darling Test', 'Kolmogorov-Smirnov Test for Normality', 'Lilliefors Test']"
"4","Distribution Compliance Test","hard","Spearman Correlation Coefficient","NOT_APPLICABLE","NOT_APPLICABLE","correct","head:\bNOT\s+APPLICABLE\b","['Anderson-Darling Test', 'Kolmogorov-Smirnov Test for Normality', 'Lilliefors Test']"
"4","Distribution Compliance Test","hard","Kendall Correlation Coefficient","NOT_APPLICABLE","NOT_APPLICABLE","correct","head:\bNOT\s+APPLICABLE\b","['Anderson-Darling Test', 'Kolmogorov-Smirnov Test for Normality', 'Lilliefors Test']"
"4","Distribution Compliance Test","hard","Partial Correlation Coefficient","NOT_APPLICABLE","NOT_APPLICABLE","correct","head:\bNOT\s+APPLICABLE\b","['Anderson-Darling Test', 'Kolmogorov-Smirnov Test for Normality', 'Lilliefors Test']"
"4","Distribution Compliance Test","hard","Anderson-Darling Test","APPLICABLE","APPLICABLE","correct","head:\bAPPLICABLE\b","['Anderson-Darling Test', 'Kolmogorov-Smirnov Test for Normality', 'Lilliefors Test']"
"4","Distribution Compliance Test","hard","Shapiro-Wilk Test of Normality","APPLICABLE","NOT_APPLICABLE","wrong","head:\bAPPLICABLE\b","['Anderson-Darling Test', 'Kolmogorov-Smirnov Test for Normality', 'Lilliefors Test']"
"4","Distribution Compliance Test","hard","Kolmogorov-Smirnov Test for Normality","APPLICABLE","APPLICABLE","correct","head:\bAPPLICABLE\b","['Anderson-Darling Test', 'Kolmogorov-Smirnov Test for Normality', 'Lilliefors Test']"
"4","Distribution Compliance Test","hard","Lilliefors Test","APPLICABLE","APPLICABLE","correct","head:\bAPPLICABLE\b","['Anderson-Darling Test', 'Kolmogorov-Smirnov Test for Normality', 'Lilliefors Test']"
"4","Distribution Compliance Test","hard","Kolmogorov-Smirnov Test","APPLICABLE","NOT_APPLICABLE","wrong","head:\bAPPLICABLE\b","['Anderson-Darling Test', 'Kolmogorov-Smirnov Test for Normality', 'Lilliefors Test']"
"4","Distribution Compliance Test","hard","Kolmogorov-Smirnov Test for Uniform distribution","NOT_APPLICABLE","NOT_APPLICABLE","correct","head:\bNOT\s+APPLICABLE\b","['Anderson-Darling Test', 'Kolmogorov-Smirnov Test for Normality', 'Lilliefors Test']"
"4","Distribution Compliance Test","hard","Kolmogorov-Smirnov Test for Gamma distribution","NOT_APPLICABLE","NOT_APPLICABLE","correct","head:\bNOT\s+APPLICABLE\b","['Anderson-Darling Test', 'Kolmogorov-Smirnov Test for Normality', 'Lilliefors Test']"
"4","Distribution Compliance Test","hard","Kolmogorov-Smirnov Test for Exponential distribution","NOT_APPLICABLE","NOT_APPLICABLE","correct","head:\bNOT\s+APPLICABLE\b","['Anderson-Darling Test', 'Kolmogorov-Smirnov Test for Normality', 'Lilliefors Test']"
"4","Distribution Compliance Test","hard","Chi-square Independence Test","NOT_APPLICABLE","NOT_APPLICABLE","correct","head:\bNOT\s+APPLICABLE\b","['Anderson-Darling Test', 'Kolmogorov-Smirnov Test for Normality', 'Lilliefors Test']"
"4","Distribution Compliance Test","hard","Fisher Exact Test","NOT_APPLICABLE","NOT_APPLICABLE","correct","head:\bNOT\s+APPLICABLE\b","['Anderson-Darling Test', 'Kolmogorov-Smirnov Test for Normality', 'Lilliefors Test']"
"4","Distribution Compliance Test","hard","Mantel-Haenszel Test","NOT_APPLICABLE","NOT_APPLICABLE","correct","head:\bNOT\s+APPLICABLE\b","['Anderson-Darling Test', 'Kolmogorov-Smirnov Test for Normality', 'Lilliefors Test']"
"4","Distribution Compliance Test","hard","Mean","APPLICABLE","NOT_APPLICABLE","wrong","head:\bAPPLICABLE\b","['Anderson-Darling Test', 'Kolmogorov-Smirnov Test for Normality', 'Lilliefors Test']"
"4","Distribution Compliance Test","hard","Median","APPLICABLE","NOT_APPLICABLE","wrong","head:\bAPPLICABLE\b","['Anderson-Darling Test', 'Kolmogorov-Smirnov Test for Normality', 'Lilliefors Test']"
"4","Distribution Compliance Test","hard","Mode","NOT_APPLICABLE","NOT_APPLICABLE","correct","head:\bNOT\s+APPLICABLE\b","['Anderson-Darling Test', 'Kolmogorov-Smirnov Test for Normality', 'Lilliefors Test']"
"4","Distribution Compliance Test","hard","Range","NOT_APPLICABLE","NOT_APPLICABLE","correct","head:\bNOT\s+APPLICABLE\b","['Anderson-Darling Test', 'Kolmogorov-Smirnov Test for Normality', 'Lilliefors Test']"
"4","Distribution Compliance Test","hard","Quartile","NOT_APPLICABLE","NOT_APPLICABLE","correct","head:\bNOT\s+APPLICABLE\b","['Anderson-Darling Test', 'Kolmogorov-Smirnov Test for Normality', 'Lilliefors Test']"
"4","Distribution Compliance Test","hard","Standard Deviation","APPLICABLE","NOT_APPLICABLE","wrong","head:\bAPPLICABLE\b","['Anderson-Darling Test', 'Kolmogorov-Smirnov Test for Normality', 'Lilliefors Test']"
"4","Distribution Compliance Test","hard","Skewness","APPLICABLE","NOT_APPLICABLE","wrong","head:\bAPPLICABLE\b","['Anderson-Darling Test', 'Kolmogorov-Smirnov Test for Normality', 'Lilliefors Test']"
"4","Distribution Compliance Test","hard","Kurtosis","APPLICABLE","NOT_APPLICABLE","wrong","head:\bAPPLICABLE\b","['Anderson-Darling Test', 'Kolmogorov-Smirnov Test for Normality', 'Lilliefors Test']"
"4","Distribution Compliance Test","hard","Mood Variance Test","NOT_APPLICABLE","NOT_APPLICABLE","correct","head:\bNOT\s+APPLICABLE\b","['Anderson-Darling Test', 'Kolmogorov-Smirnov Test for Normality', 'Lilliefors Test']"
"4","Distribution Compliance Test","hard","Levene Test","NOT_APPLICABLE","NOT_APPLICABLE","correct","head:\bNOT\s+APPLICABLE\b","['Anderson-Darling Test', 'Kolmogorov-Smirnov Test for Normality', 'Lilliefors Test']"
"4","Distribution Compliance Test","hard","Bartlett Test","NOT_APPLICABLE","NOT_APPLICABLE","correct","head:\bNOT\s+APPLICABLE\b","['Anderson-Darling Test', 'Kolmogorov-Smirnov Test for Normality', 'Lilliefors Test']"
"4","Distribution Compliance Test","hard","F-Test for Variance","NOT_APPLICABLE","NOT_APPLICABLE","correct","head:\bNOT\s+APPLICABLE\b","['Anderson-Darling Test', 'Kolmogorov-Smirnov Test for Normality', 'Lilliefors Test']"
"5","Variance Test","hard","Pearson Correlation Coefficient","NOT_APPLICABLE","NOT_APPLICABLE","correct","head:\bNOT\s+APPLICABLE\b","['Mood Variance Test', 'Levene Test']"
"5","Variance Test","hard","Spearman Correlation Coefficient","APPLICABLE","NOT_APPLICABLE","wrong","head:\bAPPLICABLE\b","['Mood Variance Test', 'Levene Test']"
"5","Variance Test","hard","Kendall Correlation Coefficient","NOT_APPLICABLE","NOT_APPLICABLE","correct","head:\bNOT\s+APPLICABLE\b","['Mood Variance Test', 'Levene Test']"
"5","Variance Test","hard","Partial Correlation Coefficient","NOT_APPLICABLE","NOT_APPLICABLE","correct","head:\bNOT\s+APPLICABLE\b","['Mood Variance Test', 'Levene Test']"
"5","Variance Test","hard","Anderson-Darling Test","NOT_APPLICABLE","NOT_APPLICABLE","correct","head:\bNOT\s+APPLICABLE\b","['Mood Variance Test', 'Levene Test']"
"5","Variance Test","hard","Shapiro-Wilk Test of Normality","NOT_APPLICABLE","NOT_APPLICABLE","correct","head:\bNOT\s+APPLICABLE\b","['Mood Variance Test', 'Levene Test']"
"5","Variance Test","hard","Kolmogorov-Smirnov Test for Normality","NOT_APPLICABLE","NOT_APPLICABLE","correct","head:\bNOT\s+APPLICABLE\b","['Mood Variance Test', 'Levene Test']"
"5","Variance Test","hard","Lilliefors Test","NOT_APPLICABLE","NOT_APPLICABLE","correct","head:\bNOT\s+APPLICABLE\b","['Mood Variance Test', 'Levene Test']"
"5","Variance Test","hard","Kolmogorov-Smirnov Test","NOT_APPLICABLE","NOT_APPLICABLE","correct","head:\bNOT\s+APPLICABLE\b","['Mood Variance Test', 'Levene Test']"
"5","Variance Test","hard","Kolmogorov-Smirnov Test for Uniform distribution","NOT_APPLICABLE","NOT_APPLICABLE","correct","head:\bNOT\s+APPLICABLE\b","['Mood Variance Test', 'Levene Test']"
"5","Variance Test","hard","Kolmogorov-Smirnov Test for Gamma distribution","NOT_APPLICABLE","NOT_APPLICABLE","correct","head:\bNOT\s+APPLICABLE\b","['Mood Variance Test', 'Levene Test']"
"5","Variance Test","hard","Kolmogorov-Smirnov Test for Exponential distribution","NOT_APPLICABLE","NOT_APPLICABLE","correct","head:\bNOT\s+APPLICABLE\b","['Mood Variance Test', 'Levene Test']"
"5","Variance Test","hard","Chi-square Independence Test","NOT_APPLICABLE","NOT_APPLICABLE","correct","head:\bNOT\s+APPLICABLE\b","['Mood Variance Test', 'Levene Test']"
"5","Variance Test","hard","Fisher Exact Test","NOT_APPLICABLE","NOT_APPLICABLE","correct","head:\bNOT\s+APPLICABLE\b","['Mood Variance Test', 'Levene Test']"
"5","Variance Test","hard","Mantel-Haenszel Test","NOT_APPLICABLE","NOT_APPLICABLE","correct","head:\bNOT\s+APPLICABLE\b","['Mood Variance Test', 'Levene Test']"
"5","Variance Test","hard","Mean","NOT_APPLICABLE","NOT_APPLICABLE","correct","head:\bNOT\s+APPLICABLE\b","['Mood Variance Test', 'Levene Test']"
"5","Variance Test","hard","Median","NOT_APPLICABLE","NOT_APPLICABLE","correct","head:\bNOT\s+APPLICABLE\b","['Mood Variance Test', 'Levene Test']"
"5","Variance Test","hard","Mode","NOT_APPLICABLE","NOT_APPLICABLE","correct","head:\bNOT\s+APPLICABLE\b","['Mood Variance Test', 'Levene Test']"
"5","Variance Test","hard","Range","NOT_APPLICABLE","NOT_APPLICABLE","correct","head:\bNOT\s+APPLICABLE\b","['Mood Variance Test', 'Levene Test']"
"5","Variance Test","hard","Quartile","NOT_APPLICABLE","NOT_APPLICABLE","correct","head:\bNOT\s+APPLICABLE\b","['Mood Variance Test', 'Levene Test']"
"5","Variance Test","hard","Standard Deviation","NOT_APPLICABLE","NOT_APPLICABLE","correct","head:\bNOT\s+APPLICABLE\b","['Mood Variance Test', 'Levene Test']"
"5","Variance Test","hard","Skewness","APPLICABLE","NOT_APPLICABLE","wrong","head:\bAPPLICABLE\b","['Mood Variance Test', 'Levene Test']"
"5","Variance Test","hard","Kurtosis","NOT_APPLICABLE","NOT_APPLICABLE","correct","head:\bNOT\s+APPLICABLE\b","['Mood Variance Test', 'Levene Test']"
"5","Variance Test","hard","Mood Variance Test","NOT_APPLICABLE","APPLICABLE","wrong","head:\bNOT\s+APPLICABLE\b","['Mood Variance Test', 'Levene Test']"
"5","Variance Test","hard","Levene Test","APPLICABLE","APPLICABLE","correct","head:\bAPPLICABLE\b","['Mood Variance Test', 'Levene Test']"
"5","Variance Test","hard","Bartlett Test","NOT_APPLICABLE","NOT_APPLICABLE","correct","head:\bNOT\s+APPLICABLE\b","['Mood Variance Test', 'Levene Test']"
"5","Variance Test","hard","F-Test for Variance","NOT_APPLICABLE","NOT_APPLICABLE","correct","head:\bNOT\s+APPLICABLE\b","['Mood Variance Test', 'Levene Test']"
"6","Distribution Compliance Test","hard","Pearson Correlation Coefficient","NOT_APPLICABLE","NOT_APPLICABLE","correct","head:\bNOT\s+APPLICABLE\b","['Anderson-Darling Test', 'Kolmogorov-Smirnov Test for Normality', 'Lilliefors Test']"
"6","Distribution Compliance Test","hard","Spearman Correlation Coefficient","APPLICABLE","NOT_APPLICABLE","wrong","head:\bAPPLICABLE\b","['Anderson-Darling Test', 'Kolmogorov-Smirnov Test for Normality', 'Lilliefors Test']"
"6","Distribution Compliance Test","hard","Kendall Correlation Coefficient","NOT_APPLICABLE","NOT_APPLICABLE","correct","head:\bNOT\s+APPLICABLE\b","['Anderson-Darling Test', 'Kolmogorov-Smirnov Test for Normality', 'Lilliefors Test']"
"6","Distribution Compliance Test","hard","Partial Correlation Coefficient","NOT_APPLICABLE","NOT_APPLICABLE","correct","head:\bNOT\s+APPLICABLE\b","['Anderson-Darling Test', 'Kolmogorov-Smirnov Test for Normality', 'Lilliefors Test']"
"6","Distribution Compliance Test","hard","Anderson-Darling Test","APPLICABLE","APPLICABLE","correct","head:\bAPPLICABLE\b","['Anderson-Darling Test', 'Kolmogorov-Smirnov Test for Normality', 'Lilliefors Test']"
"6","Distribution Compliance Test","hard","Shapiro-Wilk Test of Normality","APPLICABLE","NOT_APPLICABLE","wrong","head:\bAPPLICABLE\b","['Anderson-Darling Test', 'Kolmogorov-Smirnov Test for Normality', 'Lilliefors Test']"
"6","Distribution Compliance Test","hard","Kolmogorov-Smirnov Test for Normality","APPLICABLE","APPLICABLE","correct","head:\bAPPLICABLE\b","['Anderson-Darling Test', 'Kolmogorov-Smirnov Test for Normality', 'Lilliefors Test']"
"6","Distribution Compliance Test","hard","Lilliefors Test","NOT_APPLICABLE","APPLICABLE","wrong","head:\bNOT\s+APPLICABLE\b","['Anderson-Darling Test', 'Kolmogorov-Smirnov Test for Normality', 'Lilliefors Test']"
"6","Distribution Compliance Test","hard","Kolmogorov-Smirnov Test","NOT_APPLICABLE","NOT_APPLICABLE","correct","head:\bNOT\s+APPLICABLE\b","['Anderson-Darling Test', 'Kolmogorov-Smirnov Test for Normality', 'Lilliefors Test']"
"6","Distribution Compliance Test","hard","Kolmogorov-Smirnov Test for Uniform distribution","NOT_APPLICABLE","NOT_APPLICABLE","correct","head:\bNOT\s+APPLICABLE\b","['Anderson-Darling Test', 'Kolmogorov-Smirnov Test for Normality', 'Lilliefors Test']"
"6","Distribution Compliance Test","hard","Kolmogorov-Smirnov Test for Gamma distribution","NOT_APPLICABLE","NOT_APPLICABLE","correct","head:\bNOT\s+APPLICABLE\b","['Anderson-Darling Test', 'Kolmogorov-Smirnov Test for Normality', 'Lilliefors Test']"
"6","Distribution Compliance Test","hard","Kolmogorov-Smirnov Test for Exponential distribution","NOT_APPLICABLE","NOT_APPLICABLE","correct","head:\bNOT\s+APPLICABLE\b","['Anderson-Darling Test', 'Kolmogorov-Smirnov Test for Normality', 'Lilliefors Test']"
"6","Distribution Compliance Test","hard","Chi-square Independence Test","NOT_APPLICABLE","NOT_APPLICABLE","correct","head:\bNOT\s+APPLICABLE\b","['Anderson-Darling Test', 'Kolmogorov-Smirnov Test for Normality', 'Lilliefors Test']"
"6","Distribution Compliance Test","hard","Fisher Exact Test","NOT_APPLICABLE","NOT_APPLICABLE","correct","head:\bNOT\s+APPLICABLE\b","['Anderson-Darling Test', 'Kolmogorov-Smirnov Test for Normality', 'Lilliefors Test']"
"6","Distribution Compliance Test","hard","Mantel-Haenszel Test","NOT_APPLICABLE","NOT_APPLICABLE","correct","head:\bNOT\s+APPLICABLE\b","['Anderson-Darling Test', 'Kolmogorov-Smirnov Test for Normality', 'Lilliefors Test']"
"6","Distribution Compliance Test","hard","Mean","NOT_APPLICABLE","NOT_APPLICABLE","correct","head:\bNOT\s+APPLICABLE\b","['Anderson-Darling Test', 'Kolmogorov-Smirnov Test for Normality', 'Lilliefors Test']"
"6","Distribution Compliance Test","hard","Median","APPLICABLE","NOT_APPLICABLE","wrong","head:\bAPPLICABLE\b","['Anderson-Darling Test', 'Kolmogorov-Smirnov Test for Normality', 'Lilliefors Test']"
"6","Distribution Compliance Test","hard","Mode","NOT_APPLICABLE","NOT_APPLICABLE","correct","head:\bNOT\s+APPLICABLE\b","['Anderson-Darling Test', 'Kolmogorov-Smirnov Test for Normality', 'Lilliefors Test']"
"6","Distribution Compliance Test","hard","Range","NOT_APPLICABLE","NOT_APPLICABLE","correct","head:\bNOT\s+APPLICABLE\b","['Anderson-Darling Test', 'Kolmogorov-Smirnov Test for Normality', 'Lilliefors Test']"
"6","Distribution Compliance Test","hard","Quartile","NOT_APPLICABLE","NOT_APPLICABLE","correct","head:\bNOT\s+APPLICABLE\b","['Anderson-Darling Test', 'Kolmogorov-Smirnov Test for Normality', 'Lilliefors Test']"
"6","Distribution Compliance Test","hard","Standard Deviation","NOT_APPLICABLE","NOT_APPLICABLE","correct","head:\bNOT\s+APPLICABLE\b","['Anderson-Darling Test', 'Kolmogorov-Smirnov Test for Normality', 'Lilliefors Test']"
"6","Distribution Compliance Test","hard","Skewness","APPLICABLE","NOT_APPLICABLE","wrong","head:\bAPPLICABLE\b","['Anderson-Darling Test', 'Kolmogorov-Smirnov Test for Normality', 'Lilliefors Test']"
"6","Distribution Compliance Test","hard","Kurtosis","APPLICABLE","NOT_APPLICABLE","wrong","head:\bAPPLICABLE\b","['Anderson-Darling Test', 'Kolmogorov-Smirnov Test for Normality', 'Lilliefors Test']"
"6","Distribution Compliance Test","hard","Mood Variance Test","NOT_APPLICABLE","NOT_APPLICABLE","correct","head:\bNOT\s+APPLICABLE\b","['Anderson-Darling Test', 'Kolmogorov-Smirnov Test for Normality', 'Lilliefors Test']"
"6","Distribution Compliance Test","hard","Levene Test","NOT_APPLICABLE","NOT_APPLICABLE","correct","head:\bNOT\s+APPLICABLE\b","['Anderson-Darling Test', 'Kolmogorov-Smirnov Test for Normality', 'Lilliefors Test']"
"6","Distribution Compliance Test","hard","Bartlett Test","NOT_APPLICABLE","NOT_APPLICABLE","correct","head:\bNOT\s+APPLICABLE\b","['Anderson-Darling Test', 'Kolmogorov-Smirnov Test for Normality', 'Lilliefors Test']"
"6","Distribution Compliance Test","hard","F-Test for Variance","NOT_APPLICABLE","NOT_APPLICABLE","correct","head:\bNOT\s+APPLICABLE\b","['Anderson-Darling Test', 'Kolmogorov-Smirnov Test for Normality', 'Lilliefors Test']"
"7","Variance Test","hard","Pearson Correlation Coefficient","NOT_APPLICABLE","NOT_APPLICABLE","correct","head:\bNOT\s+APPLICABLE\b","['Mood Variance Test', 'Levene Test']"
"7","Variance Test","hard","Spearman Correlation Coefficient","APPLICABLE","NOT_APPLICABLE","wrong","head:\bAPPLICABLE\b","['Mood Variance Test', 'Levene Test']"
"7","Variance Test","hard","Kendall Correlation Coefficient","NOT_APPLICABLE","NOT_APPLICABLE","correct","head:\bNOT\s+APPLICABLE\b","['Mood Variance Test', 'Levene Test']"
"7","Variance Test","hard","Partial Correlation Coefficient","NOT_APPLICABLE","NOT_APPLICABLE","correct","head:\bNOT\s+APPLICABLE\b","['Mood Variance Test', 'Levene Test']"
"7","Variance Test","hard","Anderson-Darling Test","NOT_APPLICABLE","NOT_APPLICABLE","correct","head:\bNOT\s+APPLICABLE\b","['Mood Variance Test', 'Levene Test']"
"7","Variance Test","hard","Shapiro-Wilk Test of Normality","NOT_APPLICABLE","NOT_APPLICABLE","correct","head:\bNOT\s+APPLICABLE\b","['Mood Variance Test', 'Levene Test']"
"7","Variance Test","hard","Kolmogorov-Smirnov Test for Normality","NOT_APPLICABLE","NOT_APPLICABLE","correct","head:\bNOT\s+APPLICABLE\b","['Mood Variance Test', 'Levene Test']"
"7","Variance Test","hard","Lilliefors Test","NOT_APPLICABLE","NOT_APPLICABLE","correct","head:\bNOT\s+APPLICABLE\b","['Mood Variance Test', 'Levene Test']"
"7","Variance Test","hard","Kolmogorov-Smirnov Test","NOT_APPLICABLE","NOT_APPLICABLE","correct","head:\bNOT\s+APPLICABLE\b","['Mood Variance Test', 'Levene Test']"
"7","Variance Test","hard","Kolmogorov-Smirnov Test for Uniform distribution","NOT_APPLICABLE","NOT_APPLICABLE","correct","head:\bNOT\s+APPLICABLE\b","['Mood Variance Test', 'Levene Test']"
"7","Variance Test","hard","Kolmogorov-Smirnov Test for Gamma distribution","NOT_APPLICABLE","NOT_APPLICABLE","correct","head:\bNOT\s+APPLICABLE\b","['Mood Variance Test', 'Levene Test']"
"7","Variance Test","hard","Kolmogorov-Smirnov Test for Exponential distribution","NOT_APPLICABLE","NOT_APPLICABLE","correct","head:\bNOT\s+APPLICABLE\b","['Mood Variance Test', 'Levene Test']"
"7","Variance Test","hard","Chi-square Independence Test","NOT_APPLICABLE","NOT_APPLICABLE","correct","head:\bNOT\s+APPLICABLE\b","['Mood Variance Test', 'Levene Test']"
"7","Variance Test","hard","Fisher Exact Test","NOT_APPLICABLE","NOT_APPLICABLE","correct","head:\bNOT\s+APPLICABLE\b","['Mood Variance Test', 'Levene Test']"
"7","Variance Test","hard","Mantel-Haenszel Test","NOT_APPLICABLE","NOT_APPLICABLE","correct","head:\bNOT\s+APPLICABLE\b","['Mood Variance Test', 'Levene Test']"
"7","Variance Test","hard","Mean","NOT_APPLICABLE","NOT_APPLICABLE","correct","head:\bNOT\s+APPLICABLE\b","['Mood Variance Test', 'Levene Test']"
"7","Variance Test","hard","Median","APPLICABLE","NOT_APPLICABLE","wrong","head:\bAPPLICABLE\b","['Mood Variance Test', 'Levene Test']"
"7","Variance Test","hard","Mode","NOT_APPLICABLE","NOT_APPLICABLE","correct","head:\bNOT\s+APPLICABLE\b","['Mood Variance Test', 'Levene Test']"
"7","Variance Test","hard","Range","NOT_APPLICABLE","NOT_APPLICABLE","correct","head:\bNOT\s+APPLICABLE\b","['Mood Variance Test', 'Levene Test']"
"7","Variance Test","hard","Quartile","NOT_APPLICABLE","NOT_APPLICABLE","correct","head:\bNOT\s+APPLICABLE\b","['Mood Variance Test', 'Levene Test']"
"7","Variance Test","hard","Standard Deviation","APPLICABLE","NOT_APPLICABLE","wrong","head:\bAPPLICABLE\b","['Mood Variance Test', 'Levene Test']"
"7","Variance Test","hard","Skewness","APPLICABLE","NOT_APPLICABLE","wrong","head:\bAPPLICABLE\b","['Mood Variance Test', 'Levene Test']"
"7","Variance Test","hard","Kurtosis","NOT_APPLICABLE","NOT_APPLICABLE","correct","head:\bNOT\s+APPLICABLE\b","['Mood Variance Test', 'Levene Test']"
"7","Variance Test","hard","Mood Variance Test","NOT_APPLICABLE","APPLICABLE","wrong","head:\bNOT\s+APPLICABLE\b","['Mood Variance Test', 'Levene Test']"
"7","Variance Test","hard","Levene Test","APPLICABLE","APPLICABLE","correct","head:\bAPPLICABLE\b","['Mood Variance Test', 'Levene Test']"
"7","Variance Test","hard","Bartlett Test","NOT_APPLICABLE","NOT_APPLICABLE","correct","head:\bNOT\s+APPLICABLE\b","['Mood Variance Test', 'Levene Test']"
"7","Variance Test","hard","F-Test for Variance","NOT_APPLICABLE","NOT_APPLICABLE","correct","head:\bNOT\s+APPLICABLE\b","['Mood Variance Test', 'Levene Test']"
"8","Distribution Compliance Test","easy","Pearson Correlation Coefficient","NOT_APPLICABLE","NOT_APPLICABLE","correct","head:\bNOT\s+APPLICABLE\b","['Kolmogorov-Smirnov Test']"
"8","Distribution Compliance Test","easy","Spearman Correlation Coefficient","NOT_APPLICABLE","NOT_APPLICABLE","correct","head:\bNOT\s+APPLICABLE\b","['Kolmogorov-Smirnov Test']"
"8","Distribution Compliance Test","easy","Kendall Correlation Coefficient","NOT_APPLICABLE","NOT_APPLICABLE","correct","head:\bNOT\s+APPLICABLE\b","['Kolmogorov-Smirnov Test']"
"8","Distribution Compliance Test","easy","Partial Correlation Coefficient","NOT_APPLICABLE","NOT_APPLICABLE","correct","head:\bNOT\s+APPLICABLE\b","['Kolmogorov-Smirnov Test']"
"8","Distribution Compliance Test","easy","Anderson-Darling Test","NOT_APPLICABLE","NOT_APPLICABLE","correct","head:\bNOT\s+APPLICABLE\b","['Kolmogorov-Smirnov Test']"
"8","Distribution Compliance Test","easy","Shapiro-Wilk Test of Normality","NOT_APPLICABLE","NOT_APPLICABLE","correct","head:\bNOT\s+APPLICABLE\b","['Kolmogorov-Smirnov Test']"
"8","Distribution Compliance Test","easy","Kolmogorov-Smirnov Test for Normality","NOT_APPLICABLE","NOT_APPLICABLE","correct","head:\bNOT\s+APPLICABLE\b","['Kolmogorov-Smirnov Test']"
"8","Distribution Compliance Test","easy","Lilliefors Test","NOT_APPLICABLE","NOT_APPLICABLE","correct","head:\bNOT\s+APPLICABLE\b","['Kolmogorov-Smirnov Test']"
"8","Distribution Compliance Test","easy","Kolmogorov-Smirnov Test","APPLICABLE","APPLICABLE","correct","head:\bAPPLICABLE\b","['Kolmogorov-Smirnov Test']"
"8","Distribution Compliance Test","easy","Kolmogorov-Smirnov Test for Uniform distribution","NOT_APPLICABLE","NOT_APPLICABLE","correct","head:\bNOT\s+APPLICABLE\b","['Kolmogorov-Smirnov Test']"
"8","Distribution Compliance Test","easy","Kolmogorov-Smirnov Test for Gamma distribution","NOT_APPLICABLE","NOT_APPLICABLE","correct","head:\bNOT\s+APPLICABLE\b","['Kolmogorov-Smirnov Test']"
"8","Distribution Compliance Test","easy","Kolmogorov-Smirnov Test for Exponential distribution","NOT_APPLICABLE","NOT_APPLICABLE","correct","head:\bNOT\s+APPLICABLE\b","['Kolmogorov-Smirnov Test']"
"8","Distribution Compliance Test","easy","Chi-square Independence Test","NOT_APPLICABLE","NOT_APPLICABLE","correct","head:\bNOT\s+APPLICABLE\b","['Kolmogorov-Smirnov Test']"
"8","Distribution Compliance Test","easy","Fisher Exact Test","NOT_APPLICABLE","NOT_APPLICABLE","correct","head:\bNOT\s+APPLICABLE\b","['Kolmogorov-Smirnov Test']"
"8","Distribution Compliance Test","easy","Mantel-Haenszel Test","NOT_APPLICABLE","NOT_APPLICABLE","correct","head:\bNOT\s+APPLICABLE\b","['Kolmogorov-Smirnov Test']"
"8","Distribution Compliance Test","easy","Mean","NOT_APPLICABLE","NOT_APPLICABLE","correct","head:\bNOT\s+APPLICABLE\b","['Kolmogorov-Smirnov Test']"
"8","Distribution Compliance Test","easy","Median","APPLICABLE","NOT_APPLICABLE","wrong","head:\bAPPLICABLE\b","['Kolmogorov-Smirnov Test']"
"8","Distribution Compliance Test","easy","Mode","NOT_APPLICABLE","NOT_APPLICABLE","correct","head:\bNOT\s+APPLICABLE\b","['Kolmogorov-Smirnov Test']"
"8","Distribution Compliance Test","easy","Range","NOT_APPLICABLE","NOT_APPLICABLE","correct","head:\bNOT\s+APPLICABLE\b","['Kolmogorov-Smirnov Test']"
"8","Distribution Compliance Test","easy","Quartile","NOT_APPLICABLE","NOT_APPLICABLE","correct","head:\bNOT\s+APPLICABLE\b","['Kolmogorov-Smirnov Test']"
"8","Distribution Compliance Test","easy","Standard Deviation","NOT_APPLICABLE","NOT_APPLICABLE","correct","head:\bNOT\s+APPLICABLE\b","['Kolmogorov-Smirnov Test']"
"8","Distribution Compliance Test","easy","Skewness","APPLICABLE","NOT_APPLICABLE","wrong","head:\bAPPLICABLE\b","['Kolmogorov-Smirnov Test']"
"8","Distribution Compliance Test","easy","Kurtosis","NOT_APPLICABLE","NOT_APPLICABLE","correct","head:\bNOT\s+APPLICABLE\b","['Kolmogorov-Smirnov Test']"
"8","Distribution Compliance Test","easy","Mood Variance Test","NOT_APPLICABLE","NOT_APPLICABLE","correct","head:\bNOT\s+APPLICABLE\b","['Kolmogorov-Smirnov Test']"
"8","Distribution Compliance Test","easy","Levene Test","NOT_APPLICABLE","NOT_APPLICABLE","correct","head:\bNOT\s+APPLICABLE\b","['Kolmogorov-Smirnov Test']"
"8","Distribution Compliance Test","easy","Bartlett Test","NOT_APPLICABLE","NOT_APPLICABLE","correct","head:\bNOT\s+APPLICABLE\b","['Kolmogorov-Smirnov Test']"
"8","Distribution Compliance Test","easy","F-Test for Variance","NOT_APPLICABLE","NOT_APPLICABLE","correct","head:\bNOT\s+APPLICABLE\b","['Kolmogorov-Smirnov Test']"
"9","Distribution Compliance Test","hard","Pearson Correlation Coefficient","NOT_APPLICABLE","NOT_APPLICABLE","correct","head:\bNOT\s+APPLICABLE\b","['Anderson-Darling Test', 'Kolmogorov-Smirnov Test for Normality', 'Lilliefors Test']"
"9","Distribution Compliance Test","hard","Spearman Correlation Coefficient","NOT_APPLICABLE","NOT_APPLICABLE","correct","head:\bNOT\s+APPLICABLE\b","['Anderson-Darling Test', 'Kolmogorov-Smirnov Test for Normality', 'Lilliefors Test']"
"9","Distribution Compliance Test","hard","Kendall Correlation Coefficient","NOT_APPLICABLE","NOT_APPLICABLE","correct","head:\bNOT\s+APPLICABLE\b","['Anderson-Darling Test', 'Kolmogorov-Smirnov Test for Normality', 'Lilliefors Test']"
"9","Distribution Compliance Test","hard","Partial Correlation Coefficient","NOT_APPLICABLE","NOT_APPLICABLE","correct","head:\bNOT\s+APPLICABLE\b","['Anderson-Darling Test', 'Kolmogorov-Smirnov Test for Normality', 'Lilliefors Test']"
"9","Distribution Compliance Test","hard","Anderson-Darling Test","APPLICABLE","APPLICABLE","correct","head:\bAPPLICABLE\b","['Anderson-Darling Test', 'Kolmogorov-Smirnov Test for Normality', 'Lilliefors Test']"
"9","Distribution Compliance Test","hard","Shapiro-Wilk Test of Normality","APPLICABLE","NOT_APPLICABLE","wrong","head:\bAPPLICABLE\b","['Anderson-Darling Test', 'Kolmogorov-Smirnov Test for Normality', 'Lilliefors Test']"
"9","Distribution Compliance Test","hard","Kolmogorov-Smirnov Test for Normality","APPLICABLE","APPLICABLE","correct","head:\bAPPLICABLE\b","['Anderson-Darling Test', 'Kolmogorov-Smirnov Test for Normality', 'Lilliefors Test']"
"9","Distribution Compliance Test","hard","Lilliefors Test","APPLICABLE","APPLICABLE","correct","head:\bAPPLICABLE\b","['Anderson-Darling Test', 'Kolmogorov-Smirnov Test for Normality', 'Lilliefors Test']"
"9","Distribution Compliance Test","hard","Kolmogorov-Smirnov Test","APPLICABLE","NOT_APPLICABLE","wrong","head:\bAPPLICABLE\b","['Anderson-Darling Test', 'Kolmogorov-Smirnov Test for Normality', 'Lilliefors Test']"
"9","Distribution Compliance Test","hard","Kolmogorov-Smirnov Test for Uniform distribution","NOT_APPLICABLE","NOT_APPLICABLE","correct","head:\bNOT\s+APPLICABLE\b","['Anderson-Darling Test', 'Kolmogorov-Smirnov Test for Normality', 'Lilliefors Test']"
"9","Distribution Compliance Test","hard","Kolmogorov-Smirnov Test for Gamma distribution","NOT_APPLICABLE","NOT_APPLICABLE","correct","head:\bNOT\s+APPLICABLE\b","['Anderson-Darling Test', 'Kolmogorov-Smirnov Test for Normality', 'Lilliefors Test']"
"9","Distribution Compliance Test","hard","Kolmogorov-Smirnov Test for Exponential distribution","NOT_APPLICABLE","NOT_APPLICABLE","correct","head:\bNOT\s+APPLICABLE\b","['Anderson-Darling Test', 'Kolmogorov-Smirnov Test for Normality', 'Lilliefors Test']"
"9","Distribution Compliance Test","hard","Chi-square Independence Test","NOT_APPLICABLE","NOT_APPLICABLE","correct","head:\bNOT\s+APPLICABLE\b","['Anderson-Darling Test', 'Kolmogorov-Smirnov Test for Normality', 'Lilliefors Test']"
"9","Distribution Compliance Test","hard","Fisher Exact Test","NOT_APPLICABLE","NOT_APPLICABLE","correct","head:\bNOT\s+APPLICABLE\b","['Anderson-Darling Test', 'Kolmogorov-Smirnov Test for Normality', 'Lilliefors Test']"
"9","Distribution Compliance Test","hard","Mantel-Haenszel Test","NOT_APPLICABLE","NOT_APPLICABLE","correct","head:\bNOT\s+APPLICABLE\b","['Anderson-Darling Test', 'Kolmogorov-Smirnov Test for Normality', 'Lilliefors Test']"
"9","Distribution Compliance Test","hard","Mean","NOT_APPLICABLE","NOT_APPLICABLE","correct","head:\bNOT\s+APPLICABLE\b","['Anderson-Darling Test', 'Kolmogorov-Smirnov Test for Normality', 'Lilliefors Test']"
"9","Distribution Compliance Test","hard","Median","APPLICABLE","NOT_APPLICABLE","wrong","head:\bAPPLICABLE\b","['Anderson-Darling Test', 'Kolmogorov-Smirnov Test for Normality', 'Lilliefors Test']"
"9","Distribution Compliance Test","hard","Mode","NOT_APPLICABLE","NOT_APPLICABLE","correct","head:\bNOT\s+APPLICABLE\b","['Anderson-Darling Test', 'Kolmogorov-Smirnov Test for Normality', 'Lilliefors Test']"
"9","Distribution Compliance Test","hard","Range","NOT_APPLICABLE","NOT_APPLICABLE","correct","head:\bNOT\s+APPLICABLE\b","['Anderson-Darling Test', 'Kolmogorov-Smirnov Test for Normality', 'Lilliefors Test']"
"9","Distribution Compliance Test","hard","Quartile","NOT_APPLICABLE","NOT_APPLICABLE","correct","head:\bNOT\s+APPLICABLE\b","['Anderson-Darling Test', 'Kolmogorov-Smirnov Test for Normality', 'Lilliefors Test']"
"9","Distribution Compliance Test","hard","Standard Deviation","APPLICABLE","NOT_APPLICABLE","wrong","head:\bAPPLICABLE\b","['Anderson-Darling Test', 'Kolmogorov-Smirnov Test for Normality', 'Lilliefors Test']"
"9","Distribution Compliance Test","hard","Skewness","APPLICABLE","NOT_APPLICABLE","wrong","head:\bAPPLICABLE\b","['Anderson-Darling Test', 'Kolmogorov-Smirnov Test for Normality', 'Lilliefors Test']"
"9","Distribution Compliance Test","hard","Kurtosis","APPLICABLE","NOT_APPLICABLE","wrong","head:\bAPPLICABLE\b","['Anderson-Darling Test', 'Kolmogorov-Smirnov Test for Normality', 'Lilliefors Test']"
"9","Distribution Compliance Test","hard","Mood Variance Test","NOT_APPLICABLE","NOT_APPLICABLE","correct","head:\bNOT\s+APPLICABLE\b","['Anderson-Darling Test', 'Kolmogorov-Smirnov Test for Normality', 'Lilliefors Test']"
"9","Distribution Compliance Test","hard","Levene Test","NOT_APPLICABLE","NOT_APPLICABLE","correct","head:\bNOT\s+APPLICABLE\b","['Anderson-Darling Test', 'Kolmogorov-Smirnov Test for Normality', 'Lilliefors Test']"
"9","Distribution Compliance Test","hard","Bartlett Test","NOT_APPLICABLE","NOT_APPLICABLE","correct","head:\bNOT\s+APPLICABLE\b","['Anderson-Darling Test', 'Kolmogorov-Smirnov Test for Normality', 'Lilliefors Test']"
"9","Distribution Compliance Test","hard","F-Test for Variance","NOT_APPLICABLE","NOT_APPLICABLE","correct","head:\bNOT\s+APPLICABLE\b","['Anderson-Darling Test', 'Kolmogorov-Smirnov Test for Normality', 'Lilliefors Test']"
"10","Variance Test","hard","Pearson Correlation Coefficient","NOT_APPLICABLE","NOT_APPLICABLE","correct","head:\bNOT\s+APPLICABLE\b","['Mood Variance Test', 'Levene Test']"
"10","Variance Test","hard","Spearman Correlation Coefficient","APPLICABLE","NOT_APPLICABLE","wrong","head:\bAPPLICABLE\b","['Mood Variance Test', 'Levene Test']"
"10","Variance Test","hard","Kendall Correlation Coefficient","NOT_APPLICABLE","NOT_APPLICABLE","correct","head:\bNOT\s+APPLICABLE\b","['Mood Variance Test', 'Levene Test']"
"10","Variance Test","hard","Partial Correlation Coefficient","NOT_APPLICABLE","NOT_APPLICABLE","correct","head:\bNOT\s+APPLICABLE\b","['Mood Variance Test', 'Levene Test']"
"10","Variance Test","hard","Anderson-Darling Test","NOT_APPLICABLE","NOT_APPLICABLE","correct","head:\bNOT\s+APPLICABLE\b","['Mood Variance Test', 'Levene Test']"
"10","Variance Test","hard","Shapiro-Wilk Test of Normality","NOT_APPLICABLE","NOT_APPLICABLE","correct","head:\bNOT\s+APPLICABLE\b","['Mood Variance Test', 'Levene Test']"
"10","Variance Test","hard","Kolmogorov-Smirnov Test for Normality","NOT_APPLICABLE","NOT_APPLICABLE","correct","head:\bNOT\s+APPLICABLE\b","['Mood Variance Test', 'Levene Test']"
"10","Variance Test","hard","Lilliefors Test","NOT_APPLICABLE","NOT_APPLICABLE","correct","head:\bNOT\s+APPLICABLE\b","['Mood Variance Test', 'Levene Test']"
"10","Variance Test","hard","Kolmogorov-Smirnov Test","NOT_APPLICABLE","NOT_APPLICABLE","correct","head:\bNOT\s+APPLICABLE\b","['Mood Variance Test', 'Levene Test']"
"10","Variance Test","hard","Kolmogorov-Smirnov Test for Uniform distribution","NOT_APPLICABLE","NOT_APPLICABLE","correct","head:\bNOT\s+APPLICABLE\b","['Mood Variance Test', 'Levene Test']"
"10","Variance Test","hard","Kolmogorov-Smirnov Test for Gamma distribution","NOT_APPLICABLE","NOT_APPLICABLE","correct","head:\bNOT\s+APPLICABLE\b","['Mood Variance Test', 'Levene Test']"
"10","Variance Test","hard","Kolmogorov-Smirnov Test for Exponential distribution","NOT_APPLICABLE","NOT_APPLICABLE","correct","head:\bNOT\s+APPLICABLE\b","['Mood Variance Test', 'Levene Test']"
"10","Variance Test","hard","Chi-square Independence Test","NOT_APPLICABLE","NOT_APPLICABLE","correct","head:\bNOT\s+APPLICABLE\b","['Mood Variance Test', 'Levene Test']"
"10","Variance Test","hard","Fisher Exact Test","NOT_APPLICABLE","NOT_APPLICABLE","correct","head:\bNOT\s+APPLICABLE\b","['Mood Variance Test', 'Levene Test']"
"10","Variance Test","hard","Mantel-Haenszel Test","NOT_APPLICABLE","NOT_APPLICABLE","correct","head:\bNOT\s+APPLICABLE\b","['Mood Variance Test', 'Levene Test']"
"10","Variance Test","hard","Mean","APPLICABLE","NOT_APPLICABLE","wrong","head:\bAPPLICABLE\b","['Mood Variance Test', 'Levene Test']"
"10","Variance Test","hard","Median","APPLICABLE","NOT_APPLICABLE","wrong","head:\bAPPLICABLE\b","['Mood Variance Test', 'Levene Test']"
"10","Variance Test","hard","Mode","NOT_APPLICABLE","NOT_APPLICABLE","correct","head:\bNOT\s+APPLICABLE\b","['Mood Variance Test', 'Levene Test']"
"10","Variance Test","hard","Range","APPLICABLE","NOT_APPLICABLE","wrong","head:\bAPPLICABLE\b","['Mood Variance Test', 'Levene Test']"
"10","Variance Test","hard","Quartile","NOT_APPLICABLE","NOT_APPLICABLE","correct","head:\bNOT\s+APPLICABLE\b","['Mood Variance Test', 'Levene Test']"
"10","Variance Test","hard","Standard Deviation","APPLICABLE","NOT_APPLICABLE","wrong","head:\bAPPLICABLE\b","['Mood Variance Test', 'Levene Test']"
"10","Variance Test","hard","Skewness","APPLICABLE","NOT_APPLICABLE","wrong","head:\bAPPLICABLE\b","['Mood Variance Test', 'Levene Test']"
"10","Variance Test","hard","Kurtosis","APPLICABLE","NOT_APPLICABLE","wrong","head:\bAPPLICABLE\b","['Mood Variance Test', 'Levene Test']"
"10","Variance Test","hard","Mood Variance Test","NOT_APPLICABLE","APPLICABLE","wrong","head:\bNOT\s+APPLICABLE\b","['Mood Variance Test', 'Levene Test']"
"10","Variance Test","hard","Levene Test","APPLICABLE","APPLICABLE","correct","head:\bAPPLICABLE\b","['Mood Variance Test', 'Levene Test']"
"10","Variance Test","hard","Bartlett Test","NOT_APPLICABLE","NOT_APPLICABLE","correct","head:\bNOT\s+APPLICABLE\b","['Mood Variance Test', 'Levene Test']"
"10","Variance Test","hard","F-Test for Variance","NOT_APPLICABLE","NOT_APPLICABLE","correct","head:\bNOT\s+APPLICABLE\b","['Mood Variance Test', 'Levene Test']"
"11","Distribution Compliance Test","hard","Pearson Correlation Coefficient","NOT_APPLICABLE","NOT_APPLICABLE","correct","head:\bNOT\s+APPLICABLE\b","['Anderson-Darling Test', 'Kolmogorov-Smirnov Test for Normality', 'Lilliefors Test']"
"11","Distribution Compliance Test","hard","Spearman Correlation Coefficient","NOT_APPLICABLE","NOT_APPLICABLE","correct","head:\bNOT\s+APPLICABLE\b","['Anderson-Darling Test', 'Kolmogorov-Smirnov Test for Normality', 'Lilliefors Test']"
"11","Distribution Compliance Test","hard","Kendall Correlation Coefficient","NOT_APPLICABLE","NOT_APPLICABLE","correct","head:\bNOT\s+APPLICABLE\b","['Anderson-Darling Test', 'Kolmogorov-Smirnov Test for Normality', 'Lilliefors Test']"
"11","Distribution Compliance Test","hard","Partial Correlation Coefficient","NOT_APPLICABLE","NOT_APPLICABLE","correct","head:\bNOT\s+APPLICABLE\b","['Anderson-Darling Test', 'Kolmogorov-Smirnov Test for Normality', 'Lilliefors Test']"
"11","Distribution Compliance Test","hard","Anderson-Darling Test","APPLICABLE","APPLICABLE","correct","head:\bAPPLICABLE\b","['Anderson-Darling Test', 'Kolmogorov-Smirnov Test for Normality', 'Lilliefors Test']"
"11","Distribution Compliance Test","hard","Shapiro-Wilk Test of Normality","APPLICABLE","NOT_APPLICABLE","wrong","head:\bAPPLICABLE\b","['Anderson-Darling Test', 'Kolmogorov-Smirnov Test for Normality', 'Lilliefors Test']"
"11","Distribution Compliance Test","hard","Kolmogorov-Smirnov Test for Normality","APPLICABLE","APPLICABLE","correct","head:\bAPPLICABLE\b","['Anderson-Darling Test', 'Kolmogorov-Smirnov Test for Normality', 'Lilliefors Test']"
"11","Distribution Compliance Test","hard","Lilliefors Test","APPLICABLE","APPLICABLE","correct","head:\bAPPLICABLE\b","['Anderson-Darling Test', 'Kolmogorov-Smirnov Test for Normality', 'Lilliefors Test']"
"11","Distribution Compliance Test","hard","Kolmogorov-Smirnov Test","APPLICABLE","NOT_APPLICABLE","wrong","head:\bAPPLICABLE\b","['Anderson-Darling Test', 'Kolmogorov-Smirnov Test for Normality', 'Lilliefors Test']"
"11","Distribution Compliance Test","hard","Kolmogorov-Smirnov Test for Uniform distribution","NOT_APPLICABLE","NOT_APPLICABLE","correct","head:\bNOT\s+APPLICABLE\b","['Anderson-Darling Test', 'Kolmogorov-Smirnov Test for Normality', 'Lilliefors Test']"
"11","Distribution Compliance Test","hard","Kolmogorov-Smirnov Test for Gamma distribution","NOT_APPLICABLE","NOT_APPLICABLE","correct","head:\bNOT\s+APPLICABLE\b","['Anderson-Darling Test', 'Kolmogorov-Smirnov Test for Normality', 'Lilliefors Test']"
"11","Distribution Compliance Test","hard","Kolmogorov-Smirnov Test for Exponential distribution","NOT_APPLICABLE","NOT_APPLICABLE","correct","head:\bNOT\s+APPLICABLE\b","['Anderson-Darling Test', 'Kolmogorov-Smirnov Test for Normality', 'Lilliefors Test']"
"11","Distribution Compliance Test","hard","Chi-square Independence Test","NOT_APPLICABLE","NOT_APPLICABLE","correct","head:\bNOT\s+APPLICABLE\b","['Anderson-Darling Test', 'Kolmogorov-Smirnov Test for Normality', 'Lilliefors Test']"
"11","Distribution Compliance Test","hard","Fisher Exact Test","NOT_APPLICABLE","NOT_APPLICABLE","correct","head:\bNOT\s+APPLICABLE\b","['Anderson-Darling Test', 'Kolmogorov-Smirnov Test for Normality', 'Lilliefors Test']"
"11","Distribution Compliance Test","hard","Mantel-Haenszel Test","NOT_APPLICABLE","NOT_APPLICABLE","correct","head:\bNOT\s+APPLICABLE\b","['Anderson-Darling Test', 'Kolmogorov-Smirnov Test for Normality', 'Lilliefors Test']"
"11","Distribution Compliance Test","hard","Mean","NOT_APPLICABLE","NOT_APPLICABLE","correct","head:\bNOT\s+APPLICABLE\b","['Anderson-Darling Test', 'Kolmogorov-Smirnov Test for Normality', 'Lilliefors Test']"
"11","Distribution Compliance Test","hard","Median","APPLICABLE","NOT_APPLICABLE","wrong","head:\bAPPLICABLE\b","['Anderson-Darling Test', 'Kolmogorov-Smirnov Test for Normality', 'Lilliefors Test']"
"11","Distribution Compliance Test","hard","Mode","NOT_APPLICABLE","NOT_APPLICABLE","correct","head:\bNOT\s+APPLICABLE\b","['Anderson-Darling Test', 'Kolmogorov-Smirnov Test for Normality', 'Lilliefors Test']"
"11","Distribution Compliance Test","hard","Range","NOT_APPLICABLE","NOT_APPLICABLE","correct","head:\bNOT\s+APPLICABLE\b","['Anderson-Darling Test', 'Kolmogorov-Smirnov Test for Normality', 'Lilliefors Test']"
"11","Distribution Compliance Test","hard","Quartile","NOT_APPLICABLE","NOT_APPLICABLE","correct","head:\bNOT\s+APPLICABLE\b","['Anderson-Darling Test', 'Kolmogorov-Smirnov Test for Normality', 'Lilliefors Test']"
"11","Distribution Compliance Test","hard","Standard Deviation","NOT_APPLICABLE","NOT_APPLICABLE","correct","head:\bNOT\s+APPLICABLE\b","['Anderson-Darling Test', 'Kolmogorov-Smirnov Test for Normality', 'Lilliefors Test']"
"11","Distribution Compliance Test","hard","Skewness","APPLICABLE","NOT_APPLICABLE","wrong","head:\bAPPLICABLE\b","['Anderson-Darling Test', 'Kolmogorov-Smirnov Test for Normality', 'Lilliefors Test']"
"11","Distribution Compliance Test","hard","Kurtosis","APPLICABLE","NOT_APPLICABLE","wrong","head:\bAPPLICABLE\b","['Anderson-Darling Test', 'Kolmogorov-Smirnov Test for Normality', 'Lilliefors Test']"
"11","Distribution Compliance Test","hard","Mood Variance Test","NOT_APPLICABLE","NOT_APPLICABLE","correct","head:\bNOT\s+APPLICABLE\b","['Anderson-Darling Test', 'Kolmogorov-Smirnov Test for Normality', 'Lilliefors Test']"
"11","Distribution Compliance Test","hard","Levene Test","NOT_APPLICABLE","NOT_APPLICABLE","correct","head:\bNOT\s+APPLICABLE\b","['Anderson-Darling Test', 'Kolmogorov-Smirnov Test for Normality', 'Lilliefors Test']"
"11","Distribution Compliance Test","hard","Bartlett Test","NOT_APPLICABLE","NOT_APPLICABLE","correct","head:\bNOT\s+APPLICABLE\b","['Anderson-Darling Test', 'Kolmogorov-Smirnov Test for Normality', 'Lilliefors Test']"
"11","Distribution Compliance Test","hard","F-Test for Variance","NOT_APPLICABLE","NOT_APPLICABLE","correct","head:\bNOT\s+APPLICABLE\b","['Anderson-Darling Test', 'Kolmogorov-Smirnov Test for Normality', 'Lilliefors Test']"
"12","Distribution Compliance Test","hard","Pearson Correlation Coefficient","NOT_APPLICABLE","NOT_APPLICABLE","correct","head:\bNOT\s+APPLICABLE\b","['Anderson-Darling Test', 'Kolmogorov-Smirnov Test for Normality', 'Lilliefors Test']"
"12","Distribution Compliance Test","hard","Spearman Correlation Coefficient","NOT_APPLICABLE","NOT_APPLICABLE","correct","head:\bNOT\s+APPLICABLE\b","['Anderson-Darling Test', 'Kolmogorov-Smirnov Test for Normality', 'Lilliefors Test']"
"12","Distribution Compliance Test","hard","Kendall Correlation Coefficient","NOT_APPLICABLE","NOT_APPLICABLE","correct","head:\bNOT\s+APPLICABLE\b","['Anderson-Darling Test', 'Kolmogorov-Smirnov Test for Normality', 'Lilliefors Test']"
"12","Distribution Compliance Test","hard","Partial Correlation Coefficient","NOT_APPLICABLE","NOT_APPLICABLE","correct","head:\bNOT\s+APPLICABLE\b","['Anderson-Darling Test', 'Kolmogorov-Smirnov Test for Normality', 'Lilliefors Test']"
"12","Distribution Compliance Test","hard","Anderson-Darling Test","APPLICABLE","APPLICABLE","correct","head:\bAPPLICABLE\b","['Anderson-Darling Test', 'Kolmogorov-Smirnov Test for Normality', 'Lilliefors Test']"
"12","Distribution Compliance Test","hard","Shapiro-Wilk Test of Normality","APPLICABLE","NOT_APPLICABLE","wrong","head:\bAPPLICABLE\b","['Anderson-Darling Test', 'Kolmogorov-Smirnov Test for Normality', 'Lilliefors Test']"
"12","Distribution Compliance Test","hard","Kolmogorov-Smirnov Test for Normality","APPLICABLE","APPLICABLE","correct","head:\bAPPLICABLE\b","['Anderson-Darling Test', 'Kolmogorov-Smirnov Test for Normality', 'Lilliefors Test']"
"12","Distribution Compliance Test","hard","Lilliefors Test","APPLICABLE","APPLICABLE","correct","head:\bAPPLICABLE\b","['Anderson-Darling Test', 'Kolmogorov-Smirnov Test for Normality', 'Lilliefors Test']"
"12","Distribution Compliance Test","hard","Kolmogorov-Smirnov Test","APPLICABLE","NOT_APPLICABLE","wrong","head:\bAPPLICABLE\b","['Anderson-Darling Test', 'Kolmogorov-Smirnov Test for Normality', 'Lilliefors Test']"
"12","Distribution Compliance Test","hard","Kolmogorov-Smirnov Test for Uniform distribution","NOT_APPLICABLE","NOT_APPLICABLE","correct","head:\bNOT\s+APPLICABLE\b","['Anderson-Darling Test', 'Kolmogorov-Smirnov Test for Normality', 'Lilliefors Test']"
"12","Distribution Compliance Test","hard","Kolmogorov-Smirnov Test for Gamma distribution","NOT_APPLICABLE","NOT_APPLICABLE","correct","head:\bNOT\s+APPLICABLE\b","['Anderson-Darling Test', 'Kolmogorov-Smirnov Test for Normality', 'Lilliefors Test']"
"12","Distribution Compliance Test","hard","Kolmogorov-Smirnov Test for Exponential distribution","NOT_APPLICABLE","NOT_APPLICABLE","correct","head:\bNOT\s+APPLICABLE\b","['Anderson-Darling Test', 'Kolmogorov-Smirnov Test for Normality', 'Lilliefors Test']"
"12","Distribution Compliance Test","hard","Chi-square Independence Test","NOT_APPLICABLE","NOT_APPLICABLE","correct","head:\bNOT\s+APPLICABLE\b","['Anderson-Darling Test', 'Kolmogorov-Smirnov Test for Normality', 'Lilliefors Test']"
"12","Distribution Compliance Test","hard","Fisher Exact Test","NOT_APPLICABLE","NOT_APPLICABLE","correct","head:\bNOT\s+APPLICABLE\b","['Anderson-Darling Test', 'Kolmogorov-Smirnov Test for Normality', 'Lilliefors Test']"
"12","Distribution Compliance Test","hard","Mantel-Haenszel Test","NOT_APPLICABLE","NOT_APPLICABLE","correct","head:\bNOT\s+APPLICABLE\b","['Anderson-Darling Test', 'Kolmogorov-Smirnov Test for Normality', 'Lilliefors Test']"
"12","Distribution Compliance Test","hard","Mean","NOT_APPLICABLE","NOT_APPLICABLE","correct","head:\bNOT\s+APPLICABLE\b","['Anderson-Darling Test', 'Kolmogorov-Smirnov Test for Normality', 'Lilliefors Test']"
"12","Distribution Compliance Test","hard","Median","APPLICABLE","NOT_APPLICABLE","wrong","head:\bAPPLICABLE\b","['Anderson-Darling Test', 'Kolmogorov-Smirnov Test for Normality', 'Lilliefors Test']"
"12","Distribution Compliance Test","hard","Mode","NOT_APPLICABLE","NOT_APPLICABLE","correct","head:\bNOT\s+APPLICABLE\b","['Anderson-Darling Test', 'Kolmogorov-Smirnov Test for Normality', 'Lilliefors Test']"
"12","Distribution Compliance Test","hard","Range","NOT_APPLICABLE","NOT_APPLICABLE","correct","head:\bNOT\s+APPLICABLE\b","['Anderson-Darling Test', 'Kolmogorov-Smirnov Test for Normality', 'Lilliefors Test']"
"12","Distribution Compliance Test","hard","Quartile","NOT_APPLICABLE","NOT_APPLICABLE","correct","head:\bNOT\s+APPLICABLE\b","['Anderson-Darling Test', 'Kolmogorov-Smirnov Test for Normality', 'Lilliefors Test']"
"12","Distribution Compliance Test","hard","Standard Deviation","APPLICABLE","NOT_APPLICABLE","wrong","head:\bAPPLICABLE\b","['Anderson-Darling Test', 'Kolmogorov-Smirnov Test for Normality', 'Lilliefors Test']"
"12","Distribution Compliance Test","hard","Skewness","APPLICABLE","NOT_APPLICABLE","wrong","head:\bAPPLICABLE\b","['Anderson-Darling Test', 'Kolmogorov-Smirnov Test for Normality', 'Lilliefors Test']"
"12","Distribution Compliance Test","hard","Kurtosis","APPLICABLE","NOT_APPLICABLE","wrong","head:\bAPPLICABLE\b","['Anderson-Darling Test', 'Kolmogorov-Smirnov Test for Normality', 'Lilliefors Test']"
"12","Distribution Compliance Test","hard","Mood Variance Test","NOT_APPLICABLE","NOT_APPLICABLE","correct","head:\bNOT\s+APPLICABLE\b","['Anderson-Darling Test', 'Kolmogorov-Smirnov Test for Normality', 'Lilliefors Test']"
"12","Distribution Compliance Test","hard","Levene Test","NOT_APPLICABLE","NOT_APPLICABLE","correct","head:\bNOT\s+APPLICABLE\b","['Anderson-Darling Test', 'Kolmogorov-Smirnov Test for Normality', 'Lilliefors Test']"
"12","Distribution Compliance Test","hard","Bartlett Test","NOT_APPLICABLE","NOT_APPLICABLE","correct","head:\bNOT\s+APPLICABLE\b","['Anderson-Darling Test', 'Kolmogorov-Smirnov Test for Normality', 'Lilliefors Test']"
"12","Distribution Compliance Test","hard","F-Test for Variance","NOT_APPLICABLE","NOT_APPLICABLE","correct","head:\bNOT\s+APPLICABLE\b","['Anderson-Darling Test', 'Kolmogorov-Smirnov Test for Normality', 'Lilliefors Test']"
"13","Contingency Table Test","easy","Pearson Correlation Coefficient","NOT_APPLICABLE","NOT_APPLICABLE","correct","head:\bNOT\s+APPLICABLE\b","['Chi-square Independence Test', 'Fisher Exact Test']"
"13","Contingency Table Test","easy","Spearman Correlation Coefficient","NOT_APPLICABLE","NOT_APPLICABLE","correct","head:\bNOT\s+APPLICABLE\b","['Chi-square Independence Test', 'Fisher Exact Test']"
"13","Contingency Table Test","easy","Kendall Correlation Coefficient","NOT_APPLICABLE","NOT_APPLICABLE","correct","head:\bNOT\s+APPLICABLE\b","['Chi-square Independence Test', 'Fisher Exact Test']"
"13","Contingency Table Test","easy","Partial Correlation Coefficient","NOT_APPLICABLE","NOT_APPLICABLE","correct","head:\bNOT\s+APPLICABLE\b","['Chi-square Independence Test', 'Fisher Exact Test']"
"13","Contingency Table Test","easy","Anderson-Darling Test","NOT_APPLICABLE","NOT_APPLICABLE","correct","head:\bNOT\s+APPLICABLE\b","['Chi-square Independence Test', 'Fisher Exact Test']"
"13","Contingency Table Test","easy","Shapiro-Wilk Test of Normality","NOT_APPLICABLE","NOT_APPLICABLE","correct","head:\bNOT\s+APPLICABLE\b","['Chi-square Independence Test', 'Fisher Exact Test']"
"13","Contingency Table Test","easy","Kolmogorov-Smirnov Test for Normality","NOT_APPLICABLE","NOT_APPLICABLE","correct","head:\bNOT\s+APPLICABLE\b","['Chi-square Independence Test', 'Fisher Exact Test']"
"13","Contingency Table Test","easy","Lilliefors Test","NOT_APPLICABLE","NOT_APPLICABLE","correct","head:\bNOT\s+APPLICABLE\b","['Chi-square Independence Test', 'Fisher Exact Test']"
"13","Contingency Table Test","easy","Kolmogorov-Smirnov Test","NOT_APPLICABLE","NOT_APPLICABLE","correct","head:\bNOT\s+APPLICABLE\b","['Chi-square Independence Test', 'Fisher Exact Test']"
"13","Contingency Table Test","easy","Kolmogorov-Smirnov Test for Uniform distribution","NOT_APPLICABLE","NOT_APPLICABLE","correct","head:\bNOT\s+APPLICABLE\b","['Chi-square Independence Test', 'Fisher Exact Test']"
"13","Contingency Table Test","easy","Kolmogorov-Smirnov Test for Gamma distribution","NOT_APPLICABLE","NOT_APPLICABLE","correct","head:\bNOT\s+APPLICABLE\b","['Chi-square Independence Test', 'Fisher Exact Test']"
"13","Contingency Table Test","easy","Kolmogorov-Smirnov Test for Exponential distribution","NOT_APPLICABLE","NOT_APPLICABLE","correct","head:\bNOT\s+APPLICABLE\b","['Chi-square Independence Test', 'Fisher Exact Test']"
"13","Contingency Table Test","easy","Chi-square Independence Test","APPLICABLE","APPLICABLE","correct","head:\bAPPLICABLE\b","['Chi-square Independence Test', 'Fisher Exact Test']"
"13","Contingency Table Test","easy","Fisher Exact Test","NOT_APPLICABLE","APPLICABLE","wrong","head:\bNOT\s+APPLICABLE\b","['Chi-square Independence Test', 'Fisher Exact Test']"
"13","Contingency Table Test","easy","Mantel-Haenszel Test","NOT_APPLICABLE","NOT_APPLICABLE","correct","head:\bNOT\s+APPLICABLE\b","['Chi-square Independence Test', 'Fisher Exact Test']"
"13","Contingency Table Test","easy","Mean","NOT_APPLICABLE","NOT_APPLICABLE","correct","head:\bNOT\s+APPLICABLE\b","['Chi-square Independence Test', 'Fisher Exact Test']"
"13","Contingency Table Test","easy","Median","NOT_APPLICABLE","NOT_APPLICABLE","correct","head:\bNOT\s+APPLICABLE\b","['Chi-square Independence Test', 'Fisher Exact Test']"
"13","Contingency Table Test","easy","Mode","NOT_APPLICABLE","NOT_APPLICABLE","correct","head:\bNOT\s+APPLICABLE\b","['Chi-square Independence Test', 'Fisher Exact Test']"
"13","Contingency Table Test","easy","Range","NOT_APPLICABLE","NOT_APPLICABLE","correct","head:\bNOT\s+APPLICABLE\b","['Chi-square Independence Test', 'Fisher Exact Test']"
"13","Contingency Table Test","easy","Quartile","NOT_APPLICABLE","NOT_APPLICABLE","correct","head:\bNOT\s+APPLICABLE\b","['Chi-square Independence Test', 'Fisher Exact Test']"
"13","Contingency Table Test","easy","Standard Deviation","NOT_APPLICABLE","NOT_APPLICABLE","correct","head:\bNOT\s+APPLICABLE\b","['Chi-square Independence Test', 'Fisher Exact Test']"
"13","Contingency Table Test","easy","Skewness","NOT_APPLICABLE","NOT_APPLICABLE","correct","head:\bNOT\s+APPLICABLE\b","['Chi-square Independence Test', 'Fisher Exact Test']"
"13","Contingency Table Test","easy","Kurtosis","NOT_APPLICABLE","NOT_APPLICABLE","correct","head:\bNOT\s+APPLICABLE\b","['Chi-square Independence Test', 'Fisher Exact Test']"
"13","Contingency Table Test","easy","Mood Variance Test","NOT_APPLICABLE","NOT_APPLICABLE","correct","head:\bNOT\s+APPLICABLE\b","['Chi-square Independence Test', 'Fisher Exact Test']"
"13","Contingency Table Test","easy","Levene Test","NOT_APPLICABLE","NOT_APPLICABLE","correct","head:\bNOT\s+APPLICABLE\b","['Chi-square Independence Test', 'Fisher Exact Test']"
"13","Contingency Table Test","easy","Bartlett Test","NOT_APPLICABLE","NOT_APPLICABLE","correct","head:\bNOT\s+APPLICABLE\b","['Chi-square Independence Test', 'Fisher Exact Test']"
"13","Contingency Table Test","easy","F-Test for Variance","NOT_APPLICABLE","NOT_APPLICABLE","correct","head:\bNOT\s+APPLICABLE\b","['Chi-square Independence Test', 'Fisher Exact Test']"
"14","Distribution Compliance Test","hard","Pearson Correlation Coefficient","APPLICABLE","NOT_APPLICABLE","wrong","head:\bAPPLICABLE\b","['Anderson-Darling Test', 'Kolmogorov-Smirnov Test for Normality', 'Lilliefors Test']"
"14","Distribution Compliance Test","hard","Spearman Correlation Coefficient","NOT_APPLICABLE","NOT_APPLICABLE","correct","head:\bNOT\s+APPLICABLE\b","['Anderson-Darling Test', 'Kolmogorov-Smirnov Test for Normality', 'Lilliefors Test']"
"14","Distribution Compliance Test","hard","Kendall Correlation Coefficient","NOT_APPLICABLE","NOT_APPLICABLE","correct","head:\bNOT\s+APPLICABLE\b","['Anderson-Darling Test', 'Kolmogorov-Smirnov Test for Normality', 'Lilliefors Test']"
"14","Distribution Compliance Test","hard","Partial Correlation Coefficient","NOT_APPLICABLE","NOT_APPLICABLE","correct","head:\bNOT\s+APPLICABLE\b","['Anderson-Darling Test', 'Kolmogorov-Smirnov Test for Normality', 'Lilliefors Test']"
"14","Distribution Compliance Test","hard","Anderson-Darling Test","APPLICABLE","APPLICABLE","correct","head:\bAPPLICABLE\b","['Anderson-Darling Test', 'Kolmogorov-Smirnov Test for Normality', 'Lilliefors Test']"
"14","Distribution Compliance Test","hard","Shapiro-Wilk Test of Normality","APPLICABLE","NOT_APPLICABLE","wrong","head:\bAPPLICABLE\b","['Anderson-Darling Test', 'Kolmogorov-Smirnov Test for Normality', 'Lilliefors Test']"
"14","Distribution Compliance Test","hard","Kolmogorov-Smirnov Test for Normality","APPLICABLE","APPLICABLE","correct","head:\bAPPLICABLE\b","['Anderson-Darling Test', 'Kolmogorov-Smirnov Test for Normality', 'Lilliefors Test']"
"14","Distribution Compliance Test","hard","Lilliefors Test","APPLICABLE","APPLICABLE","correct","head:\bAPPLICABLE\b","['Anderson-Darling Test', 'Kolmogorov-Smirnov Test for Normality', 'Lilliefors Test']"
"14","Distribution Compliance Test","hard","Kolmogorov-Smirnov Test","APPLICABLE","NOT_APPLICABLE","wrong","head:\bAPPLICABLE\b","['Anderson-Darling Test', 'Kolmogorov-Smirnov Test for Normality', 'Lilliefors Test']"
"14","Distribution Compliance Test","hard","Kolmogorov-Smirnov Test for Uniform distribution","NOT_APPLICABLE","NOT_APPLICABLE","correct","head:\bNOT\s+APPLICABLE\b","['Anderson-Darling Test', 'Kolmogorov-Smirnov Test for Normality', 'Lilliefors Test']"
"14","Distribution Compliance Test","hard","Kolmogorov-Smirnov Test for Gamma distribution","NOT_APPLICABLE","NOT_APPLICABLE","correct","head:\bNOT\s+APPLICABLE\b","['Anderson-Darling Test', 'Kolmogorov-Smirnov Test for Normality', 'Lilliefors Test']"
"14","Distribution Compliance Test","hard","Kolmogorov-Smirnov Test for Exponential distribution","NOT_APPLICABLE","NOT_APPLICABLE","correct","head:\bNOT\s+APPLICABLE\b","['Anderson-Darling Test', 'Kolmogorov-Smirnov Test for Normality', 'Lilliefors Test']"
"14","Distribution Compliance Test","hard","Chi-square Independence Test","NOT_APPLICABLE","NOT_APPLICABLE","correct","head:\bNOT\s+APPLICABLE\b","['Anderson-Darling Test', 'Kolmogorov-Smirnov Test for Normality', 'Lilliefors Test']"
"14","Distribution Compliance Test","hard","Fisher Exact Test","NOT_APPLICABLE","NOT_APPLICABLE","correct","head:\bNOT\s+APPLICABLE\b","['Anderson-Darling Test', 'Kolmogorov-Smirnov Test for Normality', 'Lilliefors Test']"
"14","Distribution Compliance Test","hard","Mantel-Haenszel Test","NOT_APPLICABLE","NOT_APPLICABLE","correct","head:\bNOT\s+APPLICABLE\b","['Anderson-Darling Test', 'Kolmogorov-Smirnov Test for Normality', 'Lilliefors Test']"
"14","Distribution Compliance Test","hard","Mean","APPLICABLE","NOT_APPLICABLE","wrong","head:\bAPPLICABLE\b","['Anderson-Darling Test', 'Kolmogorov-Smirnov Test for Normality', 'Lilliefors Test']"
"14","Distribution Compliance Test","hard","Median","APPLICABLE","NOT_APPLICABLE","wrong","head:\bAPPLICABLE\b","['Anderson-Darling Test', 'Kolmogorov-Smirnov Test for Normality', 'Lilliefors Test']"
"14","Distribution Compliance Test","hard","Mode","NOT_APPLICABLE","NOT_APPLICABLE","correct","head:\bNOT\s+APPLICABLE\b","['Anderson-Darling Test', 'Kolmogorov-Smirnov Test for Normality', 'Lilliefors Test']"
"14","Distribution Compliance Test","hard","Range","NOT_APPLICABLE","NOT_APPLICABLE","correct","head:\bNOT\s+APPLICABLE\b","['Anderson-Darling Test', 'Kolmogorov-Smirnov Test for Normality', 'Lilliefors Test']"
"14","Distribution Compliance Test","hard","Quartile","NOT_APPLICABLE","NOT_APPLICABLE","correct","head:\bNOT\s+APPLICABLE\b","['Anderson-Darling Test', 'Kolmogorov-Smirnov Test for Normality', 'Lilliefors Test']"
"14","Distribution Compliance Test","hard","Standard Deviation","APPLICABLE","NOT_APPLICABLE","wrong","head:\bAPPLICABLE\b","['Anderson-Darling Test', 'Kolmogorov-Smirnov Test for Normality', 'Lilliefors Test']"
"14","Distribution Compliance Test","hard","Skewness","APPLICABLE","NOT_APPLICABLE","wrong","head:\bAPPLICABLE\b","['Anderson-Darling Test', 'Kolmogorov-Smirnov Test for Normality', 'Lilliefors Test']"
"14","Distribution Compliance Test","hard","Kurtosis","APPLICABLE","NOT_APPLICABLE","wrong","head:\bAPPLICABLE\b","['Anderson-Darling Test', 'Kolmogorov-Smirnov Test for Normality', 'Lilliefors Test']"
"14","Distribution Compliance Test","hard","Mood Variance Test","NOT_APPLICABLE","NOT_APPLICABLE","correct","head:\bNOT\s+APPLICABLE\b","['Anderson-Darling Test', 'Kolmogorov-Smirnov Test for Normality', 'Lilliefors Test']"
"14","Distribution Compliance Test","hard","Levene Test","APPLICABLE","NOT_APPLICABLE","wrong","head:\bAPPLICABLE\b","['Anderson-Darling Test', 'Kolmogorov-Smirnov Test for Normality', 'Lilliefors Test']"
"14","Distribution Compliance Test","hard","Bartlett Test","APPLICABLE","NOT_APPLICABLE","wrong","head:\bAPPLICABLE\b","['Anderson-Darling Test', 'Kolmogorov-Smirnov Test for Normality', 'Lilliefors Test']"
"14","Distribution Compliance Test","hard","F-Test for Variance","NOT_APPLICABLE","NOT_APPLICABLE","correct","head:\bNOT\s+APPLICABLE\b","['Anderson-Darling Test', 'Kolmogorov-Smirnov Test for Normality', 'Lilliefors Test']"
"15","Contingency Table Test","easy","Pearson Correlation Coefficient","NOT_APPLICABLE","NOT_APPLICABLE","correct","head:\bNOT\s+APPLICABLE\b","['Chi-square Independence Test', 'Fisher Exact Test']"
"15","Contingency Table Test","easy","Spearman Correlation Coefficient","NOT_APPLICABLE","NOT_APPLICABLE","correct","head:\bNOT\s+APPLICABLE\b","['Chi-square Independence Test', 'Fisher Exact Test']"
"15","Contingency Table Test","easy","Kendall Correlation Coefficient","NOT_APPLICABLE","NOT_APPLICABLE","correct","head:\bNOT\s+APPLICABLE\b","['Chi-square Independence Test', 'Fisher Exact Test']"
"15","Contingency Table Test","easy","Partial Correlation Coefficient","NOT_APPLICABLE","NOT_APPLICABLE","correct","head:\bNOT\s+APPLICABLE\b","['Chi-square Independence Test', 'Fisher Exact Test']"
"15","Contingency Table Test","easy","Anderson-Darling Test","NOT_APPLICABLE","NOT_APPLICABLE","correct","head:\bNOT\s+APPLICABLE\b","['Chi-square Independence Test', 'Fisher Exact Test']"
"15","Contingency Table Test","easy","Shapiro-Wilk Test of Normality","NOT_APPLICABLE","NOT_APPLICABLE","correct","head:\bNOT\s+APPLICABLE\b","['Chi-square Independence Test', 'Fisher Exact Test']"
"15","Contingency Table Test","easy","Kolmogorov-Smirnov Test for Normality","NOT_APPLICABLE","NOT_APPLICABLE","correct","head:\bNOT\s+APPLICABLE\b","['Chi-square Independence Test', 'Fisher Exact Test']"
"15","Contingency Table Test","easy","Lilliefors Test","NOT_APPLICABLE","NOT_APPLICABLE","correct","head:\bNOT\s+APPLICABLE\b","['Chi-square Independence Test', 'Fisher Exact Test']"
"15","Contingency Table Test","easy","Kolmogorov-Smirnov Test","NOT_APPLICABLE","NOT_APPLICABLE","correct","head:\bNOT\s+APPLICABLE\b","['Chi-square Independence Test', 'Fisher Exact Test']"
"15","Contingency Table Test","easy","Kolmogorov-Smirnov Test for Uniform distribution","NOT_APPLICABLE","NOT_APPLICABLE","correct","head:\bNOT\s+APPLICABLE\b","['Chi-square Independence Test', 'Fisher Exact Test']"
"15","Contingency Table Test","easy","Kolmogorov-Smirnov Test for Gamma distribution","NOT_APPLICABLE","NOT_APPLICABLE","correct","head:\bNOT\s+APPLICABLE\b","['Chi-square Independence Test', 'Fisher Exact Test']"
"15","Contingency Table Test","easy","Kolmogorov-Smirnov Test for Exponential distribution","NOT_APPLICABLE","NOT_APPLICABLE","correct","head:\bNOT\s+APPLICABLE\b","['Chi-square Independence Test', 'Fisher Exact Test']"
"15","Contingency Table Test","easy","Chi-square Independence Test","APPLICABLE","APPLICABLE","correct","head:\bAPPLICABLE\b","['Chi-square Independence Test', 'Fisher Exact Test']"
"15","Contingency Table Test","easy","Fisher Exact Test","APPLICABLE","APPLICABLE","correct","head:\bAPPLICABLE\b","['Chi-square Independence Test', 'Fisher Exact Test']"
"15","Contingency Table Test","easy","Mantel-Haenszel Test","NOT_APPLICABLE","NOT_APPLICABLE","correct","head:\bNOT\s+APPLICABLE\b","['Chi-square Independence Test', 'Fisher Exact Test']"
"15","Contingency Table Test","easy","Mean","NOT_APPLICABLE","NOT_APPLICABLE","correct","head:\bNOT\s+APPLICABLE\b","['Chi-square Independence Test', 'Fisher Exact Test']"
"15","Contingency Table Test","easy","Median","NOT_APPLICABLE","NOT_APPLICABLE","correct","head:\bNOT\s+APPLICABLE\b","['Chi-square Independence Test', 'Fisher Exact Test']"
"15","Contingency Table Test","easy","Mode","NOT_APPLICABLE","NOT_APPLICABLE","correct","head:\bNOT\s+APPLICABLE\b","['Chi-square Independence Test', 'Fisher Exact Test']"
"15","Contingency Table Test","easy","Range","NOT_APPLICABLE","NOT_APPLICABLE","correct","head:\bNOT\s+APPLICABLE\b","['Chi-square Independence Test', 'Fisher Exact Test']"
"15","Contingency Table Test","easy","Quartile","NOT_APPLICABLE","NOT_APPLICABLE","correct","head:\bNOT\s+APPLICABLE\b","['Chi-square Independence Test', 'Fisher Exact Test']"
"15","Contingency Table Test","easy","Standard Deviation","NOT_APPLICABLE","NOT_APPLICABLE","correct","head:\bNOT\s+APPLICABLE\b","['Chi-square Independence Test', 'Fisher Exact Test']"
"15","Contingency Table Test","easy","Skewness","NOT_APPLICABLE","NOT_APPLICABLE","correct","head:\bNOT\s+APPLICABLE\b","['Chi-square Independence Test', 'Fisher Exact Test']"
"15","Contingency Table Test","easy","Kurtosis","NOT_APPLICABLE","NOT_APPLICABLE","correct","head:\bNOT\s+APPLICABLE\b","['Chi-square Independence Test', 'Fisher Exact Test']"
"15","Contingency Table Test","easy","Mood Variance Test","NOT_APPLICABLE","NOT_APPLICABLE","correct","head:\bNOT\s+APPLICABLE\b","['Chi-square Independence Test', 'Fisher Exact Test']"
"15","Contingency Table Test","easy","Levene Test","NOT_APPLICABLE","NOT_APPLICABLE","correct","head:\bNOT\s+APPLICABLE\b","['Chi-square Independence Test', 'Fisher Exact Test']"
"15","Contingency Table Test","easy","Bartlett Test","NOT_APPLICABLE","NOT_APPLICABLE","correct","head:\bNOT\s+APPLICABLE\b","['Chi-square Independence Test', 'Fisher Exact Test']"
"15","Contingency Table Test","easy","F-Test for Variance","NOT_APPLICABLE","NOT_APPLICABLE","correct","head:\bNOT\s+APPLICABLE\b","['Chi-square Independence Test', 'Fisher Exact Test']"
"16","Distribution Compliance Test","hard","Pearson Correlation Coefficient","NOT_APPLICABLE","NOT_APPLICABLE","correct","head:\bNOT\s+APPLICABLE\b","['Anderson-Darling Test', 'Kolmogorov-Smirnov Test for Normality', 'Lilliefors Test']"
"16","Distribution Compliance Test","hard","Spearman Correlation Coefficient","NOT_APPLICABLE","NOT_APPLICABLE","correct","head:\bNOT\s+APPLICABLE\b","['Anderson-Darling Test', 'Kolmogorov-Smirnov Test for Normality', 'Lilliefors Test']"
"16","Distribution Compliance Test","hard","Kendall Correlation Coefficient","NOT_APPLICABLE","NOT_APPLICABLE","correct","head:\bNOT\s+APPLICABLE\b","['Anderson-Darling Test', 'Kolmogorov-Smirnov Test for Normality', 'Lilliefors Test']"
"16","Distribution Compliance Test","hard","Partial Correlation Coefficient","NOT_APPLICABLE","NOT_APPLICABLE","correct","head:\bNOT\s+APPLICABLE\b","['Anderson-Darling Test', 'Kolmogorov-Smirnov Test for Normality', 'Lilliefors Test']"
"16","Distribution Compliance Test","hard","Anderson-Darling Test","APPLICABLE","APPLICABLE","correct","head:\bAPPLICABLE\b","['Anderson-Darling Test', 'Kolmogorov-Smirnov Test for Normality', 'Lilliefors Test']"
"16","Distribution Compliance Test","hard","Shapiro-Wilk Test of Normality","APPLICABLE","NOT_APPLICABLE","wrong","head:\bAPPLICABLE\b","['Anderson-Darling Test', 'Kolmogorov-Smirnov Test for Normality', 'Lilliefors Test']"
"16","Distribution Compliance Test","hard","Kolmogorov-Smirnov Test for Normality","NOT_APPLICABLE","APPLICABLE","wrong","head:\bNOT\s+APPLICABLE\b","['Anderson-Darling Test', 'Kolmogorov-Smirnov Test for Normality', 'Lilliefors Test']"
"16","Distribution Compliance Test","hard","Lilliefors Test","APPLICABLE","APPLICABLE","correct","head:\bAPPLICABLE\b","['Anderson-Darling Test', 'Kolmogorov-Smirnov Test for Normality', 'Lilliefors Test']"
"16","Distribution Compliance Test","hard","Kolmogorov-Smirnov Test","NOT_APPLICABLE","NOT_APPLICABLE","correct","head:\bNOT\s+APPLICABLE\b","['Anderson-Darling Test', 'Kolmogorov-Smirnov Test for Normality', 'Lilliefors Test']"
"16","Distribution Compliance Test","hard","Kolmogorov-Smirnov Test for Uniform distribution","NOT_APPLICABLE","NOT_APPLICABLE","correct","head:\bNOT\s+APPLICABLE\b","['Anderson-Darling Test', 'Kolmogorov-Smirnov Test for Normality', 'Lilliefors Test']"
"16","Distribution Compliance Test","hard","Kolmogorov-Smirnov Test for Gamma distribution","NOT_APPLICABLE","NOT_APPLICABLE","correct","head:\bNOT\s+APPLICABLE\b","['Anderson-Darling Test', 'Kolmogorov-Smirnov Test for Normality', 'Lilliefors Test']"
"16","Distribution Compliance Test","hard","Kolmogorov-Smirnov Test for Exponential distribution","NOT_APPLICABLE","NOT_APPLICABLE","correct","head:\bNOT\s+APPLICABLE\b","['Anderson-Darling Test', 'Kolmogorov-Smirnov Test for Normality', 'Lilliefors Test']"
"16","Distribution Compliance Test","hard","Chi-square Independence Test","NOT_APPLICABLE","NOT_APPLICABLE","correct","head:\bNOT\s+APPLICABLE\b","['Anderson-Darling Test', 'Kolmogorov-Smirnov Test for Normality', 'Lilliefors Test']"
"16","Distribution Compliance Test","hard","Fisher Exact Test","NOT_APPLICABLE","NOT_APPLICABLE","correct","head:\bNOT\s+APPLICABLE\b","['Anderson-Darling Test', 'Kolmogorov-Smirnov Test for Normality', 'Lilliefors Test']"
"16","Distribution Compliance Test","hard","Mantel-Haenszel Test","NOT_APPLICABLE","NOT_APPLICABLE","correct","head:\bNOT\s+APPLICABLE\b","['Anderson-Darling Test', 'Kolmogorov-Smirnov Test for Normality', 'Lilliefors Test']"
"16","Distribution Compliance Test","hard","Mean","APPLICABLE","NOT_APPLICABLE","wrong","head:\bAPPLICABLE\b","['Anderson-Darling Test', 'Kolmogorov-Smirnov Test for Normality', 'Lilliefors Test']"
"16","Distribution Compliance Test","hard","Median","APPLICABLE","NOT_APPLICABLE","wrong","head:\bAPPLICABLE\b","['Anderson-Darling Test', 'Kolmogorov-Smirnov Test for Normality', 'Lilliefors Test']"
"16","Distribution Compliance Test","hard","Mode","NOT_APPLICABLE","NOT_APPLICABLE","correct","head:\bNOT\s+APPLICABLE\b","['Anderson-Darling Test', 'Kolmogorov-Smirnov Test for Normality', 'Lilliefors Test']"
"16","Distribution Compliance Test","hard","Range","NOT_APPLICABLE","NOT_APPLICABLE","correct","head:\bNOT\s+APPLICABLE\b","['Anderson-Darling Test', 'Kolmogorov-Smirnov Test for Normality', 'Lilliefors Test']"
"16","Distribution Compliance Test","hard","Quartile","NOT_APPLICABLE","NOT_APPLICABLE","correct","head:\bNOT\s+APPLICABLE\b","['Anderson-Darling Test', 'Kolmogorov-Smirnov Test for Normality', 'Lilliefors Test']"
"16","Distribution Compliance Test","hard","Standard Deviation","APPLICABLE","NOT_APPLICABLE","wrong","head:\bAPPLICABLE\b","['Anderson-Darling Test', 'Kolmogorov-Smirnov Test for Normality', 'Lilliefors Test']"
"16","Distribution Compliance Test","hard","Skewness","APPLICABLE","NOT_APPLICABLE","wrong","head:\bAPPLICABLE\b","['Anderson-Darling Test', 'Kolmogorov-Smirnov Test for Normality', 'Lilliefors Test']"
"16","Distribution Compliance Test","hard","Kurtosis","APPLICABLE","NOT_APPLICABLE","wrong","head:\bAPPLICABLE\b","['Anderson-Darling Test', 'Kolmogorov-Smirnov Test for Normality', 'Lilliefors Test']"
"16","Distribution Compliance Test","hard","Mood Variance Test","NOT_APPLICABLE","NOT_APPLICABLE","correct","head:\bNOT\s+APPLICABLE\b","['Anderson-Darling Test', 'Kolmogorov-Smirnov Test for Normality', 'Lilliefors Test']"
"16","Distribution Compliance Test","hard","Levene Test","NOT_APPLICABLE","NOT_APPLICABLE","correct","head:\bNOT\s+APPLICABLE\b","['Anderson-Darling Test', 'Kolmogorov-Smirnov Test for Normality', 'Lilliefors Test']"
"16","Distribution Compliance Test","hard","Bartlett Test","NOT_APPLICABLE","NOT_APPLICABLE","correct","head:\bNOT\s+APPLICABLE\b","['Anderson-Darling Test', 'Kolmogorov-Smirnov Test for Normality', 'Lilliefors Test']"
"16","Distribution Compliance Test","hard","F-Test for Variance","NOT_APPLICABLE","NOT_APPLICABLE","correct","head:\bNOT\s+APPLICABLE\b","['Anderson-Darling Test', 'Kolmogorov-Smirnov Test for Normality', 'Lilliefors Test']"
"17","Contingency Table Test","hard","Pearson Correlation Coefficient","NOT_APPLICABLE","NOT_APPLICABLE","correct","head:\bNOT\s+APPLICABLE\b","['Chi-square Independence Test']"
"17","Contingency Table Test","hard","Spearman Correlation Coefficient","NOT_APPLICABLE","NOT_APPLICABLE","correct","head:\bNOT\s+APPLICABLE\b","['Chi-square Independence Test']"
"17","Contingency Table Test","hard","Kendall Correlation Coefficient","NOT_APPLICABLE","NOT_APPLICABLE","correct","head:\bNOT\s+APPLICABLE\b","['Chi-square Independence Test']"
"17","Contingency Table Test","hard","Partial Correlation Coefficient","NOT_APPLICABLE","NOT_APPLICABLE","correct","head:\bNOT\s+APPLICABLE\b","['Chi-square Independence Test']"
"17","Contingency Table Test","hard","Anderson-Darling Test","NOT_APPLICABLE","NOT_APPLICABLE","correct","head:\bNOT\s+APPLICABLE\b","['Chi-square Independence Test']"
"17","Contingency Table Test","hard","Shapiro-Wilk Test of Normality","NOT_APPLICABLE","NOT_APPLICABLE","correct","head:\bNOT\s+APPLICABLE\b","['Chi-square Independence Test']"
"17","Contingency Table Test","hard","Kolmogorov-Smirnov Test for Normality","NOT_APPLICABLE","NOT_APPLICABLE","correct","head:\bNOT\s+APPLICABLE\b","['Chi-square Independence Test']"
"17","Contingency Table Test","hard","Lilliefors Test","NOT_APPLICABLE","NOT_APPLICABLE","correct","head:\bNOT\s+APPLICABLE\b","['Chi-square Independence Test']"
"17","Contingency Table Test","hard","Kolmogorov-Smirnov Test","NOT_APPLICABLE","NOT_APPLICABLE","correct","head:\bNOT\s+APPLICABLE\b","['Chi-square Independence Test']"
"17","Contingency Table Test","hard","Kolmogorov-Smirnov Test for Uniform distribution","NOT_APPLICABLE","NOT_APPLICABLE","correct","head:\bNOT\s+APPLICABLE\b","['Chi-square Independence Test']"
"17","Contingency Table Test","hard","Kolmogorov-Smirnov Test for Gamma distribution","NOT_APPLICABLE","NOT_APPLICABLE","correct","head:\bNOT\s+APPLICABLE\b","['Chi-square Independence Test']"
"17","Contingency Table Test","hard","Kolmogorov-Smirnov Test for Exponential distribution","NOT_APPLICABLE","NOT_APPLICABLE","correct","head:\bNOT\s+APPLICABLE\b","['Chi-square Independence Test']"
"17","Contingency Table Test","hard","Chi-square Independence Test","APPLICABLE","APPLICABLE","correct","head:\bAPPLICABLE\b","['Chi-square Independence Test']"
"17","Contingency Table Test","hard","Fisher Exact Test","NOT_APPLICABLE","NOT_APPLICABLE","correct","head:\bNOT\s+APPLICABLE\b","['Chi-square Independence Test']"
"17","Contingency Table Test","hard","Mantel-Haenszel Test","NOT_APPLICABLE","NOT_APPLICABLE","correct","head:\bNOT\s+APPLICABLE\b","['Chi-square Independence Test']"
"17","Contingency Table Test","hard","Mean","NOT_APPLICABLE","NOT_APPLICABLE","correct","head:\bNOT\s+APPLICABLE\b","['Chi-square Independence Test']"
"17","Contingency Table Test","hard","Median","NOT_APPLICABLE","NOT_APPLICABLE","correct","head:\bNOT\s+APPLICABLE\b","['Chi-square Independence Test']"
"17","Contingency Table Test","hard","Mode","NOT_APPLICABLE","NOT_APPLICABLE","correct","head:\bNOT\s+APPLICABLE\b","['Chi-square Independence Test']"
"17","Contingency Table Test","hard","Range","NOT_APPLICABLE","NOT_APPLICABLE","correct","head:\bNOT\s+APPLICABLE\b","['Chi-square Independence Test']"
"17","Contingency Table Test","hard","Quartile","NOT_APPLICABLE","NOT_APPLICABLE","correct","head:\bNOT\s+APPLICABLE\b","['Chi-square Independence Test']"
"17","Contingency Table Test","hard","Standard Deviation","NOT_APPLICABLE","NOT_APPLICABLE","correct","head:\bNOT\s+APPLICABLE\b","['Chi-square Independence Test']"
"17","Contingency Table Test","hard","Skewness","NOT_APPLICABLE","NOT_APPLICABLE","correct","head:\bNOT\s+APPLICABLE\b","['Chi-square Independence Test']"
"17","Contingency Table Test","hard","Kurtosis","NOT_APPLICABLE","NOT_APPLICABLE","correct","head:\bNOT\s+APPLICABLE\b","['Chi-square Independence Test']"
"17","Contingency Table Test","hard","Mood Variance Test","NOT_APPLICABLE","NOT_APPLICABLE","correct","head:\bNOT\s+APPLICABLE\b","['Chi-square Independence Test']"
"17","Contingency Table Test","hard","Levene Test","NOT_APPLICABLE","NOT_APPLICABLE","correct","head:\bNOT\s+APPLICABLE\b","['Chi-square Independence Test']"
"17","Contingency Table Test","hard","Bartlett Test","NOT_APPLICABLE","NOT_APPLICABLE","correct","head:\bNOT\s+APPLICABLE\b","['Chi-square Independence Test']"
"17","Contingency Table Test","hard","F-Test for Variance","NOT_APPLICABLE","NOT_APPLICABLE","correct","head:\bNOT\s+APPLICABLE\b","['Chi-square Independence Test']"
"18","Contingency Table Test","hard","Pearson Correlation Coefficient","NOT_APPLICABLE","NOT_APPLICABLE","correct","head:\bNOT\s+APPLICABLE\b","['Chi-square Independence Test']"
"18","Contingency Table Test","hard","Spearman Correlation Coefficient","NOT_APPLICABLE","NOT_APPLICABLE","correct","head:\bNOT\s+APPLICABLE\b","['Chi-square Independence Test']"
"18","Contingency Table Test","hard","Kendall Correlation Coefficient","NOT_APPLICABLE","NOT_APPLICABLE","correct","head:\bNOT\s+APPLICABLE\b","['Chi-square Independence Test']"
"18","Contingency Table Test","hard","Partial Correlation Coefficient","NOT_APPLICABLE","NOT_APPLICABLE","correct","head:\bNOT\s+APPLICABLE\b","['Chi-square Independence Test']"
"18","Contingency Table Test","hard","Anderson-Darling Test","NOT_APPLICABLE","NOT_APPLICABLE","correct","head:\bNOT\s+APPLICABLE\b","['Chi-square Independence Test']"
"18","Contingency Table Test","hard","Shapiro-Wilk Test of Normality","NOT_APPLICABLE","NOT_APPLICABLE","correct","head:\bNOT\s+APPLICABLE\b","['Chi-square Independence Test']"
"18","Contingency Table Test","hard","Kolmogorov-Smirnov Test for Normality","NOT_APPLICABLE","NOT_APPLICABLE","correct","head:\bNOT\s+APPLICABLE\b","['Chi-square Independence Test']"
"18","Contingency Table Test","hard","Lilliefors Test","NOT_APPLICABLE","NOT_APPLICABLE","correct","head:\bNOT\s+APPLICABLE\b","['Chi-square Independence Test']"
"18","Contingency Table Test","hard","Kolmogorov-Smirnov Test","NOT_APPLICABLE","NOT_APPLICABLE","correct","head:\bNOT\s+APPLICABLE\b","['Chi-square Independence Test']"
"18","Contingency Table Test","hard","Kolmogorov-Smirnov Test for Uniform distribution","NOT_APPLICABLE","NOT_APPLICABLE","correct","head:\bNOT\s+APPLICABLE\b","['Chi-square Independence Test']"
"18","Contingency Table Test","hard","Kolmogorov-Smirnov Test for Gamma distribution","NOT_APPLICABLE","NOT_APPLICABLE","correct","head:\bNOT\s+APPLICABLE\b","['Chi-square Independence Test']"
"18","Contingency Table Test","hard","Kolmogorov-Smirnov Test for Exponential distribution","NOT_APPLICABLE","NOT_APPLICABLE","correct","head:\bNOT\s+APPLICABLE\b","['Chi-square Independence Test']"
"18","Contingency Table Test","hard","Chi-square Independence Test","APPLICABLE","APPLICABLE","correct","head:\bAPPLICABLE\b","['Chi-square Independence Test']"
"18","Contingency Table Test","hard","Fisher Exact Test","NOT_APPLICABLE","NOT_APPLICABLE","correct","head:\bNOT\s+APPLICABLE\b","['Chi-square Independence Test']"
"18","Contingency Table Test","hard","Mantel-Haenszel Test","NOT_APPLICABLE","NOT_APPLICABLE","correct","head:\bNOT\s+APPLICABLE\b","['Chi-square Independence Test']"
"18","Contingency Table Test","hard","Mean","NOT_APPLICABLE","NOT_APPLICABLE","correct","head:\bNOT\s+APPLICABLE\b","['Chi-square Independence Test']"
"18","Contingency Table Test","hard","Median","NOT_APPLICABLE","NOT_APPLICABLE","correct","head:\bNOT\s+APPLICABLE\b","['Chi-square Independence Test']"
"18","Contingency Table Test","hard","Mode","NOT_APPLICABLE","NOT_APPLICABLE","correct","head:\bNOT\s+APPLICABLE\b","['Chi-square Independence Test']"
"18","Contingency Table Test","hard","Range","NOT_APPLICABLE","NOT_APPLICABLE","correct","head:\bNOT\s+APPLICABLE\b","['Chi-square Independence Test']"
"18","Contingency Table Test","hard","Quartile","NOT_APPLICABLE","NOT_APPLICABLE","correct","head:\bNOT\s+APPLICABLE\b","['Chi-square Independence Test']"
"18","Contingency Table Test","hard","Standard Deviation","NOT_APPLICABLE","NOT_APPLICABLE","correct","head:\bNOT\s+APPLICABLE\b","['Chi-square Independence Test']"
"18","Contingency Table Test","hard","Skewness","NOT_APPLICABLE","NOT_APPLICABLE","correct","head:\bNOT\s+APPLICABLE\b","['Chi-square Independence Test']"
"18","Contingency Table Test","hard","Kurtosis","NOT_APPLICABLE","NOT_APPLICABLE","correct","head:\bNOT\s+APPLICABLE\b","['Chi-square Independence Test']"
"18","Contingency Table Test","hard","Mood Variance Test","NOT_APPLICABLE","NOT_APPLICABLE","correct","head:\bNOT\s+APPLICABLE\b","['Chi-square Independence Test']"
"18","Contingency Table Test","hard","Levene Test","NOT_APPLICABLE","NOT_APPLICABLE","correct","head:\bNOT\s+APPLICABLE\b","['Chi-square Independence Test']"
"18","Contingency Table Test","hard","Bartlett Test","NOT_APPLICABLE","NOT_APPLICABLE","correct","head:\bNOT\s+APPLICABLE\b","['Chi-square Independence Test']"
"18","Contingency Table Test","hard","F-Test for Variance","NOT_APPLICABLE","NOT_APPLICABLE","correct","head:\bNOT\s+APPLICABLE\b","['Chi-square Independence Test']"
"19","Variance Test","hard","Pearson Correlation Coefficient","NOT_APPLICABLE","NOT_APPLICABLE","correct","head:\bNOT\s+APPLICABLE\b","['Mood Variance Test', 'Levene Test']"
"19","Variance Test","hard","Spearman Correlation Coefficient","NOT_APPLICABLE","NOT_APPLICABLE","correct","head:\bNOT\s+APPLICABLE\b","['Mood Variance Test', 'Levene Test']"
"19","Variance Test","hard","Kendall Correlation Coefficient","NOT_APPLICABLE","NOT_APPLICABLE","correct","head:\bNOT\s+APPLICABLE\b","['Mood Variance Test', 'Levene Test']"
"19","Variance Test","hard","Partial Correlation Coefficient","NOT_APPLICABLE","NOT_APPLICABLE","correct","head:\bNOT\s+APPLICABLE\b","['Mood Variance Test', 'Levene Test']"
"19","Variance Test","hard","Anderson-Darling Test","NOT_APPLICABLE","NOT_APPLICABLE","correct","head:\bNOT\s+APPLICABLE\b","['Mood Variance Test', 'Levene Test']"
"19","Variance Test","hard","Shapiro-Wilk Test of Normality","NOT_APPLICABLE","NOT_APPLICABLE","correct","head:\bNOT\s+APPLICABLE\b","['Mood Variance Test', 'Levene Test']"
"19","Variance Test","hard","Kolmogorov-Smirnov Test for Normality","NOT_APPLICABLE","NOT_APPLICABLE","correct","head:\bNOT\s+APPLICABLE\b","['Mood Variance Test', 'Levene Test']"
"19","Variance Test","hard","Lilliefors Test","NOT_APPLICABLE","NOT_APPLICABLE","correct","head:\bNOT\s+APPLICABLE\b","['Mood Variance Test', 'Levene Test']"
"19","Variance Test","hard","Kolmogorov-Smirnov Test","NOT_APPLICABLE","NOT_APPLICABLE","correct","head:\bNOT\s+APPLICABLE\b","['Mood Variance Test', 'Levene Test']"
"19","Variance Test","hard","Kolmogorov-Smirnov Test for Uniform distribution","NOT_APPLICABLE","NOT_APPLICABLE","correct","head:\bNOT\s+APPLICABLE\b","['Mood Variance Test', 'Levene Test']"
"19","Variance Test","hard","Kolmogorov-Smirnov Test for Gamma distribution","NOT_APPLICABLE","NOT_APPLICABLE","correct","head:\bNOT\s+APPLICABLE\b","['Mood Variance Test', 'Levene Test']"
"19","Variance Test","hard","Kolmogorov-Smirnov Test for Exponential distribution","NOT_APPLICABLE","NOT_APPLICABLE","correct","head:\bNOT\s+APPLICABLE\b","['Mood Variance Test', 'Levene Test']"
"19","Variance Test","hard","Chi-square Independence Test","NOT_APPLICABLE","NOT_APPLICABLE","correct","head:\bNOT\s+APPLICABLE\b","['Mood Variance Test', 'Levene Test']"
"19","Variance Test","hard","Fisher Exact Test","NOT_APPLICABLE","NOT_APPLICABLE","correct","head:\bNOT\s+APPLICABLE\b","['Mood Variance Test', 'Levene Test']"
"19","Variance Test","hard","Mantel-Haenszel Test","NOT_APPLICABLE","NOT_APPLICABLE","correct","head:\bNOT\s+APPLICABLE\b","['Mood Variance Test', 'Levene Test']"
"19","Variance Test","hard","Mean","NOT_APPLICABLE","NOT_APPLICABLE","correct","head:\bNOT\s+APPLICABLE\b","['Mood Variance Test', 'Levene Test']"
"19","Variance Test","hard","Median","APPLICABLE","NOT_APPLICABLE","wrong","head:\bAPPLICABLE\b","['Mood Variance Test', 'Levene Test']"
"19","Variance Test","hard","Mode","NOT_APPLICABLE","NOT_APPLICABLE","correct","head:\bNOT\s+APPLICABLE\b","['Mood Variance Test', 'Levene Test']"
"19","Variance Test","hard","Range","NOT_APPLICABLE","NOT_APPLICABLE","correct","head:\bNOT\s+APPLICABLE\b","['Mood Variance Test', 'Levene Test']"
"19","Variance Test","hard","Quartile","NOT_APPLICABLE","NOT_APPLICABLE","correct","head:\bNOT\s+APPLICABLE\b","['Mood Variance Test', 'Levene Test']"
"19","Variance Test","hard","Standard Deviation","NOT_APPLICABLE","NOT_APPLICABLE","correct","head:\bNOT\s+APPLICABLE\b","['Mood Variance Test', 'Levene Test']"
"19","Variance Test","hard","Skewness","APPLICABLE","NOT_APPLICABLE","wrong","head:\bAPPLICABLE\b","['Mood Variance Test', 'Levene Test']"
"19","Variance Test","hard","Kurtosis","NOT_APPLICABLE","NOT_APPLICABLE","correct","head:\bNOT\s+APPLICABLE\b","['Mood Variance Test', 'Levene Test']"
"19","Variance Test","hard","Mood Variance Test","NOT_APPLICABLE","APPLICABLE","wrong","head:\bNOT\s+APPLICABLE\b","['Mood Variance Test', 'Levene Test']"
"19","Variance Test","hard","Levene Test","NOT_APPLICABLE","APPLICABLE","wrong","head:\bNOT\s+APPLICABLE\b","['Mood Variance Test', 'Levene Test']"
"19","Variance Test","hard","Bartlett Test","NOT_APPLICABLE","NOT_APPLICABLE","correct","head:\bNOT\s+APPLICABLE\b","['Mood Variance Test', 'Levene Test']"
"19","Variance Test","hard","F-Test for Variance","NOT_APPLICABLE","NOT_APPLICABLE","correct","head:\bNOT\s+APPLICABLE\b","['Mood Variance Test', 'Levene Test']"
"20","Correlation Analysis","easy","Pearson Correlation Coefficient","NOT_APPLICABLE","APPLICABLE","wrong","head:\bNOT\s+APPLICABLE\b","['Pearson Correlation Coefficient', 'Spearman Correlation Coefficient', 'Kendall Correlation Coefficient']"
"20","Correlation Analysis","easy","Spearman Correlation Coefficient","APPLICABLE","APPLICABLE","correct","head:\bAPPLICABLE\b","['Pearson Correlation Coefficient', 'Spearman Correlation Coefficient', 'Kendall Correlation Coefficient']"
"20","Correlation Analysis","easy","Kendall Correlation Coefficient","APPLICABLE","APPLICABLE","correct","head:\bAPPLICABLE\b","['Pearson Correlation Coefficient', 'Spearman Correlation Coefficient', 'Kendall Correlation Coefficient']"
"20","Correlation Analysis","easy","Partial Correlation Coefficient","NOT_APPLICABLE","NOT_APPLICABLE","correct","head:\bNOT\s+APPLICABLE\b","['Pearson Correlation Coefficient', 'Spearman Correlation Coefficient', 'Kendall Correlation Coefficient']"
"20","Correlation Analysis","easy","Anderson-Darling Test","NOT_APPLICABLE","NOT_APPLICABLE","correct","head:\bNOT\s+APPLICABLE\b","['Pearson Correlation Coefficient', 'Spearman Correlation Coefficient', 'Kendall Correlation Coefficient']"
"20","Correlation Analysis","easy","Shapiro-Wilk Test of Normality","NOT_APPLICABLE","NOT_APPLICABLE","correct","head:\bNOT\s+APPLICABLE\b","['Pearson Correlation Coefficient', 'Spearman Correlation Coefficient', 'Kendall Correlation Coefficient']"
"20","Correlation Analysis","easy","Kolmogorov-Smirnov Test for Normality","NOT_APPLICABLE","NOT_APPLICABLE","correct","head:\bNOT\s+APPLICABLE\b","['Pearson Correlation Coefficient', 'Spearman Correlation Coefficient', 'Kendall Correlation Coefficient']"
"20","Correlation Analysis","easy","Lilliefors Test","NOT_APPLICABLE","NOT_APPLICABLE","correct","head:\bNOT\s+APPLICABLE\b","['Pearson Correlation Coefficient', 'Spearman Correlation Coefficient', 'Kendall Correlation Coefficient']"
"20","Correlation Analysis","easy","Kolmogorov-Smirnov Test","NOT_APPLICABLE","NOT_APPLICABLE","correct","head:\bNOT\s+APPLICABLE\b","['Pearson Correlation Coefficient', 'Spearman Correlation Coefficient', 'Kendall Correlation Coefficient']"
"20","Correlation Analysis","easy","Kolmogorov-Smirnov Test for Uniform distribution","NOT_APPLICABLE","NOT_APPLICABLE","correct","head:\bNOT\s+APPLICABLE\b","['Pearson Correlation Coefficient', 'Spearman Correlation Coefficient', 'Kendall Correlation Coefficient']"
"20","Correlation Analysis","easy","Kolmogorov-Smirnov Test for Gamma distribution","NOT_APPLICABLE","NOT_APPLICABLE","correct","head:\bNOT\s+APPLICABLE\b","['Pearson Correlation Coefficient', 'Spearman Correlation Coefficient', 'Kendall Correlation Coefficient']"
"20","Correlation Analysis","easy","Kolmogorov-Smirnov Test for Exponential distribution","NOT_APPLICABLE","NOT_APPLICABLE","correct","head:\bNOT\s+APPLICABLE\b","['Pearson Correlation Coefficient', 'Spearman Correlation Coefficient', 'Kendall Correlation Coefficient']"
"20","Correlation Analysis","easy","Chi-square Independence Test","NOT_APPLICABLE","NOT_APPLICABLE","correct","head:\bNOT\s+APPLICABLE\b","['Pearson Correlation Coefficient', 'Spearman Correlation Coefficient', 'Kendall Correlation Coefficient']"
"20","Correlation Analysis","easy","Fisher Exact Test","NOT_APPLICABLE","NOT_APPLICABLE","correct","head:\bNOT\s+APPLICABLE\b","['Pearson Correlation Coefficient', 'Spearman Correlation Coefficient', 'Kendall Correlation Coefficient']"
"20","Correlation Analysis","easy","Mantel-Haenszel Test","NOT_APPLICABLE","NOT_APPLICABLE","correct","head:\bNOT\s+APPLICABLE\b","['Pearson Correlation Coefficient', 'Spearman Correlation Coefficient', 'Kendall Correlation Coefficient']"
"20","Correlation Analysis","easy","Mean","NOT_APPLICABLE","NOT_APPLICABLE","correct","head:\bNOT\s+APPLICABLE\b","['Pearson Correlation Coefficient', 'Spearman Correlation Coefficient', 'Kendall Correlation Coefficient']"
"20","Correlation Analysis","easy","Median","NOT_APPLICABLE","NOT_APPLICABLE","correct","head:\bNOT\s+APPLICABLE\b","['Pearson Correlation Coefficient', 'Spearman Correlation Coefficient', 'Kendall Correlation Coefficient']"
"20","Correlation Analysis","easy","Mode","NOT_APPLICABLE","NOT_APPLICABLE","correct","head:\bNOT\s+APPLICABLE\b","['Pearson Correlation Coefficient', 'Spearman Correlation Coefficient', 'Kendall Correlation Coefficient']"
"20","Correlation Analysis","easy","Range","NOT_APPLICABLE","NOT_APPLICABLE","correct","head:\bNOT\s+APPLICABLE\b","['Pearson Correlation Coefficient', 'Spearman Correlation Coefficient', 'Kendall Correlation Coefficient']"
"20","Correlation Analysis","easy","Quartile","NOT_APPLICABLE","NOT_APPLICABLE","correct","head:\bNOT\s+APPLICABLE\b","['Pearson Correlation Coefficient', 'Spearman Correlation Coefficient', 'Kendall Correlation Coefficient']"
"20","Correlation Analysis","easy","Standard Deviation","NOT_APPLICABLE","NOT_APPLICABLE","correct","head:\bNOT\s+APPLICABLE\b","['Pearson Correlation Coefficient', 'Spearman Correlation Coefficient', 'Kendall Correlation Coefficient']"
"20","Correlation Analysis","easy","Skewness","NOT_APPLICABLE","NOT_APPLICABLE","correct","head:\bNOT\s+APPLICABLE\b","['Pearson Correlation Coefficient', 'Spearman Correlation Coefficient', 'Kendall Correlation Coefficient']"
"20","Correlation Analysis","easy","Kurtosis","NOT_APPLICABLE","NOT_APPLICABLE","correct","head:\bNOT\s+APPLICABLE\b","['Pearson Correlation Coefficient', 'Spearman Correlation Coefficient', 'Kendall Correlation Coefficient']"
"20","Correlation Analysis","easy","Mood Variance Test","NOT_APPLICABLE","NOT_APPLICABLE","correct","head:\bNOT\s+APPLICABLE\b","['Pearson Correlation Coefficient', 'Spearman Correlation Coefficient', 'Kendall Correlation Coefficient']"
"20","Correlation Analysis","easy","Levene Test","NOT_APPLICABLE","NOT_APPLICABLE","correct","head:\bNOT\s+APPLICABLE\b","['Pearson Correlation Coefficient', 'Spearman Correlation Coefficient', 'Kendall Correlation Coefficient']"
"20","Correlation Analysis","easy","Bartlett Test","NOT_APPLICABLE","NOT_APPLICABLE","correct","head:\bNOT\s+APPLICABLE\b","['Pearson Correlation Coefficient', 'Spearman Correlation Coefficient', 'Kendall Correlation Coefficient']"
"20","Correlation Analysis","easy","F-Test for Variance","NOT_APPLICABLE","NOT_APPLICABLE","correct","head:\bNOT\s+APPLICABLE\b","['Pearson Correlation Coefficient', 'Spearman Correlation Coefficient', 'Kendall Correlation Coefficient']"
"21","Distribution Compliance Test","hard","Pearson Correlation Coefficient","NOT_APPLICABLE","NOT_APPLICABLE","correct","head:\bNOT\s+APPLICABLE\b","['Anderson-Darling Test', 'Kolmogorov-Smirnov Test for Normality', 'Lilliefors Test']"
"21","Distribution Compliance Test","hard","Spearman Correlation Coefficient","NOT_APPLICABLE","NOT_APPLICABLE","correct","head:\bNOT\s+APPLICABLE\b","['Anderson-Darling Test', 'Kolmogorov-Smirnov Test for Normality', 'Lilliefors Test']"
"21","Distribution Compliance Test","hard","Kendall Correlation Coefficient","NOT_APPLICABLE","NOT_APPLICABLE","correct","head:\bNOT\s+APPLICABLE\b","['Anderson-Darling Test', 'Kolmogorov-Smirnov Test for Normality', 'Lilliefors Test']"
"21","Distribution Compliance Test","hard","Partial Correlation Coefficient","NOT_APPLICABLE","NOT_APPLICABLE","correct","head:\bNOT\s+APPLICABLE\b","['Anderson-Darling Test', 'Kolmogorov-Smirnov Test for Normality', 'Lilliefors Test']"
"21","Distribution Compliance Test","hard","Anderson-Darling Test","NOT_APPLICABLE","APPLICABLE","wrong","head:\bNOT\s+APPLICABLE\b","['Anderson-Darling Test', 'Kolmogorov-Smirnov Test for Normality', 'Lilliefors Test']"
"21","Distribution Compliance Test","hard","Shapiro-Wilk Test of Normality","APPLICABLE","NOT_APPLICABLE","wrong","head:\bAPPLICABLE\b","['Anderson-Darling Test', 'Kolmogorov-Smirnov Test for Normality', 'Lilliefors Test']"
"21","Distribution Compliance Test","hard","Kolmogorov-Smirnov Test for Normality","NOT_APPLICABLE","APPLICABLE","wrong","head:\bNOT\s+APPLICABLE\b","['Anderson-Darling Test', 'Kolmogorov-Smirnov Test for Normality', 'Lilliefors Test']"
"21","Distribution Compliance Test","hard","Lilliefors Test","APPLICABLE","APPLICABLE","correct","head:\bAPPLICABLE\b","['Anderson-Darling Test', 'Kolmogorov-Smirnov Test for Normality', 'Lilliefors Test']"
"21","Distribution Compliance Test","hard","Kolmogorov-Smirnov Test","NOT_APPLICABLE","NOT_APPLICABLE","correct","head:\bNOT\s+APPLICABLE\b","['Anderson-Darling Test', 'Kolmogorov-Smirnov Test for Normality', 'Lilliefors Test']"
"21","Distribution Compliance Test","hard","Kolmogorov-Smirnov Test for Uniform distribution","NOT_APPLICABLE","NOT_APPLICABLE","correct","head:\bNOT\s+APPLICABLE\b","['Anderson-Darling Test', 'Kolmogorov-Smirnov Test for Normality', 'Lilliefors Test']"
"21","Distribution Compliance Test","hard","Kolmogorov-Smirnov Test for Gamma distribution","NOT_APPLICABLE","NOT_APPLICABLE","correct","head:\bNOT\s+APPLICABLE\b","['Anderson-Darling Test', 'Kolmogorov-Smirnov Test for Normality', 'Lilliefors Test']"
"21","Distribution Compliance Test","hard","Kolmogorov-Smirnov Test for Exponential distribution","NOT_APPLICABLE","NOT_APPLICABLE","correct","head:\bNOT\s+APPLICABLE\b","['Anderson-Darling Test', 'Kolmogorov-Smirnov Test for Normality', 'Lilliefors Test']"
"21","Distribution Compliance Test","hard","Chi-square Independence Test","NOT_APPLICABLE","NOT_APPLICABLE","correct","head:\bNOT\s+APPLICABLE\b","['Anderson-Darling Test', 'Kolmogorov-Smirnov Test for Normality', 'Lilliefors Test']"
"21","Distribution Compliance Test","hard","Fisher Exact Test","NOT_APPLICABLE","NOT_APPLICABLE","correct","head:\bNOT\s+APPLICABLE\b","['Anderson-Darling Test', 'Kolmogorov-Smirnov Test for Normality', 'Lilliefors Test']"
"21","Distribution Compliance Test","hard","Mantel-Haenszel Test","NOT_APPLICABLE","NOT_APPLICABLE","correct","head:\bNOT\s+APPLICABLE\b","['Anderson-Darling Test', 'Kolmogorov-Smirnov Test for Normality', 'Lilliefors Test']"
"21","Distribution Compliance Test","hard","Mean","NOT_APPLICABLE","NOT_APPLICABLE","correct","head:\bNOT\s+APPLICABLE\b","['Anderson-Darling Test', 'Kolmogorov-Smirnov Test for Normality', 'Lilliefors Test']"
"21","Distribution Compliance Test","hard","Median","NOT_APPLICABLE","NOT_APPLICABLE","correct","head:\bNOT\s+APPLICABLE\b","['Anderson-Darling Test', 'Kolmogorov-Smirnov Test for Normality', 'Lilliefors Test']"
"21","Distribution Compliance Test","hard","Mode","NOT_APPLICABLE","NOT_APPLICABLE","correct","head:\bNOT\s+APPLICABLE\b","['Anderson-Darling Test', 'Kolmogorov-Smirnov Test for Normality', 'Lilliefors Test']"
"21","Distribution Compliance Test","hard","Range","NOT_APPLICABLE","NOT_APPLICABLE","correct","head:\bNOT\s+APPLICABLE\b","['Anderson-Darling Test', 'Kolmogorov-Smirnov Test for Normality', 'Lilliefors Test']"
"21","Distribution Compliance Test","hard","Quartile","NOT_APPLICABLE","NOT_APPLICABLE","correct","head:\bNOT\s+APPLICABLE\b","['Anderson-Darling Test', 'Kolmogorov-Smirnov Test for Normality', 'Lilliefors Test']"
"21","Distribution Compliance Test","hard","Standard Deviation","NOT_APPLICABLE","NOT_APPLICABLE","correct","head:\bNOT\s+APPLICABLE\b","['Anderson-Darling Test', 'Kolmogorov-Smirnov Test for Normality', 'Lilliefors Test']"
"21","Distribution Compliance Test","hard","Skewness","APPLICABLE","NOT_APPLICABLE","wrong","head:\bAPPLICABLE\b","['Anderson-Darling Test', 'Kolmogorov-Smirnov Test for Normality', 'Lilliefors Test']"
"21","Distribution Compliance Test","hard","Kurtosis","APPLICABLE","NOT_APPLICABLE","wrong","head:\bAPPLICABLE\b","['Anderson-Darling Test', 'Kolmogorov-Smirnov Test for Normality', 'Lilliefors Test']"
"21","Distribution Compliance Test","hard","Mood Variance Test","NOT_APPLICABLE","NOT_APPLICABLE","correct","head:\bNOT\s+APPLICABLE\b","['Anderson-Darling Test', 'Kolmogorov-Smirnov Test for Normality', 'Lilliefors Test']"
"21","Distribution Compliance Test","hard","Levene Test","NOT_APPLICABLE","NOT_APPLICABLE","correct","head:\bNOT\s+APPLICABLE\b","['Anderson-Darling Test', 'Kolmogorov-Smirnov Test for Normality', 'Lilliefors Test']"
"21","Distribution Compliance Test","hard","Bartlett Test","NOT_APPLICABLE","NOT_APPLICABLE","correct","head:\bNOT\s+APPLICABLE\b","['Anderson-Darling Test', 'Kolmogorov-Smirnov Test for Normality', 'Lilliefors Test']"
"21","Distribution Compliance Test","hard","F-Test for Variance","NOT_APPLICABLE","NOT_APPLICABLE","correct","head:\bNOT\s+APPLICABLE\b","['Anderson-Darling Test', 'Kolmogorov-Smirnov Test for Normality', 'Lilliefors Test']"
"22","Distribution Compliance Test","hard","Pearson Correlation Coefficient","NOT_APPLICABLE","NOT_APPLICABLE","correct","head:\bNOT\s+APPLICABLE\b","['Anderson-Darling Test', 'Kolmogorov-Smirnov Test for Normality', 'Lilliefors Test']"
"22","Distribution Compliance Test","hard","Spearman Correlation Coefficient","NOT_APPLICABLE","NOT_APPLICABLE","correct","head:\bNOT\s+APPLICABLE\b","['Anderson-Darling Test', 'Kolmogorov-Smirnov Test for Normality', 'Lilliefors Test']"
"22","Distribution Compliance Test","hard","Kendall Correlation Coefficient","NOT_APPLICABLE","NOT_APPLICABLE","correct","head:\bNOT\s+APPLICABLE\b","['Anderson-Darling Test', 'Kolmogorov-Smirnov Test for Normality', 'Lilliefors Test']"
"22","Distribution Compliance Test","hard","Partial Correlation Coefficient","NOT_APPLICABLE","NOT_APPLICABLE","correct","head:\bNOT\s+APPLICABLE\b","['Anderson-Darling Test', 'Kolmogorov-Smirnov Test for Normality', 'Lilliefors Test']"
"22","Distribution Compliance Test","hard","Anderson-Darling Test","APPLICABLE","APPLICABLE","correct","head:\bAPPLICABLE\b","['Anderson-Darling Test', 'Kolmogorov-Smirnov Test for Normality', 'Lilliefors Test']"
"22","Distribution Compliance Test","hard","Shapiro-Wilk Test of Normality","APPLICABLE","NOT_APPLICABLE","wrong","head:\bAPPLICABLE\b","['Anderson-Darling Test', 'Kolmogorov-Smirnov Test for Normality', 'Lilliefors Test']"
"22","Distribution Compliance Test","hard","Kolmogorov-Smirnov Test for Normality","APPLICABLE","APPLICABLE","correct","head:\bAPPLICABLE\b","['Anderson-Darling Test', 'Kolmogorov-Smirnov Test for Normality', 'Lilliefors Test']"
"22","Distribution Compliance Test","hard","Lilliefors Test","APPLICABLE","APPLICABLE","correct","head:\bAPPLICABLE\b","['Anderson-Darling Test', 'Kolmogorov-Smirnov Test for Normality', 'Lilliefors Test']"
"22","Distribution Compliance Test","hard","Kolmogorov-Smirnov Test","APPLICABLE","NOT_APPLICABLE","wrong","head:\bAPPLICABLE\b","['Anderson-Darling Test', 'Kolmogorov-Smirnov Test for Normality', 'Lilliefors Test']"
"22","Distribution Compliance Test","hard","Kolmogorov-Smirnov Test for Uniform distribution","NOT_APPLICABLE","NOT_APPLICABLE","correct","head:\bNOT\s+APPLICABLE\b","['Anderson-Darling Test', 'Kolmogorov-Smirnov Test for Normality', 'Lilliefors Test']"
"22","Distribution Compliance Test","hard","Kolmogorov-Smirnov Test for Gamma distribution","NOT_APPLICABLE","NOT_APPLICABLE","correct","head:\bNOT\s+APPLICABLE\b","['Anderson-Darling Test', 'Kolmogorov-Smirnov Test for Normality', 'Lilliefors Test']"
"22","Distribution Compliance Test","hard","Kolmogorov-Smirnov Test for Exponential distribution","NOT_APPLICABLE","NOT_APPLICABLE","correct","head:\bNOT\s+APPLICABLE\b","['Anderson-Darling Test', 'Kolmogorov-Smirnov Test for Normality', 'Lilliefors Test']"
"22","Distribution Compliance Test","hard","Chi-square Independence Test","NOT_APPLICABLE","NOT_APPLICABLE","correct","head:\bNOT\s+APPLICABLE\b","['Anderson-Darling Test', 'Kolmogorov-Smirnov Test for Normality', 'Lilliefors Test']"
"22","Distribution Compliance Test","hard","Fisher Exact Test","NOT_APPLICABLE","NOT_APPLICABLE","correct","head:\bNOT\s+APPLICABLE\b","['Anderson-Darling Test', 'Kolmogorov-Smirnov Test for Normality', 'Lilliefors Test']"
"22","Distribution Compliance Test","hard","Mantel-Haenszel Test","NOT_APPLICABLE","NOT_APPLICABLE","correct","head:\bNOT\s+APPLICABLE\b","['Anderson-Darling Test', 'Kolmogorov-Smirnov Test for Normality', 'Lilliefors Test']"
"22","Distribution Compliance Test","hard","Mean","APPLICABLE","NOT_APPLICABLE","wrong","head:\bAPPLICABLE\b","['Anderson-Darling Test', 'Kolmogorov-Smirnov Test for Normality', 'Lilliefors Test']"
"22","Distribution Compliance Test","hard","Median","APPLICABLE","NOT_APPLICABLE","wrong","head:\bAPPLICABLE\b","['Anderson-Darling Test', 'Kolmogorov-Smirnov Test for Normality', 'Lilliefors Test']"
"22","Distribution Compliance Test","hard","Mode","NOT_APPLICABLE","NOT_APPLICABLE","correct","head:\bNOT\s+APPLICABLE\b","['Anderson-Darling Test', 'Kolmogorov-Smirnov Test for Normality', 'Lilliefors Test']"
"22","Distribution Compliance Test","hard","Range","NOT_APPLICABLE","NOT_APPLICABLE","correct","head:\bNOT\s+APPLICABLE\b","['Anderson-Darling Test', 'Kolmogorov-Smirnov Test for Normality', 'Lilliefors Test']"
"22","Distribution Compliance Test","hard","Quartile","NOT_APPLICABLE","NOT_APPLICABLE","correct","head:\bNOT\s+APPLICABLE\b","['Anderson-Darling Test', 'Kolmogorov-Smirnov Test for Normality', 'Lilliefors Test']"
"22","Distribution Compliance Test","hard","Standard Deviation","APPLICABLE","NOT_APPLICABLE","wrong","head:\bAPPLICABLE\b","['Anderson-Darling Test', 'Kolmogorov-Smirnov Test for Normality', 'Lilliefors Test']"
"22","Distribution Compliance Test","hard","Skewness","APPLICABLE","NOT_APPLICABLE","wrong","head:\bAPPLICABLE\b","['Anderson-Darling Test', 'Kolmogorov-Smirnov Test for Normality', 'Lilliefors Test']"
"22","Distribution Compliance Test","hard","Kurtosis","APPLICABLE","NOT_APPLICABLE","wrong","head:\bAPPLICABLE\b","['Anderson-Darling Test', 'Kolmogorov-Smirnov Test for Normality', 'Lilliefors Test']"
"22","Distribution Compliance Test","hard","Mood Variance Test","NOT_APPLICABLE","NOT_APPLICABLE","correct","head:\bNOT\s+APPLICABLE\b","['Anderson-Darling Test', 'Kolmogorov-Smirnov Test for Normality', 'Lilliefors Test']"
"22","Distribution Compliance Test","hard","Levene Test","NOT_APPLICABLE","NOT_APPLICABLE","correct","head:\bNOT\s+APPLICABLE\b","['Anderson-Darling Test', 'Kolmogorov-Smirnov Test for Normality', 'Lilliefors Test']"
"22","Distribution Compliance Test","hard","Bartlett Test","NOT_APPLICABLE","NOT_APPLICABLE","correct","head:\bNOT\s+APPLICABLE\b","['Anderson-Darling Test', 'Kolmogorov-Smirnov Test for Normality', 'Lilliefors Test']"
"22","Distribution Compliance Test","hard","F-Test for Variance","NOT_APPLICABLE","NOT_APPLICABLE","correct","head:\bNOT\s+APPLICABLE\b","['Anderson-Darling Test', 'Kolmogorov-Smirnov Test for Normality', 'Lilliefors Test']"
"23","Variance Test","hard","Pearson Correlation Coefficient","NOT_APPLICABLE","NOT_APPLICABLE","correct","head:\bNOT\s+APPLICABLE\b","['Mood Variance Test', 'Levene Test']"
"23","Variance Test","hard","Spearman Correlation Coefficient","APPLICABLE","NOT_APPLICABLE","wrong","head:\bAPPLICABLE\b","['Mood Variance Test', 'Levene Test']"
"23","Variance Test","hard","Kendall Correlation Coefficient","APPLICABLE","NOT_APPLICABLE","wrong","head:\bAPPLICABLE\b","['Mood Variance Test', 'Levene Test']"
"23","Variance Test","hard","Partial Correlation Coefficient","NOT_APPLICABLE","NOT_APPLICABLE","correct","head:\bNOT\s+APPLICABLE\b","['Mood Variance Test', 'Levene Test']"
"23","Variance Test","hard","Anderson-Darling Test","NOT_APPLICABLE","NOT_APPLICABLE","correct","head:\bNOT\s+APPLICABLE\b","['Mood Variance Test', 'Levene Test']"
"23","Variance Test","hard","Shapiro-Wilk Test of Normality","APPLICABLE","NOT_APPLICABLE","wrong","head:\bAPPLICABLE\b","['Mood Variance Test', 'Levene Test']"
"23","Variance Test","hard","Kolmogorov-Smirnov Test for Normality","NOT_APPLICABLE","NOT_APPLICABLE","correct","head:\bNOT\s+APPLICABLE\b","['Mood Variance Test', 'Levene Test']"
"23","Variance Test","hard","Lilliefors Test","NOT_APPLICABLE","NOT_APPLICABLE","correct","head:\bNOT\s+APPLICABLE\b","['Mood Variance Test', 'Levene Test']"
"23","Variance Test","hard","Kolmogorov-Smirnov Test","NOT_APPLICABLE","NOT_APPLICABLE","correct","head:\bNOT\s+APPLICABLE\b","['Mood Variance Test', 'Levene Test']"
"23","Variance Test","hard","Kolmogorov-Smirnov Test for Uniform distribution","NOT_APPLICABLE","NOT_APPLICABLE","correct","head:\bNOT\s+APPLICABLE\b","['Mood Variance Test', 'Levene Test']"
"23","Variance Test","hard","Kolmogorov-Smirnov Test for Gamma distribution","NOT_APPLICABLE","NOT_APPLICABLE","correct","head:\bNOT\s+APPLICABLE\b","['Mood Variance Test', 'Levene Test']"
"23","Variance Test","hard","Kolmogorov-Smirnov Test for Exponential distribution","NOT_APPLICABLE","NOT_APPLICABLE","correct","head:\bNOT\s+APPLICABLE\b","['Mood Variance Test', 'Levene Test']"
"23","Variance Test","hard","Chi-square Independence Test","NOT_APPLICABLE","NOT_APPLICABLE","correct","head:\bNOT\s+APPLICABLE\b","['Mood Variance Test', 'Levene Test']"
"23","Variance Test","hard","Fisher Exact Test","NOT_APPLICABLE","NOT_APPLICABLE","correct","head:\bNOT\s+APPLICABLE\b","['Mood Variance Test', 'Levene Test']"
"23","Variance Test","hard","Mantel-Haenszel Test","NOT_APPLICABLE","NOT_APPLICABLE","correct","head:\bNOT\s+APPLICABLE\b","['Mood Variance Test', 'Levene Test']"
"23","Variance Test","hard","Mean","APPLICABLE","NOT_APPLICABLE","wrong","head:\bAPPLICABLE\b","['Mood Variance Test', 'Levene Test']"
"23","Variance Test","hard","Median","APPLICABLE","NOT_APPLICABLE","wrong","head:\bAPPLICABLE\b","['Mood Variance Test', 'Levene Test']"
"23","Variance Test","hard","Mode","NOT_APPLICABLE","NOT_APPLICABLE","correct","head:\bNOT\s+APPLICABLE\b","['Mood Variance Test', 'Levene Test']"
"23","Variance Test","hard","Range","APPLICABLE","NOT_APPLICABLE","wrong","head:\bAPPLICABLE\b","['Mood Variance Test', 'Levene Test']"
"23","Variance Test","hard","Quartile","APPLICABLE","NOT_APPLICABLE","wrong","head:\bAPPLICABLE\b","['Mood Variance Test', 'Levene Test']"
"23","Variance Test","hard","Standard Deviation","APPLICABLE","NOT_APPLICABLE","wrong","head:\bAPPLICABLE\b","['Mood Variance Test', 'Levene Test']"
"23","Variance Test","hard","Skewness","APPLICABLE","NOT_APPLICABLE","wrong","head:\bAPPLICABLE\b","['Mood Variance Test', 'Levene Test']"
"23","Variance Test","hard","Kurtosis","APPLICABLE","NOT_APPLICABLE","wrong","head:\bAPPLICABLE\b","['Mood Variance Test', 'Levene Test']"
"23","Variance Test","hard","Mood Variance Test","NOT_APPLICABLE","APPLICABLE","wrong","head:\bNOT\s+APPLICABLE\b","['Mood Variance Test', 'Levene Test']"
"23","Variance Test","hard","Levene Test","APPLICABLE","APPLICABLE","correct","head:\bAPPLICABLE\b","['Mood Variance Test', 'Levene Test']"
"23","Variance Test","hard","Bartlett Test","NOT_APPLICABLE","NOT_APPLICABLE","correct","head:\bNOT\s+APPLICABLE\b","['Mood Variance Test', 'Levene Test']"
"23","Variance Test","hard","F-Test for Variance","NOT_APPLICABLE","NOT_APPLICABLE","correct","head:\bNOT\s+APPLICABLE\b","['Mood Variance Test', 'Levene Test']"
"24","Distribution Compliance Test","easy","Pearson Correlation Coefficient","NOT_APPLICABLE","NOT_APPLICABLE","correct","head:\bNOT\s+APPLICABLE\b","['Kolmogorov-Smirnov Test']"
"24","Distribution Compliance Test","easy","Spearman Correlation Coefficient","APPLICABLE","NOT_APPLICABLE","wrong","head:\bAPPLICABLE\b","['Kolmogorov-Smirnov Test']"
"24","Distribution Compliance Test","easy","Kendall Correlation Coefficient","NOT_APPLICABLE","NOT_APPLICABLE","correct","head:\bNOT\s+APPLICABLE\b","['Kolmogorov-Smirnov Test']"
"24","Distribution Compliance Test","easy","Partial Correlation Coefficient","NOT_APPLICABLE","NOT_APPLICABLE","correct","head:\bNOT\s+APPLICABLE\b","['Kolmogorov-Smirnov Test']"
"24","Distribution Compliance Test","easy","Anderson-Darling Test","APPLICABLE","NOT_APPLICABLE","wrong","head:\bAPPLICABLE\b","['Kolmogorov-Smirnov Test']"
"24","Distribution Compliance Test","easy","Shapiro-Wilk Test of Normality","APPLICABLE","NOT_APPLICABLE","wrong","head:\bAPPLICABLE\b","['Kolmogorov-Smirnov Test']"
"24","Distribution Compliance Test","easy","Kolmogorov-Smirnov Test for Normality","NOT_APPLICABLE","NOT_APPLICABLE","correct","head:\bNOT\s+APPLICABLE\b","['Kolmogorov-Smirnov Test']"
"24","Distribution Compliance Test","easy","Lilliefors Test","APPLICABLE","NOT_APPLICABLE","wrong","head:\bAPPLICABLE\b","['Kolmogorov-Smirnov Test']"
"24","Distribution Compliance Test","easy","Kolmogorov-Smirnov Test","APPLICABLE","APPLICABLE","correct","head:\bAPPLICABLE\b","['Kolmogorov-Smirnov Test']"
"24","Distribution Compliance Test","easy","Kolmogorov-Smirnov Test for Uniform distribution","NOT_APPLICABLE","NOT_APPLICABLE","correct","head:\bNOT\s+APPLICABLE\b","['Kolmogorov-Smirnov Test']"
"24","Distribution Compliance Test","easy","Kolmogorov-Smirnov Test for Gamma distribution","NOT_APPLICABLE","NOT_APPLICABLE","correct","head:\bNOT\s+APPLICABLE\b","['Kolmogorov-Smirnov Test']"
"24","Distribution Compliance Test","easy","Kolmogorov-Smirnov Test for Exponential distribution","NOT_APPLICABLE","NOT_APPLICABLE","correct","head:\bNOT\s+APPLICABLE\b","['Kolmogorov-Smirnov Test']"
"24","Distribution Compliance Test","easy","Chi-square Independence Test","NOT_APPLICABLE","NOT_APPLICABLE","correct","head:\bNOT\s+APPLICABLE\b","['Kolmogorov-Smirnov Test']"
"24","Distribution Compliance Test","easy","Fisher Exact Test","NOT_APPLICABLE","NOT_APPLICABLE","correct","head:\bNOT\s+APPLICABLE\b","['Kolmogorov-Smirnov Test']"
"24","Distribution Compliance Test","easy","Mantel-Haenszel Test","NOT_APPLICABLE","NOT_APPLICABLE","correct","head:\bNOT\s+APPLICABLE\b","['Kolmogorov-Smirnov Test']"
"24","Distribution Compliance Test","easy","Mean","NOT_APPLICABLE","NOT_APPLICABLE","correct","head:\bNOT\s+APPLICABLE\b","['Kolmogorov-Smirnov Test']"
"24","Distribution Compliance Test","easy","Median","APPLICABLE","NOT_APPLICABLE","wrong","head:\bAPPLICABLE\b","['Kolmogorov-Smirnov Test']"
"24","Distribution Compliance Test","easy","Mode","NOT_APPLICABLE","NOT_APPLICABLE","correct","head:\bNOT\s+APPLICABLE\b","['Kolmogorov-Smirnov Test']"
"24","Distribution Compliance Test","easy","Range","NOT_APPLICABLE","NOT_APPLICABLE","correct","head:\bNOT\s+APPLICABLE\b","['Kolmogorov-Smirnov Test']"
"24","Distribution Compliance Test","easy","Quartile","NOT_APPLICABLE","NOT_APPLICABLE","correct","head:\bNOT\s+APPLICABLE\b","['Kolmogorov-Smirnov Test']"
"24","Distribution Compliance Test","easy","Standard Deviation","NOT_APPLICABLE","NOT_APPLICABLE","correct","head:\bNOT\s+APPLICABLE\b","['Kolmogorov-Smirnov Test']"
"24","Distribution Compliance Test","easy","Skewness","APPLICABLE","NOT_APPLICABLE","wrong","head:\bAPPLICABLE\b","['Kolmogorov-Smirnov Test']"
"24","Distribution Compliance Test","easy","Kurtosis","APPLICABLE","NOT_APPLICABLE","wrong","head:\bAPPLICABLE\b","['Kolmogorov-Smirnov Test']"
"24","Distribution Compliance Test","easy","Mood Variance Test","NOT_APPLICABLE","NOT_APPLICABLE","correct","head:\bNOT\s+APPLICABLE\b","['Kolmogorov-Smirnov Test']"
"24","Distribution Compliance Test","easy","Levene Test","NOT_APPLICABLE","NOT_APPLICABLE","correct","head:\bNOT\s+APPLICABLE\b","['Kolmogorov-Smirnov Test']"
"24","Distribution Compliance Test","easy","Bartlett Test","NOT_APPLICABLE","NOT_APPLICABLE","correct","head:\bNOT\s+APPLICABLE\b","['Kolmogorov-Smirnov Test']"
"24","Distribution Compliance Test","easy","F-Test for Variance","NOT_APPLICABLE","NOT_APPLICABLE","correct","head:\bNOT\s+APPLICABLE\b","['Kolmogorov-Smirnov Test']"
"25","Contingency Table Test","hard","Pearson Correlation Coefficient","NOT_APPLICABLE","NOT_APPLICABLE","correct","head:\bNOT\s+APPLICABLE\b","['Fisher Exact Test']"
"25","Contingency Table Test","hard","Spearman Correlation Coefficient","NOT_APPLICABLE","NOT_APPLICABLE","correct","head:\bNOT\s+APPLICABLE\b","['Fisher Exact Test']"
"25","Contingency Table Test","hard","Kendall Correlation Coefficient","NOT_APPLICABLE","NOT_APPLICABLE","correct","head:\bNOT\s+APPLICABLE\b","['Fisher Exact Test']"
"25","Contingency Table Test","hard","Partial Correlation Coefficient","NOT_APPLICABLE","NOT_APPLICABLE","correct","head:\bNOT\s+APPLICABLE\b","['Fisher Exact Test']"
"25","Contingency Table Test","hard","Anderson-Darling Test","NOT_APPLICABLE","NOT_APPLICABLE","correct","head:\bNOT\s+APPLICABLE\b","['Fisher Exact Test']"
"25","Contingency Table Test","hard","Shapiro-Wilk Test of Normality","NOT_APPLICABLE","NOT_APPLICABLE","correct","head:\bNOT\s+APPLICABLE\b","['Fisher Exact Test']"
"25","Contingency Table Test","hard","Kolmogorov-Smirnov Test for Normality","NOT_APPLICABLE","NOT_APPLICABLE","correct","head:\bNOT\s+APPLICABLE\b","['Fisher Exact Test']"
"25","Contingency Table Test","hard","Lilliefors Test","NOT_APPLICABLE","NOT_APPLICABLE","correct","head:\bNOT\s+APPLICABLE\b","['Fisher Exact Test']"
"25","Contingency Table Test","hard","Kolmogorov-Smirnov Test","NOT_APPLICABLE","NOT_APPLICABLE","correct","head:\bNOT\s+APPLICABLE\b","['Fisher Exact Test']"
"25","Contingency Table Test","hard","Kolmogorov-Smirnov Test for Uniform distribution","NOT_APPLICABLE","NOT_APPLICABLE","correct","head:\bNOT\s+APPLICABLE\b","['Fisher Exact Test']"
"25","Contingency Table Test","hard","Kolmogorov-Smirnov Test for Gamma distribution","NOT_APPLICABLE","NOT_APPLICABLE","correct","head:\bNOT\s+APPLICABLE\b","['Fisher Exact Test']"
"25","Contingency Table Test","hard","Kolmogorov-Smirnov Test for Exponential distribution","NOT_APPLICABLE","NOT_APPLICABLE","correct","head:\bNOT\s+APPLICABLE\b","['Fisher Exact Test']"
"25","Contingency Table Test","hard","Chi-square Independence Test","APPLICABLE","NOT_APPLICABLE","wrong","head:\bAPPLICABLE\b","['Fisher Exact Test']"
"25","Contingency Table Test","hard","Fisher Exact Test","APPLICABLE","APPLICABLE","correct","head:\bAPPLICABLE\b","['Fisher Exact Test']"
"25","Contingency Table Test","hard","Mantel-Haenszel Test","NOT_APPLICABLE","NOT_APPLICABLE","correct","head:\bNOT\s+APPLICABLE\b","['Fisher Exact Test']"
"25","Contingency Table Test","hard","Mean","NOT_APPLICABLE","NOT_APPLICABLE","correct","head:\bNOT\s+APPLICABLE\b","['Fisher Exact Test']"
"25","Contingency Table Test","hard","Median","NOT_APPLICABLE","NOT_APPLICABLE","correct","head:\bNOT\s+APPLICABLE\b","['Fisher Exact Test']"
"25","Contingency Table Test","hard","Mode","NOT_APPLICABLE","NOT_APPLICABLE","correct","head:\bNOT\s+APPLICABLE\b","['Fisher Exact Test']"
"25","Contingency Table Test","hard","Range","NOT_APPLICABLE","NOT_APPLICABLE","correct","head:\bNOT\s+APPLICABLE\b","['Fisher Exact Test']"
"25","Contingency Table Test","hard","Quartile","NOT_APPLICABLE","NOT_APPLICABLE","correct","head:\bNOT\s+APPLICABLE\b","['Fisher Exact Test']"
"25","Contingency Table Test","hard","Standard Deviation","NOT_APPLICABLE","NOT_APPLICABLE","correct","head:\bNOT\s+APPLICABLE\b","['Fisher Exact Test']"
"25","Contingency Table Test","hard","Skewness","NOT_APPLICABLE","NOT_APPLICABLE","correct","head:\bNOT\s+APPLICABLE\b","['Fisher Exact Test']"
"25","Contingency Table Test","hard","Kurtosis","NOT_APPLICABLE","NOT_APPLICABLE","correct","head:\bNOT\s+APPLICABLE\b","['Fisher Exact Test']"
"25","Contingency Table Test","hard","Mood Variance Test","NOT_APPLICABLE","NOT_APPLICABLE","correct","head:\bNOT\s+APPLICABLE\b","['Fisher Exact Test']"
"25","Contingency Table Test","hard","Levene Test","NOT_APPLICABLE","NOT_APPLICABLE","correct","head:\bNOT\s+APPLICABLE\b","['Fisher Exact Test']"
"25","Contingency Table Test","hard","Bartlett Test","NOT_APPLICABLE","NOT_APPLICABLE","correct","head:\bNOT\s+APPLICABLE\b","['Fisher Exact Test']"
"25","Contingency Table Test","hard","F-Test for Variance","NOT_APPLICABLE","NOT_APPLICABLE","correct","head:\bNOT\s+APPLICABLE\b","['Fisher Exact Test']"
"26","Variance Test","hard","Pearson Correlation Coefficient","NOT_APPLICABLE","NOT_APPLICABLE","correct","head:\bNOT\s+APPLICABLE\b","['Mood Variance Test', 'Levene Test']"
"26","Variance Test","hard","Spearman Correlation Coefficient","NOT_APPLICABLE","NOT_APPLICABLE","correct","head:\bNOT\s+APPLICABLE\b","['Mood Variance Test', 'Levene Test']"
"26","Variance Test","hard","Kendall Correlation Coefficient","NOT_APPLICABLE","NOT_APPLICABLE","correct","head:\bNOT\s+APPLICABLE\b","['Mood Variance Test', 'Levene Test']"
"26","Variance Test","hard","Partial Correlation Coefficient","NOT_APPLICABLE","NOT_APPLICABLE","correct","head:\bNOT\s+APPLICABLE\b","['Mood Variance Test', 'Levene Test']"
"26","Variance Test","hard","Anderson-Darling Test","NOT_APPLICABLE","NOT_APPLICABLE","correct","head:\bNOT\s+APPLICABLE\b","['Mood Variance Test', 'Levene Test']"
"26","Variance Test","hard","Shapiro-Wilk Test of Normality","NOT_APPLICABLE","NOT_APPLICABLE","correct","head:\bNOT\s+APPLICABLE\b","['Mood Variance Test', 'Levene Test']"
"26","Variance Test","hard","Kolmogorov-Smirnov Test for Normality","NOT_APPLICABLE","NOT_APPLICABLE","correct","head:\bNOT\s+APPLICABLE\b","['Mood Variance Test', 'Levene Test']"
"26","Variance Test","hard","Lilliefors Test","NOT_APPLICABLE","NOT_APPLICABLE","correct","head:\bNOT\s+APPLICABLE\b","['Mood Variance Test', 'Levene Test']"
"26","Variance Test","hard","Kolmogorov-Smirnov Test","NOT_APPLICABLE","NOT_APPLICABLE","correct","head:\bNOT\s+APPLICABLE\b","['Mood Variance Test', 'Levene Test']"
"26","Variance Test","hard","Kolmogorov-Smirnov Test for Uniform distribution","NOT_APPLICABLE","NOT_APPLICABLE","correct","head:\bNOT\s+APPLICABLE\b","['Mood Variance Test', 'Levene Test']"
"26","Variance Test","hard","Kolmogorov-Smirnov Test for Gamma distribution","NOT_APPLICABLE","NOT_APPLICABLE","correct","head:\bNOT\s+APPLICABLE\b","['Mood Variance Test', 'Levene Test']"
"26","Variance Test","hard","Kolmogorov-Smirnov Test for Exponential distribution","NOT_APPLICABLE","NOT_APPLICABLE","correct","head:\bNOT\s+APPLICABLE\b","['Mood Variance Test', 'Levene Test']"
"26","Variance Test","hard","Chi-square Independence Test","NOT_APPLICABLE","NOT_APPLICABLE","correct","head:\bNOT\s+APPLICABLE\b","['Mood Variance Test', 'Levene Test']"
"26","Variance Test","hard","Fisher Exact Test","NOT_APPLICABLE","NOT_APPLICABLE","correct","head:\bNOT\s+APPLICABLE\b","['Mood Variance Test', 'Levene Test']"
"26","Variance Test","hard","Mantel-Haenszel Test","NOT_APPLICABLE","NOT_APPLICABLE","correct","head:\bNOT\s+APPLICABLE\b","['Mood Variance Test', 'Levene Test']"
"26","Variance Test","hard","Mean","NOT_APPLICABLE","NOT_APPLICABLE","correct","head:\bNOT\s+APPLICABLE\b","['Mood Variance Test', 'Levene Test']"
"26","Variance Test","hard","Median","NOT_APPLICABLE","NOT_APPLICABLE","correct","head:\bNOT\s+APPLICABLE\b","['Mood Variance Test', 'Levene Test']"
"26","Variance Test","hard","Mode","NOT_APPLICABLE","NOT_APPLICABLE","correct","head:\bNOT\s+APPLICABLE\b","['Mood Variance Test', 'Levene Test']"
"26","Variance Test","hard","Range","NOT_APPLICABLE","NOT_APPLICABLE","correct","head:\bNOT\s+APPLICABLE\b","['Mood Variance Test', 'Levene Test']"
"26","Variance Test","hard","Quartile","NOT_APPLICABLE","NOT_APPLICABLE","correct","head:\bNOT\s+APPLICABLE\b","['Mood Variance Test', 'Levene Test']"
"26","Variance Test","hard","Standard Deviation","APPLICABLE","NOT_APPLICABLE","wrong","head:\bAPPLICABLE\b","['Mood Variance Test', 'Levene Test']"
"26","Variance Test","hard","Skewness","APPLICABLE","NOT_APPLICABLE","wrong","head:\bAPPLICABLE\b","['Mood Variance Test', 'Levene Test']"
"26","Variance Test","hard","Kurtosis","APPLICABLE","NOT_APPLICABLE","wrong","head:\bAPPLICABLE\b","['Mood Variance Test', 'Levene Test']"
"26","Variance Test","hard","Mood Variance Test","NOT_APPLICABLE","APPLICABLE","wrong","head:\bNOT\s+APPLICABLE\b","['Mood Variance Test', 'Levene Test']"
"26","Variance Test","hard","Levene Test","APPLICABLE","APPLICABLE","correct","head:\bAPPLICABLE\b","['Mood Variance Test', 'Levene Test']"
"26","Variance Test","hard","Bartlett Test","NOT_APPLICABLE","NOT_APPLICABLE","correct","head:\bNOT\s+APPLICABLE\b","['Mood Variance Test', 'Levene Test']"
"26","Variance Test","hard","F-Test for Variance","NOT_APPLICABLE","NOT_APPLICABLE","correct","head:\bNOT\s+APPLICABLE\b","['Mood Variance Test', 'Levene Test']"
"27","Distribution Compliance Test","hard","Pearson Correlation Coefficient","NOT_APPLICABLE","NOT_APPLICABLE","correct","head:\bNOT\s+APPLICABLE\b","['Anderson-Darling Test', 'Kolmogorov-Smirnov Test for Normality', 'Lilliefors Test']"
"27","Distribution Compliance Test","hard","Spearman Correlation Coefficient","APPLICABLE","NOT_APPLICABLE","wrong","head:\bAPPLICABLE\b","['Anderson-Darling Test', 'Kolmogorov-Smirnov Test for Normality', 'Lilliefors Test']"
"27","Distribution Compliance Test","hard","Kendall Correlation Coefficient","NOT_APPLICABLE","NOT_APPLICABLE","correct","head:\bNOT\s+APPLICABLE\b","['Anderson-Darling Test', 'Kolmogorov-Smirnov Test for Normality', 'Lilliefors Test']"
"27","Distribution Compliance Test","hard","Partial Correlation Coefficient","NOT_APPLICABLE","NOT_APPLICABLE","correct","head:\bNOT\s+APPLICABLE\b","['Anderson-Darling Test', 'Kolmogorov-Smirnov Test for Normality', 'Lilliefors Test']"
"27","Distribution Compliance Test","hard","Anderson-Darling Test","APPLICABLE","APPLICABLE","correct","head:\bAPPLICABLE\b","['Anderson-Darling Test', 'Kolmogorov-Smirnov Test for Normality', 'Lilliefors Test']"
"27","Distribution Compliance Test","hard","Shapiro-Wilk Test of Normality","APPLICABLE","NOT_APPLICABLE","wrong","head:\bAPPLICABLE\b","['Anderson-Darling Test', 'Kolmogorov-Smirnov Test for Normality', 'Lilliefors Test']"
"27","Distribution Compliance Test","hard","Kolmogorov-Smirnov Test for Normality","APPLICABLE","APPLICABLE","correct","head:\bAPPLICABLE\b","['Anderson-Darling Test', 'Kolmogorov-Smirnov Test for Normality', 'Lilliefors Test']"
"27","Distribution Compliance Test","hard","Lilliefors Test","APPLICABLE","APPLICABLE","correct","head:\bAPPLICABLE\b","['Anderson-Darling Test', 'Kolmogorov-Smirnov Test for Normality', 'Lilliefors Test']"
"27","Distribution Compliance Test","hard","Kolmogorov-Smirnov Test","APPLICABLE","NOT_APPLICABLE","wrong","head:\bAPPLICABLE\b","['Anderson-Darling Test', 'Kolmogorov-Smirnov Test for Normality', 'Lilliefors Test']"
"27","Distribution Compliance Test","hard","Kolmogorov-Smirnov Test for Uniform distribution","NOT_APPLICABLE","NOT_APPLICABLE","correct","head:\bNOT\s+APPLICABLE\b","['Anderson-Darling Test', 'Kolmogorov-Smirnov Test for Normality', 'Lilliefors Test']"
"27","Distribution Compliance Test","hard","Kolmogorov-Smirnov Test for Gamma distribution","NOT_APPLICABLE","NOT_APPLICABLE","correct","head:\bNOT\s+APPLICABLE\b","['Anderson-Darling Test', 'Kolmogorov-Smirnov Test for Normality', 'Lilliefors Test']"
"27","Distribution Compliance Test","hard","Kolmogorov-Smirnov Test for Exponential distribution","NOT_APPLICABLE","NOT_APPLICABLE","correct","head:\bNOT\s+APPLICABLE\b","['Anderson-Darling Test', 'Kolmogorov-Smirnov Test for Normality', 'Lilliefors Test']"
"27","Distribution Compliance Test","hard","Chi-square Independence Test","NOT_APPLICABLE","NOT_APPLICABLE","correct","head:\bNOT\s+APPLICABLE\b","['Anderson-Darling Test', 'Kolmogorov-Smirnov Test for Normality', 'Lilliefors Test']"
"27","Distribution Compliance Test","hard","Fisher Exact Test","NOT_APPLICABLE","NOT_APPLICABLE","correct","head:\bNOT\s+APPLICABLE\b","['Anderson-Darling Test', 'Kolmogorov-Smirnov Test for Normality', 'Lilliefors Test']"
"27","Distribution Compliance Test","hard","Mantel-Haenszel Test","NOT_APPLICABLE","NOT_APPLICABLE","correct","head:\bNOT\s+APPLICABLE\b","['Anderson-Darling Test', 'Kolmogorov-Smirnov Test for Normality', 'Lilliefors Test']"
"27","Distribution Compliance Test","hard","Mean","NOT_APPLICABLE","NOT_APPLICABLE","correct","head:\bNOT\s+APPLICABLE\b","['Anderson-Darling Test', 'Kolmogorov-Smirnov Test for Normality', 'Lilliefors Test']"
"27","Distribution Compliance Test","hard","Median","APPLICABLE","NOT_APPLICABLE","wrong","head:\bAPPLICABLE\b","['Anderson-Darling Test', 'Kolmogorov-Smirnov Test for Normality', 'Lilliefors Test']"
"27","Distribution Compliance Test","hard","Mode","NOT_APPLICABLE","NOT_APPLICABLE","correct","head:\bNOT\s+APPLICABLE\b","['Anderson-Darling Test', 'Kolmogorov-Smirnov Test for Normality', 'Lilliefors Test']"
"27","Distribution Compliance Test","hard","Range","NOT_APPLICABLE","NOT_APPLICABLE","correct","head:\bNOT\s+APPLICABLE\b","['Anderson-Darling Test', 'Kolmogorov-Smirnov Test for Normality', 'Lilliefors Test']"
"27","Distribution Compliance Test","hard","Quartile","NOT_APPLICABLE","NOT_APPLICABLE","correct","head:\bNOT\s+APPLICABLE\b","['Anderson-Darling Test', 'Kolmogorov-Smirnov Test for Normality', 'Lilliefors Test']"
"27","Distribution Compliance Test","hard","Standard Deviation","NOT_APPLICABLE","NOT_APPLICABLE","correct","head:\bNOT\s+APPLICABLE\b","['Anderson-Darling Test', 'Kolmogorov-Smirnov Test for Normality', 'Lilliefors Test']"
"27","Distribution Compliance Test","hard","Skewness","APPLICABLE","NOT_APPLICABLE","wrong","head:\bAPPLICABLE\b","['Anderson-Darling Test', 'Kolmogorov-Smirnov Test for Normality', 'Lilliefors Test']"
"27","Distribution Compliance Test","hard","Kurtosis","APPLICABLE","NOT_APPLICABLE","wrong","head:\bAPPLICABLE\b","['Anderson-Darling Test', 'Kolmogorov-Smirnov Test for Normality', 'Lilliefors Test']"
"27","Distribution Compliance Test","hard","Mood Variance Test","NOT_APPLICABLE","NOT_APPLICABLE","correct","head:\bNOT\s+APPLICABLE\b","['Anderson-Darling Test', 'Kolmogorov-Smirnov Test for Normality', 'Lilliefors Test']"
"27","Distribution Compliance Test","hard","Levene Test","NOT_APPLICABLE","NOT_APPLICABLE","correct","head:\bNOT\s+APPLICABLE\b","['Anderson-Darling Test', 'Kolmogorov-Smirnov Test for Normality', 'Lilliefors Test']"
"27","Distribution Compliance Test","hard","Bartlett Test","NOT_APPLICABLE","NOT_APPLICABLE","correct","head:\bNOT\s+APPLICABLE\b","['Anderson-Darling Test', 'Kolmogorov-Smirnov Test for Normality', 'Lilliefors Test']"
"27","Distribution Compliance Test","hard","F-Test for Variance","NOT_APPLICABLE","NOT_APPLICABLE","correct","head:\bNOT\s+APPLICABLE\b","['Anderson-Darling Test', 'Kolmogorov-Smirnov Test for Normality', 'Lilliefors Test']"
"28","Distribution Compliance Test","easy","Pearson Correlation Coefficient","NOT_APPLICABLE","NOT_APPLICABLE","correct","head:\bNOT\s+APPLICABLE\b","['Kolmogorov-Smirnov Test']"
"28","Distribution Compliance Test","easy","Spearman Correlation Coefficient","NOT_APPLICABLE","NOT_APPLICABLE","correct","head:\bNOT\s+APPLICABLE\b","['Kolmogorov-Smirnov Test']"
"28","Distribution Compliance Test","easy","Kendall Correlation Coefficient","NOT_APPLICABLE","NOT_APPLICABLE","correct","head:\bNOT\s+APPLICABLE\b","['Kolmogorov-Smirnov Test']"
"28","Distribution Compliance Test","easy","Partial Correlation Coefficient","NOT_APPLICABLE","NOT_APPLICABLE","correct","head:\bNOT\s+APPLICABLE\b","['Kolmogorov-Smirnov Test']"
"28","Distribution Compliance Test","easy","Anderson-Darling Test","NOT_APPLICABLE","NOT_APPLICABLE","correct","head:\bNOT\s+APPLICABLE\b","['Kolmogorov-Smirnov Test']"
"28","Distribution Compliance Test","easy","Shapiro-Wilk Test of Normality","APPLICABLE","NOT_APPLICABLE","wrong","head:\bAPPLICABLE\b","['Kolmogorov-Smirnov Test']"
"28","Distribution Compliance Test","easy","Kolmogorov-Smirnov Test for Normality","NOT_APPLICABLE","NOT_APPLICABLE","correct","head:\bNOT\s+APPLICABLE\b","['Kolmogorov-Smirnov Test']"
"28","Distribution Compliance Test","easy","Lilliefors Test","NOT_APPLICABLE","NOT_APPLICABLE","correct","head:\bNOT\s+APPLICABLE\b","['Kolmogorov-Smirnov Test']"
"28","Distribution Compliance Test","easy","Kolmogorov-Smirnov Test","APPLICABLE","APPLICABLE","correct","head:\bAPPLICABLE\b","['Kolmogorov-Smirnov Test']"
"28","Distribution Compliance Test","easy","Kolmogorov-Smirnov Test for Uniform distribution","NOT_APPLICABLE","NOT_APPLICABLE","correct","head:\bNOT\s+APPLICABLE\b","['Kolmogorov-Smirnov Test']"
"28","Distribution Compliance Test","easy","Kolmogorov-Smirnov Test for Gamma distribution","NOT_APPLICABLE","NOT_APPLICABLE","correct","head:\bNOT\s+APPLICABLE\b","['Kolmogorov-Smirnov Test']"
"28","Distribution Compliance Test","easy","Kolmogorov-Smirnov Test for Exponential distribution","NOT_APPLICABLE","NOT_APPLICABLE","correct","head:\bNOT\s+APPLICABLE\b","['Kolmogorov-Smirnov Test']"
"28","Distribution Compliance Test","easy","Chi-square Independence Test","NOT_APPLICABLE","NOT_APPLICABLE","correct","head:\bNOT\s+APPLICABLE\b","['Kolmogorov-Smirnov Test']"
"28","Distribution Compliance Test","easy","Fisher Exact Test","NOT_APPLICABLE","NOT_APPLICABLE","correct","head:\bNOT\s+APPLICABLE\b","['Kolmogorov-Smirnov Test']"
"28","Distribution Compliance Test","easy","Mantel-Haenszel Test","NOT_APPLICABLE","NOT_APPLICABLE","correct","head:\bNOT\s+APPLICABLE\b","['Kolmogorov-Smirnov Test']"
"28","Distribution Compliance Test","easy","Mean","APPLICABLE","NOT_APPLICABLE","wrong","head:\bAPPLICABLE\b","['Kolmogorov-Smirnov Test']"
"28","Distribution Compliance Test","easy","Median","APPLICABLE","NOT_APPLICABLE","wrong","head:\bAPPLICABLE\b","['Kolmogorov-Smirnov Test']"
"28","Distribution Compliance Test","easy","Mode","NOT_APPLICABLE","NOT_APPLICABLE","correct","head:\bNOT\s+APPLICABLE\b","['Kolmogorov-Smirnov Test']"
"28","Distribution Compliance Test","easy","Range","NOT_APPLICABLE","NOT_APPLICABLE","correct","head:\bNOT\s+APPLICABLE\b","['Kolmogorov-Smirnov Test']"
"28","Distribution Compliance Test","easy","Quartile","NOT_APPLICABLE","NOT_APPLICABLE","correct","head:\bNOT\s+APPLICABLE\b","['Kolmogorov-Smirnov Test']"
"28","Distribution Compliance Test","easy","Standard Deviation","APPLICABLE","NOT_APPLICABLE","wrong","head:\bAPPLICABLE\b","['Kolmogorov-Smirnov Test']"
"28","Distribution Compliance Test","easy","Skewness","APPLICABLE","NOT_APPLICABLE","wrong","head:\bAPPLICABLE\b","['Kolmogorov-Smirnov Test']"
"28","Distribution Compliance Test","easy","Kurtosis","APPLICABLE","NOT_APPLICABLE","wrong","head:\bAPPLICABLE\b","['Kolmogorov-Smirnov Test']"
"28","Distribution Compliance Test","easy","Mood Variance Test","NOT_APPLICABLE","NOT_APPLICABLE","correct","head:\bNOT\s+APPLICABLE\b","['Kolmogorov-Smirnov Test']"
"28","Distribution Compliance Test","easy","Levene Test","NOT_APPLICABLE","NOT_APPLICABLE","correct","head:\bNOT\s+APPLICABLE\b","['Kolmogorov-Smirnov Test']"
"28","Distribution Compliance Test","easy","Bartlett Test","NOT_APPLICABLE","NOT_APPLICABLE","correct","head:\bNOT\s+APPLICABLE\b","['Kolmogorov-Smirnov Test']"
"28","Distribution Compliance Test","easy","F-Test for Variance","NOT_APPLICABLE","NOT_APPLICABLE","correct","head:\bNOT\s+APPLICABLE\b","['Kolmogorov-Smirnov Test']"
"29","Contingency Table Test","easy","Pearson Correlation Coefficient","NOT_APPLICABLE","NOT_APPLICABLE","correct","head:\bNOT\s+APPLICABLE\b","['Mantel-Haenszel Test']"
"29","Contingency Table Test","easy","Spearman Correlation Coefficient","NOT_APPLICABLE","NOT_APPLICABLE","correct","head:\bNOT\s+APPLICABLE\b","['Mantel-Haenszel Test']"
"29","Contingency Table Test","easy","Kendall Correlation Coefficient","NOT_APPLICABLE","NOT_APPLICABLE","correct","head:\bNOT\s+APPLICABLE\b","['Mantel-Haenszel Test']"
"29","Contingency Table Test","easy","Partial Correlation Coefficient","NOT_APPLICABLE","NOT_APPLICABLE","correct","head:\bNOT\s+APPLICABLE\b","['Mantel-Haenszel Test']"
"29","Contingency Table Test","easy","Anderson-Darling Test","NOT_APPLICABLE","NOT_APPLICABLE","correct","head:\bNOT\s+APPLICABLE\b","['Mantel-Haenszel Test']"
"29","Contingency Table Test","easy","Shapiro-Wilk Test of Normality","NOT_APPLICABLE","NOT_APPLICABLE","correct","head:\bNOT\s+APPLICABLE\b","['Mantel-Haenszel Test']"
"29","Contingency Table Test","easy","Kolmogorov-Smirnov Test for Normality","NOT_APPLICABLE","NOT_APPLICABLE","correct","head:\bNOT\s+APPLICABLE\b","['Mantel-Haenszel Test']"
"29","Contingency Table Test","easy","Lilliefors Test","NOT_APPLICABLE","NOT_APPLICABLE","correct","head:\bNOT\s+APPLICABLE\b","['Mantel-Haenszel Test']"
"29","Contingency Table Test","easy","Kolmogorov-Smirnov Test","NOT_APPLICABLE","NOT_APPLICABLE","correct","head:\bNOT\s+APPLICABLE\b","['Mantel-Haenszel Test']"
"29","Contingency Table Test","easy","Kolmogorov-Smirnov Test for Uniform distribution","NOT_APPLICABLE","NOT_APPLICABLE","correct","head:\bNOT\s+APPLICABLE\b","['Mantel-Haenszel Test']"
"29","Contingency Table Test","easy","Kolmogorov-Smirnov Test for Gamma distribution","NOT_APPLICABLE","NOT_APPLICABLE","correct","head:\bNOT\s+APPLICABLE\b","['Mantel-Haenszel Test']"
"29","Contingency Table Test","easy","Kolmogorov-Smirnov Test for Exponential distribution","NOT_APPLICABLE","NOT_APPLICABLE","correct","head:\bNOT\s+APPLICABLE\b","['Mantel-Haenszel Test']"
"29","Contingency Table Test","easy","Chi-square Independence Test","APPLICABLE","NOT_APPLICABLE","wrong","head:\bAPPLICABLE\b","['Mantel-Haenszel Test']"
"29","Contingency Table Test","easy","Fisher Exact Test","NOT_APPLICABLE","NOT_APPLICABLE","correct","head:\bNOT\s+APPLICABLE\b","['Mantel-Haenszel Test']"
"29","Contingency Table Test","easy","Mantel-Haenszel Test","NOT_APPLICABLE","APPLICABLE","wrong","head:\bNOT\s+APPLICABLE\b","['Mantel-Haenszel Test']"
"29","Contingency Table Test","easy","Mean","NOT_APPLICABLE","NOT_APPLICABLE","correct","head:\bNOT\s+APPLICABLE\b","['Mantel-Haenszel Test']"
"29","Contingency Table Test","easy","Median","NOT_APPLICABLE","NOT_APPLICABLE","correct","head:\bNOT\s+APPLICABLE\b","['Mantel-Haenszel Test']"
"29","Contingency Table Test","easy","Mode","NOT_APPLICABLE","NOT_APPLICABLE","correct","head:\bNOT\s+APPLICABLE\b","['Mantel-Haenszel Test']"
"29","Contingency Table Test","easy","Range","NOT_APPLICABLE","NOT_APPLICABLE","correct","head:\bNOT\s+APPLICABLE\b","['Mantel-Haenszel Test']"
"29","Contingency Table Test","easy","Quartile","NOT_APPLICABLE","NOT_APPLICABLE","correct","head:\bNOT\s+APPLICABLE\b","['Mantel-Haenszel Test']"
"29","Contingency Table Test","easy","Standard Deviation","NOT_APPLICABLE","NOT_APPLICABLE","correct","head:\bNOT\s+APPLICABLE\b","['Mantel-Haenszel Test']"
"29","Contingency Table Test","easy","Skewness","NOT_APPLICABLE","NOT_APPLICABLE","correct","head:\bNOT\s+APPLICABLE\b","['Mantel-Haenszel Test']"
"29","Contingency Table Test","easy","Kurtosis","NOT_APPLICABLE","NOT_APPLICABLE","correct","head:\bNOT\s+APPLICABLE\b","['Mantel-Haenszel Test']"
"29","Contingency Table Test","easy","Mood Variance Test","NOT_APPLICABLE","NOT_APPLICABLE","correct","head:\bNOT\s+APPLICABLE\b","['Mantel-Haenszel Test']"
"29","Contingency Table Test","easy","Levene Test","NOT_APPLICABLE","NOT_APPLICABLE","correct","head:\bNOT\s+APPLICABLE\b","['Mantel-Haenszel Test']"
"29","Contingency Table Test","easy","Bartlett Test","NOT_APPLICABLE","NOT_APPLICABLE","correct","head:\bNOT\s+APPLICABLE\b","['Mantel-Haenszel Test']"
"29","Contingency Table Test","easy","F-Test for Variance","NOT_APPLICABLE","NOT_APPLICABLE","correct","head:\bNOT\s+APPLICABLE\b","['Mantel-Haenszel Test']"
"30","Contingency Table Test","hard","Pearson Correlation Coefficient","NOT_APPLICABLE","NOT_APPLICABLE","correct","head:\bNOT\s+APPLICABLE\b","['Chi-square Independence Test']"
"30","Contingency Table Test","hard","Spearman Correlation Coefficient","NOT_APPLICABLE","NOT_APPLICABLE","correct","head:\bNOT\s+APPLICABLE\b","['Chi-square Independence Test']"
"30","Contingency Table Test","hard","Kendall Correlation Coefficient","NOT_APPLICABLE","NOT_APPLICABLE","correct","head:\bNOT\s+APPLICABLE\b","['Chi-square Independence Test']"
"30","Contingency Table Test","hard","Partial Correlation Coefficient","NOT_APPLICABLE","NOT_APPLICABLE","correct","head:\bNOT\s+APPLICABLE\b","['Chi-square Independence Test']"
"30","Contingency Table Test","hard","Anderson-Darling Test","NOT_APPLICABLE","NOT_APPLICABLE","correct","head:\bNOT\s+APPLICABLE\b","['Chi-square Independence Test']"
"30","Contingency Table Test","hard","Shapiro-Wilk Test of Normality","NOT_APPLICABLE","NOT_APPLICABLE","correct","head:\bNOT\s+APPLICABLE\b","['Chi-square Independence Test']"
"30","Contingency Table Test","hard","Kolmogorov-Smirnov Test for Normality","NOT_APPLICABLE","NOT_APPLICABLE","correct","head:\bNOT\s+APPLICABLE\b","['Chi-square Independence Test']"
"30","Contingency Table Test","hard","Lilliefors Test","NOT_APPLICABLE","NOT_APPLICABLE","correct","head:\bNOT\s+APPLICABLE\b","['Chi-square Independence Test']"
"30","Contingency Table Test","hard","Kolmogorov-Smirnov Test","NOT_APPLICABLE","NOT_APPLICABLE","correct","head:\bNOT\s+APPLICABLE\b","['Chi-square Independence Test']"
"30","Contingency Table Test","hard","Kolmogorov-Smirnov Test for Uniform distribution","NOT_APPLICABLE","NOT_APPLICABLE","correct","head:\bNOT\s+APPLICABLE\b","['Chi-square Independence Test']"
"30","Contingency Table Test","hard","Kolmogorov-Smirnov Test for Gamma distribution","NOT_APPLICABLE","NOT_APPLICABLE","correct","head:\bNOT\s+APPLICABLE\b","['Chi-square Independence Test']"
"30","Contingency Table Test","hard","Kolmogorov-Smirnov Test for Exponential distribution","NOT_APPLICABLE","NOT_APPLICABLE","correct","head:\bNOT\s+APPLICABLE\b","['Chi-square Independence Test']"
"30","Contingency Table Test","hard","Chi-square Independence Test","APPLICABLE","APPLICABLE","correct","head:\bAPPLICABLE\b","['Chi-square Independence Test']"
"30","Contingency Table Test","hard","Fisher Exact Test","NOT_APPLICABLE","NOT_APPLICABLE","correct","head:\bNOT\s+APPLICABLE\b","['Chi-square Independence Test']"
"30","Contingency Table Test","hard","Mantel-Haenszel Test","NOT_APPLICABLE","NOT_APPLICABLE","correct","head:\bNOT\s+APPLICABLE\b","['Chi-square Independence Test']"
"30","Contingency Table Test","hard","Mean","NOT_APPLICABLE","NOT_APPLICABLE","correct","head:\bNOT\s+APPLICABLE\b","['Chi-square Independence Test']"
"30","Contingency Table Test","hard","Median","NOT_APPLICABLE","NOT_APPLICABLE","correct","head:\bNOT\s+APPLICABLE\b","['Chi-square Independence Test']"
"30","Contingency Table Test","hard","Mode","APPLICABLE","NOT_APPLICABLE","wrong","head:\bAPPLICABLE\b","['Chi-square Independence Test']"
"30","Contingency Table Test","hard","Range","NOT_APPLICABLE","NOT_APPLICABLE","correct","head:\bNOT\s+APPLICABLE\b","['Chi-square Independence Test']"
"30","Contingency Table Test","hard","Quartile","NOT_APPLICABLE","NOT_APPLICABLE","correct","head:\bNOT\s+APPLICABLE\b","['Chi-square Independence Test']"
"30","Contingency Table Test","hard","Standard Deviation","NOT_APPLICABLE","NOT_APPLICABLE","correct","head:\bNOT\s+APPLICABLE\b","['Chi-square Independence Test']"
"30","Contingency Table Test","hard","Skewness","NOT_APPLICABLE","NOT_APPLICABLE","correct","head:\bNOT\s+APPLICABLE\b","['Chi-square Independence Test']"
"30","Contingency Table Test","hard","Kurtosis","NOT_APPLICABLE","NOT_APPLICABLE","correct","head:\bNOT\s+APPLICABLE\b","['Chi-square Independence Test']"
"30","Contingency Table Test","hard","Mood Variance Test","NOT_APPLICABLE","NOT_APPLICABLE","correct","head:\bNOT\s+APPLICABLE\b","['Chi-square Independence Test']"
"30","Contingency Table Test","hard","Levene Test","NOT_APPLICABLE","NOT_APPLICABLE","correct","head:\bNOT\s+APPLICABLE\b","['Chi-square Independence Test']"
"30","Contingency Table Test","hard","Bartlett Test","NOT_APPLICABLE","NOT_APPLICABLE","correct","head:\bNOT\s+APPLICABLE\b","['Chi-square Independence Test']"
"30","Contingency Table Test","hard","F-Test for Variance","NOT_APPLICABLE","NOT_APPLICABLE","correct","head:\bNOT\s+APPLICABLE\b","['Chi-square Independence Test']"
"31","Variance Test","hard","Pearson Correlation Coefficient","NOT_APPLICABLE","NOT_APPLICABLE","correct","head:\bNOT\s+APPLICABLE\b","['Mood Variance Test', 'Levene Test']"
"31","Variance Test","hard","Spearman Correlation Coefficient","APPLICABLE","NOT_APPLICABLE","wrong","head:\bAPPLICABLE\b","['Mood Variance Test', 'Levene Test']"
"31","Variance Test","hard","Kendall Correlation Coefficient","NOT_APPLICABLE","NOT_APPLICABLE","correct","head:\bNOT\s+APPLICABLE\b","['Mood Variance Test', 'Levene Test']"
"31","Variance Test","hard","Partial Correlation Coefficient","NOT_APPLICABLE","NOT_APPLICABLE","correct","head:\bNOT\s+APPLICABLE\b","['Mood Variance Test', 'Levene Test']"
"31","Variance Test","hard","Anderson-Darling Test","NOT_APPLICABLE","NOT_APPLICABLE","correct","head:\bNOT\s+APPLICABLE\b","['Mood Variance Test', 'Levene Test']"
"31","Variance Test","hard","Shapiro-Wilk Test of Normality","NOT_APPLICABLE","NOT_APPLICABLE","correct","head:\bNOT\s+APPLICABLE\b","['Mood Variance Test', 'Levene Test']"
"31","Variance Test","hard","Kolmogorov-Smirnov Test for Normality","NOT_APPLICABLE","NOT_APPLICABLE","correct","head:\bNOT\s+APPLICABLE\b","['Mood Variance Test', 'Levene Test']"
"31","Variance Test","hard","Lilliefors Test","NOT_APPLICABLE","NOT_APPLICABLE","correct","head:\bNOT\s+APPLICABLE\b","['Mood Variance Test', 'Levene Test']"
"31","Variance Test","hard","Kolmogorov-Smirnov Test","NOT_APPLICABLE","NOT_APPLICABLE","correct","head:\bNOT\s+APPLICABLE\b","['Mood Variance Test', 'Levene Test']"
"31","Variance Test","hard","Kolmogorov-Smirnov Test for Uniform distribution","NOT_APPLICABLE","NOT_APPLICABLE","correct","head:\bNOT\s+APPLICABLE\b","['Mood Variance Test', 'Levene Test']"
"31","Variance Test","hard","Kolmogorov-Smirnov Test for Gamma distribution","NOT_APPLICABLE","NOT_APPLICABLE","correct","head:\bNOT\s+APPLICABLE\b","['Mood Variance Test', 'Levene Test']"
"31","Variance Test","hard","Kolmogorov-Smirnov Test for Exponential distribution","NOT_APPLICABLE","NOT_APPLICABLE","correct","head:\bNOT\s+APPLICABLE\b","['Mood Variance Test', 'Levene Test']"
"31","Variance Test","hard","Chi-square Independence Test","NOT_APPLICABLE","NOT_APPLICABLE","correct","head:\bNOT\s+APPLICABLE\b","['Mood Variance Test', 'Levene Test']"
"31","Variance Test","hard","Fisher Exact Test","NOT_APPLICABLE","NOT_APPLICABLE","correct","head:\bNOT\s+APPLICABLE\b","['Mood Variance Test', 'Levene Test']"
"31","Variance Test","hard","Mantel-Haenszel Test","NOT_APPLICABLE","NOT_APPLICABLE","correct","head:\bNOT\s+APPLICABLE\b","['Mood Variance Test', 'Levene Test']"
"31","Variance Test","hard","Mean","NOT_APPLICABLE","NOT_APPLICABLE","correct","head:\bNOT\s+APPLICABLE\b","['Mood Variance Test', 'Levene Test']"
"31","Variance Test","hard","Median","APPLICABLE","NOT_APPLICABLE","wrong","head:\bAPPLICABLE\b","['Mood Variance Test', 'Levene Test']"
"31","Variance Test","hard","Mode","NOT_APPLICABLE","NOT_APPLICABLE","correct","head:\bNOT\s+APPLICABLE\b","['Mood Variance Test', 'Levene Test']"
"31","Variance Test","hard","Range","APPLICABLE","NOT_APPLICABLE","wrong","head:\bAPPLICABLE\b","['Mood Variance Test', 'Levene Test']"
"31","Variance Test","hard","Quartile","APPLICABLE","NOT_APPLICABLE","wrong","head:\bAPPLICABLE\b","['Mood Variance Test', 'Levene Test']"
"31","Variance Test","hard","Standard Deviation","APPLICABLE","NOT_APPLICABLE","wrong","head:\bAPPLICABLE\b","['Mood Variance Test', 'Levene Test']"
"31","Variance Test","hard","Skewness","APPLICABLE","NOT_APPLICABLE","wrong","head:\bAPPLICABLE\b","['Mood Variance Test', 'Levene Test']"
"31","Variance Test","hard","Kurtosis","APPLICABLE","NOT_APPLICABLE","wrong","head:\bAPPLICABLE\b","['Mood Variance Test', 'Levene Test']"
"31","Variance Test","hard","Mood Variance Test","NOT_APPLICABLE","APPLICABLE","wrong","head:\bNOT\s+APPLICABLE\b","['Mood Variance Test', 'Levene Test']"
"31","Variance Test","hard","Levene Test","NOT_APPLICABLE","APPLICABLE","wrong","head:\bNOT\s+APPLICABLE\b","['Mood Variance Test', 'Levene Test']"
"31","Variance Test","hard","Bartlett Test","NOT_APPLICABLE","NOT_APPLICABLE","correct","head:\bNOT\s+APPLICABLE\b","['Mood Variance Test', 'Levene Test']"
"31","Variance Test","hard","F-Test for Variance","NOT_APPLICABLE","NOT_APPLICABLE","correct","head:\bNOT\s+APPLICABLE\b","['Mood Variance Test', 'Levene Test']"
"32","Variance Test","easy","Pearson Correlation Coefficient","NOT_APPLICABLE","NOT_APPLICABLE","correct","head:\bNOT\s+APPLICABLE\b","['Mood Variance Test', 'Levene Test', 'Bartlett Test', 'F-Test for Variance']"
"32","Variance Test","easy","Spearman Correlation Coefficient","NOT_APPLICABLE","NOT_APPLICABLE","correct","head:\bNOT\s+APPLICABLE\b","['Mood Variance Test', 'Levene Test', 'Bartlett Test', 'F-Test for Variance']"
"32","Variance Test","easy","Kendall Correlation Coefficient","NOT_APPLICABLE","NOT_APPLICABLE","correct","head:\bNOT\s+APPLICABLE\b","['Mood Variance Test', 'Levene Test', 'Bartlett Test', 'F-Test for Variance']"
"32","Variance Test","easy","Partial Correlation Coefficient","NOT_APPLICABLE","NOT_APPLICABLE","correct","head:\bNOT\s+APPLICABLE\b","['Mood Variance Test', 'Levene Test', 'Bartlett Test', 'F-Test for Variance']"
"32","Variance Test","easy","Anderson-Darling Test","NOT_APPLICABLE","NOT_APPLICABLE","correct","head:\bNOT\s+APPLICABLE\b","['Mood Variance Test', 'Levene Test', 'Bartlett Test', 'F-Test for Variance']"
"32","Variance Test","easy","Shapiro-Wilk Test of Normality","NOT_APPLICABLE","NOT_APPLICABLE","correct","head:\bNOT\s+APPLICABLE\b","['Mood Variance Test', 'Levene Test', 'Bartlett Test', 'F-Test for Variance']"
"32","Variance Test","easy","Kolmogorov-Smirnov Test for Normality","NOT_APPLICABLE","NOT_APPLICABLE","correct","head:\bNOT\s+APPLICABLE\b","['Mood Variance Test', 'Levene Test', 'Bartlett Test', 'F-Test for Variance']"
"32","Variance Test","easy","Lilliefors Test","NOT_APPLICABLE","NOT_APPLICABLE","correct","head:\bNOT\s+APPLICABLE\b","['Mood Variance Test', 'Levene Test', 'Bartlett Test', 'F-Test for Variance']"
"32","Variance Test","easy","Kolmogorov-Smirnov Test","NOT_APPLICABLE","NOT_APPLICABLE","correct","head:\bNOT\s+APPLICABLE\b","['Mood Variance Test', 'Levene Test', 'Bartlett Test', 'F-Test for Variance']"
"32","Variance Test","easy","Kolmogorov-Smirnov Test for Uniform distribution","NOT_APPLICABLE","NOT_APPLICABLE","correct","head:\bNOT\s+APPLICABLE\b","['Mood Variance Test', 'Levene Test', 'Bartlett Test', 'F-Test for Variance']"
"32","Variance Test","easy","Kolmogorov-Smirnov Test for Gamma distribution","NOT_APPLICABLE","NOT_APPLICABLE","correct","head:\bNOT\s+APPLICABLE\b","['Mood Variance Test', 'Levene Test', 'Bartlett Test', 'F-Test for Variance']"
"32","Variance Test","easy","Kolmogorov-Smirnov Test for Exponential distribution","NOT_APPLICABLE","NOT_APPLICABLE","correct","head:\bNOT\s+APPLICABLE\b","['Mood Variance Test', 'Levene Test', 'Bartlett Test', 'F-Test for Variance']"
"32","Variance Test","easy","Chi-square Independence Test","NOT_APPLICABLE","NOT_APPLICABLE","correct","head:\bNOT\s+APPLICABLE\b","['Mood Variance Test', 'Levene Test', 'Bartlett Test', 'F-Test for Variance']"
"32","Variance Test","easy","Fisher Exact Test","NOT_APPLICABLE","NOT_APPLICABLE","correct","head:\bNOT\s+APPLICABLE\b","['Mood Variance Test', 'Levene Test', 'Bartlett Test', 'F-Test for Variance']"
"32","Variance Test","easy","Mantel-Haenszel Test","NOT_APPLICABLE","NOT_APPLICABLE","correct","head:\bNOT\s+APPLICABLE\b","['Mood Variance Test', 'Levene Test', 'Bartlett Test', 'F-Test for Variance']"
"32","Variance Test","easy","Mean","NOT_APPLICABLE","NOT_APPLICABLE","correct","head:\bNOT\s+APPLICABLE\b","['Mood Variance Test', 'Levene Test', 'Bartlett Test', 'F-Test for Variance']"
"32","Variance Test","easy","Median","NOT_APPLICABLE","NOT_APPLICABLE","correct","head:\bNOT\s+APPLICABLE\b","['Mood Variance Test', 'Levene Test', 'Bartlett Test', 'F-Test for Variance']"
"32","Variance Test","easy","Mode","NOT_APPLICABLE","NOT_APPLICABLE","correct","head:\bNOT\s+APPLICABLE\b","['Mood Variance Test', 'Levene Test', 'Bartlett Test', 'F-Test for Variance']"
"32","Variance Test","easy","Range","NOT_APPLICABLE","NOT_APPLICABLE","correct","head:\bNOT\s+APPLICABLE\b","['Mood Variance Test', 'Levene Test', 'Bartlett Test', 'F-Test for Variance']"
"32","Variance Test","easy","Quartile","NOT_APPLICABLE","NOT_APPLICABLE","correct","head:\bNOT\s+APPLICABLE\b","['Mood Variance Test', 'Levene Test', 'Bartlett Test', 'F-Test for Variance']"
"32","Variance Test","easy","Standard Deviation","NOT_APPLICABLE","NOT_APPLICABLE","correct","head:\bNOT\s+APPLICABLE\b","['Mood Variance Test', 'Levene Test', 'Bartlett Test', 'F-Test for Variance']"
"32","Variance Test","easy","Skewness","NOT_APPLICABLE","NOT_APPLICABLE","correct","head:\bNOT\s+APPLICABLE\b","['Mood Variance Test', 'Levene Test', 'Bartlett Test', 'F-Test for Variance']"
"32","Variance Test","easy","Kurtosis","NOT_APPLICABLE","NOT_APPLICABLE","correct","head:\bNOT\s+APPLICABLE\b","['Mood Variance Test', 'Levene Test', 'Bartlett Test', 'F-Test for Variance']"
"32","Variance Test","easy","Mood Variance Test","NOT_APPLICABLE","APPLICABLE","wrong","head:\bNOT\s+APPLICABLE\b","['Mood Variance Test', 'Levene Test', 'Bartlett Test', 'F-Test for Variance']"
"32","Variance Test","easy","Levene Test","NOT_APPLICABLE","APPLICABLE","wrong","head:\bNOT\s+APPLICABLE\b","['Mood Variance Test', 'Levene Test', 'Bartlett Test', 'F-Test for Variance']"
"32","Variance Test","easy","Bartlett Test","NOT_APPLICABLE","APPLICABLE","wrong","head:\bNOT\s+APPLICABLE\b","['Mood Variance Test', 'Levene Test', 'Bartlett Test', 'F-Test for Variance']"
"32","Variance Test","easy","F-Test for Variance","NOT_APPLICABLE","APPLICABLE","wrong","head:\bNOT\s+APPLICABLE\b","['Mood Variance Test', 'Levene Test', 'Bartlett Test', 'F-Test for Variance']"
"33","Variance Test","easy","Pearson Correlation Coefficient","NOT_APPLICABLE","NOT_APPLICABLE","correct","head:\bNOT\s+APPLICABLE\b","['Mood Variance Test', 'Levene Test', 'Bartlett Test', 'F-Test for Variance']"
"33","Variance Test","easy","Spearman Correlation Coefficient","NOT_APPLICABLE","NOT_APPLICABLE","correct","head:\bNOT\s+APPLICABLE\b","['Mood Variance Test', 'Levene Test', 'Bartlett Test', 'F-Test for Variance']"
"33","Variance Test","easy","Kendall Correlation Coefficient","NOT_APPLICABLE","NOT_APPLICABLE","correct","head:\bNOT\s+APPLICABLE\b","['Mood Variance Test', 'Levene Test', 'Bartlett Test', 'F-Test for Variance']"
"33","Variance Test","easy","Partial Correlation Coefficient","NOT_APPLICABLE","NOT_APPLICABLE","correct","head:\bNOT\s+APPLICABLE\b","['Mood Variance Test', 'Levene Test', 'Bartlett Test', 'F-Test for Variance']"
"33","Variance Test","easy","Anderson-Darling Test","NOT_APPLICABLE","NOT_APPLICABLE","correct","head:\bNOT\s+APPLICABLE\b","['Mood Variance Test', 'Levene Test', 'Bartlett Test', 'F-Test for Variance']"
"33","Variance Test","easy","Shapiro-Wilk Test of Normality","NOT_APPLICABLE","NOT_APPLICABLE","correct","head:\bNOT\s+APPLICABLE\b","['Mood Variance Test', 'Levene Test', 'Bartlett Test', 'F-Test for Variance']"
"33","Variance Test","easy","Kolmogorov-Smirnov Test for Normality","NOT_APPLICABLE","NOT_APPLICABLE","correct","head:\bNOT\s+APPLICABLE\b","['Mood Variance Test', 'Levene Test', 'Bartlett Test', 'F-Test for Variance']"
"33","Variance Test","easy","Lilliefors Test","NOT_APPLICABLE","NOT_APPLICABLE","correct","head:\bNOT\s+APPLICABLE\b","['Mood Variance Test', 'Levene Test', 'Bartlett Test', 'F-Test for Variance']"
"33","Variance Test","easy","Kolmogorov-Smirnov Test","APPLICABLE","NOT_APPLICABLE","wrong","head:\bAPPLICABLE\b","['Mood Variance Test', 'Levene Test', 'Bartlett Test', 'F-Test for Variance']"
"33","Variance Test","easy","Kolmogorov-Smirnov Test for Uniform distribution","NOT_APPLICABLE","NOT_APPLICABLE","correct","head:\bNOT\s+APPLICABLE\b","['Mood Variance Test', 'Levene Test', 'Bartlett Test', 'F-Test for Variance']"
"33","Variance Test","easy","Kolmogorov-Smirnov Test for Gamma distribution","NOT_APPLICABLE","NOT_APPLICABLE","correct","head:\bNOT\s+APPLICABLE\b","['Mood Variance Test', 'Levene Test', 'Bartlett Test', 'F-Test for Variance']"
"33","Variance Test","easy","Kolmogorov-Smirnov Test for Exponential distribution","NOT_APPLICABLE","NOT_APPLICABLE","correct","head:\bNOT\s+APPLICABLE\b","['Mood Variance Test', 'Levene Test', 'Bartlett Test', 'F-Test for Variance']"
"33","Variance Test","easy","Chi-square Independence Test","NOT_APPLICABLE","NOT_APPLICABLE","correct","head:\bNOT\s+APPLICABLE\b","['Mood Variance Test', 'Levene Test', 'Bartlett Test', 'F-Test for Variance']"
"33","Variance Test","easy","Fisher Exact Test","NOT_APPLICABLE","NOT_APPLICABLE","correct","head:\bNOT\s+APPLICABLE\b","['Mood Variance Test', 'Levene Test', 'Bartlett Test', 'F-Test for Variance']"
"33","Variance Test","easy","Mantel-Haenszel Test","NOT_APPLICABLE","NOT_APPLICABLE","correct","head:\bNOT\s+APPLICABLE\b","['Mood Variance Test', 'Levene Test', 'Bartlett Test', 'F-Test for Variance']"
"33","Variance Test","easy","Mean","NOT_APPLICABLE","NOT_APPLICABLE","correct","head:\bNOT\s+APPLICABLE\b","['Mood Variance Test', 'Levene Test', 'Bartlett Test', 'F-Test for Variance']"
"33","Variance Test","easy","Median","NOT_APPLICABLE","NOT_APPLICABLE","correct","head:\bNOT\s+APPLICABLE\b","['Mood Variance Test', 'Levene Test', 'Bartlett Test', 'F-Test for Variance']"
"33","Variance Test","easy","Mode","NOT_APPLICABLE","NOT_APPLICABLE","correct","head:\bNOT\s+APPLICABLE\b","['Mood Variance Test', 'Levene Test', 'Bartlett Test', 'F-Test for Variance']"
"33","Variance Test","easy","Range","NOT_APPLICABLE","NOT_APPLICABLE","correct","head:\bNOT\s+APPLICABLE\b","['Mood Variance Test', 'Levene Test', 'Bartlett Test', 'F-Test for Variance']"
"33","Variance Test","easy","Quartile","NOT_APPLICABLE","NOT_APPLICABLE","correct","head:\bNOT\s+APPLICABLE\b","['Mood Variance Test', 'Levene Test', 'Bartlett Test', 'F-Test for Variance']"
"33","Variance Test","easy","Standard Deviation","APPLICABLE","NOT_APPLICABLE","wrong","head:\bAPPLICABLE\b","['Mood Variance Test', 'Levene Test', 'Bartlett Test', 'F-Test for Variance']"
"33","Variance Test","easy","Skewness","APPLICABLE","NOT_APPLICABLE","wrong","head:\bAPPLICABLE\b","['Mood Variance Test', 'Levene Test', 'Bartlett Test', 'F-Test for Variance']"
"33","Variance Test","easy","Kurtosis","NOT_APPLICABLE","NOT_APPLICABLE","correct","head:\bNOT\s+APPLICABLE\b","['Mood Variance Test', 'Levene Test', 'Bartlett Test', 'F-Test for Variance']"
"33","Variance Test","easy","Mood Variance Test","NOT_APPLICABLE","APPLICABLE","wrong","head:\bNOT\s+APPLICABLE\b","['Mood Variance Test', 'Levene Test', 'Bartlett Test', 'F-Test for Variance']"
"33","Variance Test","easy","Levene Test","APPLICABLE","APPLICABLE","correct","head:\bAPPLICABLE\b","['Mood Variance Test', 'Levene Test', 'Bartlett Test', 'F-Test for Variance']"
"33","Variance Test","easy","Bartlett Test","NOT_APPLICABLE","APPLICABLE","wrong","head:\bNOT\s+APPLICABLE\b","['Mood Variance Test', 'Levene Test', 'Bartlett Test', 'F-Test for Variance']"
"33","Variance Test","easy","F-Test for Variance","NOT_APPLICABLE","APPLICABLE","wrong","head:\bNOT\s+APPLICABLE\b","['Mood Variance Test', 'Levene Test', 'Bartlett Test', 'F-Test for Variance']"
"34","Correlation Analysis","easy","Pearson Correlation Coefficient","NOT_APPLICABLE","APPLICABLE","wrong","head:\bNOT\s+APPLICABLE\b","['Pearson Correlation Coefficient', 'Spearman Correlation Coefficient', 'Kendall Correlation Coefficient']"
"34","Correlation Analysis","easy","Spearman Correlation Coefficient","APPLICABLE","APPLICABLE","correct","head:\bAPPLICABLE\b","['Pearson Correlation Coefficient', 'Spearman Correlation Coefficient', 'Kendall Correlation Coefficient']"
"34","Correlation Analysis","easy","Kendall Correlation Coefficient","APPLICABLE","APPLICABLE","correct","head:\bAPPLICABLE\b","['Pearson Correlation Coefficient', 'Spearman Correlation Coefficient', 'Kendall Correlation Coefficient']"
"34","Correlation Analysis","easy","Partial Correlation Coefficient","NOT_APPLICABLE","NOT_APPLICABLE","correct","head:\bNOT\s+APPLICABLE\b","['Pearson Correlation Coefficient', 'Spearman Correlation Coefficient', 'Kendall Correlation Coefficient']"
"34","Correlation Analysis","easy","Anderson-Darling Test","NOT_APPLICABLE","NOT_APPLICABLE","correct","head:\bNOT\s+APPLICABLE\b","['Pearson Correlation Coefficient', 'Spearman Correlation Coefficient', 'Kendall Correlation Coefficient']"
"34","Correlation Analysis","easy","Shapiro-Wilk Test of Normality","NOT_APPLICABLE","NOT_APPLICABLE","correct","head:\bNOT\s+APPLICABLE\b","['Pearson Correlation Coefficient', 'Spearman Correlation Coefficient', 'Kendall Correlation Coefficient']"
"34","Correlation Analysis","easy","Kolmogorov-Smirnov Test for Normality","NOT_APPLICABLE","NOT_APPLICABLE","correct","head:\bNOT\s+APPLICABLE\b","['Pearson Correlation Coefficient', 'Spearman Correlation Coefficient', 'Kendall Correlation Coefficient']"
"34","Correlation Analysis","easy","Lilliefors Test","NOT_APPLICABLE","NOT_APPLICABLE","correct","head:\bNOT\s+APPLICABLE\b","['Pearson Correlation Coefficient', 'Spearman Correlation Coefficient', 'Kendall Correlation Coefficient']"
"34","Correlation Analysis","easy","Kolmogorov-Smirnov Test","NOT_APPLICABLE","NOT_APPLICABLE","correct","head:\bNOT\s+APPLICABLE\b","['Pearson Correlation Coefficient', 'Spearman Correlation Coefficient', 'Kendall Correlation Coefficient']"
"34","Correlation Analysis","easy","Kolmogorov-Smirnov Test for Uniform distribution","NOT_APPLICABLE","NOT_APPLICABLE","correct","head:\bNOT\s+APPLICABLE\b","['Pearson Correlation Coefficient', 'Spearman Correlation Coefficient', 'Kendall Correlation Coefficient']"
"34","Correlation Analysis","easy","Kolmogorov-Smirnov Test for Gamma distribution","NOT_APPLICABLE","NOT_APPLICABLE","correct","head:\bNOT\s+APPLICABLE\b","['Pearson Correlation Coefficient', 'Spearman Correlation Coefficient', 'Kendall Correlation Coefficient']"
"34","Correlation Analysis","easy","Kolmogorov-Smirnov Test for Exponential distribution","NOT_APPLICABLE","NOT_APPLICABLE","correct","head:\bNOT\s+APPLICABLE\b","['Pearson Correlation Coefficient', 'Spearman Correlation Coefficient', 'Kendall Correlation Coefficient']"
"34","Correlation Analysis","easy","Chi-square Independence Test","NOT_APPLICABLE","NOT_APPLICABLE","correct","head:\bNOT\s+APPLICABLE\b","['Pearson Correlation Coefficient', 'Spearman Correlation Coefficient', 'Kendall Correlation Coefficient']"
"34","Correlation Analysis","easy","Fisher Exact Test","NOT_APPLICABLE","NOT_APPLICABLE","correct","head:\bNOT\s+APPLICABLE\b","['Pearson Correlation Coefficient', 'Spearman Correlation Coefficient', 'Kendall Correlation Coefficient']"
"34","Correlation Analysis","easy","Mantel-Haenszel Test","NOT_APPLICABLE","NOT_APPLICABLE","correct","head:\bNOT\s+APPLICABLE\b","['Pearson Correlation Coefficient', 'Spearman Correlation Coefficient', 'Kendall Correlation Coefficient']"
"34","Correlation Analysis","easy","Mean","NOT_APPLICABLE","NOT_APPLICABLE","correct","head:\bNOT\s+APPLICABLE\b","['Pearson Correlation Coefficient', 'Spearman Correlation Coefficient', 'Kendall Correlation Coefficient']"
"34","Correlation Analysis","easy","Median","APPLICABLE","NOT_APPLICABLE","wrong","head:\bAPPLICABLE\b","['Pearson Correlation Coefficient', 'Spearman Correlation Coefficient', 'Kendall Correlation Coefficient']"
"34","Correlation Analysis","easy","Mode","NOT_APPLICABLE","NOT_APPLICABLE","correct","head:\bNOT\s+APPLICABLE\b","['Pearson Correlation Coefficient', 'Spearman Correlation Coefficient', 'Kendall Correlation Coefficient']"
"34","Correlation Analysis","easy","Range","NOT_APPLICABLE","NOT_APPLICABLE","correct","head:\bNOT\s+APPLICABLE\b","['Pearson Correlation Coefficient', 'Spearman Correlation Coefficient', 'Kendall Correlation Coefficient']"
"34","Correlation Analysis","easy","Quartile","NOT_APPLICABLE","NOT_APPLICABLE","correct","head:\bNOT\s+APPLICABLE\b","['Pearson Correlation Coefficient', 'Spearman Correlation Coefficient', 'Kendall Correlation Coefficient']"
"34","Correlation Analysis","easy","Standard Deviation","NOT_APPLICABLE","NOT_APPLICABLE","correct","head:\bNOT\s+APPLICABLE\b","['Pearson Correlation Coefficient', 'Spearman Correlation Coefficient', 'Kendall Correlation Coefficient']"
"34","Correlation Analysis","easy","Skewness","APPLICABLE","NOT_APPLICABLE","wrong","head:\bAPPLICABLE\b","['Pearson Correlation Coefficient', 'Spearman Correlation Coefficient', 'Kendall Correlation Coefficient']"
"34","Correlation Analysis","easy","Kurtosis","NOT_APPLICABLE","NOT_APPLICABLE","correct","head:\bNOT\s+APPLICABLE\b","['Pearson Correlation Coefficient', 'Spearman Correlation Coefficient', 'Kendall Correlation Coefficient']"
"34","Correlation Analysis","easy","Mood Variance Test","NOT_APPLICABLE","NOT_APPLICABLE","correct","head:\bNOT\s+APPLICABLE\b","['Pearson Correlation Coefficient', 'Spearman Correlation Coefficient', 'Kendall Correlation Coefficient']"
"34","Correlation Analysis","easy","Levene Test","NOT_APPLICABLE","NOT_APPLICABLE","correct","head:\bNOT\s+APPLICABLE\b","['Pearson Correlation Coefficient', 'Spearman Correlation Coefficient', 'Kendall Correlation Coefficient']"
"34","Correlation Analysis","easy","Bartlett Test","NOT_APPLICABLE","NOT_APPLICABLE","correct","head:\bNOT\s+APPLICABLE\b","['Pearson Correlation Coefficient', 'Spearman Correlation Coefficient', 'Kendall Correlation Coefficient']"
"34","Correlation Analysis","easy","F-Test for Variance","NOT_APPLICABLE","NOT_APPLICABLE","correct","head:\bNOT\s+APPLICABLE\b","['Pearson Correlation Coefficient', 'Spearman Correlation Coefficient', 'Kendall Correlation Coefficient']"
"35","Contingency Table Test","easy","Pearson Correlation Coefficient","NOT_APPLICABLE","NOT_APPLICABLE","correct","head:\bNOT\s+APPLICABLE\b","['Chi-square Independence Test', 'Fisher Exact Test']"
"35","Contingency Table Test","easy","Spearman Correlation Coefficient","NOT_APPLICABLE","NOT_APPLICABLE","correct","head:\bNOT\s+APPLICABLE\b","['Chi-square Independence Test', 'Fisher Exact Test']"
"35","Contingency Table Test","easy","Kendall Correlation Coefficient","NOT_APPLICABLE","NOT_APPLICABLE","correct","head:\bNOT\s+APPLICABLE\b","['Chi-square Independence Test', 'Fisher Exact Test']"
"35","Contingency Table Test","easy","Partial Correlation Coefficient","NOT_APPLICABLE","NOT_APPLICABLE","correct","head:\bNOT\s+APPLICABLE\b","['Chi-square Independence Test', 'Fisher Exact Test']"
"35","Contingency Table Test","easy","Anderson-Darling Test","NOT_APPLICABLE","NOT_APPLICABLE","correct","head:\bNOT\s+APPLICABLE\b","['Chi-square Independence Test', 'Fisher Exact Test']"
"35","Contingency Table Test","easy","Shapiro-Wilk Test of Normality","NOT_APPLICABLE","NOT_APPLICABLE","correct","head:\bNOT\s+APPLICABLE\b","['Chi-square Independence Test', 'Fisher Exact Test']"
"35","Contingency Table Test","easy","Kolmogorov-Smirnov Test for Normality","NOT_APPLICABLE","NOT_APPLICABLE","correct","head:\bNOT\s+APPLICABLE\b","['Chi-square Independence Test', 'Fisher Exact Test']"
"35","Contingency Table Test","easy","Lilliefors Test","NOT_APPLICABLE","NOT_APPLICABLE","correct","head:\bNOT\s+APPLICABLE\b","['Chi-square Independence Test', 'Fisher Exact Test']"
"35","Contingency Table Test","easy","Kolmogorov-Smirnov Test","NOT_APPLICABLE","NOT_APPLICABLE","correct","head:\bNOT\s+APPLICABLE\b","['Chi-square Independence Test', 'Fisher Exact Test']"
"35","Contingency Table Test","easy","Kolmogorov-Smirnov Test for Uniform distribution","NOT_APPLICABLE","NOT_APPLICABLE","correct","head:\bNOT\s+APPLICABLE\b","['Chi-square Independence Test', 'Fisher Exact Test']"
"35","Contingency Table Test","easy","Kolmogorov-Smirnov Test for Gamma distribution","NOT_APPLICABLE","NOT_APPLICABLE","correct","head:\bNOT\s+APPLICABLE\b","['Chi-square Independence Test', 'Fisher Exact Test']"
"35","Contingency Table Test","easy","Kolmogorov-Smirnov Test for Exponential distribution","NOT_APPLICABLE","NOT_APPLICABLE","correct","head:\bNOT\s+APPLICABLE\b","['Chi-square Independence Test', 'Fisher Exact Test']"
"35","Contingency Table Test","easy","Chi-square Independence Test","APPLICABLE","APPLICABLE","correct","head:\bAPPLICABLE\b","['Chi-square Independence Test', 'Fisher Exact Test']"
"35","Contingency Table Test","easy","Fisher Exact Test","NOT_APPLICABLE","APPLICABLE","wrong","head:\bNOT\s+APPLICABLE\b","['Chi-square Independence Test', 'Fisher Exact Test']"
"35","Contingency Table Test","easy","Mantel-Haenszel Test","NOT_APPLICABLE","NOT_APPLICABLE","correct","head:\bNOT\s+APPLICABLE\b","['Chi-square Independence Test', 'Fisher Exact Test']"
"35","Contingency Table Test","easy","Mean","NOT_APPLICABLE","NOT_APPLICABLE","correct","head:\bNOT\s+APPLICABLE\b","['Chi-square Independence Test', 'Fisher Exact Test']"
"35","Contingency Table Test","easy","Median","NOT_APPLICABLE","NOT_APPLICABLE","correct","head:\bNOT\s+APPLICABLE\b","['Chi-square Independence Test', 'Fisher Exact Test']"
"35","Contingency Table Test","easy","Mode","NOT_APPLICABLE","NOT_APPLICABLE","correct","head:\bNOT\s+APPLICABLE\b","['Chi-square Independence Test', 'Fisher Exact Test']"
"35","Contingency Table Test","easy","Range","NOT_APPLICABLE","NOT_APPLICABLE","correct","head:\bNOT\s+APPLICABLE\b","['Chi-square Independence Test', 'Fisher Exact Test']"
"35","Contingency Table Test","easy","Quartile","NOT_APPLICABLE","NOT_APPLICABLE","correct","head:\bNOT\s+APPLICABLE\b","['Chi-square Independence Test', 'Fisher Exact Test']"
"35","Contingency Table Test","easy","Standard Deviation","NOT_APPLICABLE","NOT_APPLICABLE","correct","head:\bNOT\s+APPLICABLE\b","['Chi-square Independence Test', 'Fisher Exact Test']"
"35","Contingency Table Test","easy","Skewness","NOT_APPLICABLE","NOT_APPLICABLE","correct","head:\bNOT\s+APPLICABLE\b","['Chi-square Independence Test', 'Fisher Exact Test']"
"35","Contingency Table Test","easy","Kurtosis","NOT_APPLICABLE","NOT_APPLICABLE","correct","head:\bNOT\s+APPLICABLE\b","['Chi-square Independence Test', 'Fisher Exact Test']"
"35","Contingency Table Test","easy","Mood Variance Test","NOT_APPLICABLE","NOT_APPLICABLE","correct","head:\bNOT\s+APPLICABLE\b","['Chi-square Independence Test', 'Fisher Exact Test']"
"35","Contingency Table Test","easy","Levene Test","NOT_APPLICABLE","NOT_APPLICABLE","correct","head:\bNOT\s+APPLICABLE\b","['Chi-square Independence Test', 'Fisher Exact Test']"
"35","Contingency Table Test","easy","Bartlett Test","NOT_APPLICABLE","NOT_APPLICABLE","correct","head:\bNOT\s+APPLICABLE\b","['Chi-square Independence Test', 'Fisher Exact Test']"
"35","Contingency Table Test","easy","F-Test for Variance","NOT_APPLICABLE","NOT_APPLICABLE","correct","head:\bNOT\s+APPLICABLE\b","['Chi-square Independence Test', 'Fisher Exact Test']"
"36","Variance Test","hard","Pearson Correlation Coefficient","NOT_APPLICABLE","NOT_APPLICABLE","correct","head:\bNOT\s+APPLICABLE\b","['Mood Variance Test', 'Levene Test']"
"36","Variance Test","hard","Spearman Correlation Coefficient","APPLICABLE","NOT_APPLICABLE","wrong","head:\bAPPLICABLE\b","['Mood Variance Test', 'Levene Test']"
"36","Variance Test","hard","Kendall Correlation Coefficient","APPLICABLE","NOT_APPLICABLE","wrong","head:\bAPPLICABLE\b","['Mood Variance Test', 'Levene Test']"
"36","Variance Test","hard","Partial Correlation Coefficient","NOT_APPLICABLE","NOT_APPLICABLE","correct","head:\bNOT\s+APPLICABLE\b","['Mood Variance Test', 'Levene Test']"
"36","Variance Test","hard","Anderson-Darling Test","NOT_APPLICABLE","NOT_APPLICABLE","correct","head:\bNOT\s+APPLICABLE\b","['Mood Variance Test', 'Levene Test']"
"36","Variance Test","hard","Shapiro-Wilk Test of Normality","NOT_APPLICABLE","NOT_APPLICABLE","correct","head:\bNOT\s+APPLICABLE\b","['Mood Variance Test', 'Levene Test']"
"36","Variance Test","hard","Kolmogorov-Smirnov Test for Normality","NOT_APPLICABLE","NOT_APPLICABLE","correct","head:\bNOT\s+APPLICABLE\b","['Mood Variance Test', 'Levene Test']"
"36","Variance Test","hard","Lilliefors Test","NOT_APPLICABLE","NOT_APPLICABLE","correct","head:\bNOT\s+APPLICABLE\b","['Mood Variance Test', 'Levene Test']"
"36","Variance Test","hard","Kolmogorov-Smirnov Test","NOT_APPLICABLE","NOT_APPLICABLE","correct","head:\bNOT\s+APPLICABLE\b","['Mood Variance Test', 'Levene Test']"
"36","Variance Test","hard","Kolmogorov-Smirnov Test for Uniform distribution","NOT_APPLICABLE","NOT_APPLICABLE","correct","head:\bNOT\s+APPLICABLE\b","['Mood Variance Test', 'Levene Test']"
"36","Variance Test","hard","Kolmogorov-Smirnov Test for Gamma distribution","NOT_APPLICABLE","NOT_APPLICABLE","correct","head:\bNOT\s+APPLICABLE\b","['Mood Variance Test', 'Levene Test']"
"36","Variance Test","hard","Kolmogorov-Smirnov Test for Exponential distribution","NOT_APPLICABLE","NOT_APPLICABLE","correct","head:\bNOT\s+APPLICABLE\b","['Mood Variance Test', 'Levene Test']"
"36","Variance Test","hard","Chi-square Independence Test","NOT_APPLICABLE","NOT_APPLICABLE","correct","head:\bNOT\s+APPLICABLE\b","['Mood Variance Test', 'Levene Test']"
"36","Variance Test","hard","Fisher Exact Test","NOT_APPLICABLE","NOT_APPLICABLE","correct","head:\bNOT\s+APPLICABLE\b","['Mood Variance Test', 'Levene Test']"
"36","Variance Test","hard","Mantel-Haenszel Test","NOT_APPLICABLE","NOT_APPLICABLE","correct","head:\bNOT\s+APPLICABLE\b","['Mood Variance Test', 'Levene Test']"
"36","Variance Test","hard","Mean","NOT_APPLICABLE","NOT_APPLICABLE","correct","head:\bNOT\s+APPLICABLE\b","['Mood Variance Test', 'Levene Test']"
"36","Variance Test","hard","Median","APPLICABLE","NOT_APPLICABLE","wrong","head:\bAPPLICABLE\b","['Mood Variance Test', 'Levene Test']"
"36","Variance Test","hard","Mode","NOT_APPLICABLE","NOT_APPLICABLE","correct","head:\bNOT\s+APPLICABLE\b","['Mood Variance Test', 'Levene Test']"
"36","Variance Test","hard","Range","APPLICABLE","NOT_APPLICABLE","wrong","head:\bAPPLICABLE\b","['Mood Variance Test', 'Levene Test']"
"36","Variance Test","hard","Quartile","APPLICABLE","NOT_APPLICABLE","wrong","head:\bAPPLICABLE\b","['Mood Variance Test', 'Levene Test']"
"36","Variance Test","hard","Standard Deviation","APPLICABLE","NOT_APPLICABLE","wrong","head:\bAPPLICABLE\b","['Mood Variance Test', 'Levene Test']"
"36","Variance Test","hard","Skewness","APPLICABLE","NOT_APPLICABLE","wrong","head:\bAPPLICABLE\b","['Mood Variance Test', 'Levene Test']"
"36","Variance Test","hard","Kurtosis","APPLICABLE","NOT_APPLICABLE","wrong","head:\bAPPLICABLE\b","['Mood Variance Test', 'Levene Test']"
"36","Variance Test","hard","Mood Variance Test","NOT_APPLICABLE","APPLICABLE","wrong","head:\bNOT\s+APPLICABLE\b","['Mood Variance Test', 'Levene Test']"
"36","Variance Test","hard","Levene Test","NOT_APPLICABLE","APPLICABLE","wrong","head:\bNOT\s+APPLICABLE\b","['Mood Variance Test', 'Levene Test']"
"36","Variance Test","hard","Bartlett Test","NOT_APPLICABLE","NOT_APPLICABLE","correct","head:\bNOT\s+APPLICABLE\b","['Mood Variance Test', 'Levene Test']"
"36","Variance Test","hard","F-Test for Variance","NOT_APPLICABLE","NOT_APPLICABLE","correct","head:\bNOT\s+APPLICABLE\b","['Mood Variance Test', 'Levene Test']"
"37","Distribution Compliance Test","hard","Pearson Correlation Coefficient","NOT_APPLICABLE","NOT_APPLICABLE","correct","head:\bNOT\s+APPLICABLE\b","['Anderson-Darling Test', 'Shapiro-Wilk Test of Normality', 'Kolmogorov-Smirnov Test for Normality']"
"37","Distribution Compliance Test","hard","Spearman Correlation Coefficient","APPLICABLE","NOT_APPLICABLE","wrong","head:\bAPPLICABLE\b","['Anderson-Darling Test', 'Shapiro-Wilk Test of Normality', 'Kolmogorov-Smirnov Test for Normality']"
"37","Distribution Compliance Test","hard","Kendall Correlation Coefficient","NOT_APPLICABLE","NOT_APPLICABLE","correct","head:\bNOT\s+APPLICABLE\b","['Anderson-Darling Test', 'Shapiro-Wilk Test of Normality', 'Kolmogorov-Smirnov Test for Normality']"
"37","Distribution Compliance Test","hard","Partial Correlation Coefficient","NOT_APPLICABLE","NOT_APPLICABLE","correct","head:\bNOT\s+APPLICABLE\b","['Anderson-Darling Test', 'Shapiro-Wilk Test of Normality', 'Kolmogorov-Smirnov Test for Normality']"
"37","Distribution Compliance Test","hard","Anderson-Darling Test","APPLICABLE","APPLICABLE","correct","head:\bAPPLICABLE\b","['Anderson-Darling Test', 'Shapiro-Wilk Test of Normality', 'Kolmogorov-Smirnov Test for Normality']"
"37","Distribution Compliance Test","hard","Shapiro-Wilk Test of Normality","APPLICABLE","APPLICABLE","correct","head:\bAPPLICABLE\b","['Anderson-Darling Test', 'Shapiro-Wilk Test of Normality', 'Kolmogorov-Smirnov Test for Normality']"
"37","Distribution Compliance Test","hard","Kolmogorov-Smirnov Test for Normality","APPLICABLE","APPLICABLE","correct","head:\bAPPLICABLE\b","['Anderson-Darling Test', 'Shapiro-Wilk Test of Normality', 'Kolmogorov-Smirnov Test for Normality']"
"37","Distribution Compliance Test","hard","Lilliefors Test","APPLICABLE","NOT_APPLICABLE","wrong","head:\bAPPLICABLE\b","['Anderson-Darling Test', 'Shapiro-Wilk Test of Normality', 'Kolmogorov-Smirnov Test for Normality']"
"37","Distribution Compliance Test","hard","Kolmogorov-Smirnov Test","APPLICABLE","NOT_APPLICABLE","wrong","head:\bAPPLICABLE\b","['Anderson-Darling Test', 'Shapiro-Wilk Test of Normality', 'Kolmogorov-Smirnov Test for Normality']"
"37","Distribution Compliance Test","hard","Kolmogorov-Smirnov Test for Uniform distribution","NOT_APPLICABLE","NOT_APPLICABLE","correct","head:\bNOT\s+APPLICABLE\b","['Anderson-Darling Test', 'Shapiro-Wilk Test of Normality', 'Kolmogorov-Smirnov Test for Normality']"
"37","Distribution Compliance Test","hard","Kolmogorov-Smirnov Test for Gamma distribution","NOT_APPLICABLE","NOT_APPLICABLE","correct","head:\bNOT\s+APPLICABLE\b","['Anderson-Darling Test', 'Shapiro-Wilk Test of Normality', 'Kolmogorov-Smirnov Test for Normality']"
"37","Distribution Compliance Test","hard","Kolmogorov-Smirnov Test for Exponential distribution","NOT_APPLICABLE","NOT_APPLICABLE","correct","head:\bNOT\s+APPLICABLE\b","['Anderson-Darling Test', 'Shapiro-Wilk Test of Normality', 'Kolmogorov-Smirnov Test for Normality']"
"37","Distribution Compliance Test","hard","Chi-square Independence Test","NOT_APPLICABLE","NOT_APPLICABLE","correct","head:\bNOT\s+APPLICABLE\b","['Anderson-Darling Test', 'Shapiro-Wilk Test of Normality', 'Kolmogorov-Smirnov Test for Normality']"
"37","Distribution Compliance Test","hard","Fisher Exact Test","NOT_APPLICABLE","NOT_APPLICABLE","correct","head:\bNOT\s+APPLICABLE\b","['Anderson-Darling Test', 'Shapiro-Wilk Test of Normality', 'Kolmogorov-Smirnov Test for Normality']"
"37","Distribution Compliance Test","hard","Mantel-Haenszel Test","NOT_APPLICABLE","NOT_APPLICABLE","correct","head:\bNOT\s+APPLICABLE\b","['Anderson-Darling Test', 'Shapiro-Wilk Test of Normality', 'Kolmogorov-Smirnov Test for Normality']"
"37","Distribution Compliance Test","hard","Mean","NOT_APPLICABLE","NOT_APPLICABLE","correct","head:\bNOT\s+APPLICABLE\b","['Anderson-Darling Test', 'Shapiro-Wilk Test of Normality', 'Kolmogorov-Smirnov Test for Normality']"
"37","Distribution Compliance Test","hard","Median","APPLICABLE","NOT_APPLICABLE","wrong","head:\bAPPLICABLE\b","['Anderson-Darling Test', 'Shapiro-Wilk Test of Normality', 'Kolmogorov-Smirnov Test for Normality']"
"37","Distribution Compliance Test","hard","Mode","APPLICABLE","NOT_APPLICABLE","wrong","head:\bAPPLICABLE\b","['Anderson-Darling Test', 'Shapiro-Wilk Test of Normality', 'Kolmogorov-Smirnov Test for Normality']"
"37","Distribution Compliance Test","hard","Range","NOT_APPLICABLE","NOT_APPLICABLE","correct","head:\bNOT\s+APPLICABLE\b","['Anderson-Darling Test', 'Shapiro-Wilk Test of Normality', 'Kolmogorov-Smirnov Test for Normality']"
"37","Distribution Compliance Test","hard","Quartile","APPLICABLE","NOT_APPLICABLE","wrong","head:\bAPPLICABLE\b","['Anderson-Darling Test', 'Shapiro-Wilk Test of Normality', 'Kolmogorov-Smirnov Test for Normality']"
"37","Distribution Compliance Test","hard","Standard Deviation","NOT_APPLICABLE","NOT_APPLICABLE","correct","head:\bNOT\s+APPLICABLE\b","['Anderson-Darling Test', 'Shapiro-Wilk Test of Normality', 'Kolmogorov-Smirnov Test for Normality']"
"37","Distribution Compliance Test","hard","Skewness","APPLICABLE","NOT_APPLICABLE","wrong","head:\bAPPLICABLE\b","['Anderson-Darling Test', 'Shapiro-Wilk Test of Normality', 'Kolmogorov-Smirnov Test for Normality']"
"37","Distribution Compliance Test","hard","Kurtosis","APPLICABLE","NOT_APPLICABLE","wrong","head:\bAPPLICABLE\b","['Anderson-Darling Test', 'Shapiro-Wilk Test of Normality', 'Kolmogorov-Smirnov Test for Normality']"
"37","Distribution Compliance Test","hard","Mood Variance Test","NOT_APPLICABLE","NOT_APPLICABLE","correct","head:\bNOT\s+APPLICABLE\b","['Anderson-Darling Test', 'Shapiro-Wilk Test of Normality', 'Kolmogorov-Smirnov Test for Normality']"
"37","Distribution Compliance Test","hard","Levene Test","NOT_APPLICABLE","NOT_APPLICABLE","correct","head:\bNOT\s+APPLICABLE\b","['Anderson-Darling Test', 'Shapiro-Wilk Test of Normality', 'Kolmogorov-Smirnov Test for Normality']"
"37","Distribution Compliance Test","hard","Bartlett Test","NOT_APPLICABLE","NOT_APPLICABLE","correct","head:\bNOT\s+APPLICABLE\b","['Anderson-Darling Test', 'Shapiro-Wilk Test of Normality', 'Kolmogorov-Smirnov Test for Normality']"
"37","Distribution Compliance Test","hard","F-Test for Variance","NOT_APPLICABLE","NOT_APPLICABLE","correct","head:\bNOT\s+APPLICABLE\b","['Anderson-Darling Test', 'Shapiro-Wilk Test of Normality', 'Kolmogorov-Smirnov Test for Normality']"
"38","Distribution Compliance Test","hard","Pearson Correlation Coefficient","NOT_APPLICABLE","NOT_APPLICABLE","correct","head:\bNOT\s+APPLICABLE\b","['Anderson-Darling Test', 'Kolmogorov-Smirnov Test for Normality', 'Lilliefors Test']"
"38","Distribution Compliance Test","hard","Spearman Correlation Coefficient","APPLICABLE","NOT_APPLICABLE","wrong","head:\bAPPLICABLE\b","['Anderson-Darling Test', 'Kolmogorov-Smirnov Test for Normality', 'Lilliefors Test']"
"38","Distribution Compliance Test","hard","Kendall Correlation Coefficient","APPLICABLE","NOT_APPLICABLE","wrong","head:\bAPPLICABLE\b","['Anderson-Darling Test', 'Kolmogorov-Smirnov Test for Normality', 'Lilliefors Test']"
"38","Distribution Compliance Test","hard","Partial Correlation Coefficient","NOT_APPLICABLE","NOT_APPLICABLE","correct","head:\bNOT\s+APPLICABLE\b","['Anderson-Darling Test', 'Kolmogorov-Smirnov Test for Normality', 'Lilliefors Test']"
"38","Distribution Compliance Test","hard","Anderson-Darling Test","APPLICABLE","APPLICABLE","correct","head:\bAPPLICABLE\b","['Anderson-Darling Test', 'Kolmogorov-Smirnov Test for Normality', 'Lilliefors Test']"
"38","Distribution Compliance Test","hard","Shapiro-Wilk Test of Normality","APPLICABLE","NOT_APPLICABLE","wrong","head:\bAPPLICABLE\b","['Anderson-Darling Test', 'Kolmogorov-Smirnov Test for Normality', 'Lilliefors Test']"
"38","Distribution Compliance Test","hard","Kolmogorov-Smirnov Test for Normality","APPLICABLE","APPLICABLE","correct","head:\bAPPLICABLE\b","['Anderson-Darling Test', 'Kolmogorov-Smirnov Test for Normality', 'Lilliefors Test']"
"38","Distribution Compliance Test","hard","Lilliefors Test","APPLICABLE","APPLICABLE","correct","head:\bAPPLICABLE\b","['Anderson-Darling Test', 'Kolmogorov-Smirnov Test for Normality', 'Lilliefors Test']"
"38","Distribution Compliance Test","hard","Kolmogorov-Smirnov Test","APPLICABLE","NOT_APPLICABLE","wrong","head:\bAPPLICABLE\b","['Anderson-Darling Test', 'Kolmogorov-Smirnov Test for Normality', 'Lilliefors Test']"
"38","Distribution Compliance Test","hard","Kolmogorov-Smirnov Test for Uniform distribution","NOT_APPLICABLE","NOT_APPLICABLE","correct","head:\bNOT\s+APPLICABLE\b","['Anderson-Darling Test', 'Kolmogorov-Smirnov Test for Normality', 'Lilliefors Test']"
"38","Distribution Compliance Test","hard","Kolmogorov-Smirnov Test for Gamma distribution","NOT_APPLICABLE","NOT_APPLICABLE","correct","head:\bNOT\s+APPLICABLE\b","['Anderson-Darling Test', 'Kolmogorov-Smirnov Test for Normality', 'Lilliefors Test']"
"38","Distribution Compliance Test","hard","Kolmogorov-Smirnov Test for Exponential distribution","NOT_APPLICABLE","NOT_APPLICABLE","correct","head:\bNOT\s+APPLICABLE\b","['Anderson-Darling Test', 'Kolmogorov-Smirnov Test for Normality', 'Lilliefors Test']"
"38","Distribution Compliance Test","hard","Chi-square Independence Test","NOT_APPLICABLE","NOT_APPLICABLE","correct","head:\bNOT\s+APPLICABLE\b","['Anderson-Darling Test', 'Kolmogorov-Smirnov Test for Normality', 'Lilliefors Test']"
"38","Distribution Compliance Test","hard","Fisher Exact Test","NOT_APPLICABLE","NOT_APPLICABLE","correct","head:\bNOT\s+APPLICABLE\b","['Anderson-Darling Test', 'Kolmogorov-Smirnov Test for Normality', 'Lilliefors Test']"
"38","Distribution Compliance Test","hard","Mantel-Haenszel Test","NOT_APPLICABLE","NOT_APPLICABLE","correct","head:\bNOT\s+APPLICABLE\b","['Anderson-Darling Test', 'Kolmogorov-Smirnov Test for Normality', 'Lilliefors Test']"
"38","Distribution Compliance Test","hard","Mean","NOT_APPLICABLE","NOT_APPLICABLE","correct","head:\bNOT\s+APPLICABLE\b","['Anderson-Darling Test', 'Kolmogorov-Smirnov Test for Normality', 'Lilliefors Test']"
"38","Distribution Compliance Test","hard","Median","APPLICABLE","NOT_APPLICABLE","wrong","head:\bAPPLICABLE\b","['Anderson-Darling Test', 'Kolmogorov-Smirnov Test for Normality', 'Lilliefors Test']"
"38","Distribution Compliance Test","hard","Mode","NOT_APPLICABLE","NOT_APPLICABLE","correct","head:\bNOT\s+APPLICABLE\b","['Anderson-Darling Test', 'Kolmogorov-Smirnov Test for Normality', 'Lilliefors Test']"
"38","Distribution Compliance Test","hard","Range","NOT_APPLICABLE","NOT_APPLICABLE","correct","head:\bNOT\s+APPLICABLE\b","['Anderson-Darling Test', 'Kolmogorov-Smirnov Test for Normality', 'Lilliefors Test']"
"38","Distribution Compliance Test","hard","Quartile","APPLICABLE","NOT_APPLICABLE","wrong","head:\bAPPLICABLE\b","['Anderson-Darling Test', 'Kolmogorov-Smirnov Test for Normality', 'Lilliefors Test']"
"38","Distribution Compliance Test","hard","Standard Deviation","NOT_APPLICABLE","NOT_APPLICABLE","correct","head:\bNOT\s+APPLICABLE\b","['Anderson-Darling Test', 'Kolmogorov-Smirnov Test for Normality', 'Lilliefors Test']"
"38","Distribution Compliance Test","hard","Skewness","APPLICABLE","NOT_APPLICABLE","wrong","head:\bAPPLICABLE\b","['Anderson-Darling Test', 'Kolmogorov-Smirnov Test for Normality', 'Lilliefors Test']"
"38","Distribution Compliance Test","hard","Kurtosis","APPLICABLE","NOT_APPLICABLE","wrong","head:\bAPPLICABLE\b","['Anderson-Darling Test', 'Kolmogorov-Smirnov Test for Normality', 'Lilliefors Test']"
"38","Distribution Compliance Test","hard","Mood Variance Test","NOT_APPLICABLE","NOT_APPLICABLE","correct","head:\bNOT\s+APPLICABLE\b","['Anderson-Darling Test', 'Kolmogorov-Smirnov Test for Normality', 'Lilliefors Test']"
"38","Distribution Compliance Test","hard","Levene Test","NOT_APPLICABLE","NOT_APPLICABLE","correct","head:\bNOT\s+APPLICABLE\b","['Anderson-Darling Test', 'Kolmogorov-Smirnov Test for Normality', 'Lilliefors Test']"
"38","Distribution Compliance Test","hard","Bartlett Test","NOT_APPLICABLE","NOT_APPLICABLE","correct","head:\bNOT\s+APPLICABLE\b","['Anderson-Darling Test', 'Kolmogorov-Smirnov Test for Normality', 'Lilliefors Test']"
"38","Distribution Compliance Test","hard","F-Test for Variance","NOT_APPLICABLE","NOT_APPLICABLE","correct","head:\bNOT\s+APPLICABLE\b","['Anderson-Darling Test', 'Kolmogorov-Smirnov Test for Normality', 'Lilliefors Test']"
"39","Distribution Compliance Test","hard","Pearson Correlation Coefficient","NOT_APPLICABLE","NOT_APPLICABLE","correct","head:\bNOT\s+APPLICABLE\b","['Anderson-Darling Test', 'Kolmogorov-Smirnov Test for Normality', 'Lilliefors Test']"
"39","Distribution Compliance Test","hard","Spearman Correlation Coefficient","NOT_APPLICABLE","NOT_APPLICABLE","correct","head:\bNOT\s+APPLICABLE\b","['Anderson-Darling Test', 'Kolmogorov-Smirnov Test for Normality', 'Lilliefors Test']"
"39","Distribution Compliance Test","hard","Kendall Correlation Coefficient","NOT_APPLICABLE","NOT_APPLICABLE","correct","head:\bNOT\s+APPLICABLE\b","['Anderson-Darling Test', 'Kolmogorov-Smirnov Test for Normality', 'Lilliefors Test']"
"39","Distribution Compliance Test","hard","Partial Correlation Coefficient","NOT_APPLICABLE","NOT_APPLICABLE","correct","head:\bNOT\s+APPLICABLE\b","['Anderson-Darling Test', 'Kolmogorov-Smirnov Test for Normality', 'Lilliefors Test']"
"39","Distribution Compliance Test","hard","Anderson-Darling Test","APPLICABLE","APPLICABLE","correct","head:\bAPPLICABLE\b","['Anderson-Darling Test', 'Kolmogorov-Smirnov Test for Normality', 'Lilliefors Test']"
"39","Distribution Compliance Test","hard","Shapiro-Wilk Test of Normality","APPLICABLE","NOT_APPLICABLE","wrong","head:\bAPPLICABLE\b","['Anderson-Darling Test', 'Kolmogorov-Smirnov Test for Normality', 'Lilliefors Test']"
"39","Distribution Compliance Test","hard","Kolmogorov-Smirnov Test for Normality","NOT_APPLICABLE","APPLICABLE","wrong","head:\bNOT\s+APPLICABLE\b","['Anderson-Darling Test', 'Kolmogorov-Smirnov Test for Normality', 'Lilliefors Test']"
"39","Distribution Compliance Test","hard","Lilliefors Test","APPLICABLE","APPLICABLE","correct","head:\bAPPLICABLE\b","['Anderson-Darling Test', 'Kolmogorov-Smirnov Test for Normality', 'Lilliefors Test']"
"39","Distribution Compliance Test","hard","Kolmogorov-Smirnov Test","APPLICABLE","NOT_APPLICABLE","wrong","head:\bAPPLICABLE\b","['Anderson-Darling Test', 'Kolmogorov-Smirnov Test for Normality', 'Lilliefors Test']"
"39","Distribution Compliance Test","hard","Kolmogorov-Smirnov Test for Uniform distribution","NOT_APPLICABLE","NOT_APPLICABLE","correct","head:\bNOT\s+APPLICABLE\b","['Anderson-Darling Test', 'Kolmogorov-Smirnov Test for Normality', 'Lilliefors Test']"
"39","Distribution Compliance Test","hard","Kolmogorov-Smirnov Test for Gamma distribution","NOT_APPLICABLE","NOT_APPLICABLE","correct","head:\bNOT\s+APPLICABLE\b","['Anderson-Darling Test', 'Kolmogorov-Smirnov Test for Normality', 'Lilliefors Test']"
"39","Distribution Compliance Test","hard","Kolmogorov-Smirnov Test for Exponential distribution","NOT_APPLICABLE","NOT_APPLICABLE","correct","head:\bNOT\s+APPLICABLE\b","['Anderson-Darling Test', 'Kolmogorov-Smirnov Test for Normality', 'Lilliefors Test']"
"39","Distribution Compliance Test","hard","Chi-square Independence Test","NOT_APPLICABLE","NOT_APPLICABLE","correct","head:\bNOT\s+APPLICABLE\b","['Anderson-Darling Test', 'Kolmogorov-Smirnov Test for Normality', 'Lilliefors Test']"
"39","Distribution Compliance Test","hard","Fisher Exact Test","NOT_APPLICABLE","NOT_APPLICABLE","correct","head:\bNOT\s+APPLICABLE\b","['Anderson-Darling Test', 'Kolmogorov-Smirnov Test for Normality', 'Lilliefors Test']"
"39","Distribution Compliance Test","hard","Mantel-Haenszel Test","NOT_APPLICABLE","NOT_APPLICABLE","correct","head:\bNOT\s+APPLICABLE\b","['Anderson-Darling Test', 'Kolmogorov-Smirnov Test for Normality', 'Lilliefors Test']"
"39","Distribution Compliance Test","hard","Mean","NOT_APPLICABLE","NOT_APPLICABLE","correct","head:\bNOT\s+APPLICABLE\b","['Anderson-Darling Test', 'Kolmogorov-Smirnov Test for Normality', 'Lilliefors Test']"
"39","Distribution Compliance Test","hard","Median","APPLICABLE","NOT_APPLICABLE","wrong","head:\bAPPLICABLE\b","['Anderson-Darling Test', 'Kolmogorov-Smirnov Test for Normality', 'Lilliefors Test']"
"39","Distribution Compliance Test","hard","Mode","NOT_APPLICABLE","NOT_APPLICABLE","correct","head:\bNOT\s+APPLICABLE\b","['Anderson-Darling Test', 'Kolmogorov-Smirnov Test for Normality', 'Lilliefors Test']"
"39","Distribution Compliance Test","hard","Range","NOT_APPLICABLE","NOT_APPLICABLE","correct","head:\bNOT\s+APPLICABLE\b","['Anderson-Darling Test', 'Kolmogorov-Smirnov Test for Normality', 'Lilliefors Test']"
"39","Distribution Compliance Test","hard","Quartile","NOT_APPLICABLE","NOT_APPLICABLE","correct","head:\bNOT\s+APPLICABLE\b","['Anderson-Darling Test', 'Kolmogorov-Smirnov Test for Normality', 'Lilliefors Test']"
"39","Distribution Compliance Test","hard","Standard Deviation","APPLICABLE","NOT_APPLICABLE","wrong","head:\bAPPLICABLE\b","['Anderson-Darling Test', 'Kolmogorov-Smirnov Test for Normality', 'Lilliefors Test']"
"39","Distribution Compliance Test","hard","Skewness","APPLICABLE","NOT_APPLICABLE","wrong","head:\bAPPLICABLE\b","['Anderson-Darling Test', 'Kolmogorov-Smirnov Test for Normality', 'Lilliefors Test']"
"39","Distribution Compliance Test","hard","Kurtosis","APPLICABLE","NOT_APPLICABLE","wrong","head:\bAPPLICABLE\b","['Anderson-Darling Test', 'Kolmogorov-Smirnov Test for Normality', 'Lilliefors Test']"
"39","Distribution Compliance Test","hard","Mood Variance Test","NOT_APPLICABLE","NOT_APPLICABLE","correct","head:\bNOT\s+APPLICABLE\b","['Anderson-Darling Test', 'Kolmogorov-Smirnov Test for Normality', 'Lilliefors Test']"
"39","Distribution Compliance Test","hard","Levene Test","NOT_APPLICABLE","NOT_APPLICABLE","correct","head:\bNOT\s+APPLICABLE\b","['Anderson-Darling Test', 'Kolmogorov-Smirnov Test for Normality', 'Lilliefors Test']"
"39","Distribution Compliance Test","hard","Bartlett Test","NOT_APPLICABLE","NOT_APPLICABLE","correct","head:\bNOT\s+APPLICABLE\b","['Anderson-Darling Test', 'Kolmogorov-Smirnov Test for Normality', 'Lilliefors Test']"
"39","Distribution Compliance Test","hard","F-Test for Variance","NOT_APPLICABLE","NOT_APPLICABLE","correct","head:\bNOT\s+APPLICABLE\b","['Anderson-Darling Test', 'Kolmogorov-Smirnov Test for Normality', 'Lilliefors Test']"
"40","Variance Test","easy","Pearson Correlation Coefficient","NOT_APPLICABLE","NOT_APPLICABLE","correct","head:\bNOT\s+APPLICABLE\b","['Mood Variance Test', 'Levene Test', 'Bartlett Test', 'F-Test for Variance']"
"40","Variance Test","easy","Spearman Correlation Coefficient","NOT_APPLICABLE","NOT_APPLICABLE","correct","head:\bNOT\s+APPLICABLE\b","['Mood Variance Test', 'Levene Test', 'Bartlett Test', 'F-Test for Variance']"
"40","Variance Test","easy","Kendall Correlation Coefficient","NOT_APPLICABLE","NOT_APPLICABLE","correct","head:\bNOT\s+APPLICABLE\b","['Mood Variance Test', 'Levene Test', 'Bartlett Test', 'F-Test for Variance']"
"40","Variance Test","easy","Partial Correlation Coefficient","NOT_APPLICABLE","NOT_APPLICABLE","correct","head:\bNOT\s+APPLICABLE\b","['Mood Variance Test', 'Levene Test', 'Bartlett Test', 'F-Test for Variance']"
"40","Variance Test","easy","Anderson-Darling Test","NOT_APPLICABLE","NOT_APPLICABLE","correct","head:\bNOT\s+APPLICABLE\b","['Mood Variance Test', 'Levene Test', 'Bartlett Test', 'F-Test for Variance']"
"40","Variance Test","easy","Shapiro-Wilk Test of Normality","NOT_APPLICABLE","NOT_APPLICABLE","correct","head:\bNOT\s+APPLICABLE\b","['Mood Variance Test', 'Levene Test', 'Bartlett Test', 'F-Test for Variance']"
"40","Variance Test","easy","Kolmogorov-Smirnov Test for Normality","NOT_APPLICABLE","NOT_APPLICABLE","correct","head:\bNOT\s+APPLICABLE\b","['Mood Variance Test', 'Levene Test', 'Bartlett Test', 'F-Test for Variance']"
"40","Variance Test","easy","Lilliefors Test","NOT_APPLICABLE","NOT_APPLICABLE","correct","head:\bNOT\s+APPLICABLE\b","['Mood Variance Test', 'Levene Test', 'Bartlett Test', 'F-Test for Variance']"
"40","Variance Test","easy","Kolmogorov-Smirnov Test","NOT_APPLICABLE","NOT_APPLICABLE","correct","head:\bNOT\s+APPLICABLE\b","['Mood Variance Test', 'Levene Test', 'Bartlett Test', 'F-Test for Variance']"
"40","Variance Test","easy","Kolmogorov-Smirnov Test for Uniform distribution","NOT_APPLICABLE","NOT_APPLICABLE","correct","head:\bNOT\s+APPLICABLE\b","['Mood Variance Test', 'Levene Test', 'Bartlett Test', 'F-Test for Variance']"
"40","Variance Test","easy","Kolmogorov-Smirnov Test for Gamma distribution","NOT_APPLICABLE","NOT_APPLICABLE","correct","head:\bNOT\s+APPLICABLE\b","['Mood Variance Test', 'Levene Test', 'Bartlett Test', 'F-Test for Variance']"
"40","Variance Test","easy","Kolmogorov-Smirnov Test for Exponential distribution","NOT_APPLICABLE","NOT_APPLICABLE","correct","head:\bNOT\s+APPLICABLE\b","['Mood Variance Test', 'Levene Test', 'Bartlett Test', 'F-Test for Variance']"
"40","Variance Test","easy","Chi-square Independence Test","NOT_APPLICABLE","NOT_APPLICABLE","correct","head:\bNOT\s+APPLICABLE\b","['Mood Variance Test', 'Levene Test', 'Bartlett Test', 'F-Test for Variance']"
"40","Variance Test","easy","Fisher Exact Test","NOT_APPLICABLE","NOT_APPLICABLE","correct","head:\bNOT\s+APPLICABLE\b","['Mood Variance Test', 'Levene Test', 'Bartlett Test', 'F-Test for Variance']"
"40","Variance Test","easy","Mantel-Haenszel Test","NOT_APPLICABLE","NOT_APPLICABLE","correct","head:\bNOT\s+APPLICABLE\b","['Mood Variance Test', 'Levene Test', 'Bartlett Test', 'F-Test for Variance']"
"40","Variance Test","easy","Mean","NOT_APPLICABLE","NOT_APPLICABLE","correct","head:\bNOT\s+APPLICABLE\b","['Mood Variance Test', 'Levene Test', 'Bartlett Test', 'F-Test for Variance']"
"40","Variance Test","easy","Median","NOT_APPLICABLE","NOT_APPLICABLE","correct","head:\bNOT\s+APPLICABLE\b","['Mood Variance Test', 'Levene Test', 'Bartlett Test', 'F-Test for Variance']"
"40","Variance Test","easy","Mode","NOT_APPLICABLE","NOT_APPLICABLE","correct","head:\bNOT\s+APPLICABLE\b","['Mood Variance Test', 'Levene Test', 'Bartlett Test', 'F-Test for Variance']"
"40","Variance Test","easy","Range","NOT_APPLICABLE","NOT_APPLICABLE","correct","head:\bNOT\s+APPLICABLE\b","['Mood Variance Test', 'Levene Test', 'Bartlett Test', 'F-Test for Variance']"
"40","Variance Test","easy","Quartile","NOT_APPLICABLE","NOT_APPLICABLE","correct","head:\bNOT\s+APPLICABLE\b","['Mood Variance Test', 'Levene Test', 'Bartlett Test', 'F-Test for Variance']"
"40","Variance Test","easy","Standard Deviation","NOT_APPLICABLE","NOT_APPLICABLE","correct","head:\bNOT\s+APPLICABLE\b","['Mood Variance Test', 'Levene Test', 'Bartlett Test', 'F-Test for Variance']"
"40","Variance Test","easy","Skewness","NOT_APPLICABLE","NOT_APPLICABLE","correct","head:\bNOT\s+APPLICABLE\b","['Mood Variance Test', 'Levene Test', 'Bartlett Test', 'F-Test for Variance']"
"40","Variance Test","easy","Kurtosis","NOT_APPLICABLE","NOT_APPLICABLE","correct","head:\bNOT\s+APPLICABLE\b","['Mood Variance Test', 'Levene Test', 'Bartlett Test', 'F-Test for Variance']"
"40","Variance Test","easy","Mood Variance Test","NOT_APPLICABLE","APPLICABLE","wrong","head:\bNOT\s+APPLICABLE\b","['Mood Variance Test', 'Levene Test', 'Bartlett Test', 'F-Test for Variance']"
"40","Variance Test","easy","Levene Test","APPLICABLE","APPLICABLE","correct","head:\bAPPLICABLE\b","['Mood Variance Test', 'Levene Test', 'Bartlett Test', 'F-Test for Variance']"
"40","Variance Test","easy","Bartlett Test","NOT_APPLICABLE","APPLICABLE","wrong","head:\bNOT\s+APPLICABLE\b","['Mood Variance Test', 'Levene Test', 'Bartlett Test', 'F-Test for Variance']"
"40","Variance Test","easy","F-Test for Variance","NOT_APPLICABLE","APPLICABLE","wrong","head:\bNOT\s+APPLICABLE\b","['Mood Variance Test', 'Levene Test', 'Bartlett Test', 'F-Test for Variance']"
"41","Correlation Analysis","easy","Pearson Correlation Coefficient","NOT_APPLICABLE","APPLICABLE","wrong","head:\bNOT\s+APPLICABLE\b","['Pearson Correlation Coefficient', 'Spearman Correlation Coefficient', 'Kendall Correlation Coefficient']"
"41","Correlation Analysis","easy","Spearman Correlation Coefficient","APPLICABLE","APPLICABLE","correct","head:\bAPPLICABLE\b","['Pearson Correlation Coefficient', 'Spearman Correlation Coefficient', 'Kendall Correlation Coefficient']"
"41","Correlation Analysis","easy","Kendall Correlation Coefficient","NOT_APPLICABLE","APPLICABLE","wrong","head:\bNOT\s+APPLICABLE\b","['Pearson Correlation Coefficient', 'Spearman Correlation Coefficient', 'Kendall Correlation Coefficient']"
"41","Correlation Analysis","easy","Partial Correlation Coefficient","NOT_APPLICABLE","NOT_APPLICABLE","correct","head:\bNOT\s+APPLICABLE\b","['Pearson Correlation Coefficient', 'Spearman Correlation Coefficient', 'Kendall Correlation Coefficient']"
"41","Correlation Analysis","easy","Anderson-Darling Test","NOT_APPLICABLE","NOT_APPLICABLE","correct","head:\bNOT\s+APPLICABLE\b","['Pearson Correlation Coefficient', 'Spearman Correlation Coefficient', 'Kendall Correlation Coefficient']"
"41","Correlation Analysis","easy","Shapiro-Wilk Test of Normality","NOT_APPLICABLE","NOT_APPLICABLE","correct","head:\bNOT\s+APPLICABLE\b","['Pearson Correlation Coefficient', 'Spearman Correlation Coefficient', 'Kendall Correlation Coefficient']"
"41","Correlation Analysis","easy","Kolmogorov-Smirnov Test for Normality","NOT_APPLICABLE","NOT_APPLICABLE","correct","head:\bNOT\s+APPLICABLE\b","['Pearson Correlation Coefficient', 'Spearman Correlation Coefficient', 'Kendall Correlation Coefficient']"
"41","Correlation Analysis","easy","Lilliefors Test","NOT_APPLICABLE","NOT_APPLICABLE","correct","head:\bNOT\s+APPLICABLE\b","['Pearson Correlation Coefficient', 'Spearman Correlation Coefficient', 'Kendall Correlation Coefficient']"
"41","Correlation Analysis","easy","Kolmogorov-Smirnov Test","NOT_APPLICABLE","NOT_APPLICABLE","correct","head:\bNOT\s+APPLICABLE\b","['Pearson Correlation Coefficient', 'Spearman Correlation Coefficient', 'Kendall Correlation Coefficient']"
"41","Correlation Analysis","easy","Kolmogorov-Smirnov Test for Uniform distribution","NOT_APPLICABLE","NOT_APPLICABLE","correct","head:\bNOT\s+APPLICABLE\b","['Pearson Correlation Coefficient', 'Spearman Correlation Coefficient', 'Kendall Correlation Coefficient']"
"41","Correlation Analysis","easy","Kolmogorov-Smirnov Test for Gamma distribution","NOT_APPLICABLE","NOT_APPLICABLE","correct","head:\bNOT\s+APPLICABLE\b","['Pearson Correlation Coefficient', 'Spearman Correlation Coefficient', 'Kendall Correlation Coefficient']"
"41","Correlation Analysis","easy","Kolmogorov-Smirnov Test for Exponential distribution","NOT_APPLICABLE","NOT_APPLICABLE","correct","head:\bNOT\s+APPLICABLE\b","['Pearson Correlation Coefficient', 'Spearman Correlation Coefficient', 'Kendall Correlation Coefficient']"
"41","Correlation Analysis","easy","Chi-square Independence Test","NOT_APPLICABLE","NOT_APPLICABLE","correct","head:\bNOT\s+APPLICABLE\b","['Pearson Correlation Coefficient', 'Spearman Correlation Coefficient', 'Kendall Correlation Coefficient']"
"41","Correlation Analysis","easy","Fisher Exact Test","NOT_APPLICABLE","NOT_APPLICABLE","correct","head:\bNOT\s+APPLICABLE\b","['Pearson Correlation Coefficient', 'Spearman Correlation Coefficient', 'Kendall Correlation Coefficient']"
"41","Correlation Analysis","easy","Mantel-Haenszel Test","NOT_APPLICABLE","NOT_APPLICABLE","correct","head:\bNOT\s+APPLICABLE\b","['Pearson Correlation Coefficient', 'Spearman Correlation Coefficient', 'Kendall Correlation Coefficient']"
"41","Correlation Analysis","easy","Mean","NOT_APPLICABLE","NOT_APPLICABLE","correct","head:\bNOT\s+APPLICABLE\b","['Pearson Correlation Coefficient', 'Spearman Correlation Coefficient', 'Kendall Correlation Coefficient']"
"41","Correlation Analysis","easy","Median","NOT_APPLICABLE","NOT_APPLICABLE","correct","head:\bNOT\s+APPLICABLE\b","['Pearson Correlation Coefficient', 'Spearman Correlation Coefficient', 'Kendall Correlation Coefficient']"
"41","Correlation Analysis","easy","Mode","NOT_APPLICABLE","NOT_APPLICABLE","correct","head:\bNOT\s+APPLICABLE\b","['Pearson Correlation Coefficient', 'Spearman Correlation Coefficient', 'Kendall Correlation Coefficient']"
"41","Correlation Analysis","easy","Range","NOT_APPLICABLE","NOT_APPLICABLE","correct","head:\bNOT\s+APPLICABLE\b","['Pearson Correlation Coefficient', 'Spearman Correlation Coefficient', 'Kendall Correlation Coefficient']"
"41","Correlation Analysis","easy","Quartile","NOT_APPLICABLE","NOT_APPLICABLE","correct","head:\bNOT\s+APPLICABLE\b","['Pearson Correlation Coefficient', 'Spearman Correlation Coefficient', 'Kendall Correlation Coefficient']"
"41","Correlation Analysis","easy","Standard Deviation","NOT_APPLICABLE","NOT_APPLICABLE","correct","head:\bNOT\s+APPLICABLE\b","['Pearson Correlation Coefficient', 'Spearman Correlation Coefficient', 'Kendall Correlation Coefficient']"
"41","Correlation Analysis","easy","Skewness","APPLICABLE","NOT_APPLICABLE","wrong","head:\bAPPLICABLE\b","['Pearson Correlation Coefficient', 'Spearman Correlation Coefficient', 'Kendall Correlation Coefficient']"
"41","Correlation Analysis","easy","Kurtosis","NOT_APPLICABLE","NOT_APPLICABLE","correct","head:\bNOT\s+APPLICABLE\b","['Pearson Correlation Coefficient', 'Spearman Correlation Coefficient', 'Kendall Correlation Coefficient']"
"41","Correlation Analysis","easy","Mood Variance Test","NOT_APPLICABLE","NOT_APPLICABLE","correct","head:\bNOT\s+APPLICABLE\b","['Pearson Correlation Coefficient', 'Spearman Correlation Coefficient', 'Kendall Correlation Coefficient']"
"41","Correlation Analysis","easy","Levene Test","NOT_APPLICABLE","NOT_APPLICABLE","correct","head:\bNOT\s+APPLICABLE\b","['Pearson Correlation Coefficient', 'Spearman Correlation Coefficient', 'Kendall Correlation Coefficient']"
"41","Correlation Analysis","easy","Bartlett Test","NOT_APPLICABLE","NOT_APPLICABLE","correct","head:\bNOT\s+APPLICABLE\b","['Pearson Correlation Coefficient', 'Spearman Correlation Coefficient', 'Kendall Correlation Coefficient']"
"41","Correlation Analysis","easy","F-Test for Variance","NOT_APPLICABLE","NOT_APPLICABLE","correct","head:\bNOT\s+APPLICABLE\b","['Pearson Correlation Coefficient', 'Spearman Correlation Coefficient', 'Kendall Correlation Coefficient']"
"42","Distribution Compliance Test","hard","Pearson Correlation Coefficient","NOT_APPLICABLE","NOT_APPLICABLE","correct","head:\bNOT\s+APPLICABLE\b","['Anderson-Darling Test', 'Shapiro-Wilk Test of Normality', 'Kolmogorov-Smirnov Test for Normality']"
"42","Distribution Compliance Test","hard","Spearman Correlation Coefficient","NOT_APPLICABLE","NOT_APPLICABLE","correct","head:\bNOT\s+APPLICABLE\b","['Anderson-Darling Test', 'Shapiro-Wilk Test of Normality', 'Kolmogorov-Smirnov Test for Normality']"
"42","Distribution Compliance Test","hard","Kendall Correlation Coefficient","NOT_APPLICABLE","NOT_APPLICABLE","correct","head:\bNOT\s+APPLICABLE\b","['Anderson-Darling Test', 'Shapiro-Wilk Test of Normality', 'Kolmogorov-Smirnov Test for Normality']"
"42","Distribution Compliance Test","hard","Partial Correlation Coefficient","NOT_APPLICABLE","NOT_APPLICABLE","correct","head:\bNOT\s+APPLICABLE\b","['Anderson-Darling Test', 'Shapiro-Wilk Test of Normality', 'Kolmogorov-Smirnov Test for Normality']"
"42","Distribution Compliance Test","hard","Anderson-Darling Test","APPLICABLE","APPLICABLE","correct","head:\bAPPLICABLE\b","['Anderson-Darling Test', 'Shapiro-Wilk Test of Normality', 'Kolmogorov-Smirnov Test for Normality']"
"42","Distribution Compliance Test","hard","Shapiro-Wilk Test of Normality","APPLICABLE","APPLICABLE","correct","head:\bAPPLICABLE\b","['Anderson-Darling Test', 'Shapiro-Wilk Test of Normality', 'Kolmogorov-Smirnov Test for Normality']"
"42","Distribution Compliance Test","hard","Kolmogorov-Smirnov Test for Normality","APPLICABLE","APPLICABLE","correct","head:\bAPPLICABLE\b","['Anderson-Darling Test', 'Shapiro-Wilk Test of Normality', 'Kolmogorov-Smirnov Test for Normality']"
"42","Distribution Compliance Test","hard","Lilliefors Test","APPLICABLE","NOT_APPLICABLE","wrong","head:\bAPPLICABLE\b","['Anderson-Darling Test', 'Shapiro-Wilk Test of Normality', 'Kolmogorov-Smirnov Test for Normality']"
"42","Distribution Compliance Test","hard","Kolmogorov-Smirnov Test","APPLICABLE","NOT_APPLICABLE","wrong","head:\bAPPLICABLE\b","['Anderson-Darling Test', 'Shapiro-Wilk Test of Normality', 'Kolmogorov-Smirnov Test for Normality']"
"42","Distribution Compliance Test","hard","Kolmogorov-Smirnov Test for Uniform distribution","NOT_APPLICABLE","NOT_APPLICABLE","correct","head:\bNOT\s+APPLICABLE\b","['Anderson-Darling Test', 'Shapiro-Wilk Test of Normality', 'Kolmogorov-Smirnov Test for Normality']"
"42","Distribution Compliance Test","hard","Kolmogorov-Smirnov Test for Gamma distribution","NOT_APPLICABLE","NOT_APPLICABLE","correct","head:\bNOT\s+APPLICABLE\b","['Anderson-Darling Test', 'Shapiro-Wilk Test of Normality', 'Kolmogorov-Smirnov Test for Normality']"
"42","Distribution Compliance Test","hard","Kolmogorov-Smirnov Test for Exponential distribution","NOT_APPLICABLE","NOT_APPLICABLE","correct","head:\bNOT\s+APPLICABLE\b","['Anderson-Darling Test', 'Shapiro-Wilk Test of Normality', 'Kolmogorov-Smirnov Test for Normality']"
"42","Distribution Compliance Test","hard","Chi-square Independence Test","NOT_APPLICABLE","NOT_APPLICABLE","correct","head:\bNOT\s+APPLICABLE\b","['Anderson-Darling Test', 'Shapiro-Wilk Test of Normality', 'Kolmogorov-Smirnov Test for Normality']"
"42","Distribution Compliance Test","hard","Fisher Exact Test","NOT_APPLICABLE","NOT_APPLICABLE","correct","head:\bNOT\s+APPLICABLE\b","['Anderson-Darling Test', 'Shapiro-Wilk Test of Normality', 'Kolmogorov-Smirnov Test for Normality']"
"42","Distribution Compliance Test","hard","Mantel-Haenszel Test","NOT_APPLICABLE","NOT_APPLICABLE","correct","head:\bNOT\s+APPLICABLE\b","['Anderson-Darling Test', 'Shapiro-Wilk Test of Normality', 'Kolmogorov-Smirnov Test for Normality']"
"42","Distribution Compliance Test","hard","Mean","NOT_APPLICABLE","NOT_APPLICABLE","correct","head:\bNOT\s+APPLICABLE\b","['Anderson-Darling Test', 'Shapiro-Wilk Test of Normality', 'Kolmogorov-Smirnov Test for Normality']"
"42","Distribution Compliance Test","hard","Median","APPLICABLE","NOT_APPLICABLE","wrong","head:\bAPPLICABLE\b","['Anderson-Darling Test', 'Shapiro-Wilk Test of Normality', 'Kolmogorov-Smirnov Test for Normality']"
"42","Distribution Compliance Test","hard","Mode","NOT_APPLICABLE","NOT_APPLICABLE","correct","head:\bNOT\s+APPLICABLE\b","['Anderson-Darling Test', 'Shapiro-Wilk Test of Normality', 'Kolmogorov-Smirnov Test for Normality']"
"42","Distribution Compliance Test","hard","Range","NOT_APPLICABLE","NOT_APPLICABLE","correct","head:\bNOT\s+APPLICABLE\b","['Anderson-Darling Test', 'Shapiro-Wilk Test of Normality', 'Kolmogorov-Smirnov Test for Normality']"
"42","Distribution Compliance Test","hard","Quartile","NOT_APPLICABLE","NOT_APPLICABLE","correct","head:\bNOT\s+APPLICABLE\b","['Anderson-Darling Test', 'Shapiro-Wilk Test of Normality', 'Kolmogorov-Smirnov Test for Normality']"
"42","Distribution Compliance Test","hard","Standard Deviation","NOT_APPLICABLE","NOT_APPLICABLE","correct","head:\bNOT\s+APPLICABLE\b","['Anderson-Darling Test', 'Shapiro-Wilk Test of Normality', 'Kolmogorov-Smirnov Test for Normality']"
"42","Distribution Compliance Test","hard","Skewness","APPLICABLE","NOT_APPLICABLE","wrong","head:\bAPPLICABLE\b","['Anderson-Darling Test', 'Shapiro-Wilk Test of Normality', 'Kolmogorov-Smirnov Test for Normality']"
"42","Distribution Compliance Test","hard","Kurtosis","APPLICABLE","NOT_APPLICABLE","wrong","head:\bAPPLICABLE\b","['Anderson-Darling Test', 'Shapiro-Wilk Test of Normality', 'Kolmogorov-Smirnov Test for Normality']"
"42","Distribution Compliance Test","hard","Mood Variance Test","NOT_APPLICABLE","NOT_APPLICABLE","correct","head:\bNOT\s+APPLICABLE\b","['Anderson-Darling Test', 'Shapiro-Wilk Test of Normality', 'Kolmogorov-Smirnov Test for Normality']"
"42","Distribution Compliance Test","hard","Levene Test","NOT_APPLICABLE","NOT_APPLICABLE","correct","head:\bNOT\s+APPLICABLE\b","['Anderson-Darling Test', 'Shapiro-Wilk Test of Normality', 'Kolmogorov-Smirnov Test for Normality']"
"42","Distribution Compliance Test","hard","Bartlett Test","NOT_APPLICABLE","NOT_APPLICABLE","correct","head:\bNOT\s+APPLICABLE\b","['Anderson-Darling Test', 'Shapiro-Wilk Test of Normality', 'Kolmogorov-Smirnov Test for Normality']"
"42","Distribution Compliance Test","hard","F-Test for Variance","NOT_APPLICABLE","NOT_APPLICABLE","correct","head:\bNOT\s+APPLICABLE\b","['Anderson-Darling Test', 'Shapiro-Wilk Test of Normality', 'Kolmogorov-Smirnov Test for Normality']"
"43","Variance Test","hard","Pearson Correlation Coefficient","NOT_APPLICABLE","NOT_APPLICABLE","correct","head:\bNOT\s+APPLICABLE\b","['Mood Variance Test', 'Levene Test']"
"43","Variance Test","hard","Spearman Correlation Coefficient","APPLICABLE","NOT_APPLICABLE","wrong","head:\bAPPLICABLE\b","['Mood Variance Test', 'Levene Test']"
"43","Variance Test","hard","Kendall Correlation Coefficient","NOT_APPLICABLE","NOT_APPLICABLE","correct","head:\bNOT\s+APPLICABLE\b","['Mood Variance Test', 'Levene Test']"
"43","Variance Test","hard","Partial Correlation Coefficient","NOT_APPLICABLE","NOT_APPLICABLE","correct","head:\bNOT\s+APPLICABLE\b","['Mood Variance Test', 'Levene Test']"
"43","Variance Test","hard","Anderson-Darling Test","NOT_APPLICABLE","NOT_APPLICABLE","correct","head:\bNOT\s+APPLICABLE\b","['Mood Variance Test', 'Levene Test']"
"43","Variance Test","hard","Shapiro-Wilk Test of Normality","NOT_APPLICABLE","NOT_APPLICABLE","correct","head:\bNOT\s+APPLICABLE\b","['Mood Variance Test', 'Levene Test']"
"43","Variance Test","hard","Kolmogorov-Smirnov Test for Normality","NOT_APPLICABLE","NOT_APPLICABLE","correct","head:\bNOT\s+APPLICABLE\b","['Mood Variance Test', 'Levene Test']"
"43","Variance Test","hard","Lilliefors Test","NOT_APPLICABLE","NOT_APPLICABLE","correct","head:\bNOT\s+APPLICABLE\b","['Mood Variance Test', 'Levene Test']"
"43","Variance Test","hard","Kolmogorov-Smirnov Test","NOT_APPLICABLE","NOT_APPLICABLE","correct","head:\bNOT\s+APPLICABLE\b","['Mood Variance Test', 'Levene Test']"
"43","Variance Test","hard","Kolmogorov-Smirnov Test for Uniform distribution","NOT_APPLICABLE","NOT_APPLICABLE","correct","head:\bNOT\s+APPLICABLE\b","['Mood Variance Test', 'Levene Test']"
"43","Variance Test","hard","Kolmogorov-Smirnov Test for Gamma distribution","NOT_APPLICABLE","NOT_APPLICABLE","correct","head:\bNOT\s+APPLICABLE\b","['Mood Variance Test', 'Levene Test']"
"43","Variance Test","hard","Kolmogorov-Smirnov Test for Exponential distribution","NOT_APPLICABLE","NOT_APPLICABLE","correct","head:\bNOT\s+APPLICABLE\b","['Mood Variance Test', 'Levene Test']"
"43","Variance Test","hard","Chi-square Independence Test","NOT_APPLICABLE","NOT_APPLICABLE","correct","head:\bNOT\s+APPLICABLE\b","['Mood Variance Test', 'Levene Test']"
"43","Variance Test","hard","Fisher Exact Test","NOT_APPLICABLE","NOT_APPLICABLE","correct","head:\bNOT\s+APPLICABLE\b","['Mood Variance Test', 'Levene Test']"
"43","Variance Test","hard","Mantel-Haenszel Test","NOT_APPLICABLE","NOT_APPLICABLE","correct","head:\bNOT\s+APPLICABLE\b","['Mood Variance Test', 'Levene Test']"
"43","Variance Test","hard","Mean","NOT_APPLICABLE","NOT_APPLICABLE","correct","head:\bNOT\s+APPLICABLE\b","['Mood Variance Test', 'Levene Test']"
"43","Variance Test","hard","Median","NOT_APPLICABLE","NOT_APPLICABLE","correct","head:\bNOT\s+APPLICABLE\b","['Mood Variance Test', 'Levene Test']"
"43","Variance Test","hard","Mode","NOT_APPLICABLE","NOT_APPLICABLE","correct","head:\bNOT\s+APPLICABLE\b","['Mood Variance Test', 'Levene Test']"
"43","Variance Test","hard","Range","NOT_APPLICABLE","NOT_APPLICABLE","correct","head:\bNOT\s+APPLICABLE\b","['Mood Variance Test', 'Levene Test']"
"43","Variance Test","hard","Quartile","NOT_APPLICABLE","NOT_APPLICABLE","correct","head:\bNOT\s+APPLICABLE\b","['Mood Variance Test', 'Levene Test']"
"43","Variance Test","hard","Standard Deviation","APPLICABLE","NOT_APPLICABLE","wrong","head:\bAPPLICABLE\b","['Mood Variance Test', 'Levene Test']"
"43","Variance Test","hard","Skewness","APPLICABLE","NOT_APPLICABLE","wrong","head:\bAPPLICABLE\b","['Mood Variance Test', 'Levene Test']"
"43","Variance Test","hard","Kurtosis","APPLICABLE","NOT_APPLICABLE","wrong","head:\bAPPLICABLE\b","['Mood Variance Test', 'Levene Test']"
"43","Variance Test","hard","Mood Variance Test","NOT_APPLICABLE","APPLICABLE","wrong","head:\bNOT\s+APPLICABLE\b","['Mood Variance Test', 'Levene Test']"
"43","Variance Test","hard","Levene Test","APPLICABLE","APPLICABLE","correct","head:\bAPPLICABLE\b","['Mood Variance Test', 'Levene Test']"
"43","Variance Test","hard","Bartlett Test","NOT_APPLICABLE","NOT_APPLICABLE","correct","head:\bNOT\s+APPLICABLE\b","['Mood Variance Test', 'Levene Test']"
"43","Variance Test","hard","F-Test for Variance","NOT_APPLICABLE","NOT_APPLICABLE","correct","head:\bNOT\s+APPLICABLE\b","['Mood Variance Test', 'Levene Test']"
"44","Contingency Table Test","hard","Pearson Correlation Coefficient","NOT_APPLICABLE","NOT_APPLICABLE","correct","head:\bNOT\s+APPLICABLE\b","['Chi-square Independence Test']"
"44","Contingency Table Test","hard","Spearman Correlation Coefficient","NOT_APPLICABLE","NOT_APPLICABLE","correct","head:\bNOT\s+APPLICABLE\b","['Chi-square Independence Test']"
"44","Contingency Table Test","hard","Kendall Correlation Coefficient","NOT_APPLICABLE","NOT_APPLICABLE","correct","head:\bNOT\s+APPLICABLE\b","['Chi-square Independence Test']"
"44","Contingency Table Test","hard","Partial Correlation Coefficient","NOT_APPLICABLE","NOT_APPLICABLE","correct","head:\bNOT\s+APPLICABLE\b","['Chi-square Independence Test']"
"44","Contingency Table Test","hard","Anderson-Darling Test","NOT_APPLICABLE","NOT_APPLICABLE","correct","head:\bNOT\s+APPLICABLE\b","['Chi-square Independence Test']"
"44","Contingency Table Test","hard","Shapiro-Wilk Test of Normality","NOT_APPLICABLE","NOT_APPLICABLE","correct","head:\bNOT\s+APPLICABLE\b","['Chi-square Independence Test']"
"44","Contingency Table Test","hard","Kolmogorov-Smirnov Test for Normality","NOT_APPLICABLE","NOT_APPLICABLE","correct","head:\bNOT\s+APPLICABLE\b","['Chi-square Independence Test']"
"44","Contingency Table Test","hard","Lilliefors Test","NOT_APPLICABLE","NOT_APPLICABLE","correct","head:\bNOT\s+APPLICABLE\b","['Chi-square Independence Test']"
"44","Contingency Table Test","hard","Kolmogorov-Smirnov Test","NOT_APPLICABLE","NOT_APPLICABLE","correct","head:\bNOT\s+APPLICABLE\b","['Chi-square Independence Test']"
"44","Contingency Table Test","hard","Kolmogorov-Smirnov Test for Uniform distribution","NOT_APPLICABLE","NOT_APPLICABLE","correct","head:\bNOT\s+APPLICABLE\b","['Chi-square Independence Test']"
"44","Contingency Table Test","hard","Kolmogorov-Smirnov Test for Gamma distribution","NOT_APPLICABLE","NOT_APPLICABLE","correct","head:\bNOT\s+APPLICABLE\b","['Chi-square Independence Test']"
"44","Contingency Table Test","hard","Kolmogorov-Smirnov Test for Exponential distribution","NOT_APPLICABLE","NOT_APPLICABLE","correct","head:\bNOT\s+APPLICABLE\b","['Chi-square Independence Test']"
"44","Contingency Table Test","hard","Chi-square Independence Test","APPLICABLE","APPLICABLE","correct","head:\bAPPLICABLE\b","['Chi-square Independence Test']"
"44","Contingency Table Test","hard","Fisher Exact Test","NOT_APPLICABLE","NOT_APPLICABLE","correct","head:\bNOT\s+APPLICABLE\b","['Chi-square Independence Test']"
"44","Contingency Table Test","hard","Mantel-Haenszel Test","NOT_APPLICABLE","NOT_APPLICABLE","correct","head:\bNOT\s+APPLICABLE\b","['Chi-square Independence Test']"
"44","Contingency Table Test","hard","Mean","NOT_APPLICABLE","NOT_APPLICABLE","correct","head:\bNOT\s+APPLICABLE\b","['Chi-square Independence Test']"
"44","Contingency Table Test","hard","Median","NOT_APPLICABLE","NOT_APPLICABLE","correct","head:\bNOT\s+APPLICABLE\b","['Chi-square Independence Test']"
"44","Contingency Table Test","hard","Mode","NOT_APPLICABLE","NOT_APPLICABLE","correct","head:\bNOT\s+APPLICABLE\b","['Chi-square Independence Test']"
"44","Contingency Table Test","hard","Range","NOT_APPLICABLE","NOT_APPLICABLE","correct","head:\bNOT\s+APPLICABLE\b","['Chi-square Independence Test']"
"44","Contingency Table Test","hard","Quartile","NOT_APPLICABLE","NOT_APPLICABLE","correct","head:\bNOT\s+APPLICABLE\b","['Chi-square Independence Test']"
"44","Contingency Table Test","hard","Standard Deviation","NOT_APPLICABLE","NOT_APPLICABLE","correct","head:\bNOT\s+APPLICABLE\b","['Chi-square Independence Test']"
"44","Contingency Table Test","hard","Skewness","NOT_APPLICABLE","NOT_APPLICABLE","correct","head:\bNOT\s+APPLICABLE\b","['Chi-square Independence Test']"
"44","Contingency Table Test","hard","Kurtosis","NOT_APPLICABLE","NOT_APPLICABLE","correct","head:\bNOT\s+APPLICABLE\b","['Chi-square Independence Test']"
"44","Contingency Table Test","hard","Mood Variance Test","NOT_APPLICABLE","NOT_APPLICABLE","correct","head:\bNOT\s+APPLICABLE\b","['Chi-square Independence Test']"
"44","Contingency Table Test","hard","Levene Test","NOT_APPLICABLE","NOT_APPLICABLE","correct","head:\bNOT\s+APPLICABLE\b","['Chi-square Independence Test']"
"44","Contingency Table Test","hard","Bartlett Test","NOT_APPLICABLE","NOT_APPLICABLE","correct","head:\bNOT\s+APPLICABLE\b","['Chi-square Independence Test']"
"44","Contingency Table Test","hard","F-Test for Variance","NOT_APPLICABLE","NOT_APPLICABLE","correct","head:\bNOT\s+APPLICABLE\b","['Chi-square Independence Test']"
"45","Variance Test","hard","Pearson Correlation Coefficient","NOT_APPLICABLE","NOT_APPLICABLE","correct","head:\bNOT\s+APPLICABLE\b","['Mood Variance Test', 'Levene Test']"
"45","Variance Test","hard","Spearman Correlation Coefficient","NOT_APPLICABLE","NOT_APPLICABLE","correct","head:\bNOT\s+APPLICABLE\b","['Mood Variance Test', 'Levene Test']"
"45","Variance Test","hard","Kendall Correlation Coefficient","NOT_APPLICABLE","NOT_APPLICABLE","correct","head:\bNOT\s+APPLICABLE\b","['Mood Variance Test', 'Levene Test']"
"45","Variance Test","hard","Partial Correlation Coefficient","NOT_APPLICABLE","NOT_APPLICABLE","correct","head:\bNOT\s+APPLICABLE\b","['Mood Variance Test', 'Levene Test']"
"45","Variance Test","hard","Anderson-Darling Test","NOT_APPLICABLE","NOT_APPLICABLE","correct","head:\bNOT\s+APPLICABLE\b","['Mood Variance Test', 'Levene Test']"
"45","Variance Test","hard","Shapiro-Wilk Test of Normality","NOT_APPLICABLE","NOT_APPLICABLE","correct","head:\bNOT\s+APPLICABLE\b","['Mood Variance Test', 'Levene Test']"
"45","Variance Test","hard","Kolmogorov-Smirnov Test for Normality","NOT_APPLICABLE","NOT_APPLICABLE","correct","head:\bNOT\s+APPLICABLE\b","['Mood Variance Test', 'Levene Test']"
"45","Variance Test","hard","Lilliefors Test","NOT_APPLICABLE","NOT_APPLICABLE","correct","head:\bNOT\s+APPLICABLE\b","['Mood Variance Test', 'Levene Test']"
"45","Variance Test","hard","Kolmogorov-Smirnov Test","NOT_APPLICABLE","NOT_APPLICABLE","correct","head:\bNOT\s+APPLICABLE\b","['Mood Variance Test', 'Levene Test']"
"45","Variance Test","hard","Kolmogorov-Smirnov Test for Uniform distribution","NOT_APPLICABLE","NOT_APPLICABLE","correct","head:\bNOT\s+APPLICABLE\b","['Mood Variance Test', 'Levene Test']"
"45","Variance Test","hard","Kolmogorov-Smirnov Test for Gamma distribution","NOT_APPLICABLE","NOT_APPLICABLE","correct","head:\bNOT\s+APPLICABLE\b","['Mood Variance Test', 'Levene Test']"
"45","Variance Test","hard","Kolmogorov-Smirnov Test for Exponential distribution","NOT_APPLICABLE","NOT_APPLICABLE","correct","head:\bNOT\s+APPLICABLE\b","['Mood Variance Test', 'Levene Test']"
"45","Variance Test","hard","Chi-square Independence Test","NOT_APPLICABLE","NOT_APPLICABLE","correct","head:\bNOT\s+APPLICABLE\b","['Mood Variance Test', 'Levene Test']"
"45","Variance Test","hard","Fisher Exact Test","NOT_APPLICABLE","NOT_APPLICABLE","correct","head:\bNOT\s+APPLICABLE\b","['Mood Variance Test', 'Levene Test']"
"45","Variance Test","hard","Mantel-Haenszel Test","NOT_APPLICABLE","NOT_APPLICABLE","correct","head:\bNOT\s+APPLICABLE\b","['Mood Variance Test', 'Levene Test']"
"45","Variance Test","hard","Mean","NOT_APPLICABLE","NOT_APPLICABLE","correct","head:\bNOT\s+APPLICABLE\b","['Mood Variance Test', 'Levene Test']"
"45","Variance Test","hard","Median","NOT_APPLICABLE","NOT_APPLICABLE","correct","head:\bNOT\s+APPLICABLE\b","['Mood Variance Test', 'Levene Test']"
"45","Variance Test","hard","Mode","NOT_APPLICABLE","NOT_APPLICABLE","correct","head:\bNOT\s+APPLICABLE\b","['Mood Variance Test', 'Levene Test']"
"45","Variance Test","hard","Range","NOT_APPLICABLE","NOT_APPLICABLE","correct","head:\bNOT\s+APPLICABLE\b","['Mood Variance Test', 'Levene Test']"
"45","Variance Test","hard","Quartile","NOT_APPLICABLE","NOT_APPLICABLE","correct","head:\bNOT\s+APPLICABLE\b","['Mood Variance Test', 'Levene Test']"
"45","Variance Test","hard","Standard Deviation","APPLICABLE","NOT_APPLICABLE","wrong","head:\bAPPLICABLE\b","['Mood Variance Test', 'Levene Test']"
"45","Variance Test","hard","Skewness","APPLICABLE","NOT_APPLICABLE","wrong","head:\bAPPLICABLE\b","['Mood Variance Test', 'Levene Test']"
"45","Variance Test","hard","Kurtosis","NOT_APPLICABLE","NOT_APPLICABLE","correct","head:\bNOT\s+APPLICABLE\b","['Mood Variance Test', 'Levene Test']"
"45","Variance Test","hard","Mood Variance Test","APPLICABLE","APPLICABLE","correct","head:\bAPPLICABLE\b","['Mood Variance Test', 'Levene Test']"
"45","Variance Test","hard","Levene Test","APPLICABLE","APPLICABLE","correct","head:\bAPPLICABLE\b","['Mood Variance Test', 'Levene Test']"
"45","Variance Test","hard","Bartlett Test","NOT_APPLICABLE","NOT_APPLICABLE","correct","head:\bNOT\s+APPLICABLE\b","['Mood Variance Test', 'Levene Test']"
"45","Variance Test","hard","F-Test for Variance","NOT_APPLICABLE","NOT_APPLICABLE","correct","head:\bNOT\s+APPLICABLE\b","['Mood Variance Test', 'Levene Test']"
"46","Variance Test","hard","Pearson Correlation Coefficient","NOT_APPLICABLE","NOT_APPLICABLE","correct","head:\bNOT\s+APPLICABLE\b","['Mood Variance Test', 'Levene Test']"
"46","Variance Test","hard","Spearman Correlation Coefficient","NOT_APPLICABLE","NOT_APPLICABLE","correct","head:\bNOT\s+APPLICABLE\b","['Mood Variance Test', 'Levene Test']"
"46","Variance Test","hard","Kendall Correlation Coefficient","NOT_APPLICABLE","NOT_APPLICABLE","correct","head:\bNOT\s+APPLICABLE\b","['Mood Variance Test', 'Levene Test']"
"46","Variance Test","hard","Partial Correlation Coefficient","NOT_APPLICABLE","NOT_APPLICABLE","correct","head:\bNOT\s+APPLICABLE\b","['Mood Variance Test', 'Levene Test']"
"46","Variance Test","hard","Anderson-Darling Test","NOT_APPLICABLE","NOT_APPLICABLE","correct","head:\bNOT\s+APPLICABLE\b","['Mood Variance Test', 'Levene Test']"
"46","Variance Test","hard","Shapiro-Wilk Test of Normality","NOT_APPLICABLE","NOT_APPLICABLE","correct","head:\bNOT\s+APPLICABLE\b","['Mood Variance Test', 'Levene Test']"
"46","Variance Test","hard","Kolmogorov-Smirnov Test for Normality","NOT_APPLICABLE","NOT_APPLICABLE","correct","head:\bNOT\s+APPLICABLE\b","['Mood Variance Test', 'Levene Test']"
"46","Variance Test","hard","Lilliefors Test","NOT_APPLICABLE","NOT_APPLICABLE","correct","head:\bNOT\s+APPLICABLE\b","['Mood Variance Test', 'Levene Test']"
"46","Variance Test","hard","Kolmogorov-Smirnov Test","NOT_APPLICABLE","NOT_APPLICABLE","correct","head:\bNOT\s+APPLICABLE\b","['Mood Variance Test', 'Levene Test']"
"46","Variance Test","hard","Kolmogorov-Smirnov Test for Uniform distribution","NOT_APPLICABLE","NOT_APPLICABLE","correct","head:\bNOT\s+APPLICABLE\b","['Mood Variance Test', 'Levene Test']"
"46","Variance Test","hard","Kolmogorov-Smirnov Test for Gamma distribution","NOT_APPLICABLE","NOT_APPLICABLE","correct","head:\bNOT\s+APPLICABLE\b","['Mood Variance Test', 'Levene Test']"
"46","Variance Test","hard","Kolmogorov-Smirnov Test for Exponential distribution","NOT_APPLICABLE","NOT_APPLICABLE","correct","head:\bNOT\s+APPLICABLE\b","['Mood Variance Test', 'Levene Test']"
"46","Variance Test","hard","Chi-square Independence Test","NOT_APPLICABLE","NOT_APPLICABLE","correct","head:\bNOT\s+APPLICABLE\b","['Mood Variance Test', 'Levene Test']"
"46","Variance Test","hard","Fisher Exact Test","NOT_APPLICABLE","NOT_APPLICABLE","correct","head:\bNOT\s+APPLICABLE\b","['Mood Variance Test', 'Levene Test']"
"46","Variance Test","hard","Mantel-Haenszel Test","NOT_APPLICABLE","NOT_APPLICABLE","correct","head:\bNOT\s+APPLICABLE\b","['Mood Variance Test', 'Levene Test']"
"46","Variance Test","hard","Mean","NOT_APPLICABLE","NOT_APPLICABLE","correct","head:\bNOT\s+APPLICABLE\b","['Mood Variance Test', 'Levene Test']"
"46","Variance Test","hard","Median","NOT_APPLICABLE","NOT_APPLICABLE","correct","head:\bNOT\s+APPLICABLE\b","['Mood Variance Test', 'Levene Test']"
"46","Variance Test","hard","Mode","NOT_APPLICABLE","NOT_APPLICABLE","correct","head:\bNOT\s+APPLICABLE\b","['Mood Variance Test', 'Levene Test']"
"46","Variance Test","hard","Range","NOT_APPLICABLE","NOT_APPLICABLE","correct","head:\bNOT\s+APPLICABLE\b","['Mood Variance Test', 'Levene Test']"
"46","Variance Test","hard","Quartile","NOT_APPLICABLE","NOT_APPLICABLE","correct","head:\bNOT\s+APPLICABLE\b","['Mood Variance Test', 'Levene Test']"
"46","Variance Test","hard","Standard Deviation","APPLICABLE","NOT_APPLICABLE","wrong","head:\bAPPLICABLE\b","['Mood Variance Test', 'Levene Test']"
"46","Variance Test","hard","Skewness","APPLICABLE","NOT_APPLICABLE","wrong","head:\bAPPLICABLE\b","['Mood Variance Test', 'Levene Test']"
"46","Variance Test","hard","Kurtosis","NOT_APPLICABLE","NOT_APPLICABLE","correct","head:\bNOT\s+APPLICABLE\b","['Mood Variance Test', 'Levene Test']"
"46","Variance Test","hard","Mood Variance Test","NOT_APPLICABLE","APPLICABLE","wrong","head:\bNOT\s+APPLICABLE\b","['Mood Variance Test', 'Levene Test']"
"46","Variance Test","hard","Levene Test","APPLICABLE","APPLICABLE","correct","head:\bAPPLICABLE\b","['Mood Variance Test', 'Levene Test']"
"46","Variance Test","hard","Bartlett Test","NOT_APPLICABLE","NOT_APPLICABLE","correct","head:\bNOT\s+APPLICABLE\b","['Mood Variance Test', 'Levene Test']"
"46","Variance Test","hard","F-Test for Variance","NOT_APPLICABLE","NOT_APPLICABLE","correct","head:\bNOT\s+APPLICABLE\b","['Mood Variance Test', 'Levene Test']"
"47","Correlation Analysis","hard","Pearson Correlation Coefficient","APPLICABLE","NOT_APPLICABLE","wrong","head:\bAPPLICABLE\b","['Kendall Correlation Coefficient']"
"47","Correlation Analysis","hard","Spearman Correlation Coefficient","APPLICABLE","NOT_APPLICABLE","wrong","head:\bAPPLICABLE\b","['Kendall Correlation Coefficient']"
"47","Correlation Analysis","hard","Kendall Correlation Coefficient","APPLICABLE","APPLICABLE","correct","head:\bAPPLICABLE\b","['Kendall Correlation Coefficient']"
"47","Correlation Analysis","hard","Partial Correlation Coefficient","NOT_APPLICABLE","NOT_APPLICABLE","correct","head:\bNOT\s+APPLICABLE\b","['Kendall Correlation Coefficient']"
"47","Correlation Analysis","hard","Anderson-Darling Test","NOT_APPLICABLE","NOT_APPLICABLE","correct","head:\bNOT\s+APPLICABLE\b","['Kendall Correlation Coefficient']"
"47","Correlation Analysis","hard","Shapiro-Wilk Test of Normality","NOT_APPLICABLE","NOT_APPLICABLE","correct","head:\bNOT\s+APPLICABLE\b","['Kendall Correlation Coefficient']"
"47","Correlation Analysis","hard","Kolmogorov-Smirnov Test for Normality","NOT_APPLICABLE","NOT_APPLICABLE","correct","head:\bNOT\s+APPLICABLE\b","['Kendall Correlation Coefficient']"
"47","Correlation Analysis","hard","Lilliefors Test","NOT_APPLICABLE","NOT_APPLICABLE","correct","head:\bNOT\s+APPLICABLE\b","['Kendall Correlation Coefficient']"
"47","Correlation Analysis","hard","Kolmogorov-Smirnov Test","NOT_APPLICABLE","NOT_APPLICABLE","correct","head:\bNOT\s+APPLICABLE\b","['Kendall Correlation Coefficient']"
"47","Correlation Analysis","hard","Kolmogorov-Smirnov Test for Uniform distribution","NOT_APPLICABLE","NOT_APPLICABLE","correct","head:\bNOT\s+APPLICABLE\b","['Kendall Correlation Coefficient']"
"47","Correlation Analysis","hard","Kolmogorov-Smirnov Test for Gamma distribution","NOT_APPLICABLE","NOT_APPLICABLE","correct","head:\bNOT\s+APPLICABLE\b","['Kendall Correlation Coefficient']"
"47","Correlation Analysis","hard","Kolmogorov-Smirnov Test for Exponential distribution","NOT_APPLICABLE","NOT_APPLICABLE","correct","head:\bNOT\s+APPLICABLE\b","['Kendall Correlation Coefficient']"
"47","Correlation Analysis","hard","Chi-square Independence Test","NOT_APPLICABLE","NOT_APPLICABLE","correct","head:\bNOT\s+APPLICABLE\b","['Kendall Correlation Coefficient']"
"47","Correlation Analysis","hard","Fisher Exact Test","NOT_APPLICABLE","NOT_APPLICABLE","correct","head:\bNOT\s+APPLICABLE\b","['Kendall Correlation Coefficient']"
"47","Correlation Analysis","hard","Mantel-Haenszel Test","NOT_APPLICABLE","NOT_APPLICABLE","correct","head:\bNOT\s+APPLICABLE\b","['Kendall Correlation Coefficient']"
"47","Correlation Analysis","hard","Mean","APPLICABLE","NOT_APPLICABLE","wrong","head:\bAPPLICABLE\b","['Kendall Correlation Coefficient']"
"47","Correlation Analysis","hard","Median","NOT_APPLICABLE","NOT_APPLICABLE","correct","head:\bNOT\s+APPLICABLE\b","['Kendall Correlation Coefficient']"
"47","Correlation Analysis","hard","Mode","NOT_APPLICABLE","NOT_APPLICABLE","correct","head:\bNOT\s+APPLICABLE\b","['Kendall Correlation Coefficient']"
"47","Correlation Analysis","hard","Range","NOT_APPLICABLE","NOT_APPLICABLE","correct","head:\bNOT\s+APPLICABLE\b","['Kendall Correlation Coefficient']"
"47","Correlation Analysis","hard","Quartile","NOT_APPLICABLE","NOT_APPLICABLE","correct","head:\bNOT\s+APPLICABLE\b","['Kendall Correlation Coefficient']"
"47","Correlation Analysis","hard","Standard Deviation","APPLICABLE","NOT_APPLICABLE","wrong","head:\bAPPLICABLE\b","['Kendall Correlation Coefficient']"
"47","Correlation Analysis","hard","Skewness","APPLICABLE","NOT_APPLICABLE","wrong","head:\bAPPLICABLE\b","['Kendall Correlation Coefficient']"
"47","Correlation Analysis","hard","Kurtosis","NOT_APPLICABLE","NOT_APPLICABLE","correct","head:\bNOT\s+APPLICABLE\b","['Kendall Correlation Coefficient']"
"47","Correlation Analysis","hard","Mood Variance Test","NOT_APPLICABLE","NOT_APPLICABLE","correct","head:\bNOT\s+APPLICABLE\b","['Kendall Correlation Coefficient']"
"47","Correlation Analysis","hard","Levene Test","NOT_APPLICABLE","NOT_APPLICABLE","correct","head:\bNOT\s+APPLICABLE\b","['Kendall Correlation Coefficient']"
"47","Correlation Analysis","hard","Bartlett Test","NOT_APPLICABLE","NOT_APPLICABLE","correct","head:\bNOT\s+APPLICABLE\b","['Kendall Correlation Coefficient']"
"47","Correlation Analysis","hard","F-Test for Variance","NOT_APPLICABLE","NOT_APPLICABLE","correct","head:\bNOT\s+APPLICABLE\b","['Kendall Correlation Coefficient']"
"48","Distribution Compliance Test","hard","Pearson Correlation Coefficient","NOT_APPLICABLE","NOT_APPLICABLE","correct","head:\bNOT\s+APPLICABLE\b","['Anderson-Darling Test', 'Kolmogorov-Smirnov Test for Normality', 'Lilliefors Test']"
"48","Distribution Compliance Test","hard","Spearman Correlation Coefficient","APPLICABLE","NOT_APPLICABLE","wrong","head:\bAPPLICABLE\b","['Anderson-Darling Test', 'Kolmogorov-Smirnov Test for Normality', 'Lilliefors Test']"
"48","Distribution Compliance Test","hard","Kendall Correlation Coefficient","NOT_APPLICABLE","NOT_APPLICABLE","correct","head:\bNOT\s+APPLICABLE\b","['Anderson-Darling Test', 'Kolmogorov-Smirnov Test for Normality', 'Lilliefors Test']"
"48","Distribution Compliance Test","hard","Partial Correlation Coefficient","NOT_APPLICABLE","NOT_APPLICABLE","correct","head:\bNOT\s+APPLICABLE\b","['Anderson-Darling Test', 'Kolmogorov-Smirnov Test for Normality', 'Lilliefors Test']"
"48","Distribution Compliance Test","hard","Anderson-Darling Test","APPLICABLE","APPLICABLE","correct","head:\bAPPLICABLE\b","['Anderson-Darling Test', 'Kolmogorov-Smirnov Test for Normality', 'Lilliefors Test']"
"48","Distribution Compliance Test","hard","Shapiro-Wilk Test of Normality","APPLICABLE","NOT_APPLICABLE","wrong","head:\bAPPLICABLE\b","['Anderson-Darling Test', 'Kolmogorov-Smirnov Test for Normality', 'Lilliefors Test']"
"48","Distribution Compliance Test","hard","Kolmogorov-Smirnov Test for Normality","APPLICABLE","APPLICABLE","correct","head:\bAPPLICABLE\b","['Anderson-Darling Test', 'Kolmogorov-Smirnov Test for Normality', 'Lilliefors Test']"
"48","Distribution Compliance Test","hard","Lilliefors Test","APPLICABLE","APPLICABLE","correct","head:\bAPPLICABLE\b","['Anderson-Darling Test', 'Kolmogorov-Smirnov Test for Normality', 'Lilliefors Test']"
"48","Distribution Compliance Test","hard","Kolmogorov-Smirnov Test","APPLICABLE","NOT_APPLICABLE","wrong","head:\bAPPLICABLE\b","['Anderson-Darling Test', 'Kolmogorov-Smirnov Test for Normality', 'Lilliefors Test']"
"48","Distribution Compliance Test","hard","Kolmogorov-Smirnov Test for Uniform distribution","NOT_APPLICABLE","NOT_APPLICABLE","correct","head:\bNOT\s+APPLICABLE\b","['Anderson-Darling Test', 'Kolmogorov-Smirnov Test for Normality', 'Lilliefors Test']"
"48","Distribution Compliance Test","hard","Kolmogorov-Smirnov Test for Gamma distribution","NOT_APPLICABLE","NOT_APPLICABLE","correct","head:\bNOT\s+APPLICABLE\b","['Anderson-Darling Test', 'Kolmogorov-Smirnov Test for Normality', 'Lilliefors Test']"
"48","Distribution Compliance Test","hard","Kolmogorov-Smirnov Test for Exponential distribution","NOT_APPLICABLE","NOT_APPLICABLE","correct","head:\bNOT\s+APPLICABLE\b","['Anderson-Darling Test', 'Kolmogorov-Smirnov Test for Normality', 'Lilliefors Test']"
"48","Distribution Compliance Test","hard","Chi-square Independence Test","NOT_APPLICABLE","NOT_APPLICABLE","correct","head:\bNOT\s+APPLICABLE\b","['Anderson-Darling Test', 'Kolmogorov-Smirnov Test for Normality', 'Lilliefors Test']"
"48","Distribution Compliance Test","hard","Fisher Exact Test","NOT_APPLICABLE","NOT_APPLICABLE","correct","head:\bNOT\s+APPLICABLE\b","['Anderson-Darling Test', 'Kolmogorov-Smirnov Test for Normality', 'Lilliefors Test']"
"48","Distribution Compliance Test","hard","Mantel-Haenszel Test","NOT_APPLICABLE","NOT_APPLICABLE","correct","head:\bNOT\s+APPLICABLE\b","['Anderson-Darling Test', 'Kolmogorov-Smirnov Test for Normality', 'Lilliefors Test']"
"48","Distribution Compliance Test","hard","Mean","APPLICABLE","NOT_APPLICABLE","wrong","head:\bAPPLICABLE\b","['Anderson-Darling Test', 'Kolmogorov-Smirnov Test for Normality', 'Lilliefors Test']"
"48","Distribution Compliance Test","hard","Median","APPLICABLE","NOT_APPLICABLE","wrong","head:\bAPPLICABLE\b","['Anderson-Darling Test', 'Kolmogorov-Smirnov Test for Normality', 'Lilliefors Test']"
"48","Distribution Compliance Test","hard","Mode","NOT_APPLICABLE","NOT_APPLICABLE","correct","head:\bNOT\s+APPLICABLE\b","['Anderson-Darling Test', 'Kolmogorov-Smirnov Test for Normality', 'Lilliefors Test']"
"48","Distribution Compliance Test","hard","Range","NOT_APPLICABLE","NOT_APPLICABLE","correct","head:\bNOT\s+APPLICABLE\b","['Anderson-Darling Test', 'Kolmogorov-Smirnov Test for Normality', 'Lilliefors Test']"
"48","Distribution Compliance Test","hard","Quartile","NOT_APPLICABLE","NOT_APPLICABLE","correct","head:\bNOT\s+APPLICABLE\b","['Anderson-Darling Test', 'Kolmogorov-Smirnov Test for Normality', 'Lilliefors Test']"
"48","Distribution Compliance Test","hard","Standard Deviation","APPLICABLE","NOT_APPLICABLE","wrong","head:\bAPPLICABLE\b","['Anderson-Darling Test', 'Kolmogorov-Smirnov Test for Normality', 'Lilliefors Test']"
"48","Distribution Compliance Test","hard","Skewness","APPLICABLE","NOT_APPLICABLE","wrong","head:\bAPPLICABLE\b","['Anderson-Darling Test', 'Kolmogorov-Smirnov Test for Normality', 'Lilliefors Test']"
"48","Distribution Compliance Test","hard","Kurtosis","APPLICABLE","NOT_APPLICABLE","wrong","head:\bAPPLICABLE\b","['Anderson-Darling Test', 'Kolmogorov-Smirnov Test for Normality', 'Lilliefors Test']"
"48","Distribution Compliance Test","hard","Mood Variance Test","NOT_APPLICABLE","NOT_APPLICABLE","correct","head:\bNOT\s+APPLICABLE\b","['Anderson-Darling Test', 'Kolmogorov-Smirnov Test for Normality', 'Lilliefors Test']"
"48","Distribution Compliance Test","hard","Levene Test","NOT_APPLICABLE","NOT_APPLICABLE","correct","head:\bNOT\s+APPLICABLE\b","['Anderson-Darling Test', 'Kolmogorov-Smirnov Test for Normality', 'Lilliefors Test']"
"48","Distribution Compliance Test","hard","Bartlett Test","NOT_APPLICABLE","NOT_APPLICABLE","correct","head:\bNOT\s+APPLICABLE\b","['Anderson-Darling Test', 'Kolmogorov-Smirnov Test for Normality', 'Lilliefors Test']"
"48","Distribution Compliance Test","hard","F-Test for Variance","NOT_APPLICABLE","NOT_APPLICABLE","correct","head:\bNOT\s+APPLICABLE\b","['Anderson-Darling Test', 'Kolmogorov-Smirnov Test for Normality', 'Lilliefors Test']"
"49","Contingency Table Test","easy","Pearson Correlation Coefficient","NOT_APPLICABLE","NOT_APPLICABLE","correct","head:\bNOT\s+APPLICABLE\b","['Chi-square Independence Test', 'Fisher Exact Test']"
"49","Contingency Table Test","easy","Spearman Correlation Coefficient","NOT_APPLICABLE","NOT_APPLICABLE","correct","head:\bNOT\s+APPLICABLE\b","['Chi-square Independence Test', 'Fisher Exact Test']"
"49","Contingency Table Test","easy","Kendall Correlation Coefficient","NOT_APPLICABLE","NOT_APPLICABLE","correct","head:\bNOT\s+APPLICABLE\b","['Chi-square Independence Test', 'Fisher Exact Test']"
"49","Contingency Table Test","easy","Partial Correlation Coefficient","NOT_APPLICABLE","NOT_APPLICABLE","correct","head:\bNOT\s+APPLICABLE\b","['Chi-square Independence Test', 'Fisher Exact Test']"
"49","Contingency Table Test","easy","Anderson-Darling Test","NOT_APPLICABLE","NOT_APPLICABLE","correct","head:\bNOT\s+APPLICABLE\b","['Chi-square Independence Test', 'Fisher Exact Test']"
"49","Contingency Table Test","easy","Shapiro-Wilk Test of Normality","NOT_APPLICABLE","NOT_APPLICABLE","correct","head:\bNOT\s+APPLICABLE\b","['Chi-square Independence Test', 'Fisher Exact Test']"
"49","Contingency Table Test","easy","Kolmogorov-Smirnov Test for Normality","NOT_APPLICABLE","NOT_APPLICABLE","correct","head:\bNOT\s+APPLICABLE\b","['Chi-square Independence Test', 'Fisher Exact Test']"
"49","Contingency Table Test","easy","Lilliefors Test","NOT_APPLICABLE","NOT_APPLICABLE","correct","head:\bNOT\s+APPLICABLE\b","['Chi-square Independence Test', 'Fisher Exact Test']"
"49","Contingency Table Test","easy","Kolmogorov-Smirnov Test","NOT_APPLICABLE","NOT_APPLICABLE","correct","head:\bNOT\s+APPLICABLE\b","['Chi-square Independence Test', 'Fisher Exact Test']"
"49","Contingency Table Test","easy","Kolmogorov-Smirnov Test for Uniform distribution","NOT_APPLICABLE","NOT_APPLICABLE","correct","head:\bNOT\s+APPLICABLE\b","['Chi-square Independence Test', 'Fisher Exact Test']"
"49","Contingency Table Test","easy","Kolmogorov-Smirnov Test for Gamma distribution","NOT_APPLICABLE","NOT_APPLICABLE","correct","head:\bNOT\s+APPLICABLE\b","['Chi-square Independence Test', 'Fisher Exact Test']"
"49","Contingency Table Test","easy","Kolmogorov-Smirnov Test for Exponential distribution","NOT_APPLICABLE","NOT_APPLICABLE","correct","head:\bNOT\s+APPLICABLE\b","['Chi-square Independence Test', 'Fisher Exact Test']"
"49","Contingency Table Test","easy","Chi-square Independence Test","APPLICABLE","APPLICABLE","correct","head:\bAPPLICABLE\b","['Chi-square Independence Test', 'Fisher Exact Test']"
"49","Contingency Table Test","easy","Fisher Exact Test","NOT_APPLICABLE","APPLICABLE","wrong","head:\bNOT\s+APPLICABLE\b","['Chi-square Independence Test', 'Fisher Exact Test']"
"49","Contingency Table Test","easy","Mantel-Haenszel Test","NOT_APPLICABLE","NOT_APPLICABLE","correct","head:\bNOT\s+APPLICABLE\b","['Chi-square Independence Test', 'Fisher Exact Test']"
"49","Contingency Table Test","easy","Mean","NOT_APPLICABLE","NOT_APPLICABLE","correct","head:\bNOT\s+APPLICABLE\b","['Chi-square Independence Test', 'Fisher Exact Test']"
"49","Contingency Table Test","easy","Median","NOT_APPLICABLE","NOT_APPLICABLE","correct","head:\bNOT\s+APPLICABLE\b","['Chi-square Independence Test', 'Fisher Exact Test']"
"49","Contingency Table Test","easy","Mode","NOT_APPLICABLE","NOT_APPLICABLE","correct","head:\bNOT\s+APPLICABLE\b","['Chi-square Independence Test', 'Fisher Exact Test']"
"49","Contingency Table Test","easy","Range","NOT_APPLICABLE","NOT_APPLICABLE","correct","head:\bNOT\s+APPLICABLE\b","['Chi-square Independence Test', 'Fisher Exact Test']"
"49","Contingency Table Test","easy","Quartile","NOT_APPLICABLE","NOT_APPLICABLE","correct","head:\bNOT\s+APPLICABLE\b","['Chi-square Independence Test', 'Fisher Exact Test']"
"49","Contingency Table Test","easy","Standard Deviation","NOT_APPLICABLE","NOT_APPLICABLE","correct","head:\bNOT\s+APPLICABLE\b","['Chi-square Independence Test', 'Fisher Exact Test']"
"49","Contingency Table Test","easy","Skewness","NOT_APPLICABLE","NOT_APPLICABLE","correct","head:\bNOT\s+APPLICABLE\b","['Chi-square Independence Test', 'Fisher Exact Test']"
"49","Contingency Table Test","easy","Kurtosis","NOT_APPLICABLE","NOT_APPLICABLE","correct","head:\bNOT\s+APPLICABLE\b","['Chi-square Independence Test', 'Fisher Exact Test']"
"49","Contingency Table Test","easy","Mood Variance Test","NOT_APPLICABLE","NOT_APPLICABLE","correct","head:\bNOT\s+APPLICABLE\b","['Chi-square Independence Test', 'Fisher Exact Test']"
"49","Contingency Table Test","easy","Levene Test","NOT_APPLICABLE","NOT_APPLICABLE","correct","head:\bNOT\s+APPLICABLE\b","['Chi-square Independence Test', 'Fisher Exact Test']"
"49","Contingency Table Test","easy","Bartlett Test","NOT_APPLICABLE","NOT_APPLICABLE","correct","head:\bNOT\s+APPLICABLE\b","['Chi-square Independence Test', 'Fisher Exact Test']"
"49","Contingency Table Test","easy","F-Test for Variance","NOT_APPLICABLE","NOT_APPLICABLE","correct","head:\bNOT\s+APPLICABLE\b","['Chi-square Independence Test', 'Fisher Exact Test']"
