dataset,refined_question,relevant_column,task,difficulty,results,prompt,model_answer,ground_truth,extracted_answer,methods_comparison_result,columns_comparison_result,methods_score,columns_score,selection_overall
Obesity or CVD Risk Dataset,Do variations in gender correspond to variations in smoking status?,"[{""column_header"": ""Gender"", ""is_strata"": false, ""is_control"": false}, {""column_header"": ""SMOKE"", ""is_strata"": false, ""is_control"": false}]",Contingency Table Test,easy,"[{""method"": ""Chi-square Independence Test"", ""result"": ""{\""p value\"": 0.05726}"", ""conclusion"": ""Independent""}, {""method"": ""Fisher Exact Test"", ""result"": ""{\""p value\"": 0.04713}"", ""conclusion"": ""Not independent""}]","### Task Description: You need to select relevant columns and all applicable methods from provided list for the given statistical question.
### Instruction: You should only reply with one answer in JSON format containing two keys: 'columns' and 'methods'. The value of 'columns' is a list of columns' headers relevant to the given statistical question, and the value of 'methods' is a list containing all methods you think applicable. For example: {""columns"": [""c1"", ""c2"", ""...""], ""methods"": [""m1"", ""m2"", ""...""]}. If you think there is a strata or control variable involved, put its column header in the last item of the columns list. Ensure your methods selection is only limited to the classification list provided.
### Classification List: 
Correlation Analysis: Pearson Correlation Coefficient, Spearman Correlation Coefficient, Kendall Correlation Coefficient, Partial Correlation Coefficient;
Distribution Compliance Test: Anderson-Darling Test, Shapiro-Wilk Test of Normality, Kolmogorov-Smirnov Test for Normality, Lilliefors Test, Kolmogorov-Smirnov Test, Kolmogorov-Smirnov Test for Uniform distribution, Kolmogorov-Smirnov Test for Gamma distribution, Kolmogorov-Smirnov Test for Exponential distribution;
Contingency Table Test: Chi-square Independence Test, Fisher Exact Test, Mantel-Haenszel Test;
Descriptive Statistics: Mean, Median, Mode, Range, Quartile, Standard Deviation, Skewness, Kurtosis;
Variance Test: Mood Variance Test, Levene Test, Bartlett Test, F-Test for Variance.
### Column Information: 
column_header: Gender; data_type: categorical; num_of_rows: 2111; is_normality: False.
column_header: Age; data_type: quantitative; num_of_rows: 2111; is_normality: False.
column_header: Height; data_type: quantitative; num_of_rows: 2111; is_normality: False.
column_header: Weight; data_type: quantitative; num_of_rows: 2111; is_normality: False.
column_header: family_history_with_overweight; data_type: categorical; num_of_rows: 2111; is_normality: False.
column_header: FAVC; data_type: categorical; num_of_rows: 2111; is_normality: False.
column_header: FCVC; data_type: quantitative; num_of_rows: 2111; is_normality: False.
column_header: NCP; data_type: quantitative; num_of_rows: 2111; is_normality: False.
column_header: CAEC; data_type: categorical; num_of_rows: 2111; is_normality: False.
column_header: SMOKE; data_type: categorical; num_of_rows: 2111; is_normality: False.
column_header: CH2O; data_type: quantitative; num_of_rows: 2111; is_normality: False.
column_header: SCC; data_type: categorical; num_of_rows: 2111; is_normality: False.
column_header: FAF; data_type: quantitative; num_of_rows: 2111; is_normality: False.
column_header: TUE; data_type: quantitative; num_of_rows: 2111; is_normality: False.
column_header: CALC; data_type: categorical; num_of_rows: 2111; is_normality: False.
column_header: MTRANS; data_type: categorical; num_of_rows: 2111; is_normality: False.
column_header: NObeyesdad; data_type: categorical; num_of_rows: 2111; is_normality: False.
### Statistical Question: Do variations in gender correspond to variations in smoking status?
### Response: Let's work this out in a step-by-step way to be sure we have the right answer. The answer of relevant columns and applicable methods in JSON format and reason is:","### Response:
```json
{
  ""columns"": [""Gender"", ""SMOKE""],
  ""methods"": [""Chi-square Independence Test"", ""Fisher Exact Test""]
}
```

### Reason:
- **Columns**: The statistical question asks about the relationship between ""Gender"" and ""Smoking Status"" (SMOKE). Both of these variables are categorical, and they are the only ones needed to address the question.
- **Methods**: Since both variables are categorical, we can use Contingency Table Tests to determine if there is a significant association between gender and smoking status. The Chi-square Independence Test and Fisher Exact Test are both suitable for this purpose. The Chi-square test is generally used for larger sample sizes, while the Fisher Exact Test is more appropriate for smaller sample sizes or when expected cell counts are low. Given the sample size of 2111, both tests are applicable, but the Chi-square test is more commonly used for such sample sizes.","{""columns"": [""Gender"", ""SMOKE""], ""methods"": [""Chi-square Independence Test"", ""Fisher Exact Test""]}","{
  ""columns"": [""Gender"", ""SMOKE""],
  ""methods"": [""Chi-square Independence Test"", ""Fisher Exact Test""]
}","{""Correct"": 2, ""Wrong"": 0, ""Missed"": 0}","{""Correct"": 2, ""Wrong"": 0, ""Missed"": 0}",1,1,1
Advertising Budget and Sales Dataset,How is the correlation between Sales revenue and Newspaper advertising budget affected when the Radio advertising budget is held constant?,"[{""column_header"": ""Sales ($)"", ""is_strata"": false, ""is_control"": false}, {""column_header"": ""Newspaper Ad Budget ($)"", ""is_strata"": false, ""is_control"": false}, {""column_header"": ""Radio Ad Budget ($)"", ""is_strata"": false, ""is_control"": true}]",Correlation Analysis,easy,"[{""method"": ""Partial Correlation Coefficient"", ""result"": ""{\""coefficient\"": 0.03174, \""p value\"": 0.65634}"", ""conclusion"": ""Not strongly correlated""}]","### Task Description: You need to select relevant columns and all applicable methods from provided list for the given statistical question.
### Instruction: You should only reply with one answer in JSON format containing two keys: 'columns' and 'methods'. The value of 'columns' is a list of columns' headers relevant to the given statistical question, and the value of 'methods' is a list containing all methods you think applicable. For example: {""columns"": [""c1"", ""c2"", ""...""], ""methods"": [""m1"", ""m2"", ""...""]}. If you think there is a strata or control variable involved, put its column header in the last item of the columns list. Ensure your methods selection is only limited to the classification list provided.
### Classification List: 
Correlation Analysis: Pearson Correlation Coefficient, Spearman Correlation Coefficient, Kendall Correlation Coefficient, Partial Correlation Coefficient;
Distribution Compliance Test: Anderson-Darling Test, Shapiro-Wilk Test of Normality, Kolmogorov-Smirnov Test for Normality, Lilliefors Test, Kolmogorov-Smirnov Test, Kolmogorov-Smirnov Test for Uniform distribution, Kolmogorov-Smirnov Test for Gamma distribution, Kolmogorov-Smirnov Test for Exponential distribution;
Contingency Table Test: Chi-square Independence Test, Fisher Exact Test, Mantel-Haenszel Test;
Descriptive Statistics: Mean, Median, Mode, Range, Quartile, Standard Deviation, Skewness, Kurtosis;
Variance Test: Mood Variance Test, Levene Test, Bartlett Test, F-Test for Variance.
### Column Information: 
column_header: Unnamed: 0; data_type: id; num_of_rows: 200; is_normality: False.
column_header: TV Ad Budget ($); data_type: quantitative; num_of_rows: 200; is_normality: False.
column_header: Radio Ad Budget ($); data_type: quantitative; num_of_rows: 200; is_normality: False.
column_header: Newspaper Ad Budget ($); data_type: quantitative; num_of_rows: 200; is_normality: False.
column_header: Sales ($); data_type: quantitative; num_of_rows: 200; is_normality: False.
### Statistical Question: How is the correlation between Sales revenue and Newspaper advertising budget affected when the Radio advertising budget is held constant?
### Response: Let's work this out in a step-by-step way to be sure we have the right answer. The answer of relevant columns and applicable methods in JSON format and reason is:","Let's break down the statistical question and identify the relevant columns and methods:

### Statistical Question:
""How is the correlation between Sales revenue and Newspaper advertising budget affected when the Radio advertising budget is held constant?""

### Relevant Columns:
1. **Sales ($)**: This is the dependent variable in the correlation analysis.
2. **Newspaper Ad Budget ($)**: This is one of the independent variables in the correlation analysis.
3. **Radio Ad Budget ($)**: This is the variable that needs to be held constant.

### Applicable Methods:
- **Partial Correlation Coefficient**: This method is used to measure the correlation between two variables while controlling for the effect of one or more additional variables. In this case, we want to measure the correlation between Sales and Newspaper Ad Budget while controlling for the effect of Radio Ad Budget.

### JSON Response:
```json
{
  ""columns"": [""Sales ($)"", ""Newspaper Ad Budget ($)"", ""Radio Ad Budget ($)""],
  ""methods"": [""Partial Correlation Coefficient""]
}
```

This response captures the relevant columns and the appropriate method to address the given statistical question.","{""columns"": [""Sales ($)"", ""Newspaper Ad Budget ($)"", ""Radio Ad Budget ($)""], ""methods"": [""Partial Correlation Coefficient""]}","{
  ""columns"": [""Sales ($)"", ""Newspaper Ad Budget ($)"", ""Radio Ad Budget ($)""],
  ""methods"": [""Partial Correlation Coefficient""]
}","{""Correct"": 1, ""Wrong"": 0, ""Missed"": 0}","{""Correct"": 3, ""Wrong"": 0, ""Missed"": 0}",1,1,1
Student Performance Prediction Dataset,What is the relationship between the final grade (G3) and school absences while accounting for workday alcohol consumption (Dalc)?,"[{""column_header"": ""G3"", ""is_strata"": false, ""is_control"": false}, {""column_header"": ""absences"", ""is_strata"": false, ""is_control"": false}, {""column_header"": ""Dalc"", ""is_strata"": false, ""is_control"": true}]",Correlation Analysis,easy,"[{""method"": ""Partial Correlation Coefficient"", ""result"": ""{\""coefficient\"": -0.05806, \""p value\"": 0.13986}"", ""conclusion"": ""Not strongly correlated""}]","### Task Description: You need to select relevant columns and all applicable methods from provided list for the given statistical question.
### Instruction: You should only reply with one answer in JSON format containing two keys: 'columns' and 'methods'. The value of 'columns' is a list of columns' headers relevant to the given statistical question, and the value of 'methods' is a list containing all methods you think applicable. For example: {""columns"": [""c1"", ""c2"", ""...""], ""methods"": [""m1"", ""m2"", ""...""]}. If you think there is a strata or control variable involved, put its column header in the last item of the columns list. Ensure your methods selection is only limited to the classification list provided.
### Classification List: 
Correlation Analysis: Pearson Correlation Coefficient, Spearman Correlation Coefficient, Kendall Correlation Coefficient, Partial Correlation Coefficient;
Distribution Compliance Test: Anderson-Darling Test, Shapiro-Wilk Test of Normality, Kolmogorov-Smirnov Test for Normality, Lilliefors Test, Kolmogorov-Smirnov Test, Kolmogorov-Smirnov Test for Uniform distribution, Kolmogorov-Smirnov Test for Gamma distribution, Kolmogorov-Smirnov Test for Exponential distribution;
Contingency Table Test: Chi-square Independence Test, Fisher Exact Test, Mantel-Haenszel Test;
Descriptive Statistics: Mean, Median, Mode, Range, Quartile, Standard Deviation, Skewness, Kurtosis;
Variance Test: Mood Variance Test, Levene Test, Bartlett Test, F-Test for Variance.
### Column Information: 
column_header: Unnamed: 0; data_type: id; num_of_rows: 649; is_normality: False.
column_header: school; data_type: categorical; num_of_rows: 649; is_normality: False.
column_header: sex; data_type: categorical; num_of_rows: 649; is_normality: False.
column_header: age; data_type: quantitative; num_of_rows: 649; is_normality: False.
column_header: address; data_type: categorical; num_of_rows: 649; is_normality: False.
column_header: famsize; data_type: categorical; num_of_rows: 649; is_normality: False.
column_header: Pstatus; data_type: categorical; num_of_rows: 649; is_normality: False.
column_header: Medu; data_type: quantitative; num_of_rows: 649; is_normality: False.
column_header: Fedu; data_type: quantitative; num_of_rows: 649; is_normality: False.
column_header: Mjob; data_type: categorical; num_of_rows: 649; is_normality: False.
column_header: Fjob; data_type: categorical; num_of_rows: 649; is_normality: False.
column_header: reason; data_type: categorical; num_of_rows: 649; is_normality: False.
column_header: guardian; data_type: categorical; num_of_rows: 649; is_normality: False.
column_header: traveltime; data_type: quantitative; num_of_rows: 649; is_normality: False.
column_header: studytime; data_type: quantitative; num_of_rows: 649; is_normality: False.
column_header: failures; data_type: quantitative; num_of_rows: 649; is_normality: False.
column_header: schoolsup; data_type: categorical; num_of_rows: 649; is_normality: False.
column_header: famsup; data_type: categorical; num_of_rows: 649; is_normality: False.
column_header: paid; data_type: categorical; num_of_rows: 649; is_normality: False.
column_header: activities; data_type: categorical; num_of_rows: 649; is_normality: False.
column_header: nursery; data_type: categorical; num_of_rows: 649; is_normality: False.
column_header: higher; data_type: categorical; num_of_rows: 649; is_normality: False.
column_header: internet; data_type: categorical; num_of_rows: 649; is_normality: False.
column_header: romantic; data_type: categorical; num_of_rows: 649; is_normality: False.
column_header: famrel; data_type: quantitative; num_of_rows: 649; is_normality: False.
column_header: freetime; data_type: quantitative; num_of_rows: 649; is_normality: False.
column_header: goout; data_type: quantitative; num_of_rows: 649; is_normality: False.
column_header: Dalc; data_type: quantitative; num_of_rows: 649; is_normality: False.
column_header: Walc; data_type: quantitative; num_of_rows: 649; is_normality: False.
column_header: health; data_type: quantitative; num_of_rows: 649; is_normality: False.
column_header: absences; data_type: quantitative; num_of_rows: 649; is_normality: False.
column_header: G1; data_type: quantitative; num_of_rows: 649; is_normality: False.
column_header: G2; data_type: quantitative; num_of_rows: 649; is_normality: False.
column_header: G3; data_type: quantitative; num_of_rows: 649; is_normality: False.
### Statistical Question: What is the relationship between the final grade (G3) and school absences while accounting for workday alcohol consumption (Dalc)?
### Response: Let's work this out in a step-by-step way to be sure we have the right answer. The answer of relevant columns and applicable methods in JSON format and reason is:","### Response:
```json
{
  ""columns"": [""G3"", ""absences"", ""Dalc""],
  ""methods"": [""Partial Correlation Coefficient""]
}
```

### Reason:
- **Columns**: The statistical question asks about the relationship between the final grade (G3) and school absences while accounting for workday alcohol consumption (Dalc). Therefore, the relevant columns are ""G3"", ""absences"", and ""Dalc"".
- **Methods**: To understand the relationship between G3 and absences while controlling for Dalc, a partial correlation coefficient is the most appropriate method. This method allows us to assess the relationship between two variables while controlling for the effect of a third variable.","{""columns"": [""G3"", ""absences"", ""Dalc""], ""methods"": [""Partial Correlation Coefficient""]}","{
  ""columns"": [""G3"", ""absences"", ""Dalc""],
  ""methods"": [""Partial Correlation Coefficient""]
}","{""Correct"": 1, ""Wrong"": 0, ""Missed"": 0}","{""Correct"": 3, ""Wrong"": 0, ""Missed"": 0}",1,1,1
Stroke Prediction Dataset,How does the prevalence of different work types vary across the categories of hypertension?,"[{""column_header"": ""hypertension"", ""is_strata"": false, ""is_control"": false}, {""column_header"": ""work_type"", ""is_strata"": false, ""is_control"": false}]",Contingency Table Test,hard,"[{""method"": ""Chi-square Independence Test"", ""result"": ""{\""p value\"": 0.0}"", ""conclusion"": ""Not independent""}]","### Task Description: You need to select relevant columns and all applicable methods from provided list for the given statistical question.
### Instruction: You should only reply with one answer in JSON format containing two keys: 'columns' and 'methods'. The value of 'columns' is a list of columns' headers relevant to the given statistical question, and the value of 'methods' is a list containing all methods you think applicable. For example: {""columns"": [""c1"", ""c2"", ""...""], ""methods"": [""m1"", ""m2"", ""...""]}. If you think there is a strata or control variable involved, put its column header in the last item of the columns list. Ensure your methods selection is only limited to the classification list provided.
### Classification List: 
Correlation Analysis: Pearson Correlation Coefficient, Spearman Correlation Coefficient, Kendall Correlation Coefficient, Partial Correlation Coefficient;
Distribution Compliance Test: Anderson-Darling Test, Shapiro-Wilk Test of Normality, Kolmogorov-Smirnov Test for Normality, Lilliefors Test, Kolmogorov-Smirnov Test, Kolmogorov-Smirnov Test for Uniform distribution, Kolmogorov-Smirnov Test for Gamma distribution, Kolmogorov-Smirnov Test for Exponential distribution;
Contingency Table Test: Chi-square Independence Test, Fisher Exact Test, Mantel-Haenszel Test;
Descriptive Statistics: Mean, Median, Mode, Range, Quartile, Standard Deviation, Skewness, Kurtosis;
Variance Test: Mood Variance Test, Levene Test, Bartlett Test, F-Test for Variance.
### Column Information: 
column_header: id; data_type: id; num_of_rows: 5110; is_normality: False.
column_header: gender; data_type: categorical; num_of_rows: 5110; is_normality: False.
column_header: age; data_type: quantitative; num_of_rows: 5110; is_normality: False.
column_header: hypertension; data_type: categorical; num_of_rows: 5110; is_normality: False.
column_header: heart_disease; data_type: categorical; num_of_rows: 5110; is_normality: False.
column_header: ever_married; data_type: categorical; num_of_rows: 5110; is_normality: False.
column_header: work_type; data_type: categorical; num_of_rows: 5110; is_normality: False.
column_header: Residence_type; data_type: categorical; num_of_rows: 5110; is_normality: False.
column_header: avg_glucose_level; data_type: quantitative; num_of_rows: 5110; is_normality: False.
column_header: bmi; data_type: quantitative; num_of_rows: 5110; is_normality: False.
column_header: smoking_status; data_type: categorical; num_of_rows: 5110; is_normality: False.
column_header: stroke; data_type: categorical; num_of_rows: 5110; is_normality: False.
### Statistical Question: How does the prevalence of different work types vary across the categories of hypertension?
### Response: Let's work this out in a step-by-step way to be sure we have the right answer. The answer of relevant columns and applicable methods in JSON format and reason is:","### Step-by-Step Analysis:
1. **Identify the Variables:**
   - The statistical question is asking about the prevalence of different work types across the categories of hypertension.
   - The relevant variables are:
     - `work_type` (categorical): This is the variable we are interested in the prevalence of.
     - `hypertension` (categorical): This is the variable that categorizes the groups we are comparing.

2. **Determine the Applicable Methods:**
   - Since we are comparing categorical variables, the appropriate method would be a Contingency Table Test.
   - The most common test for this scenario is the Chi-square Independence Test, which can determine if there is a significant association between `work_type` and `hypertension`.

3. **Select Relevant Columns:**
   - The relevant columns are `work_type` and `hypertension`.
   - There is no need for a strata or control variable in this case.

4. **Select Applicable Methods:**
   - The applicable method is the Chi-square Independence Test.

### Response:
```json
{
  ""columns"": [""work_type"", ""hypertension""],
  ""methods"": [""Chi-square Independence Test""]
}
```","{""columns"": [""hypertension"", ""work_type""], ""methods"": [""Chi-square Independence Test""]}","{
  ""columns"": [""work_type"", ""hypertension""],
  ""methods"": [""Chi-square Independence Test""]
}","{""Correct"": 1, ""Wrong"": 0, ""Missed"": 0}","{""Correct"": 2, ""Wrong"": 0, ""Missed"": 0}",1,1,1
Rainfall Dataset of Barak Velly,Could you calculate the median value of the rainfall measurements for March?,"[{""column_header"": ""MAR"", ""is_strata"": false, ""is_control"": false}]",Descriptive Statistics,easy,"[{""method"": ""Median"", ""result"": ""107.1"", ""conclusion"": ""107.1""}]","### Task Description: You need to select relevant columns and all applicable methods from provided list for the given statistical question.
### Instruction: You should only reply with one answer in JSON format containing two keys: 'columns' and 'methods'. The value of 'columns' is a list of columns' headers relevant to the given statistical question, and the value of 'methods' is a list containing all methods you think applicable. For example: {""columns"": [""c1"", ""c2"", ""...""], ""methods"": [""m1"", ""m2"", ""...""]}. If you think there is a strata or control variable involved, put its column header in the last item of the columns list. Ensure your methods selection is only limited to the classification list provided.
### Classification List: 
Correlation Analysis: Pearson Correlation Coefficient, Spearman Correlation Coefficient, Kendall Correlation Coefficient, Partial Correlation Coefficient;
Distribution Compliance Test: Anderson-Darling Test, Shapiro-Wilk Test of Normality, Kolmogorov-Smirnov Test for Normality, Lilliefors Test, Kolmogorov-Smirnov Test, Kolmogorov-Smirnov Test for Uniform distribution, Kolmogorov-Smirnov Test for Gamma distribution, Kolmogorov-Smirnov Test for Exponential distribution;
Contingency Table Test: Chi-square Independence Test, Fisher Exact Test, Mantel-Haenszel Test;
Descriptive Statistics: Mean, Median, Mode, Range, Quartile, Standard Deviation, Skewness, Kurtosis;
Variance Test: Mood Variance Test, Levene Test, Bartlett Test, F-Test for Variance.
### Column Information: 
column_header: DISTRICT; data_type: categorical; num_of_rows: 128; is_normality: False.
column_header: YEAR; data_type: other; num_of_rows: 128; is_normality: False.
column_header: JAN; data_type: quantitative; num_of_rows: 128; is_normality: False.
column_header: FEB; data_type: quantitative; num_of_rows: 128; is_normality: False.
column_header: MAR; data_type: quantitative; num_of_rows: 128; is_normality: False.
column_header: APR; data_type: quantitative; num_of_rows: 128; is_normality: False.
column_header: MAY; data_type: quantitative; num_of_rows: 128; is_normality: False.
column_header: JUN; data_type: quantitative; num_of_rows: 128; is_normality: False.
column_header: JUL; data_type: quantitative; num_of_rows: 128; is_normality: False.
column_header: AUG; data_type: quantitative; num_of_rows: 128; is_normality: False.
column_header: SEP; data_type: quantitative; num_of_rows: 128; is_normality: False.
column_header: OCT; data_type: quantitative; num_of_rows: 128; is_normality: False.
column_header: NOV; data_type: quantitative; num_of_rows: 128; is_normality: False.
column_header: DEC; data_type: quantitative; num_of_rows: 128; is_normality: False.
column_header: ANU; data_type: quantitative; num_of_rows: 128; is_normality: False.
### Statistical Question: Could you calculate the median value of the rainfall measurements for March?
### Response: Let's work this out in a step-by-step way to be sure we have the right answer. The answer of relevant columns and applicable methods in JSON format and reason is:","### Response:
```json
{
  ""columns"": [""MAR""],
  ""methods"": [""Median""]
}
```

### Reason:
- **Columns**: The statistical question specifically asks for the median value of the rainfall measurements for March. Therefore, the relevant column is ""MAR"".
- **Methods**: The method required to calculate the median value is the ""Median"" from the Descriptive Statistics classification.","{""columns"": [""MAR""], ""methods"": [""Median""]}","{
  ""columns"": [""MAR""],
  ""methods"": [""Median""]
}","{""Correct"": 1, ""Wrong"": 0, ""Missed"": 0}","{""Correct"": 1, ""Wrong"": 0, ""Missed"": 0}",1,1,1
Crop Production Dataset,Do the variability of the annual crop production data in the Philippines and India match?,"[{""column_header"": ""Philippines"", ""is_strata"": false, ""is_control"": false}, {""column_header"": ""India"", ""is_strata"": false, ""is_control"": false}]",Variance Test,easy,"[{""method"": ""Mood Variance Test"", ""result"": ""{\""stat\"": 0.0, \""p value\"": 1.0}"", ""conclusion"": ""Variance not significantly difference between them""}, {""method"": ""Levene Test"", ""result"": ""{\""stat\"": 4.63224, \""p value\"": 0.07487}"", ""conclusion"": ""Variance not significantly difference between them""}, {""method"": ""Bartlett Test"", ""result"": ""{\""stat\"": 6.55474, \""p value\"": 0.01046}"", ""conclusion"": ""Variance significantly difference between them""}, {""method"": ""F-Test for Variance"", ""result"": ""{\""stat\"": 75.5238, \""p value\"": 0.00013}"", ""conclusion"": ""Variance significantly difference between them""}]","### Task Description: You need to select relevant columns and all applicable methods from provided list for the given statistical question.
### Instruction: You should only reply with one answer in JSON format containing two keys: 'columns' and 'methods'. The value of 'columns' is a list of columns' headers relevant to the given statistical question, and the value of 'methods' is a list containing all methods you think applicable. For example: {""columns"": [""c1"", ""c2"", ""...""], ""methods"": [""m1"", ""m2"", ""...""]}. If you think there is a strata or control variable involved, put its column header in the last item of the columns list. Ensure your methods selection is only limited to the classification list provided.
### Classification List: 
Correlation Analysis: Pearson Correlation Coefficient, Spearman Correlation Coefficient, Kendall Correlation Coefficient, Partial Correlation Coefficient;
Distribution Compliance Test: Anderson-Darling Test, Shapiro-Wilk Test of Normality, Kolmogorov-Smirnov Test for Normality, Lilliefors Test, Kolmogorov-Smirnov Test, Kolmogorov-Smirnov Test for Uniform distribution, Kolmogorov-Smirnov Test for Gamma distribution, Kolmogorov-Smirnov Test for Exponential distribution;
Contingency Table Test: Chi-square Independence Test, Fisher Exact Test, Mantel-Haenszel Test;
Descriptive Statistics: Mean, Median, Mode, Range, Quartile, Standard Deviation, Skewness, Kurtosis;
Variance Test: Mood Variance Test, Levene Test, Bartlett Test, F-Test for Variance.
### Column Information: 
column_header: Year; data_type: Other; num_of_rows: 4; is_normality: False.
column_header: Nigeria; data_type: quantitative; num_of_rows: 4; is_normality: True.
column_header: Pakistan; data_type: quantitative; num_of_rows: 4; is_normality: True.
column_header: Japan; data_type: quantitative; num_of_rows: 4; is_normality: True.
column_header: United States; data_type: quantitative; num_of_rows: 4; is_normality: True.
column_header: Brazil; data_type: quantitative; num_of_rows: 4; is_normality: True.
column_header: Philippines; data_type: quantitative; num_of_rows: 4; is_normality: True.
column_header: Myanmar; data_type: quantitative; num_of_rows: 4; is_normality: True.
column_header: Thailand; data_type: quantitative; num_of_rows: 4; is_normality: True.
column_header: Vietnam; data_type: quantitative; num_of_rows: 4; is_normality: True.
column_header: Indonesia; data_type: quantitative; num_of_rows: 4; is_normality: True.
column_header: Bangladesh; data_type: quantitative; num_of_rows: 4; is_normality: True.
column_header: India; data_type: quantitative; num_of_rows: 4; is_normality: True.
column_header: China; data_type: quantitative; num_of_rows: 4; is_normality: True.
### Statistical Question: Do the variability of the annual crop production data in the Philippines and India match?
### Response: Let's work this out in a step-by-step way to be sure we have the right answer. The answer of relevant columns and applicable methods in JSON format and reason is:","### Response:
Let's break down the statistical question and determine the appropriate columns and methods.

**Statistical Question:** Do the variability of the annual crop production data in the Philippines and India match?

1. **Relevant Columns:**
   - The question focuses on the variability of annual crop production data for the Philippines and India.
   - Therefore, the relevant columns are:
     - Philippines (quantitative)
     - India (quantitative)

2. **Applicable Methods:**
   - The question is about comparing the variability of two quantitative datasets.
   - The appropriate methods for comparing variances are:
     - Mood Variance Test
     - Levene Test
     - Bartlett Test
     - F-Test for Variance

Based on the above analysis, the JSON response is:

```json
{
  ""columns"": [""Philippines"", ""India""],
  ""methods"": [""Mood Variance Test"", ""Levene Test"", ""Bartlett Test"", ""F-Test for Variance""]
}
```","{""columns"": [""Philippines"", ""India""], ""methods"": [""Mood Variance Test"", ""Levene Test"", ""Bartlett Test"", ""F-Test for Variance""]}","{
  ""columns"": [""Philippines"", ""India""],
  ""methods"": [""Mood Variance Test"", ""Levene Test"", ""Bartlett Test"", ""F-Test for Variance""]
}","{""Correct"": 4, ""Wrong"": 0, ""Missed"": 0}","{""Correct"": 2, ""Wrong"": 0, ""Missed"": 0}",1,1,1
Crop Production Dataset,Are the variations in yearly crop yields similar in Japan and Brazil?,"[{""column_header"": ""Japan"", ""is_strata"": false, ""is_control"": false}, {""column_header"": ""Brazil"", ""is_strata"": false, ""is_control"": false}]",Variance Test,easy,"[{""method"": ""Mood Variance Test"", ""result"": ""{\""stat\"": 0.86603, \""p value\"": 0.38648}"", ""conclusion"": ""Variance not significantly difference between them""}, {""method"": ""Levene Test"", ""result"": ""{\""stat\"": 0.0424, \""p value\"": 0.84366}"", ""conclusion"": ""Variance not significantly difference between them""}, {""method"": ""Bartlett Test"", ""result"": ""{\""stat\"": 0.14323, \""p value\"": 0.70509}"", ""conclusion"": ""Variance not significantly difference between them""}, {""method"": ""F-Test for Variance"", ""result"": ""{\""stat\"": 0.93518, \""p value\"": 0.37087}"", ""conclusion"": ""Variance not significantly difference between them""}]","### Task Description: You need to select relevant columns and all applicable methods from provided list for the given statistical question.
### Instruction: You should only reply with one answer in JSON format containing two keys: 'columns' and 'methods'. The value of 'columns' is a list of columns' headers relevant to the given statistical question, and the value of 'methods' is a list containing all methods you think applicable. For example: {""columns"": [""c1"", ""c2"", ""...""], ""methods"": [""m1"", ""m2"", ""...""]}. If you think there is a strata or control variable involved, put its column header in the last item of the columns list. Ensure your methods selection is only limited to the classification list provided.
### Classification List: 
Correlation Analysis: Pearson Correlation Coefficient, Spearman Correlation Coefficient, Kendall Correlation Coefficient, Partial Correlation Coefficient;
Distribution Compliance Test: Anderson-Darling Test, Shapiro-Wilk Test of Normality, Kolmogorov-Smirnov Test for Normality, Lilliefors Test, Kolmogorov-Smirnov Test, Kolmogorov-Smirnov Test for Uniform distribution, Kolmogorov-Smirnov Test for Gamma distribution, Kolmogorov-Smirnov Test for Exponential distribution;
Contingency Table Test: Chi-square Independence Test, Fisher Exact Test, Mantel-Haenszel Test;
Descriptive Statistics: Mean, Median, Mode, Range, Quartile, Standard Deviation, Skewness, Kurtosis;
Variance Test: Mood Variance Test, Levene Test, Bartlett Test, F-Test for Variance.
### Column Information: 
column_header: Year; data_type: Other; num_of_rows: 4; is_normality: False.
column_header: Nigeria; data_type: quantitative; num_of_rows: 4; is_normality: True.
column_header: Pakistan; data_type: quantitative; num_of_rows: 4; is_normality: True.
column_header: Japan; data_type: quantitative; num_of_rows: 4; is_normality: True.
column_header: United States; data_type: quantitative; num_of_rows: 4; is_normality: True.
column_header: Brazil; data_type: quantitative; num_of_rows: 4; is_normality: True.
column_header: Philippines; data_type: quantitative; num_of_rows: 4; is_normality: True.
column_header: Myanmar; data_type: quantitative; num_of_rows: 4; is_normality: True.
column_header: Thailand; data_type: quantitative; num_of_rows: 4; is_normality: True.
column_header: Vietnam; data_type: quantitative; num_of_rows: 4; is_normality: True.
column_header: Indonesia; data_type: quantitative; num_of_rows: 4; is_normality: True.
column_header: Bangladesh; data_type: quantitative; num_of_rows: 4; is_normality: True.
column_header: India; data_type: quantitative; num_of_rows: 4; is_normality: True.
column_header: China; data_type: quantitative; num_of_rows: 4; is_normality: True.
### Statistical Question: Are the variations in yearly crop yields similar in Japan and Brazil?
### Response: Let's work this out in a step-by-step way to be sure we have the right answer. The answer of relevant columns and applicable methods in JSON format and reason is:","### Response:
```json
{
  ""columns"": [""Japan"", ""Brazil""],
  ""methods"": [""Levene Test"", ""Bartlett Test"", ""Mood Variance Test"", ""F-Test for Variance""]
}
```

### Reason:
- **Columns**: The question is specifically about the yearly crop yields in Japan and Brazil. Therefore, the relevant columns are ""Japan"" and ""Brazil"".
- **Methods**: The question asks if the variations in yearly crop yields are similar in Japan and Brazil. This is a variance comparison question, so the applicable methods are those used for variance tests, such as Levene Test, Bartlett Test, Mood Variance Test, and F-Test for Variance.","{""columns"": [""Japan"", ""Brazil""], ""methods"": [""Mood Variance Test"", ""Levene Test"", ""Bartlett Test"", ""F-Test for Variance""]}","{
  ""columns"": [""Japan"", ""Brazil""],
  ""methods"": [""Levene Test"", ""Bartlett Test"", ""Mood Variance Test"", ""F-Test for Variance""]
}","{""Correct"": 4, ""Wrong"": 0, ""Missed"": 0}","{""Correct"": 2, ""Wrong"": 0, ""Missed"": 0}",1,1,1
Obesity or CVD Risk Dataset,Is the daily water consumption data consistent with an Exponential distribution?,"[{""column_header"": ""CH2O"", ""is_strata"": false, ""is_control"": false}]",Distribution Compliance Test,easy,"[{""method"": ""Kolmogorov-Smirnov Test for Exponential distribution"", ""result"": ""{\""p value\"": 0.0}"", ""conclusion"": ""Non-compliance""}]","### Task Description: You need to select relevant columns and all applicable methods from provided list for the given statistical question.
### Instruction: You should only reply with one answer in JSON format containing two keys: 'columns' and 'methods'. The value of 'columns' is a list of columns' headers relevant to the given statistical question, and the value of 'methods' is a list containing all methods you think applicable. For example: {""columns"": [""c1"", ""c2"", ""...""], ""methods"": [""m1"", ""m2"", ""...""]}. If you think there is a strata or control variable involved, put its column header in the last item of the columns list. Ensure your methods selection is only limited to the classification list provided.
### Classification List: 
Correlation Analysis: Pearson Correlation Coefficient, Spearman Correlation Coefficient, Kendall Correlation Coefficient, Partial Correlation Coefficient;
Distribution Compliance Test: Anderson-Darling Test, Shapiro-Wilk Test of Normality, Kolmogorov-Smirnov Test for Normality, Lilliefors Test, Kolmogorov-Smirnov Test, Kolmogorov-Smirnov Test for Uniform distribution, Kolmogorov-Smirnov Test for Gamma distribution, Kolmogorov-Smirnov Test for Exponential distribution;
Contingency Table Test: Chi-square Independence Test, Fisher Exact Test, Mantel-Haenszel Test;
Descriptive Statistics: Mean, Median, Mode, Range, Quartile, Standard Deviation, Skewness, Kurtosis;
Variance Test: Mood Variance Test, Levene Test, Bartlett Test, F-Test for Variance.
### Column Information: 
column_header: Gender; data_type: categorical; num_of_rows: 2111; is_normality: False.
column_header: Age; data_type: quantitative; num_of_rows: 2111; is_normality: False.
column_header: Height; data_type: quantitative; num_of_rows: 2111; is_normality: False.
column_header: Weight; data_type: quantitative; num_of_rows: 2111; is_normality: False.
column_header: family_history_with_overweight; data_type: categorical; num_of_rows: 2111; is_normality: False.
column_header: FAVC; data_type: categorical; num_of_rows: 2111; is_normality: False.
column_header: FCVC; data_type: quantitative; num_of_rows: 2111; is_normality: False.
column_header: NCP; data_type: quantitative; num_of_rows: 2111; is_normality: False.
column_header: CAEC; data_type: categorical; num_of_rows: 2111; is_normality: False.
column_header: SMOKE; data_type: categorical; num_of_rows: 2111; is_normality: False.
column_header: CH2O; data_type: quantitative; num_of_rows: 2111; is_normality: False.
column_header: SCC; data_type: categorical; num_of_rows: 2111; is_normality: False.
column_header: FAF; data_type: quantitative; num_of_rows: 2111; is_normality: False.
column_header: TUE; data_type: quantitative; num_of_rows: 2111; is_normality: False.
column_header: CALC; data_type: categorical; num_of_rows: 2111; is_normality: False.
column_header: MTRANS; data_type: categorical; num_of_rows: 2111; is_normality: False.
column_header: NObeyesdad; data_type: categorical; num_of_rows: 2111; is_normality: False.
### Statistical Question: Is the daily water consumption data consistent with an Exponential distribution?
### Response: Let's work this out in a step-by-step way to be sure we have the right answer. The answer of relevant columns and applicable methods in JSON format and reason is:","### Response:
Let's break down the statistical question and identify the relevant columns and methods:

1. **Statistical Question**: Is the daily water consumption data consistent with an Exponential distribution?
2. **Relevant Column**: The column that contains daily water consumption data is `CH2O`.
3. **Applicable Methods**: To test if the data is consistent with an Exponential distribution, we can use the Kolmogorov-Smirnov Test for Exponential distribution from the provided list.

Based on the above analysis, the relevant columns and methods are:

```json
{
  ""columns"": [""CH2O""],
  ""methods"": [""Kolmogorov-Smirnov Test for Exponential distribution""]
}
```","{""columns"": [""CH2O""], ""methods"": [""Kolmogorov-Smirnov Test for Exponential distribution""]}","{
  ""columns"": [""CH2O""],
  ""methods"": [""Kolmogorov-Smirnov Test for Exponential distribution""]
}","{""Correct"": 1, ""Wrong"": 0, ""Missed"": 0}","{""Correct"": 1, ""Wrong"": 0, ""Missed"": 0}",1,1,1
Dataset for Admission in the University,Does a significant difference exist in the frequency distribution of TOEFL scores compared to SOP?,"[{""column_header"": ""TOEFL Score"", ""is_strata"": false, ""is_control"": false}, {""column_header"": ""SOP"", ""is_strata"": false, ""is_control"": false}]",Distribution Compliance Test,easy,"[{""method"": ""Kolmogorov-Smirnov Test"", ""result"": ""{\""p value\"": 0.0}"", ""conclusion"": ""Distribution significantly different""}]","### Task Description: You need to select relevant columns and all applicable methods from provided list for the given statistical question.
### Instruction: You should only reply with one answer in JSON format containing two keys: 'columns' and 'methods'. The value of 'columns' is a list of columns' headers relevant to the given statistical question, and the value of 'methods' is a list containing all methods you think applicable. For example: {""columns"": [""c1"", ""c2"", ""...""], ""methods"": [""m1"", ""m2"", ""...""]}. If you think there is a strata or control variable involved, put its column header in the last item of the columns list. Ensure your methods selection is only limited to the classification list provided.
### Classification List: 
Correlation Analysis: Pearson Correlation Coefficient, Spearman Correlation Coefficient, Kendall Correlation Coefficient, Partial Correlation Coefficient;
Distribution Compliance Test: Anderson-Darling Test, Shapiro-Wilk Test of Normality, Kolmogorov-Smirnov Test for Normality, Lilliefors Test, Kolmogorov-Smirnov Test, Kolmogorov-Smirnov Test for Uniform distribution, Kolmogorov-Smirnov Test for Gamma distribution, Kolmogorov-Smirnov Test for Exponential distribution;
Contingency Table Test: Chi-square Independence Test, Fisher Exact Test, Mantel-Haenszel Test;
Descriptive Statistics: Mean, Median, Mode, Range, Quartile, Standard Deviation, Skewness, Kurtosis;
Variance Test: Mood Variance Test, Levene Test, Bartlett Test, F-Test for Variance.
### Column Information: 
column_header: Serial No.; data_type: id; num_of_rows: 400; is_normality: False.
column_header: GRE Score; data_type: quantitative; num_of_rows: 400; is_normality: False.
column_header: TOEFL Score; data_type: quantitative; num_of_rows: 400; is_normality: False.
column_header: University Rating; data_type: categorical; num_of_rows: 400; is_normality: False.
column_header: SOP; data_type: quantitative; num_of_rows: 400; is_normality: False.
column_header: LOR ; data_type: quantitative; num_of_rows: 400; is_normality: False.
column_header: CGPA; data_type: quantitative; num_of_rows: 400; is_normality: True.
column_header: Research; data_type: categorical; num_of_rows: 400; is_normality: False.
column_header: Chance of Admit ; data_type: quantitative; num_of_rows: 400; is_normality: False.
### Statistical Question: Does a significant difference exist in the frequency distribution of TOEFL scores compared to SOP?
### Response: Let's work this out in a step-by-step way to be sure we have the right answer. The answer of relevant columns and applicable methods in JSON format and reason is:","To address the statistical question ""Does a significant difference exist in the frequency distribution of TOEFL scores compared to SOP?"", we need to compare the distributions of two quantitative variables: TOEFL Score and SOP. 

### Step-by-Step Analysis:
1. **Identify Relevant Columns:**
   - TOEFL Score: This is a quantitative variable.
   - SOP: This is also a quantitative variable.

2. **Determine Applicable Methods:**
   - Since we are comparing the frequency distributions of two quantitative variables, we need a method that can test if the distributions are significantly different.
   - The Kolmogorov-Smirnov Test is suitable for comparing two distributions.

### Conclusion:
- **Relevant Columns:** [""TOEFL Score"", ""SOP""]
- **Applicable Methods:** [""Kolmogorov-Smirnov Test""]

### JSON Response:
```json
{
  ""columns"": [""TOEFL Score"", ""SOP""],
  ""methods"": [""Kolmogorov-Smirnov Test""]
}
```","{""columns"": [""TOEFL Score"", ""SOP""], ""methods"": [""Kolmogorov-Smirnov Test""]}","{
  ""columns"": [""TOEFL Score"", ""SOP""],
  ""methods"": [""Kolmogorov-Smirnov Test""]
}","{""Correct"": 1, ""Wrong"": 0, ""Missed"": 0}","{""Correct"": 2, ""Wrong"": 0, ""Missed"": 0}",1,1,1
Student Performance Prediction Dataset,Is there a correlation between the differences in students' residential addresses and the differences in their motivations for selecting this school?,"[{""column_header"": ""address"", ""is_strata"": false, ""is_control"": false}, {""column_header"": ""reason"", ""is_strata"": false, ""is_control"": false}]",Contingency Table Test,hard,"[{""method"": ""Chi-square Independence Test"", ""result"": ""{\""p value\"": 0.00024}"", ""conclusion"": ""Not independent""}]","### Task Description: You need to select relevant columns and all applicable methods from provided list for the given statistical question.
### Instruction: You should only reply with one answer in JSON format containing two keys: 'columns' and 'methods'. The value of 'columns' is a list of columns' headers relevant to the given statistical question, and the value of 'methods' is a list containing all methods you think applicable. For example: {""columns"": [""c1"", ""c2"", ""...""], ""methods"": [""m1"", ""m2"", ""...""]}. If you think there is a strata or control variable involved, put its column header in the last item of the columns list. Ensure your methods selection is only limited to the classification list provided.
### Classification List: 
Correlation Analysis: Pearson Correlation Coefficient, Spearman Correlation Coefficient, Kendall Correlation Coefficient, Partial Correlation Coefficient;
Distribution Compliance Test: Anderson-Darling Test, Shapiro-Wilk Test of Normality, Kolmogorov-Smirnov Test for Normality, Lilliefors Test, Kolmogorov-Smirnov Test, Kolmogorov-Smirnov Test for Uniform distribution, Kolmogorov-Smirnov Test for Gamma distribution, Kolmogorov-Smirnov Test for Exponential distribution;
Contingency Table Test: Chi-square Independence Test, Fisher Exact Test, Mantel-Haenszel Test;
Descriptive Statistics: Mean, Median, Mode, Range, Quartile, Standard Deviation, Skewness, Kurtosis;
Variance Test: Mood Variance Test, Levene Test, Bartlett Test, F-Test for Variance.
### Column Information: 
column_header: Unnamed: 0; data_type: id; num_of_rows: 649; is_normality: False.
column_header: school; data_type: categorical; num_of_rows: 649; is_normality: False.
column_header: sex; data_type: categorical; num_of_rows: 649; is_normality: False.
column_header: age; data_type: quantitative; num_of_rows: 649; is_normality: False.
column_header: address; data_type: categorical; num_of_rows: 649; is_normality: False.
column_header: famsize; data_type: categorical; num_of_rows: 649; is_normality: False.
column_header: Pstatus; data_type: categorical; num_of_rows: 649; is_normality: False.
column_header: Medu; data_type: quantitative; num_of_rows: 649; is_normality: False.
column_header: Fedu; data_type: quantitative; num_of_rows: 649; is_normality: False.
column_header: Mjob; data_type: categorical; num_of_rows: 649; is_normality: False.
column_header: Fjob; data_type: categorical; num_of_rows: 649; is_normality: False.
column_header: reason; data_type: categorical; num_of_rows: 649; is_normality: False.
column_header: guardian; data_type: categorical; num_of_rows: 649; is_normality: False.
column_header: traveltime; data_type: quantitative; num_of_rows: 649; is_normality: False.
column_header: studytime; data_type: quantitative; num_of_rows: 649; is_normality: False.
column_header: failures; data_type: quantitative; num_of_rows: 649; is_normality: False.
column_header: schoolsup; data_type: categorical; num_of_rows: 649; is_normality: False.
column_header: famsup; data_type: categorical; num_of_rows: 649; is_normality: False.
column_header: paid; data_type: categorical; num_of_rows: 649; is_normality: False.
column_header: activities; data_type: categorical; num_of_rows: 649; is_normality: False.
column_header: nursery; data_type: categorical; num_of_rows: 649; is_normality: False.
column_header: higher; data_type: categorical; num_of_rows: 649; is_normality: False.
column_header: internet; data_type: categorical; num_of_rows: 649; is_normality: False.
column_header: romantic; data_type: categorical; num_of_rows: 649; is_normality: False.
column_header: famrel; data_type: quantitative; num_of_rows: 649; is_normality: False.
column_header: freetime; data_type: quantitative; num_of_rows: 649; is_normality: False.
column_header: goout; data_type: quantitative; num_of_rows: 649; is_normality: False.
column_header: Dalc; data_type: quantitative; num_of_rows: 649; is_normality: False.
column_header: Walc; data_type: quantitative; num_of_rows: 649; is_normality: False.
column_header: health; data_type: quantitative; num_of_rows: 649; is_normality: False.
column_header: absences; data_type: quantitative; num_of_rows: 649; is_normality: False.
column_header: G1; data_type: quantitative; num_of_rows: 649; is_normality: False.
column_header: G2; data_type: quantitative; num_of_rows: 649; is_normality: False.
column_header: G3; data_type: quantitative; num_of_rows: 649; is_normality: False.
### Statistical Question: Is there a correlation between the differences in students' residential addresses and the differences in their motivations for selecting this school?
### Response: Let's work this out in a step-by-step way to be sure we have the right answer. The answer of relevant columns and applicable methods in JSON format and reason is:","### Step-by-Step Analysis:

1. **Identify the Variables:**
   - The statistical question is about the correlation between students' residential addresses and their motivations for selecting the school.
   - Residential address is represented by the column `address`.
   - Motivation for selecting the school is represented by the column `reason`.

2. **Determine the Data Types:**
   - `address` is a categorical variable.
   - `reason` is also a categorical variable.

3. **Select the Appropriate Methods:**
   - Since both variables are categorical, we need a method that can assess the relationship between two categorical variables.
   - The appropriate method from the provided list is the Chi-square Independence Test, which is used to determine if there is a significant association between two categorical variables.

### Conclusion:
- The relevant columns are `address` and `reason`.
- The applicable method is the Chi-square Independence Test.

### JSON Response:
```json
{
  ""columns"": [""address"", ""reason""],
  ""methods"": [""Chi-square Independence Test""]
}
```","{""columns"": [""address"", ""reason""], ""methods"": [""Chi-square Independence Test""]}","{
  ""columns"": [""address"", ""reason""],
  ""methods"": [""Chi-square Independence Test""]
}","{""Correct"": 1, ""Wrong"": 0, ""Missed"": 0}","{""Correct"": 2, ""Wrong"": 0, ""Missed"": 0}",1,1,1
Housing Price Dataset,What is the average price?,"[{""column_header"": ""Price"", ""is_strata"": false, ""is_control"": false}]",Descriptive Statistics,easy,"[{""method"": ""Mean"", ""result"": ""224827.32515"", ""conclusion"": ""224827.32515""}]","### Task Description: You need to select relevant columns and all applicable methods from provided list for the given statistical question.
### Instruction: You should only reply with one answer in JSON format containing two keys: 'columns' and 'methods'. The value of 'columns' is a list of columns' headers relevant to the given statistical question, and the value of 'methods' is a list containing all methods you think applicable. For example: {""columns"": [""c1"", ""c2"", ""...""], ""methods"": [""m1"", ""m2"", ""...""]}. If you think there is a strata or control variable involved, put its column header in the last item of the columns list. Ensure your methods selection is only limited to the classification list provided.
### Classification List: 
Correlation Analysis: Pearson Correlation Coefficient, Spearman Correlation Coefficient, Kendall Correlation Coefficient, Partial Correlation Coefficient;
Distribution Compliance Test: Anderson-Darling Test, Shapiro-Wilk Test of Normality, Kolmogorov-Smirnov Test for Normality, Lilliefors Test, Kolmogorov-Smirnov Test, Kolmogorov-Smirnov Test for Uniform distribution, Kolmogorov-Smirnov Test for Gamma distribution, Kolmogorov-Smirnov Test for Exponential distribution;
Contingency Table Test: Chi-square Independence Test, Fisher Exact Test, Mantel-Haenszel Test;
Descriptive Statistics: Mean, Median, Mode, Range, Quartile, Standard Deviation, Skewness, Kurtosis;
Variance Test: Mood Variance Test, Levene Test, Bartlett Test, F-Test for Variance.
### Column Information: 
column_header: SquareFeet; data_type: quantitative; num_of_rows: 50000; is_normality: False.
column_header: Bedrooms; data_type: quantitative; num_of_rows: 50000; is_normality: False.
column_header: Bathrooms; data_type: quantitative; num_of_rows: 50000; is_normality: False.
column_header: Neighborhood; data_type: categorical; num_of_rows: 50000; is_normality: False.
column_header: YearBuilt; data_type: other; num_of_rows: 50000; is_normality: False.
column_header: Price; data_type: quantitative; num_of_rows: 50000; is_normality: False.
### Statistical Question: What is the average price?
### Response: Let's work this out in a step-by-step way to be sure we have the right answer. The answer of relevant columns and applicable methods in JSON format and reason is:","### Response:
Let's break down the statistical question and the relevant information provided:

- **Statistical Question:** What is the average price?
- **Relevant Columns:**
  - `Price`: This is the quantitative column that we need to calculate the average for.
- **Applicable Methods:**
  - **Descriptive Statistics:** Specifically, the method ""Mean"" is used to calculate the average price.

Given this breakdown, the relevant columns and applicable methods can be summarized as follows:

```json
{
  ""columns"": [""Price""],
  ""methods"": [""Mean""]
}
```

This JSON format specifies that we only need the `Price` column and the method to calculate the mean (average) price.","{""columns"": [""Price""], ""methods"": [""Mean""]}","{
  ""columns"": [""Price""],
  ""methods"": [""Mean""]
}","{""Correct"": 1, ""Wrong"": 0, ""Missed"": 0}","{""Correct"": 1, ""Wrong"": 0, ""Missed"": 0}",1,1,1
Student Performance Prediction Dataset,"After controlling for the impact of past class failures, what is the correlation between weekend alcohol consumption (Walc) and current health status?","[{""column_header"": ""Walc"", ""is_strata"": false, ""is_control"": false}, {""column_header"": ""health"", ""is_strata"": false, ""is_control"": false}, {""column_header"": ""failures"", ""is_strata"": false, ""is_control"": true}]",Correlation Analysis,easy,"[{""method"": ""Partial Correlation Coefficient"", ""result"": ""{\""coefficient\"": 0.11251, \""p value\"": 0.00413}"", ""conclusion"": ""Not strongly correlated""}]","### Task Description: You need to select relevant columns and all applicable methods from provided list for the given statistical question.
### Instruction: You should only reply with one answer in JSON format containing two keys: 'columns' and 'methods'. The value of 'columns' is a list of columns' headers relevant to the given statistical question, and the value of 'methods' is a list containing all methods you think applicable. For example: {""columns"": [""c1"", ""c2"", ""...""], ""methods"": [""m1"", ""m2"", ""...""]}. If you think there is a strata or control variable involved, put its column header in the last item of the columns list. Ensure your methods selection is only limited to the classification list provided.
### Classification List: 
Correlation Analysis: Pearson Correlation Coefficient, Spearman Correlation Coefficient, Kendall Correlation Coefficient, Partial Correlation Coefficient;
Distribution Compliance Test: Anderson-Darling Test, Shapiro-Wilk Test of Normality, Kolmogorov-Smirnov Test for Normality, Lilliefors Test, Kolmogorov-Smirnov Test, Kolmogorov-Smirnov Test for Uniform distribution, Kolmogorov-Smirnov Test for Gamma distribution, Kolmogorov-Smirnov Test for Exponential distribution;
Contingency Table Test: Chi-square Independence Test, Fisher Exact Test, Mantel-Haenszel Test;
Descriptive Statistics: Mean, Median, Mode, Range, Quartile, Standard Deviation, Skewness, Kurtosis;
Variance Test: Mood Variance Test, Levene Test, Bartlett Test, F-Test for Variance.
### Column Information: 
column_header: Unnamed: 0; data_type: id; num_of_rows: 649; is_normality: False.
column_header: school; data_type: categorical; num_of_rows: 649; is_normality: False.
column_header: sex; data_type: categorical; num_of_rows: 649; is_normality: False.
column_header: age; data_type: quantitative; num_of_rows: 649; is_normality: False.
column_header: address; data_type: categorical; num_of_rows: 649; is_normality: False.
column_header: famsize; data_type: categorical; num_of_rows: 649; is_normality: False.
column_header: Pstatus; data_type: categorical; num_of_rows: 649; is_normality: False.
column_header: Medu; data_type: quantitative; num_of_rows: 649; is_normality: False.
column_header: Fedu; data_type: quantitative; num_of_rows: 649; is_normality: False.
column_header: Mjob; data_type: categorical; num_of_rows: 649; is_normality: False.
column_header: Fjob; data_type: categorical; num_of_rows: 649; is_normality: False.
column_header: reason; data_type: categorical; num_of_rows: 649; is_normality: False.
column_header: guardian; data_type: categorical; num_of_rows: 649; is_normality: False.
column_header: traveltime; data_type: quantitative; num_of_rows: 649; is_normality: False.
column_header: studytime; data_type: quantitative; num_of_rows: 649; is_normality: False.
column_header: failures; data_type: quantitative; num_of_rows: 649; is_normality: False.
column_header: schoolsup; data_type: categorical; num_of_rows: 649; is_normality: False.
column_header: famsup; data_type: categorical; num_of_rows: 649; is_normality: False.
column_header: paid; data_type: categorical; num_of_rows: 649; is_normality: False.
column_header: activities; data_type: categorical; num_of_rows: 649; is_normality: False.
column_header: nursery; data_type: categorical; num_of_rows: 649; is_normality: False.
column_header: higher; data_type: categorical; num_of_rows: 649; is_normality: False.
column_header: internet; data_type: categorical; num_of_rows: 649; is_normality: False.
column_header: romantic; data_type: categorical; num_of_rows: 649; is_normality: False.
column_header: famrel; data_type: quantitative; num_of_rows: 649; is_normality: False.
column_header: freetime; data_type: quantitative; num_of_rows: 649; is_normality: False.
column_header: goout; data_type: quantitative; num_of_rows: 649; is_normality: False.
column_header: Dalc; data_type: quantitative; num_of_rows: 649; is_normality: False.
column_header: Walc; data_type: quantitative; num_of_rows: 649; is_normality: False.
column_header: health; data_type: quantitative; num_of_rows: 649; is_normality: False.
column_header: absences; data_type: quantitative; num_of_rows: 649; is_normality: False.
column_header: G1; data_type: quantitative; num_of_rows: 649; is_normality: False.
column_header: G2; data_type: quantitative; num_of_rows: 649; is_normality: False.
column_header: G3; data_type: quantitative; num_of_rows: 649; is_normality: False.
### Statistical Question: After controlling for the impact of past class failures, what is the correlation between weekend alcohol consumption (Walc) and current health status?
### Response: Let's work this out in a step-by-step way to be sure we have the right answer. The answer of relevant columns and applicable methods in JSON format and reason is:","### Response:
```json
{
  ""columns"": [""Walc"", ""health"", ""failures""],
  ""methods"": [""Partial Correlation Coefficient""]
}
```

### Reason:
- **Columns:**
  - **Walc:** This is the variable representing weekend alcohol consumption.
  - **health:** This is the variable representing current health status.
  - **failures:** This is the variable representing past class failures, which we need to control for.

- **Methods:**
  - **Partial Correlation Coefficient:** This method is used to measure the correlation between two variables while controlling for the effect of one or more additional variables. In this case, we want to measure the correlation between Walc and health while controlling for failures.","{""columns"": [""Walc"", ""health"", ""failures""], ""methods"": [""Partial Correlation Coefficient""]}","{
  ""columns"": [""Walc"", ""health"", ""failures""],
  ""methods"": [""Partial Correlation Coefficient""]
}","{""Correct"": 1, ""Wrong"": 0, ""Missed"": 0}","{""Correct"": 3, ""Wrong"": 0, ""Missed"": 0}",1,1,1
Crop Production Dataset,Are the variances of annual crop production in Pakistan and India equal?,"[{""column_header"": ""Pakistan"", ""is_strata"": false, ""is_control"": false}, {""column_header"": ""India"", ""is_strata"": false, ""is_control"": false}]",Variance Test,easy,"[{""method"": ""Mood Variance Test"", ""result"": ""{\""stat\"": 0.0, \""p value\"": 1.0}"", ""conclusion"": ""Variance not significantly difference between them""}, {""method"": ""Levene Test"", ""result"": ""{\""stat\"": 5.97203, \""p value\"": 0.05021}"", ""conclusion"": ""Variance not significantly difference between them""}, {""method"": ""Bartlett Test"", ""result"": ""{\""stat\"": 11.75045, \""p value\"": 0.00061}"", ""conclusion"": ""Variance significantly difference between them""}, {""method"": ""F-Test for Variance"", ""result"": ""{\""stat\"": 86.19296, \""p value\"": 9e-05}"", ""conclusion"": ""Variance significantly difference between them""}]","### Task Description: You need to select relevant columns and all applicable methods from provided list for the given statistical question.
### Instruction: You should only reply with one answer in JSON format containing two keys: 'columns' and 'methods'. The value of 'columns' is a list of columns' headers relevant to the given statistical question, and the value of 'methods' is a list containing all methods you think applicable. For example: {""columns"": [""c1"", ""c2"", ""...""], ""methods"": [""m1"", ""m2"", ""...""]}. If you think there is a strata or control variable involved, put its column header in the last item of the columns list. Ensure your methods selection is only limited to the classification list provided.
### Classification List: 
Correlation Analysis: Pearson Correlation Coefficient, Spearman Correlation Coefficient, Kendall Correlation Coefficient, Partial Correlation Coefficient;
Distribution Compliance Test: Anderson-Darling Test, Shapiro-Wilk Test of Normality, Kolmogorov-Smirnov Test for Normality, Lilliefors Test, Kolmogorov-Smirnov Test, Kolmogorov-Smirnov Test for Uniform distribution, Kolmogorov-Smirnov Test for Gamma distribution, Kolmogorov-Smirnov Test for Exponential distribution;
Contingency Table Test: Chi-square Independence Test, Fisher Exact Test, Mantel-Haenszel Test;
Descriptive Statistics: Mean, Median, Mode, Range, Quartile, Standard Deviation, Skewness, Kurtosis;
Variance Test: Mood Variance Test, Levene Test, Bartlett Test, F-Test for Variance.
### Column Information: 
column_header: Year; data_type: Other; num_of_rows: 4; is_normality: False.
column_header: Nigeria; data_type: quantitative; num_of_rows: 4; is_normality: True.
column_header: Pakistan; data_type: quantitative; num_of_rows: 4; is_normality: True.
column_header: Japan; data_type: quantitative; num_of_rows: 4; is_normality: True.
column_header: United States; data_type: quantitative; num_of_rows: 4; is_normality: True.
column_header: Brazil; data_type: quantitative; num_of_rows: 4; is_normality: True.
column_header: Philippines; data_type: quantitative; num_of_rows: 4; is_normality: True.
column_header: Myanmar; data_type: quantitative; num_of_rows: 4; is_normality: True.
column_header: Thailand; data_type: quantitative; num_of_rows: 4; is_normality: True.
column_header: Vietnam; data_type: quantitative; num_of_rows: 4; is_normality: True.
column_header: Indonesia; data_type: quantitative; num_of_rows: 4; is_normality: True.
column_header: Bangladesh; data_type: quantitative; num_of_rows: 4; is_normality: True.
column_header: India; data_type: quantitative; num_of_rows: 4; is_normality: True.
column_header: China; data_type: quantitative; num_of_rows: 4; is_normality: True.
### Statistical Question: Are the variances of annual crop production in Pakistan and India equal?
### Response: Let's work this out in a step-by-step way to be sure we have the right answer. The answer of relevant columns and applicable methods in JSON format and reason is:","### Response:
```json
{
  ""columns"": [""Pakistan"", ""India""],
  ""methods"": [""Levene Test"", ""Bartlett Test"", ""Mood Variance Test"", ""F-Test for Variance""]
}
```

### Reason:
- **Columns**: The statistical question is about comparing the variances of annual crop production in Pakistan and India. Therefore, the relevant columns are ""Pakistan"" and ""India"".
- **Methods**: Since the question is about testing whether the variances of two groups (Pakistan and India) are equal, the applicable methods are variance tests. The provided list includes several variance tests: Levene Test, Bartlett Test, Mood Variance Test, and F-Test for Variance. All of these methods are suitable for comparing the variances of two groups.","{""columns"": [""Pakistan"", ""India""], ""methods"": [""Mood Variance Test"", ""Levene Test"", ""Bartlett Test"", ""F-Test for Variance""]}","{
  ""columns"": [""Pakistan"", ""India""],
  ""methods"": [""Levene Test"", ""Bartlett Test"", ""Mood Variance Test"", ""F-Test for Variance""]
}","{""Correct"": 4, ""Wrong"": 0, ""Missed"": 0}","{""Correct"": 2, ""Wrong"": 0, ""Missed"": 0}",1,1,1
Salary Dataset by Job Title and Country,What is the mode of the Education Level variable?,"[{""column_header"": ""Education Level"", ""is_strata"": false, ""is_control"": false}]",Descriptive Statistics,easy,"[{""method"": ""Mode"", ""result"": ""1"", ""conclusion"": ""1""}]","### Task Description: You need to select relevant columns and all applicable methods from provided list for the given statistical question.
### Instruction: You should only reply with one answer in JSON format containing two keys: 'columns' and 'methods'. The value of 'columns' is a list of columns' headers relevant to the given statistical question, and the value of 'methods' is a list containing all methods you think applicable. For example: {""columns"": [""c1"", ""c2"", ""...""], ""methods"": [""m1"", ""m2"", ""...""]}. If you think there is a strata or control variable involved, put its column header in the last item of the columns list. Ensure your methods selection is only limited to the classification list provided.
### Classification List: 
Correlation Analysis: Pearson Correlation Coefficient, Spearman Correlation Coefficient, Kendall Correlation Coefficient, Partial Correlation Coefficient;
Distribution Compliance Test: Anderson-Darling Test, Shapiro-Wilk Test of Normality, Kolmogorov-Smirnov Test for Normality, Lilliefors Test, Kolmogorov-Smirnov Test, Kolmogorov-Smirnov Test for Uniform distribution, Kolmogorov-Smirnov Test for Gamma distribution, Kolmogorov-Smirnov Test for Exponential distribution;
Contingency Table Test: Chi-square Independence Test, Fisher Exact Test, Mantel-Haenszel Test;
Descriptive Statistics: Mean, Median, Mode, Range, Quartile, Standard Deviation, Skewness, Kurtosis;
Variance Test: Mood Variance Test, Levene Test, Bartlett Test, F-Test for Variance.
### Column Information: 
column_header: Age; data_type: quantitative; num_of_rows: 6684; is_normality: False.
column_header: Gender; data_type: categorical; num_of_rows: 6684; is_normality: False.
column_header: Education Level; data_type: categorical; num_of_rows: 6684; is_normality: False.
column_header: Job Title; data_type: categorical; num_of_rows: 6684; is_normality: False.
column_header: Years of Experience; data_type: quantitative; num_of_rows: 6684; is_normality: False.
column_header: Salary; data_type: quantitative; num_of_rows: 6684; is_normality: False.
column_header: Country; data_type: categorical; num_of_rows: 6684; is_normality: False.
column_header: Race; data_type: categorical; num_of_rows: 6684; is_normality: False.
column_header: Senior; data_type: categorical; num_of_rows: 6684; is_normality: False.
### Statistical Question: What is the mode of the Education Level variable?
### Response: Let's work this out in a step-by-step way to be sure we have the right answer. The answer of relevant columns and applicable methods in JSON format and reason is:","### Response:
Let's break down the statistical question and determine the appropriate columns and methods.

**Statistical Question:** What is the mode of the Education Level variable?

1. **Relevant Columns:**
   - The question specifically asks for the mode of the ""Education Level"" variable.
   - Therefore, the relevant column is ""Education Level"".

2. **Applicable Methods:**
   - The mode is a measure of central tendency that identifies the most frequently occurring value in a dataset.
   - The method to calculate the mode falls under Descriptive Statistics.

Given this information, the JSON response should be:

```json
{
  ""columns"": [""Education Level""],
  ""methods"": [""Mode""]
}
```

This response captures the relevant column and the appropriate method to answer the statistical question.","{""columns"": [""Education Level""], ""methods"": [""Mode""]}","{
  ""columns"": [""Education Level""],
  ""methods"": [""Mode""]
}","{""Correct"": 1, ""Wrong"": 0, ""Missed"": 0}","{""Correct"": 1, ""Wrong"": 0, ""Missed"": 0}",1,1,1
Crop Production Dataset,Is the variability in annual crop production in Brazil comparable to that of Indonesia?,"[{""column_header"": ""Brazil"", ""is_strata"": false, ""is_control"": false}, {""column_header"": ""Indonesia"", ""is_strata"": false, ""is_control"": false}]",Variance Test,easy,"[{""method"": ""Mood Variance Test"", ""result"": ""{\""stat\"": 0.0, \""p value\"": 1.0}"", ""conclusion"": ""Variance not significantly difference between them""}, {""method"": ""Levene Test"", ""result"": ""{\""stat\"": 2.8432, \""p value\"": 0.14274}"", ""conclusion"": ""Variance not significantly difference between them""}, {""method"": ""Bartlett Test"", ""result"": ""{\""stat\"": 2.83526, \""p value\"": 0.09222}"", ""conclusion"": ""Variance not significantly difference between them""}, {""method"": ""F-Test for Variance"", ""result"": ""{\""stat\"": 189.73042, \""p value\"": 1e-05}"", ""conclusion"": ""Variance significantly difference between them""}]","### Task Description: You need to select relevant columns and all applicable methods from provided list for the given statistical question.
### Instruction: You should only reply with one answer in JSON format containing two keys: 'columns' and 'methods'. The value of 'columns' is a list of columns' headers relevant to the given statistical question, and the value of 'methods' is a list containing all methods you think applicable. For example: {""columns"": [""c1"", ""c2"", ""...""], ""methods"": [""m1"", ""m2"", ""...""]}. If you think there is a strata or control variable involved, put its column header in the last item of the columns list. Ensure your methods selection is only limited to the classification list provided.
### Classification List: 
Correlation Analysis: Pearson Correlation Coefficient, Spearman Correlation Coefficient, Kendall Correlation Coefficient, Partial Correlation Coefficient;
Distribution Compliance Test: Anderson-Darling Test, Shapiro-Wilk Test of Normality, Kolmogorov-Smirnov Test for Normality, Lilliefors Test, Kolmogorov-Smirnov Test, Kolmogorov-Smirnov Test for Uniform distribution, Kolmogorov-Smirnov Test for Gamma distribution, Kolmogorov-Smirnov Test for Exponential distribution;
Contingency Table Test: Chi-square Independence Test, Fisher Exact Test, Mantel-Haenszel Test;
Descriptive Statistics: Mean, Median, Mode, Range, Quartile, Standard Deviation, Skewness, Kurtosis;
Variance Test: Mood Variance Test, Levene Test, Bartlett Test, F-Test for Variance.
### Column Information: 
column_header: Year; data_type: Other; num_of_rows: 4; is_normality: False.
column_header: Nigeria; data_type: quantitative; num_of_rows: 4; is_normality: True.
column_header: Pakistan; data_type: quantitative; num_of_rows: 4; is_normality: True.
column_header: Japan; data_type: quantitative; num_of_rows: 4; is_normality: True.
column_header: United States; data_type: quantitative; num_of_rows: 4; is_normality: True.
column_header: Brazil; data_type: quantitative; num_of_rows: 4; is_normality: True.
column_header: Philippines; data_type: quantitative; num_of_rows: 4; is_normality: True.
column_header: Myanmar; data_type: quantitative; num_of_rows: 4; is_normality: True.
column_header: Thailand; data_type: quantitative; num_of_rows: 4; is_normality: True.
column_header: Vietnam; data_type: quantitative; num_of_rows: 4; is_normality: True.
column_header: Indonesia; data_type: quantitative; num_of_rows: 4; is_normality: True.
column_header: Bangladesh; data_type: quantitative; num_of_rows: 4; is_normality: True.
column_header: India; data_type: quantitative; num_of_rows: 4; is_normality: True.
column_header: China; data_type: quantitative; num_of_rows: 4; is_normality: True.
### Statistical Question: Is the variability in annual crop production in Brazil comparable to that of Indonesia?
### Response: Let's work this out in a step-by-step way to be sure we have the right answer. The answer of relevant columns and applicable methods in JSON format and reason is:","### Step-by-Step Analysis:

1. **Identify the Relevant Columns:**
   - The statistical question is about comparing the variability in annual crop production between Brazil and Indonesia.
   - Therefore, the relevant columns are ""Brazil"" and ""Indonesia"".

2. **Identify the Applicable Methods:**
   - The question is about comparing the variability (spread) of the data between two groups.
   - Variance tests are used to compare the variability between two or more groups.
   - The applicable methods from the provided list are:
     - Mood Variance Test
     - Levene Test
     - Bartlett Test
     - F-Test for Variance

### Response:

```json
{
  ""columns"": [""Brazil"", ""Indonesia""],
  ""methods"": [""Mood Variance Test"", ""Levene Test"", ""Bartlett Test"", ""F-Test for Variance""]
}
```","{""columns"": [""Brazil"", ""Indonesia""], ""methods"": [""Mood Variance Test"", ""Levene Test"", ""Bartlett Test"", ""F-Test for Variance""]}","{
  ""columns"": [""Brazil"", ""Indonesia""],
  ""methods"": [""Mood Variance Test"", ""Levene Test"", ""Bartlett Test"", ""F-Test for Variance""]
}","{""Correct"": 4, ""Wrong"": 0, ""Missed"": 0}","{""Correct"": 2, ""Wrong"": 0, ""Missed"": 0}",1,1,1
Video Games Sales Dataset,Could you calculate the standard deviation of the review scores for the game?,"[{""column_header"": ""Review"", ""is_strata"": false, ""is_control"": false}]",Descriptive Statistics,easy,"[{""method"": ""Standard Deviation"", ""result"": ""10.61412"", ""conclusion"": ""10.61412""}]","### Task Description: You need to select relevant columns and all applicable methods from provided list for the given statistical question.
### Instruction: You should only reply with one answer in JSON format containing two keys: 'columns' and 'methods'. The value of 'columns' is a list of columns' headers relevant to the given statistical question, and the value of 'methods' is a list containing all methods you think applicable. For example: {""columns"": [""c1"", ""c2"", ""...""], ""methods"": [""m1"", ""m2"", ""...""]}. If you think there is a strata or control variable involved, put its column header in the last item of the columns list. Ensure your methods selection is only limited to the classification list provided.
### Classification List: 
Correlation Analysis: Pearson Correlation Coefficient, Spearman Correlation Coefficient, Kendall Correlation Coefficient, Partial Correlation Coefficient;
Distribution Compliance Test: Anderson-Darling Test, Shapiro-Wilk Test of Normality, Kolmogorov-Smirnov Test for Normality, Lilliefors Test, Kolmogorov-Smirnov Test, Kolmogorov-Smirnov Test for Uniform distribution, Kolmogorov-Smirnov Test for Gamma distribution, Kolmogorov-Smirnov Test for Exponential distribution;
Contingency Table Test: Chi-square Independence Test, Fisher Exact Test, Mantel-Haenszel Test;
Descriptive Statistics: Mean, Median, Mode, Range, Quartile, Standard Deviation, Skewness, Kurtosis;
Variance Test: Mood Variance Test, Levene Test, Bartlett Test, F-Test for Variance.
### Column Information: 
column_header: index; data_type: id; num_of_rows: 1907; is_normality: False.
column_header: Rank; data_type: quantitative; num_of_rows: 1907; is_normality: False.
column_header: Game Title; data_type: other; num_of_rows: 1907; is_normality: False.
column_header: Platform; data_type: categorical; num_of_rows: 1907; is_normality: False.
column_header: Year; data_type: other; num_of_rows: 1907; is_normality: False.
column_header: Genre; data_type: categorical; num_of_rows: 1907; is_normality: False.
column_header: Publisher; data_type: categorical; num_of_rows: 1907; is_normality: False.
column_header: North America; data_type: quantitative; num_of_rows: 1907; is_normality: False.
column_header: Europe; data_type: quantitative; num_of_rows: 1907; is_normality: False.
column_header: Japan; data_type: quantitative; num_of_rows: 1907; is_normality: False.
column_header: Rest of World; data_type: quantitative; num_of_rows: 1907; is_normality: False.
column_header: Global; data_type: quantitative; num_of_rows: 1907; is_normality: False.
column_header: Review; data_type: quantitative; num_of_rows: 1907; is_normality: False.
### Statistical Question: Could you calculate the standard deviation of the review scores for the game?
### Response: Let's work this out in a step-by-step way to be sure we have the right answer. The answer of relevant columns and applicable methods in JSON format and reason is:","### Response:
```json
{
  ""columns"": [""Review""],
  ""methods"": [""Standard Deviation""]
}
```

### Reason:
- **Columns**: The statistical question asks for the standard deviation of the review scores. The relevant column here is ""Review"" as it contains the review scores.
- **Methods**: The applicable method is ""Standard Deviation"" as it is used to measure the dispersion or variability of the review scores.","{""columns"": [""Review""], ""methods"": [""Standard Deviation""]}","{
  ""columns"": [""Review""],
  ""methods"": [""Standard Deviation""]
}","{""Correct"": 1, ""Wrong"": 0, ""Missed"": 0}","{""Correct"": 1, ""Wrong"": 0, ""Missed"": 0}",1,1,1
Student Performance Prediction Dataset,Is there any relationship between the travel time from home to school and the first period grade?,"[{""column_header"": ""traveltime"", ""is_strata"": false, ""is_control"": false}, {""column_header"": ""G1"", ""is_strata"": false, ""is_control"": false}]",Correlation Analysis,easy,"[{""method"": ""Pearson Correlation Coefficient"", ""result"": ""{\""coefficient\"": -0.15412}"", ""conclusion"": ""Not strongly correlated""}, {""method"": ""Spearman Correlation Coefficient"", ""result"": ""{\""coefficient\"": -0.16623}"", ""conclusion"": ""Not strongly correlated""}, {""method"": ""Kendall Correlation Coefficient"", ""result"": ""{\""coefficient\"": -0.13611}"", ""conclusion"": ""Not strongly correlated""}]","### Task Description: You need to select relevant columns and all applicable methods from provided list for the given statistical question.
### Instruction: You should only reply with one answer in JSON format containing two keys: 'columns' and 'methods'. The value of 'columns' is a list of columns' headers relevant to the given statistical question, and the value of 'methods' is a list containing all methods you think applicable. For example: {""columns"": [""c1"", ""c2"", ""...""], ""methods"": [""m1"", ""m2"", ""...""]}. If you think there is a strata or control variable involved, put its column header in the last item of the columns list. Ensure your methods selection is only limited to the classification list provided.
### Classification List: 
Correlation Analysis: Pearson Correlation Coefficient, Spearman Correlation Coefficient, Kendall Correlation Coefficient, Partial Correlation Coefficient;
Distribution Compliance Test: Anderson-Darling Test, Shapiro-Wilk Test of Normality, Kolmogorov-Smirnov Test for Normality, Lilliefors Test, Kolmogorov-Smirnov Test, Kolmogorov-Smirnov Test for Uniform distribution, Kolmogorov-Smirnov Test for Gamma distribution, Kolmogorov-Smirnov Test for Exponential distribution;
Contingency Table Test: Chi-square Independence Test, Fisher Exact Test, Mantel-Haenszel Test;
Descriptive Statistics: Mean, Median, Mode, Range, Quartile, Standard Deviation, Skewness, Kurtosis;
Variance Test: Mood Variance Test, Levene Test, Bartlett Test, F-Test for Variance.
### Column Information: 
column_header: Unnamed: 0; data_type: id; num_of_rows: 649; is_normality: False.
column_header: school; data_type: categorical; num_of_rows: 649; is_normality: False.
column_header: sex; data_type: categorical; num_of_rows: 649; is_normality: False.
column_header: age; data_type: quantitative; num_of_rows: 649; is_normality: False.
column_header: address; data_type: categorical; num_of_rows: 649; is_normality: False.
column_header: famsize; data_type: categorical; num_of_rows: 649; is_normality: False.
column_header: Pstatus; data_type: categorical; num_of_rows: 649; is_normality: False.
column_header: Medu; data_type: quantitative; num_of_rows: 649; is_normality: False.
column_header: Fedu; data_type: quantitative; num_of_rows: 649; is_normality: False.
column_header: Mjob; data_type: categorical; num_of_rows: 649; is_normality: False.
column_header: Fjob; data_type: categorical; num_of_rows: 649; is_normality: False.
column_header: reason; data_type: categorical; num_of_rows: 649; is_normality: False.
column_header: guardian; data_type: categorical; num_of_rows: 649; is_normality: False.
column_header: traveltime; data_type: quantitative; num_of_rows: 649; is_normality: False.
column_header: studytime; data_type: quantitative; num_of_rows: 649; is_normality: False.
column_header: failures; data_type: quantitative; num_of_rows: 649; is_normality: False.
column_header: schoolsup; data_type: categorical; num_of_rows: 649; is_normality: False.
column_header: famsup; data_type: categorical; num_of_rows: 649; is_normality: False.
column_header: paid; data_type: categorical; num_of_rows: 649; is_normality: False.
column_header: activities; data_type: categorical; num_of_rows: 649; is_normality: False.
column_header: nursery; data_type: categorical; num_of_rows: 649; is_normality: False.
column_header: higher; data_type: categorical; num_of_rows: 649; is_normality: False.
column_header: internet; data_type: categorical; num_of_rows: 649; is_normality: False.
column_header: romantic; data_type: categorical; num_of_rows: 649; is_normality: False.
column_header: famrel; data_type: quantitative; num_of_rows: 649; is_normality: False.
column_header: freetime; data_type: quantitative; num_of_rows: 649; is_normality: False.
column_header: goout; data_type: quantitative; num_of_rows: 649; is_normality: False.
column_header: Dalc; data_type: quantitative; num_of_rows: 649; is_normality: False.
column_header: Walc; data_type: quantitative; num_of_rows: 649; is_normality: False.
column_header: health; data_type: quantitative; num_of_rows: 649; is_normality: False.
column_header: absences; data_type: quantitative; num_of_rows: 649; is_normality: False.
column_header: G1; data_type: quantitative; num_of_rows: 649; is_normality: False.
column_header: G2; data_type: quantitative; num_of_rows: 649; is_normality: False.
column_header: G3; data_type: quantitative; num_of_rows: 649; is_normality: False.
### Statistical Question: Is there any relationship between the travel time from home to school and the first period grade?
### Response: Let's work this out in a step-by-step way to be sure we have the right answer. The answer of relevant columns and applicable methods in JSON format and reason is:","### Response:
```json
{
  ""columns"": [""traveltime"", ""G1""],
  ""methods"": [""Pearson Correlation Coefficient"", ""Spearman Correlation Coefficient"", ""Kendall Correlation Coefficient""]
}
```

### Reason:
- **Columns**: The statistical question asks about the relationship between ""traveltime"" and the ""first period grade"" (G1). Therefore, the relevant columns are ""traveltime"" and ""G1"".
- **Methods**: To determine if there is any relationship between these two quantitative variables, we can use correlation analysis methods such as Pearson Correlation Coefficient, Spearman Correlation Coefficient, and Kendall Correlation Coefficient. These methods will help us understand the strength and direction of the relationship between travel time and the first period grade.","{""columns"": [""traveltime"", ""G1""], ""methods"": [""Pearson Correlation Coefficient"", ""Spearman Correlation Coefficient"", ""Kendall Correlation Coefficient""]}","{
  ""columns"": [""traveltime"", ""G1""],
  ""methods"": [""Pearson Correlation Coefficient"", ""Spearman Correlation Coefficient"", ""Kendall Correlation Coefficient""]
}","{""Correct"": 3, ""Wrong"": 0, ""Missed"": 0}","{""Correct"": 2, ""Wrong"": 0, ""Missed"": 0}",1,1,1
Housing Price Dataset,Could you calculate the kurtosis of the variable representing the number of bathrooms?,"[{""column_header"": ""Bathrooms"", ""is_strata"": false, ""is_control"": false}]",Descriptive Statistics,easy,"[{""method"": ""Kurtosis"", ""result"": ""-1.49758"", ""conclusion"": ""-1.49758""}]","### Task Description: You need to select relevant columns and all applicable methods from provided list for the given statistical question.
### Instruction: You should only reply with one answer in JSON format containing two keys: 'columns' and 'methods'. The value of 'columns' is a list of columns' headers relevant to the given statistical question, and the value of 'methods' is a list containing all methods you think applicable. For example: {""columns"": [""c1"", ""c2"", ""...""], ""methods"": [""m1"", ""m2"", ""...""]}. If you think there is a strata or control variable involved, put its column header in the last item of the columns list. Ensure your methods selection is only limited to the classification list provided.
### Classification List: 
Correlation Analysis: Pearson Correlation Coefficient, Spearman Correlation Coefficient, Kendall Correlation Coefficient, Partial Correlation Coefficient;
Distribution Compliance Test: Anderson-Darling Test, Shapiro-Wilk Test of Normality, Kolmogorov-Smirnov Test for Normality, Lilliefors Test, Kolmogorov-Smirnov Test, Kolmogorov-Smirnov Test for Uniform distribution, Kolmogorov-Smirnov Test for Gamma distribution, Kolmogorov-Smirnov Test for Exponential distribution;
Contingency Table Test: Chi-square Independence Test, Fisher Exact Test, Mantel-Haenszel Test;
Descriptive Statistics: Mean, Median, Mode, Range, Quartile, Standard Deviation, Skewness, Kurtosis;
Variance Test: Mood Variance Test, Levene Test, Bartlett Test, F-Test for Variance.
### Column Information: 
column_header: SquareFeet; data_type: quantitative; num_of_rows: 50000; is_normality: False.
column_header: Bedrooms; data_type: quantitative; num_of_rows: 50000; is_normality: False.
column_header: Bathrooms; data_type: quantitative; num_of_rows: 50000; is_normality: False.
column_header: Neighborhood; data_type: categorical; num_of_rows: 50000; is_normality: False.
column_header: YearBuilt; data_type: other; num_of_rows: 50000; is_normality: False.
column_header: Price; data_type: quantitative; num_of_rows: 50000; is_normality: False.
### Statistical Question: Could you calculate the kurtosis of the variable representing the number of bathrooms?
### Response: Let's work this out in a step-by-step way to be sure we have the right answer. The answer of relevant columns and applicable methods in JSON format and reason is:","### Response:
Let's break down the statistical question and determine the appropriate columns and methods.

**Statistical Question:** Calculate the kurtosis of the variable representing the number of bathrooms.

1. **Relevant Columns:**
   - The variable representing the number of bathrooms is `Bathrooms`.

2. **Applicable Methods:**
   - From the provided classification list, the method that calculates kurtosis falls under Descriptive Statistics.

Based on the above analysis, the relevant columns and applicable methods are:

```json
{
  ""columns"": [""Bathrooms""],
  ""methods"": [""Kurtosis""]
}
```","{""columns"": [""Bathrooms""], ""methods"": [""Kurtosis""]}","{
  ""columns"": [""Bathrooms""],
  ""methods"": [""Kurtosis""]
}","{""Correct"": 1, ""Wrong"": 0, ""Missed"": 0}","{""Correct"": 1, ""Wrong"": 0, ""Missed"": 0}",1,1,1
Customer Personality Analysis Dataset,What is the strength of the correlation between the number of days since a customer's last purchase (Recency) and the amount spent on fruits in the last 2 years (MntFruits)?,"[{""column_header"": ""Recency"", ""is_strata"": false, ""is_control"": false}, {""column_header"": ""MntFruits"", ""is_strata"": false, ""is_control"": false}]",Correlation Analysis,easy,"[{""method"": ""Pearson Correlation Coefficient"", ""result"": ""{\""coefficient\"": -0.00431}"", ""conclusion"": ""Not strongly correlated""}, {""method"": ""Spearman Correlation Coefficient"", ""result"": ""{\""coefficient\"": 0.0253}"", ""conclusion"": ""Not strongly correlated""}, {""method"": ""Kendall Correlation Coefficient"", ""result"": ""{\""coefficient\"": 0.01706}"", ""conclusion"": ""Not strongly correlated""}]","### Task Description: You need to select relevant columns and all applicable methods from provided list for the given statistical question.
### Instruction: You should only reply with one answer in JSON format containing two keys: 'columns' and 'methods'. The value of 'columns' is a list of columns' headers relevant to the given statistical question, and the value of 'methods' is a list containing all methods you think applicable. For example: {""columns"": [""c1"", ""c2"", ""...""], ""methods"": [""m1"", ""m2"", ""...""]}. If you think there is a strata or control variable involved, put its column header in the last item of the columns list. Ensure your methods selection is only limited to the classification list provided.
### Classification List: 
Correlation Analysis: Pearson Correlation Coefficient, Spearman Correlation Coefficient, Kendall Correlation Coefficient, Partial Correlation Coefficient;
Distribution Compliance Test: Anderson-Darling Test, Shapiro-Wilk Test of Normality, Kolmogorov-Smirnov Test for Normality, Lilliefors Test, Kolmogorov-Smirnov Test, Kolmogorov-Smirnov Test for Uniform distribution, Kolmogorov-Smirnov Test for Gamma distribution, Kolmogorov-Smirnov Test for Exponential distribution;
Contingency Table Test: Chi-square Independence Test, Fisher Exact Test, Mantel-Haenszel Test;
Descriptive Statistics: Mean, Median, Mode, Range, Quartile, Standard Deviation, Skewness, Kurtosis;
Variance Test: Mood Variance Test, Levene Test, Bartlett Test, F-Test for Variance.
### Column Information: 
column_header: ID; data_type: id; num_of_rows: 2240; is_normality: False.
column_header: Year_Birth; data_type: other; num_of_rows: 2240; is_normality: False.
column_header: Education; data_type: categorical; num_of_rows: 2240; is_normality: False.
column_header: Marital_Status; data_type: categorical; num_of_rows: 2240; is_normality: False.
column_header: Income; data_type: quantitative; num_of_rows: 2240; is_normality: False.
column_header: Kidhome; data_type: quantitative; num_of_rows: 2240; is_normality: False.
column_header: Teenhome; data_type: quantitative; num_of_rows: 2240; is_normality: False.
column_header: Dt_Customer; data_type: other; num_of_rows: 2240; is_normality: False.
column_header: Recency; data_type: quantitative; num_of_rows: 2240; is_normality: False.
column_header: MntWines; data_type: quantitative; num_of_rows: 2240; is_normality: False.
column_header: MntFruits; data_type: quantitative; num_of_rows: 2240; is_normality: False.
column_header: MntMeatProducts; data_type: quantitative; num_of_rows: 2240; is_normality: False.
column_header: MntFishProducts; data_type: quantitative; num_of_rows: 2240; is_normality: False.
column_header: MntSweetProducts; data_type: quantitative; num_of_rows: 2240; is_normality: False.
column_header: MntGoldProds; data_type: quantitative; num_of_rows: 2240; is_normality: False.
column_header: NumDealsPurchases; data_type: quantitative; num_of_rows: 2240; is_normality: False.
column_header: NumWebPurchases; data_type: quantitative; num_of_rows: 2240; is_normality: False.
column_header: NumCatalogPurchases; data_type: quantitative; num_of_rows: 2240; is_normality: False.
column_header: NumStorePurchases; data_type: quantitative; num_of_rows: 2240; is_normality: False.
column_header: NumWebVisitsMonth; data_type: quantitative; num_of_rows: 2240; is_normality: False.
column_header: AcceptedCmp3; data_type: categorical; num_of_rows: 2240; is_normality: False.
column_header: AcceptedCmp4; data_type: categorical; num_of_rows: 2240; is_normality: False.
column_header: AcceptedCmp5; data_type: categorical; num_of_rows: 2240; is_normality: False.
column_header: AcceptedCmp1; data_type: categorical; num_of_rows: 2240; is_normality: False.
column_header: AcceptedCmp2; data_type: categorical; num_of_rows: 2240; is_normality: False.
column_header: Complain; data_type: categorical; num_of_rows: 2240; is_normality: False.
column_header: Z_CostContact; data_type: quantitative; num_of_rows: 2240; is_normality: False.
column_header: Z_Revenue; data_type: quantitative; num_of_rows: 2240; is_normality: False.
column_header: Response; data_type: categorical; num_of_rows: 2240; is_normality: False.
### Statistical Question: What is the strength of the correlation between the number of days since a customer's last purchase (Recency) and the amount spent on fruits in the last 2 years (MntFruits)?
### Response: Let's work this out in a step-by-step way to be sure we have the right answer. The answer of relevant columns and applicable methods in JSON format and reason is:","### Response:
```json
{
  ""columns"": [""Recency"", ""MntFruits""],
  ""methods"": [""Pearson Correlation Coefficient"", ""Spearman Correlation Coefficient"", ""Kendall Correlation Coefficient""]
}
```

### Reason:
- **Relevant Columns**: The statistical question asks about the correlation between ""Recency"" (number of days since a customer's last purchase) and ""MntFruits"" (amount spent on fruits in the last 2 years). Therefore, the relevant columns are ""Recency"" and ""MntFruits"".
- **Applicable Methods**: Since the question is about the strength of the correlation between two quantitative variables, the appropriate methods are the Pearson Correlation Coefficient, Spearman Correlation Coefficient, and Kendall Correlation Coefficient. These methods are used to measure the strength and direction of the relationship between two variables.","{""columns"": [""Recency"", ""MntFruits""], ""methods"": [""Pearson Correlation Coefficient"", ""Spearman Correlation Coefficient"", ""Kendall Correlation Coefficient""]}","{
  ""columns"": [""Recency"", ""MntFruits""],
  ""methods"": [""Pearson Correlation Coefficient"", ""Spearman Correlation Coefficient"", ""Kendall Correlation Coefficient""]
}","{""Correct"": 3, ""Wrong"": 0, ""Missed"": 0}","{""Correct"": 2, ""Wrong"": 0, ""Missed"": 0}",1,1,1
Heart Failure Prediction Dataset,Is there evidence of a relationship between the presence of exercise-induced angina and the slope of the peak exercise ST segment that indicates a pattern?,"[{""column_header"": ""ExerciseAngina"", ""is_strata"": false, ""is_control"": false}, {""column_header"": ""ST_Slope"", ""is_strata"": false, ""is_control"": false}]",Contingency Table Test,hard,"[{""method"": ""Chi-square Independence Test"", ""result"": ""{\""p value\"": 0.0}"", ""conclusion"": ""Not independent""}]","### Task Description: You need to select relevant columns and all applicable methods from provided list for the given statistical question.
### Instruction: You should only reply with one answer in JSON format containing two keys: 'columns' and 'methods'. The value of 'columns' is a list of columns' headers relevant to the given statistical question, and the value of 'methods' is a list containing all methods you think applicable. For example: {""columns"": [""c1"", ""c2"", ""...""], ""methods"": [""m1"", ""m2"", ""...""]}. If you think there is a strata or control variable involved, put its column header in the last item of the columns list. Ensure your methods selection is only limited to the classification list provided.
### Classification List: 
Correlation Analysis: Pearson Correlation Coefficient, Spearman Correlation Coefficient, Kendall Correlation Coefficient, Partial Correlation Coefficient;
Distribution Compliance Test: Anderson-Darling Test, Shapiro-Wilk Test of Normality, Kolmogorov-Smirnov Test for Normality, Lilliefors Test, Kolmogorov-Smirnov Test, Kolmogorov-Smirnov Test for Uniform distribution, Kolmogorov-Smirnov Test for Gamma distribution, Kolmogorov-Smirnov Test for Exponential distribution;
Contingency Table Test: Chi-square Independence Test, Fisher Exact Test, Mantel-Haenszel Test;
Descriptive Statistics: Mean, Median, Mode, Range, Quartile, Standard Deviation, Skewness, Kurtosis;
Variance Test: Mood Variance Test, Levene Test, Bartlett Test, F-Test for Variance.
### Column Information: 
column_header: Age; data_type: quantitative; num_of_rows: 918; is_normality: False.
column_header: Sex; data_type: categorical; num_of_rows: 918; is_normality: False.
column_header: ChestPainType; data_type: categorical; num_of_rows: 918; is_normality: False.
column_header: RestingBP; data_type: quantitative; num_of_rows: 918; is_normality: False.
column_header: Cholesterol; data_type: quantitative; num_of_rows: 918; is_normality: False.
column_header: FastingBS; data_type: categorical; num_of_rows: 918; is_normality: False.
column_header: RestingECG; data_type: categorical; num_of_rows: 918; is_normality: False.
column_header: MaxHR; data_type: quantitative; num_of_rows: 918; is_normality: False.
column_header: ExerciseAngina; data_type: categorical; num_of_rows: 918; is_normality: False.
column_header: Oldpeak; data_type: quantitative; num_of_rows: 918; is_normality: False.
column_header: ST_Slope; data_type: categorical; num_of_rows: 918; is_normality: False.
column_header: HeartDisease; data_type: categorical; num_of_rows: 918; is_normality: False.
### Statistical Question: Is there evidence of a relationship between the presence of exercise-induced angina and the slope of the peak exercise ST segment that indicates a pattern?
### Response: Let's work this out in a step-by-step way to be sure we have the right answer. The answer of relevant columns and applicable methods in JSON format and reason is:","### Response:
Let's break down the statistical question and determine the appropriate columns and methods.

**Statistical Question:** Is there evidence of a relationship between the presence of exercise-induced angina and the slope of the peak exercise ST segment that indicates a pattern?

- **Relevant Columns:**
  - `ExerciseAngina`: This is a categorical variable indicating the presence of exercise-induced angina.
  - `ST_Slope`: This is a categorical variable indicating the slope of the peak exercise ST segment.

- **Applicable Methods:**
  - Since both `ExerciseAngina` and `ST_Slope` are categorical variables, we should use a contingency table test to determine if there is a relationship between them.
  - The appropriate method here is the **Chi-square Independence Test**.

Thus, the relevant columns are `ExerciseAngina` and `ST_Slope`, and the applicable method is the Chi-square Independence Test.

### JSON Format Response:
```json
{
  ""columns"": [""ExerciseAngina"", ""ST_Slope""],
  ""methods"": [""Chi-square Independence Test""]
}
```","{""columns"": [""ExerciseAngina"", ""ST_Slope""], ""methods"": [""Chi-square Independence Test""]}","{
  ""columns"": [""ExerciseAngina"", ""ST_Slope""],
  ""methods"": [""Chi-square Independence Test""]
}","{""Correct"": 1, ""Wrong"": 0, ""Missed"": 0}","{""Correct"": 2, ""Wrong"": 0, ""Missed"": 0}",1,1,1
Lung Cancer Survey Dataset,Do alcohol consumption and the presence of shortness of breath symptoms have a mutual impact on their frequency?,"[{""column_header"": ""ALCOHOL CONSUMING"", ""is_strata"": false, ""is_control"": false}, {""column_header"": ""SHORTNESS OF BREATH"", ""is_strata"": false, ""is_control"": false}]",Contingency Table Test,easy,"[{""method"": ""Chi-square Independence Test"", ""result"": ""{\""p value\"": 0.00241}"", ""conclusion"": ""Not independent""}, {""method"": ""Fisher Exact Test"", ""result"": ""{\""p value\"": 0.00189}"", ""conclusion"": ""Not independent""}]","### Task Description: You need to select relevant columns and all applicable methods from provided list for the given statistical question.
### Instruction: You should only reply with one answer in JSON format containing two keys: 'columns' and 'methods'. The value of 'columns' is a list of columns' headers relevant to the given statistical question, and the value of 'methods' is a list containing all methods you think applicable. For example: {""columns"": [""c1"", ""c2"", ""...""], ""methods"": [""m1"", ""m2"", ""...""]}. If you think there is a strata or control variable involved, put its column header in the last item of the columns list. Ensure your methods selection is only limited to the classification list provided.
### Classification List: 
Correlation Analysis: Pearson Correlation Coefficient, Spearman Correlation Coefficient, Kendall Correlation Coefficient, Partial Correlation Coefficient;
Distribution Compliance Test: Anderson-Darling Test, Shapiro-Wilk Test of Normality, Kolmogorov-Smirnov Test for Normality, Lilliefors Test, Kolmogorov-Smirnov Test, Kolmogorov-Smirnov Test for Uniform distribution, Kolmogorov-Smirnov Test for Gamma distribution, Kolmogorov-Smirnov Test for Exponential distribution;
Contingency Table Test: Chi-square Independence Test, Fisher Exact Test, Mantel-Haenszel Test;
Descriptive Statistics: Mean, Median, Mode, Range, Quartile, Standard Deviation, Skewness, Kurtosis;
Variance Test: Mood Variance Test, Levene Test, Bartlett Test, F-Test for Variance.
### Column Information: 
column_header: GENDER; data_type: categorical; num_of_rows: 309; is_normality: False.
column_header: AGE; data_type: quantitative; num_of_rows: 309; is_normality: False.
column_header: SMOKING; data_type: categorical; num_of_rows: 309; is_normality: False.
column_header: YELLOW_FINGERS; data_type: categorical; num_of_rows: 309; is_normality: False.
column_header: ANXIETY; data_type: categorical; num_of_rows: 309; is_normality: False.
column_header: PEER_PRESSURE; data_type: categorical; num_of_rows: 309; is_normality: False.
column_header: CHRONIC DISEASE; data_type: categorical; num_of_rows: 309; is_normality: False.
column_header: FATIGUE ; data_type: categorical; num_of_rows: 309; is_normality: False.
column_header: ALLERGY ; data_type: categorical; num_of_rows: 309; is_normality: False.
column_header: WHEEZING; data_type: categorical; num_of_rows: 309; is_normality: False.
column_header: ALCOHOL CONSUMING; data_type: categorical; num_of_rows: 309; is_normality: False.
column_header: COUGHING; data_type: categorical; num_of_rows: 309; is_normality: False.
column_header: SHORTNESS OF BREATH; data_type: categorical; num_of_rows: 309; is_normality: False.
column_header: SWALLOWING DIFFICULTY; data_type: categorical; num_of_rows: 309; is_normality: False.
column_header: CHEST PAIN; data_type: categorical; num_of_rows: 309; is_normality: False.
column_header: LUNG_CANCER; data_type: categorical; num_of_rows: 309; is_normality: False.
### Statistical Question: Do alcohol consumption and the presence of shortness of breath symptoms have a mutual impact on their frequency?
### Response: Let's work this out in a step-by-step way to be sure we have the right answer. The answer of relevant columns and applicable methods in JSON format and reason is:","### Response:
Let's break down the statistical question and determine the appropriate columns and methods.

**Statistical Question:** Do alcohol consumption and the presence of shortness of breath symptoms have a mutual impact on their frequency?

1. **Relevant Columns:**
   - `ALCOHOL CONSUMING`: This column represents alcohol consumption.
   - `SHORTNESS OF BREATH`: This column represents the presence of shortness of breath symptoms.

2. **Applicable Methods:**
   - **Contingency Table Test:** Since both `ALCOHOL CONSUMING` and `SHORTNESS OF BREATH` are categorical variables, we can use a contingency table test to determine if there is a mutual impact between these two variables.
     - **Chi-square Independence Test:** This test can be used to determine if there is a significant association between alcohol consumption and the presence of shortness of breath symptoms.
     - **Fisher Exact Test:** This test is also applicable for small sample sizes or when expected cell counts are low.

Given the nature of the question and the data types involved, the appropriate columns and methods are as follows:

```json
{
  ""columns"": [""ALCOHOL CONSUMING"", ""SHORTNESS OF BREATH""],
  ""methods"": [""Chi-square Independence Test"", ""Fisher Exact Test""]
}
```

This selection ensures that we are appropriately addressing the mutual impact between alcohol consumption and shortness of breath symptoms using suitable statistical methods.","{""columns"": [""ALCOHOL CONSUMING"", ""SHORTNESS OF BREATH""], ""methods"": [""Chi-square Independence Test"", ""Fisher Exact Test""]}","{
  ""columns"": [""ALCOHOL CONSUMING"", ""SHORTNESS OF BREATH""],
  ""methods"": [""Chi-square Independence Test"", ""Fisher Exact Test""]
}","{""Correct"": 2, ""Wrong"": 0, ""Missed"": 0}","{""Correct"": 2, ""Wrong"": 0, ""Missed"": 0}",1,1,1
US Christmas Tree Sales Dataset,Is it safe to say that there are no significant variations in variances between the Average Tree Price and Sales?,"[{""column_header"": ""Average Tree Price"", ""is_strata"": false, ""is_control"": false}, {""column_header"": ""Sales"", ""is_strata"": false, ""is_control"": false}]",Variance Test,easy,"[{""method"": ""Mood Variance Test"", ""result"": ""{\""stat\"": 0.0, \""p value\"": 1.0}"", ""conclusion"": ""Variance not significantly difference between them""}, {""method"": ""Levene Test"", ""result"": ""{\""stat\"": 12.04405, \""p value\"": 0.00183}"", ""conclusion"": ""Variance significantly difference between them""}, {""method"": ""Bartlett Test"", ""result"": ""{\""stat\"": 404.32372, \""p value\"": 0.0}"", ""conclusion"": ""Variance significantly difference between them""}, {""method"": ""F-Test for Variance"", ""result"": ""{\""stat\"": 98.13816, \""p value\"": 0.0}"", ""conclusion"": ""Variance significantly difference between them""}]","### Task Description: You need to select relevant columns and all applicable methods from provided list for the given statistical question.
### Instruction: You should only reply with one answer in JSON format containing two keys: 'columns' and 'methods'. The value of 'columns' is a list of columns' headers relevant to the given statistical question, and the value of 'methods' is a list containing all methods you think applicable. For example: {""columns"": [""c1"", ""c2"", ""...""], ""methods"": [""m1"", ""m2"", ""...""]}. If you think there is a strata or control variable involved, put its column header in the last item of the columns list. Ensure your methods selection is only limited to the classification list provided.
### Classification List: 
Correlation Analysis: Pearson Correlation Coefficient, Spearman Correlation Coefficient, Kendall Correlation Coefficient, Partial Correlation Coefficient;
Distribution Compliance Test: Anderson-Darling Test, Shapiro-Wilk Test of Normality, Kolmogorov-Smirnov Test for Normality, Lilliefors Test, Kolmogorov-Smirnov Test, Kolmogorov-Smirnov Test for Uniform distribution, Kolmogorov-Smirnov Test for Gamma distribution, Kolmogorov-Smirnov Test for Exponential distribution;
Contingency Table Test: Chi-square Independence Test, Fisher Exact Test, Mantel-Haenszel Test;
Descriptive Statistics: Mean, Median, Mode, Range, Quartile, Standard Deviation, Skewness, Kurtosis;
Variance Test: Mood Variance Test, Levene Test, Bartlett Test, F-Test for Variance.
### Column Information: 
column_header: index; data_type: id; num_of_rows: 14; is_normality: False.
column_header: Year; data_type: other; num_of_rows: 14; is_normality: False.
column_header: Type of tree; data_type: categorical; num_of_rows: 14; is_normality: False.
column_header: Number of trees sold; data_type: quantitative; num_of_rows: 14; is_normality: True.
column_header: Average Tree Price; data_type: quantitative; num_of_rows: 14; is_normality: True.
column_header: Sales; data_type: quantitative; num_of_rows: 14; is_normality: True.
### Statistical Question: Is it safe to say that there are no significant variations in variances between the Average Tree Price and Sales?
### Response: Let's work this out in a step-by-step way to be sure we have the right answer. The answer of relevant columns and applicable methods in JSON format and reason is:","### Response:
Let's break down the statistical question and determine the appropriate columns and methods.

**Statistical Question:** Is it safe to say that there are no significant variations in variances between the Average Tree Price and Sales?

1. **Relevant Columns:**
   - `Average Tree Price`: This is a quantitative variable that we need to compare.
   - `Sales`: This is another quantitative variable that we need to compare.

2. **Applicable Methods:**
   - **Variance Test:** Since the question is about comparing the variances between two quantitative variables, we should use variance tests.
   - The methods available for variance tests are: Mood Variance Test, Levene Test, Bartlett Test, and F-Test for Variance.

Based on the above reasoning, the relevant columns and applicable methods are:

```json
{
  ""columns"": [""Average Tree Price"", ""Sales""],
  ""methods"": [""Mood Variance Test"", ""Levene Test"", ""Bartlett Test"", ""F-Test for Variance""]
}
```","{""columns"": [""Average Tree Price"", ""Sales""], ""methods"": [""Mood Variance Test"", ""Levene Test"", ""Bartlett Test"", ""F-Test for Variance""]}","{
  ""columns"": [""Average Tree Price"", ""Sales""],
  ""methods"": [""Mood Variance Test"", ""Levene Test"", ""Bartlett Test"", ""F-Test for Variance""]
}","{""Correct"": 4, ""Wrong"": 0, ""Missed"": 0}","{""Correct"": 2, ""Wrong"": 0, ""Missed"": 0}",1,1,1
Heart Failure Prediction Dataset,Is there a correspondence between changes in the type of chest pain and changes in the presence of heart disease?,"[{""column_header"": ""ChestPainType"", ""is_strata"": false, ""is_control"": false}, {""column_header"": ""HeartDisease"", ""is_strata"": false, ""is_control"": false}]",Contingency Table Test,hard,"[{""method"": ""Chi-square Independence Test"", ""result"": ""{\""p value\"": 0.0}"", ""conclusion"": ""Not independent""}]","### Task Description: You need to select relevant columns and all applicable methods from provided list for the given statistical question.
### Instruction: You should only reply with one answer in JSON format containing two keys: 'columns' and 'methods'. The value of 'columns' is a list of columns' headers relevant to the given statistical question, and the value of 'methods' is a list containing all methods you think applicable. For example: {""columns"": [""c1"", ""c2"", ""...""], ""methods"": [""m1"", ""m2"", ""...""]}. If you think there is a strata or control variable involved, put its column header in the last item of the columns list. Ensure your methods selection is only limited to the classification list provided.
### Classification List: 
Correlation Analysis: Pearson Correlation Coefficient, Spearman Correlation Coefficient, Kendall Correlation Coefficient, Partial Correlation Coefficient;
Distribution Compliance Test: Anderson-Darling Test, Shapiro-Wilk Test of Normality, Kolmogorov-Smirnov Test for Normality, Lilliefors Test, Kolmogorov-Smirnov Test, Kolmogorov-Smirnov Test for Uniform distribution, Kolmogorov-Smirnov Test for Gamma distribution, Kolmogorov-Smirnov Test for Exponential distribution;
Contingency Table Test: Chi-square Independence Test, Fisher Exact Test, Mantel-Haenszel Test;
Descriptive Statistics: Mean, Median, Mode, Range, Quartile, Standard Deviation, Skewness, Kurtosis;
Variance Test: Mood Variance Test, Levene Test, Bartlett Test, F-Test for Variance.
### Column Information: 
column_header: Age; data_type: quantitative; num_of_rows: 918; is_normality: False.
column_header: Sex; data_type: categorical; num_of_rows: 918; is_normality: False.
column_header: ChestPainType; data_type: categorical; num_of_rows: 918; is_normality: False.
column_header: RestingBP; data_type: quantitative; num_of_rows: 918; is_normality: False.
column_header: Cholesterol; data_type: quantitative; num_of_rows: 918; is_normality: False.
column_header: FastingBS; data_type: categorical; num_of_rows: 918; is_normality: False.
column_header: RestingECG; data_type: categorical; num_of_rows: 918; is_normality: False.
column_header: MaxHR; data_type: quantitative; num_of_rows: 918; is_normality: False.
column_header: ExerciseAngina; data_type: categorical; num_of_rows: 918; is_normality: False.
column_header: Oldpeak; data_type: quantitative; num_of_rows: 918; is_normality: False.
column_header: ST_Slope; data_type: categorical; num_of_rows: 918; is_normality: False.
column_header: HeartDisease; data_type: categorical; num_of_rows: 918; is_normality: False.
### Statistical Question: Is there a correspondence between changes in the type of chest pain and changes in the presence of heart disease?
### Response: Let's work this out in a step-by-step way to be sure we have the right answer. The answer of relevant columns and applicable methods in JSON format and reason is:","### Response:
Let's break down the statistical question and identify the relevant columns and methods:

1. **Statistical Question**: Is there a correspondence between changes in the type of chest pain and changes in the presence of heart disease?
2. **Relevant Columns**:
   - `ChestPainType` (categorical)
   - `HeartDisease` (categorical)
3. **Applicable Methods**:
   - Since both `ChestPainType` and `HeartDisease` are categorical variables, we need to use a method that can test the independence between two categorical variables.
   - The appropriate method here is the **Chi-square Independence Test**.

Given this analysis, the JSON response should be:

```json
{
  ""columns"": [""ChestPainType"", ""HeartDisease""],
  ""methods"": [""Chi-square Independence Test""]
}
```","{""columns"": [""ChestPainType"", ""HeartDisease""], ""methods"": [""Chi-square Independence Test""]}","{
  ""columns"": [""ChestPainType"", ""HeartDisease""],
  ""methods"": [""Chi-square Independence Test""]
}","{""Correct"": 1, ""Wrong"": 0, ""Missed"": 0}","{""Correct"": 2, ""Wrong"": 0, ""Missed"": 0}",1,1,1
Income and Happiness Score Dataset,Can we assume that there is no significant difference in the variances between the average self-reported happiness scores and the standard deviations of self-reported happiness scores?,"[{""column_header"": ""avg_satisfaction"", ""is_strata"": false, ""is_control"": false}, {""column_header"": ""std_satisfaction"", ""is_strata"": false, ""is_control"": false}]",Variance Test,easy,"[{""method"": ""Mood Variance Test"", ""result"": ""{\""stat\"": 0.00471, \""p value\"": 0.99625}"", ""conclusion"": ""Variance not significantly difference between them""}, {""method"": ""Levene Test"", ""result"": ""{\""stat\"": 123.38868, \""p value\"": 0.0}"", ""conclusion"": ""Variance significantly difference between them""}, {""method"": ""Bartlett Test"", ""result"": ""{\""stat\"": 178.48886, \""p value\"": 0.0}"", ""conclusion"": ""Variance significantly difference between them""}, {""method"": ""F-Test for Variance"", ""result"": ""{\""stat\"": 831.57912, \""p value\"": 0.0}"", ""conclusion"": ""Variance significantly difference between them""}]","### Task Description: You need to select relevant columns and all applicable methods from provided list for the given statistical question.
### Instruction: You should only reply with one answer in JSON format containing two keys: 'columns' and 'methods'. The value of 'columns' is a list of columns' headers relevant to the given statistical question, and the value of 'methods' is a list containing all methods you think applicable. For example: {""columns"": [""c1"", ""c2"", ""...""], ""methods"": [""m1"", ""m2"", ""...""]}. If you think there is a strata or control variable involved, put its column header in the last item of the columns list. Ensure your methods selection is only limited to the classification list provided.
### Classification List: 
Correlation Analysis: Pearson Correlation Coefficient, Spearman Correlation Coefficient, Kendall Correlation Coefficient, Partial Correlation Coefficient;
Distribution Compliance Test: Anderson-Darling Test, Shapiro-Wilk Test of Normality, Kolmogorov-Smirnov Test for Normality, Lilliefors Test, Kolmogorov-Smirnov Test, Kolmogorov-Smirnov Test for Uniform distribution, Kolmogorov-Smirnov Test for Gamma distribution, Kolmogorov-Smirnov Test for Exponential distribution;
Contingency Table Test: Chi-square Independence Test, Fisher Exact Test, Mantel-Haenszel Test;
Descriptive Statistics: Mean, Median, Mode, Range, Quartile, Standard Deviation, Skewness, Kurtosis;
Variance Test: Mood Variance Test, Levene Test, Bartlett Test, F-Test for Variance.
### Column Information: 
column_header: country; data_type: other; num_of_rows: 111; is_normality: False.
column_header: adjusted_satisfaction; data_type: quantitative; num_of_rows: 111; is_normality: True.
column_header: avg_satisfaction; data_type: quantitative; num_of_rows: 111; is_normality: True.
column_header: std_satisfaction; data_type: quantitative; num_of_rows: 111; is_normality: True.
column_header: avg_income; data_type: quantitative; num_of_rows: 111; is_normality: False.
column_header: median_income; data_type: quantitative; num_of_rows: 111; is_normality: False.
column_header: income_inequality; data_type: quantitative; num_of_rows: 111; is_normality: False.
column_header: region; data_type: categorical; num_of_rows: 111; is_normality: False.
column_header: happyScore; data_type: quantitative; num_of_rows: 111; is_normality: False.
column_header: GDP; data_type: quantitative; num_of_rows: 111; is_normality: False.
column_header: country.1; data_type: other; num_of_rows: 111; is_normality: False.
### Statistical Question: Can we assume that there is no significant difference in the variances between the average self-reported happiness scores and the standard deviations of self-reported happiness scores?
### Response: Let's work this out in a step-by-step way to be sure we have the right answer. The answer of relevant columns and applicable methods in JSON format and reason is:","### Response:
Let's break down the statistical question and identify the relevant columns and methods:

1. **Statistical Question**: ""Can we assume that there is no significant difference in the variances between the average self-reported happiness scores and the standard deviations of self-reported happiness scores?""

2. **Relevant Columns**:
   - `avg_satisfaction`: This column represents the average self-reported happiness scores.
   - `std_satisfaction`: This column represents the standard deviations of self-reported happiness scores.

3. **Applicable Methods**:
   - **Variance Test**: Since the question is about comparing the variances between two quantitative variables (`avg_satisfaction` and `std_satisfaction`), the appropriate methods are those that test for variance equality. The methods available in the classification list that fit this requirement are:
     - Mood Variance Test
     - Levene Test
     - Bartlett Test
     - F-Test for Variance

Based on the above analysis, the relevant columns and applicable methods are:

```json
{
  ""columns"": [""avg_satisfaction"", ""std_satisfaction""],
  ""methods"": [""Mood Variance Test"", ""Levene Test"", ""Bartlett Test"", ""F-Test for Variance""]
}
```","{""columns"": [""avg_satisfaction"", ""std_satisfaction""], ""methods"": [""Mood Variance Test"", ""Levene Test"", ""Bartlett Test"", ""F-Test for Variance""]}","{
  ""columns"": [""avg_satisfaction"", ""std_satisfaction""],
  ""methods"": [""Mood Variance Test"", ""Levene Test"", ""Bartlett Test"", ""F-Test for Variance""]
}","{""Correct"": 4, ""Wrong"": 0, ""Missed"": 0}","{""Correct"": 2, ""Wrong"": 0, ""Missed"": 0}",1,1,1
Students Math-Reading-Writing Performance Dataset,Is the reading score distributed according to a Gamma distribution?,"[{""column_header"": ""reading score"", ""is_strata"": false, ""is_control"": false}]",Distribution Compliance Test,easy,"[{""method"": ""Kolmogorov-Smirnov Test for Gamma distribution"", ""result"": ""{\""p value\"": 0.0}"", ""conclusion"": ""Non-compliance""}]","### Task Description: You need to select relevant columns and all applicable methods from provided list for the given statistical question.
### Instruction: You should only reply with one answer in JSON format containing two keys: 'columns' and 'methods'. The value of 'columns' is a list of columns' headers relevant to the given statistical question, and the value of 'methods' is a list containing all methods you think applicable. For example: {""columns"": [""c1"", ""c2"", ""...""], ""methods"": [""m1"", ""m2"", ""...""]}. If you think there is a strata or control variable involved, put its column header in the last item of the columns list. Ensure your methods selection is only limited to the classification list provided.
### Classification List: 
Correlation Analysis: Pearson Correlation Coefficient, Spearman Correlation Coefficient, Kendall Correlation Coefficient, Partial Correlation Coefficient;
Distribution Compliance Test: Anderson-Darling Test, Shapiro-Wilk Test of Normality, Kolmogorov-Smirnov Test for Normality, Lilliefors Test, Kolmogorov-Smirnov Test, Kolmogorov-Smirnov Test for Uniform distribution, Kolmogorov-Smirnov Test for Gamma distribution, Kolmogorov-Smirnov Test for Exponential distribution;
Contingency Table Test: Chi-square Independence Test, Fisher Exact Test, Mantel-Haenszel Test;
Descriptive Statistics: Mean, Median, Mode, Range, Quartile, Standard Deviation, Skewness, Kurtosis;
Variance Test: Mood Variance Test, Levene Test, Bartlett Test, F-Test for Variance.
### Column Information: 
column_header: gender; data_type: categorical; num_of_rows: 1000; is_normality: False.
column_header: race/ethnicity; data_type: categorical; num_of_rows: 1000; is_normality: False.
column_header: parental level of education; data_type: categorical; num_of_rows: 1000; is_normality: False.
column_header: lunch; data_type: categorical; num_of_rows: 1000; is_normality: False.
column_header: test preparation course; data_type: categorical; num_of_rows: 1000; is_normality: False.
column_header: math score; data_type: quantitative; num_of_rows: 1000; is_normality: True.
column_header: reading score; data_type: quantitative; num_of_rows: 1000; is_normality: False.
column_header: writing score; data_type: quantitative; num_of_rows: 1000; is_normality: False.
### Statistical Question: Is the reading score distributed according to a Gamma distribution?
### Response: Let's work this out in a step-by-step way to be sure we have the right answer. The answer of relevant columns and applicable methods in JSON format and reason is:","### Response:
Let's break down the statistical question and determine the relevant columns and methods.

**Statistical Question:** Is the reading score distributed according to a Gamma distribution?

1. **Relevant Columns:**
   - The question is specifically about the distribution of the ""reading score"".
   - Therefore, the relevant column is ""reading score"".

2. **Applicable Methods:**
   - The question asks about the distribution of the ""reading score"" and whether it follows a Gamma distribution.
   - From the provided classification list, the relevant method is the Kolmogorov-Smirnov Test for Gamma distribution.

Based on the above reasoning, the answer in JSON format is:

```json
{
  ""columns"": [""reading score""],
  ""methods"": [""Kolmogorov-Smirnov Test for Gamma distribution""]
}
```","{""columns"": [""reading score""], ""methods"": [""Kolmogorov-Smirnov Test for Gamma distribution""]}","{
  ""columns"": [""reading score""],
  ""methods"": [""Kolmogorov-Smirnov Test for Gamma distribution""]
}","{""Correct"": 1, ""Wrong"": 0, ""Missed"": 0}","{""Correct"": 1, ""Wrong"": 0, ""Missed"": 0}",1,1,1
Exercise and Fitness Metrics Dataset,How is the relationship between BMI and Age affected when controlling for Desired Weight?,"[{""column_header"": ""BMI"", ""is_strata"": false, ""is_control"": false}, {""column_header"": ""Age"", ""is_strata"": false, ""is_control"": false}, {""column_header"": ""Dream Weight"", ""is_strata"": false, ""is_control"": true}]",Correlation Analysis,easy,"[{""method"": ""Partial Correlation Coefficient"", ""result"": ""{\""coefficient\"": -0.00293, \""p value\"": 0.85553}"", ""conclusion"": ""Not strongly correlated""}]","### Task Description: You need to select relevant columns and all applicable methods from provided list for the given statistical question.
### Instruction: You should only reply with one answer in JSON format containing two keys: 'columns' and 'methods'. The value of 'columns' is a list of columns' headers relevant to the given statistical question, and the value of 'methods' is a list containing all methods you think applicable. For example: {""columns"": [""c1"", ""c2"", ""...""], ""methods"": [""m1"", ""m2"", ""...""]}. If you think there is a strata or control variable involved, put its column header in the last item of the columns list. Ensure your methods selection is only limited to the classification list provided.
### Classification List: 
Correlation Analysis: Pearson Correlation Coefficient, Spearman Correlation Coefficient, Kendall Correlation Coefficient, Partial Correlation Coefficient;
Distribution Compliance Test: Anderson-Darling Test, Shapiro-Wilk Test of Normality, Kolmogorov-Smirnov Test for Normality, Lilliefors Test, Kolmogorov-Smirnov Test, Kolmogorov-Smirnov Test for Uniform distribution, Kolmogorov-Smirnov Test for Gamma distribution, Kolmogorov-Smirnov Test for Exponential distribution;
Contingency Table Test: Chi-square Independence Test, Fisher Exact Test, Mantel-Haenszel Test;
Descriptive Statistics: Mean, Median, Mode, Range, Quartile, Standard Deviation, Skewness, Kurtosis;
Variance Test: Mood Variance Test, Levene Test, Bartlett Test, F-Test for Variance.
### Column Information: 
column_header: ID; data_type: id; num_of_rows: 3864; is_normality: False.
column_header: Exercise; data_type: categorical; num_of_rows: 3864; is_normality: False.
column_header: Calories Burn; data_type: quantitative; num_of_rows: 3864; is_normality: False.
column_header: Dream Weight; data_type: quantitative; num_of_rows: 3864; is_normality: False.
column_header: Actual Weight; data_type: quantitative; num_of_rows: 3864; is_normality: False.
column_header: Age; data_type: quantitative; num_of_rows: 3864; is_normality: False.
column_header: Gender; data_type: categorical; num_of_rows: 3864; is_normality: False.
column_header: Duration; data_type: quantitative; num_of_rows: 3864; is_normality: False.
column_header: Heart Rate; data_type: quantitative; num_of_rows: 3864; is_normality: False.
column_header: BMI; data_type: quantitative; num_of_rows: 3864; is_normality: False.
column_header: Weather Conditions; data_type: categorical; num_of_rows: 3864; is_normality: False.
column_header: Exercise Intensity; data_type: categorical; num_of_rows: 3864; is_normality: False.
### Statistical Question: How is the relationship between BMI and Age affected when controlling for Desired Weight?
### Response: Let's work this out in a step-by-step way to be sure we have the right answer. The answer of relevant columns and applicable methods in JSON format and reason is:","### Response:
Let's break down the statistical question and identify the relevant columns and methods:

1. **Statistical Question**: How is the relationship between BMI and Age affected when controlling for Desired Weight?
2. **Relevant Columns**:
   - BMI (quantitative)
   - Age (quantitative)
   - Dream Weight (quantitative) - This is the control variable.

3. **Applicable Methods**:
   - **Partial Correlation Coefficient**: This method is used to measure the relationship between two variables while controlling for the effect of one or more additional variables.

Based on the above analysis, the relevant columns and applicable methods are:

```json
{
  ""columns"": [""BMI"", ""Age"", ""Dream Weight""],
  ""methods"": [""Partial Correlation Coefficient""]
}
```

This JSON format specifies the relevant columns and the method to be used for the given statistical question.","{""columns"": [""BMI"", ""Age"", ""Dream Weight""], ""methods"": [""Partial Correlation Coefficient""]}","{
  ""columns"": [""BMI"", ""Age"", ""Dream Weight""],
  ""methods"": [""Partial Correlation Coefficient""]
}","{""Correct"": 1, ""Wrong"": 0, ""Missed"": 0}","{""Correct"": 3, ""Wrong"": 0, ""Missed"": 0}",1,1,1
Income and Happiness Score Dataset,What is the average value of the adjusted self-reported happiness score?,"[{""column_header"": ""adjusted_satisfaction"", ""is_strata"": false, ""is_control"": false}]",Descriptive Statistics,easy,"[{""method"": ""Mean"", ""result"": ""48.72973"", ""conclusion"": ""48.72973""}]","### Task Description: You need to select relevant columns and all applicable methods from provided list for the given statistical question.
### Instruction: You should only reply with one answer in JSON format containing two keys: 'columns' and 'methods'. The value of 'columns' is a list of columns' headers relevant to the given statistical question, and the value of 'methods' is a list containing all methods you think applicable. For example: {""columns"": [""c1"", ""c2"", ""...""], ""methods"": [""m1"", ""m2"", ""...""]}. If you think there is a strata or control variable involved, put its column header in the last item of the columns list. Ensure your methods selection is only limited to the classification list provided.
### Classification List: 
Correlation Analysis: Pearson Correlation Coefficient, Spearman Correlation Coefficient, Kendall Correlation Coefficient, Partial Correlation Coefficient;
Distribution Compliance Test: Anderson-Darling Test, Shapiro-Wilk Test of Normality, Kolmogorov-Smirnov Test for Normality, Lilliefors Test, Kolmogorov-Smirnov Test, Kolmogorov-Smirnov Test for Uniform distribution, Kolmogorov-Smirnov Test for Gamma distribution, Kolmogorov-Smirnov Test for Exponential distribution;
Contingency Table Test: Chi-square Independence Test, Fisher Exact Test, Mantel-Haenszel Test;
Descriptive Statistics: Mean, Median, Mode, Range, Quartile, Standard Deviation, Skewness, Kurtosis;
Variance Test: Mood Variance Test, Levene Test, Bartlett Test, F-Test for Variance.
### Column Information: 
column_header: country; data_type: other; num_of_rows: 111; is_normality: False.
column_header: adjusted_satisfaction; data_type: quantitative; num_of_rows: 111; is_normality: True.
column_header: avg_satisfaction; data_type: quantitative; num_of_rows: 111; is_normality: True.
column_header: std_satisfaction; data_type: quantitative; num_of_rows: 111; is_normality: True.
column_header: avg_income; data_type: quantitative; num_of_rows: 111; is_normality: False.
column_header: median_income; data_type: quantitative; num_of_rows: 111; is_normality: False.
column_header: income_inequality; data_type: quantitative; num_of_rows: 111; is_normality: False.
column_header: region; data_type: categorical; num_of_rows: 111; is_normality: False.
column_header: happyScore; data_type: quantitative; num_of_rows: 111; is_normality: False.
column_header: GDP; data_type: quantitative; num_of_rows: 111; is_normality: False.
column_header: country.1; data_type: other; num_of_rows: 111; is_normality: False.
### Statistical Question: What is the average value of the adjusted self-reported happiness score?
### Response: Let's work this out in a step-by-step way to be sure we have the right answer. The answer of relevant columns and applicable methods in JSON format and reason is:","### Response:
Let's break down the statistical question and determine the relevant columns and methods.

**Statistical Question:** What is the average value of the adjusted self-reported happiness score?

1. **Relevant Columns:**
   - The adjusted self-reported happiness score is represented by the column `adjusted_satisfaction`.

2. **Applicable Methods:**
   - To find the average value, we need to use the method for calculating the mean.

Based on the above analysis, the relevant columns and applicable methods are:

```json
{
  ""columns"": [""adjusted_satisfaction""],
  ""methods"": [""Mean""]
}
```","{""columns"": [""adjusted_satisfaction""], ""methods"": [""Mean""]}","{
  ""columns"": [""adjusted_satisfaction""],
  ""methods"": [""Mean""]
}","{""Correct"": 1, ""Wrong"": 0, ""Missed"": 0}","{""Correct"": 1, ""Wrong"": 0, ""Missed"": 0}",1,1,1
Green House Gas Produce by Different Industry,Could you please provide the standard deviation for the greenhouse gas emissions dataset for the year 2010 (F2010)?,"[{""column_header"": ""F2010"", ""is_strata"": false, ""is_control"": false}]",Descriptive Statistics,easy,"[{""method"": ""Standard Deviation"", ""result"": ""2984.95494"", ""conclusion"": ""2984.95494""}]","### Task Description: You need to select relevant columns and all applicable methods from provided list for the given statistical question.
### Instruction: You should only reply with one answer in JSON format containing two keys: 'columns' and 'methods'. The value of 'columns' is a list of columns' headers relevant to the given statistical question, and the value of 'methods' is a list containing all methods you think applicable. For example: {""columns"": [""c1"", ""c2"", ""...""], ""methods"": [""m1"", ""m2"", ""...""]}. If you think there is a strata or control variable involved, put its column header in the last item of the columns list. Ensure your methods selection is only limited to the classification list provided.
### Classification List: 
Correlation Analysis: Pearson Correlation Coefficient, Spearman Correlation Coefficient, Kendall Correlation Coefficient, Partial Correlation Coefficient;
Distribution Compliance Test: Anderson-Darling Test, Shapiro-Wilk Test of Normality, Kolmogorov-Smirnov Test for Normality, Lilliefors Test, Kolmogorov-Smirnov Test, Kolmogorov-Smirnov Test for Uniform distribution, Kolmogorov-Smirnov Test for Gamma distribution, Kolmogorov-Smirnov Test for Exponential distribution;
Contingency Table Test: Chi-square Independence Test, Fisher Exact Test, Mantel-Haenszel Test;
Descriptive Statistics: Mean, Median, Mode, Range, Quartile, Standard Deviation, Skewness, Kurtosis;
Variance Test: Mood Variance Test, Levene Test, Bartlett Test, F-Test for Variance.
### Column Information: 
column_header: Country; data_type: categorical; num_of_rows: 1186; is_normality: False.
column_header: ISO2; data_type: other; num_of_rows: 1186; is_normality: False.
column_header: ISO3; data_type: categorical; num_of_rows: 1186; is_normality: False.
column_header: Industry; data_type: categorical; num_of_rows: 1186; is_normality: False.
column_header: Gas_Type; data_type: categorical; num_of_rows: 1186; is_normality: False.
column_header: F2010; data_type: quantitative; num_of_rows: 1186; is_normality: False.
column_header: F2011; data_type: quantitative; num_of_rows: 1186; is_normality: False.
column_header: F2012; data_type: quantitative; num_of_rows: 1186; is_normality: False.
column_header: F2013; data_type: quantitative; num_of_rows: 1186; is_normality: False.
column_header: F2014; data_type: quantitative; num_of_rows: 1186; is_normality: False.
column_header: F2015; data_type: quantitative; num_of_rows: 1186; is_normality: False.
column_header: F2016; data_type: quantitative; num_of_rows: 1186; is_normality: False.
column_header: F2017; data_type: quantitative; num_of_rows: 1186; is_normality: False.
column_header: F2018; data_type: quantitative; num_of_rows: 1186; is_normality: False.
column_header: F2019; data_type: quantitative; num_of_rows: 1186; is_normality: False.
column_header: F2020; data_type: quantitative; num_of_rows: 1186; is_normality: False.
column_header: F2021; data_type: quantitative; num_of_rows: 1186; is_normality: False.
column_header: F2022; data_type: quantitative; num_of_rows: 1186; is_normality: False.
### Statistical Question: Could you please provide the standard deviation for the greenhouse gas emissions dataset for the year 2010 (F2010)?
### Response: Let's work this out in a step-by-step way to be sure we have the right answer. The answer of relevant columns and applicable methods in JSON format and reason is:","### Response:
```json
{
  ""columns"": [""F2010""],
  ""methods"": [""Standard Deviation""]
}
```

### Reason:
- **Columns**: The statistical question specifically asks for the standard deviation of the greenhouse gas emissions dataset for the year 2010, which corresponds to the column `F2010`.
- **Methods**: The method required to compute the standard deviation is directly listed under Descriptive Statistics.","{""columns"": [""F2010""], ""methods"": [""Standard Deviation""]}","{
  ""columns"": [""F2010""],
  ""methods"": [""Standard Deviation""]
}","{""Correct"": 1, ""Wrong"": 0, ""Missed"": 0}","{""Correct"": 1, ""Wrong"": 0, ""Missed"": 0}",1,1,1
Crop Production Dataset,Is the variability of annual crop production in Japan not significantly different from that in the Philippines?,"[{""column_header"": ""Japan"", ""is_strata"": false, ""is_control"": false}, {""column_header"": ""Philippines"", ""is_strata"": false, ""is_control"": false}]",Variance Test,easy,"[{""method"": ""Mood Variance Test"", ""result"": ""{\""stat\"": -0.57735, \""p value\"": 0.5637}"", ""conclusion"": ""Variance not significantly difference between them""}, {""method"": ""Levene Test"", ""result"": ""{\""stat\"": 4.69991, \""p value\"": 0.07327}"", ""conclusion"": ""Variance not significantly difference between them""}, {""method"": ""Bartlett Test"", ""result"": ""{\""stat\"": 2.31533, \""p value\"": 0.1281}"", ""conclusion"": ""Variance not significantly difference between them""}, {""method"": ""F-Test for Variance"", ""result"": ""{\""stat\"": 1.90409, \""p value\"": 0.21684}"", ""conclusion"": ""Variance not significantly difference between them""}]","### Task Description: You need to select relevant columns and all applicable methods from provided list for the given statistical question.
### Instruction: You should only reply with one answer in JSON format containing two keys: 'columns' and 'methods'. The value of 'columns' is a list of columns' headers relevant to the given statistical question, and the value of 'methods' is a list containing all methods you think applicable. For example: {""columns"": [""c1"", ""c2"", ""...""], ""methods"": [""m1"", ""m2"", ""...""]}. If you think there is a strata or control variable involved, put its column header in the last item of the columns list. Ensure your methods selection is only limited to the classification list provided.
### Classification List: 
Correlation Analysis: Pearson Correlation Coefficient, Spearman Correlation Coefficient, Kendall Correlation Coefficient, Partial Correlation Coefficient;
Distribution Compliance Test: Anderson-Darling Test, Shapiro-Wilk Test of Normality, Kolmogorov-Smirnov Test for Normality, Lilliefors Test, Kolmogorov-Smirnov Test, Kolmogorov-Smirnov Test for Uniform distribution, Kolmogorov-Smirnov Test for Gamma distribution, Kolmogorov-Smirnov Test for Exponential distribution;
Contingency Table Test: Chi-square Independence Test, Fisher Exact Test, Mantel-Haenszel Test;
Descriptive Statistics: Mean, Median, Mode, Range, Quartile, Standard Deviation, Skewness, Kurtosis;
Variance Test: Mood Variance Test, Levene Test, Bartlett Test, F-Test for Variance.
### Column Information: 
column_header: Year; data_type: Other; num_of_rows: 4; is_normality: False.
column_header: Nigeria; data_type: quantitative; num_of_rows: 4; is_normality: True.
column_header: Pakistan; data_type: quantitative; num_of_rows: 4; is_normality: True.
column_header: Japan; data_type: quantitative; num_of_rows: 4; is_normality: True.
column_header: United States; data_type: quantitative; num_of_rows: 4; is_normality: True.
column_header: Brazil; data_type: quantitative; num_of_rows: 4; is_normality: True.
column_header: Philippines; data_type: quantitative; num_of_rows: 4; is_normality: True.
column_header: Myanmar; data_type: quantitative; num_of_rows: 4; is_normality: True.
column_header: Thailand; data_type: quantitative; num_of_rows: 4; is_normality: True.
column_header: Vietnam; data_type: quantitative; num_of_rows: 4; is_normality: True.
column_header: Indonesia; data_type: quantitative; num_of_rows: 4; is_normality: True.
column_header: Bangladesh; data_type: quantitative; num_of_rows: 4; is_normality: True.
column_header: India; data_type: quantitative; num_of_rows: 4; is_normality: True.
column_header: China; data_type: quantitative; num_of_rows: 4; is_normality: True.
### Statistical Question: Is the variability of annual crop production in Japan not significantly different from that in the Philippines?
### Response: Let's work this out in a step-by-step way to be sure we have the right answer. The answer of relevant columns and applicable methods in JSON format and reason is:","### Response:
```json
{
  ""columns"": [""Japan"", ""Philippines""],
  ""methods"": [""Levene Test"", ""Bartlett Test"", ""Mood Variance Test"", ""F-Test for Variance""]
}
```

### Reason:
- **Columns**: The statistical question is about comparing the variability of annual crop production in Japan and the Philippines. Therefore, the relevant columns are ""Japan"" and ""Philippines"".
- **Methods**: The question asks if the variability of annual crop production in Japan is not significantly different from that in the Philippines. This is a variance comparison question, so the applicable methods are variance tests such as Levene Test, Bartlett Test, Mood Variance Test, and F-Test for Variance.","{""columns"": [""Japan"", ""Philippines""], ""methods"": [""Mood Variance Test"", ""Levene Test"", ""Bartlett Test"", ""F-Test for Variance""]}","{
  ""columns"": [""Japan"", ""Philippines""],
  ""methods"": [""Levene Test"", ""Bartlett Test"", ""Mood Variance Test"", ""F-Test for Variance""]
}","{""Correct"": 4, ""Wrong"": 0, ""Missed"": 0}","{""Correct"": 2, ""Wrong"": 0, ""Missed"": 0}",1,1,1
Terrorist Attacks Dataset,"What is the partial correlation between the number of deaths of individuals aged between 21 and 50 and the involvement of assassination as an attack method, while considering the involvement of hostage taking in barricade incidents as another attack method?","[{""column_header"": ""Death Age : 21-50 "", ""is_strata"": false, ""is_control"": false}, {""column_header"": ""Attack method: Assassination"", ""is_strata"": false, ""is_control"": false}, {""column_header"": ""Attack method: Hostage Taking (Barricade Incident)"", ""is_strata"": false, ""is_control"": true}]",Correlation Analysis,easy,"[{""method"": ""Partial Correlation Coefficient"", ""result"": ""{\""coefficient\"": 0.44264, \""p value\"": 0.0}"", ""conclusion"": ""Not strongly correlated""}]","### Task Description: You need to select relevant columns and all applicable methods from provided list for the given statistical question.
### Instruction: You should only reply with one answer in JSON format containing two keys: 'columns' and 'methods'. The value of 'columns' is a list of columns' headers relevant to the given statistical question, and the value of 'methods' is a list containing all methods you think applicable. For example: {""columns"": [""c1"", ""c2"", ""...""], ""methods"": [""m1"", ""m2"", ""...""]}. If you think there is a strata or control variable involved, put its column header in the last item of the columns list. Ensure your methods selection is only limited to the classification list provided.
### Classification List: 
Correlation Analysis: Pearson Correlation Coefficient, Spearman Correlation Coefficient, Kendall Correlation Coefficient, Partial Correlation Coefficient;
Distribution Compliance Test: Anderson-Darling Test, Shapiro-Wilk Test of Normality, Kolmogorov-Smirnov Test for Normality, Lilliefors Test, Kolmogorov-Smirnov Test, Kolmogorov-Smirnov Test for Uniform distribution, Kolmogorov-Smirnov Test for Gamma distribution, Kolmogorov-Smirnov Test for Exponential distribution;
Contingency Table Test: Chi-square Independence Test, Fisher Exact Test, Mantel-Haenszel Test;
Descriptive Statistics: Mean, Median, Mode, Range, Quartile, Standard Deviation, Skewness, Kurtosis;
Variance Test: Mood Variance Test, Levene Test, Bartlett Test, F-Test for Variance.
### Column Information: 
column_header: Entity; data_type: other; num_of_rows: 10517; is_normality: False.
column_header: Code; data_type: other; num_of_rows: 10517; is_normality: False.
column_header: Year; data_type: other; num_of_rows: 10517; is_normality: False.
column_header: Terrorist attacks; data_type: quantitative; num_of_rows: 10517; is_normality: False.
column_header: Terrorism deaths; data_type: quantitative; num_of_rows: 10517; is_normality: False.
column_header: Attack method: Hijacking; data_type: quantitative; num_of_rows: 10517; is_normality: False.
column_header: Attack method: Hostage Taking (Barricade Incident); data_type: quantitative; num_of_rows: 10517; is_normality: False.
column_header: Attack method: Unarmed Assault; data_type: quantitative; num_of_rows: 10517; is_normality: False.
column_header: Attack method: Facility/Infrastructure Attack; data_type: quantitative; num_of_rows: 10517; is_normality: False.
column_header: Attack method: Hostage Taking (Kidnapping); data_type: quantitative; num_of_rows: 10517; is_normality: False.
column_header: Attack method: Assassination; data_type: quantitative; num_of_rows: 10517; is_normality: False.
column_header: Attack method: Armed Assault; data_type: quantitative; num_of_rows: 10517; is_normality: False.
column_header: Attack method: Bombing/Explosion; data_type: quantitative; num_of_rows: 10517; is_normality: False.
column_header: Death Age 100+; data_type: quantitative; num_of_rows: 10517; is_normality: False.
column_header: Death Age: 51-99 ; data_type: quantitative; num_of_rows: 10517; is_normality: False.
column_header: Death Age : 21-50 ; data_type: quantitative; num_of_rows: 10517; is_normality: False.
column_header: Death Age : 11-20 ; data_type: quantitative; num_of_rows: 10517; is_normality: False.
column_header: Death Age : 6-10 ; data_type: quantitative; num_of_rows: 10517; is_normality: False.
column_header: Death Age :  1-5; data_type: quantitative; num_of_rows: 10517; is_normality: False.
column_header: Terrorist Death Type : Suicide; data_type: quantitative; num_of_rows: 10517; is_normality: False.
column_header: Terrorist Death Type : Killed; data_type: quantitative; num_of_rows: 10517; is_normality: False.
### Statistical Question: What is the partial correlation between the number of deaths of individuals aged between 21 and 50 and the involvement of assassination as an attack method, while considering the involvement of hostage taking in barricade incidents as another attack method?
### Response: Let's work this out in a step-by-step way to be sure we have the right answer. The answer of relevant columns and applicable methods in JSON format and reason is:","### Response:
```json
{
  ""columns"": [""Death Age : 21-50"", ""Attack method: Assassination"", ""Attack method: Hostage Taking (Barricade Incident)""],
  ""methods"": [""Partial Correlation Coefficient""]
}
```

### Reason:
- **Columns**:
  - **Death Age : 21-50**: This column represents the number of deaths of individuals aged between 21 and 50, which is the primary variable of interest.
  - **Attack method: Assassination**: This column represents the involvement of assassination as an attack method, which is the second variable of interest.
  - **Attack method: Hostage Taking (Barricade Incident)**: This column represents the involvement of hostage taking in barricade incidents, which is the variable to be controlled for in the partial correlation analysis.

- **Methods**:
  - **Partial Correlation Coefficient**: This method is used to measure the correlation between two variables while controlling for the effect of one or more additional variables. In this case, we want to measure the partial correlation between the number of deaths of individuals aged between 21 and 50 and the involvement of assassination as an attack method, while controlling for the involvement of hostage taking in barricade incidents.","{""columns"": [""Death Age : 21-50 "", ""Attack method: Assassination"", ""Attack method: Hostage Taking (Barricade Incident)""], ""methods"": [""Partial Correlation Coefficient""]}","{
  ""columns"": [""Death Age : 21-50"", ""Attack method: Assassination"", ""Attack method: Hostage Taking (Barricade Incident)""],
  ""methods"": [""Partial Correlation Coefficient""]
}","{""Correct"": 1, ""Wrong"": 0, ""Missed"": 0}","{""Correct"": 3, ""Wrong"": 0, ""Missed"": 0}",1,1,1
Used Car Dataset,How is the correlation between engine displacement (cc) and maximum power output (bhp) affected when mileage (kmpl) is held constant?,"[{""column_header"": ""engine(cc)"", ""is_strata"": false, ""is_control"": false}, {""column_header"": ""max_power(bhp)"", ""is_strata"": false, ""is_control"": false}, {""column_header"": ""mileage(kmpl)"", ""is_strata"": false, ""is_control"": true}]",Correlation Analysis,easy,"[{""method"": ""Partial Correlation Coefficient"", ""result"": ""{\""coefficient\"": -1.0, \""p value\"": 0.0}"", ""conclusion"": ""Strongly correlated""}]","### Task Description: You need to select relevant columns and all applicable methods from provided list for the given statistical question.
### Instruction: You should only reply with one answer in JSON format containing two keys: 'columns' and 'methods'. The value of 'columns' is a list of columns' headers relevant to the given statistical question, and the value of 'methods' is a list containing all methods you think applicable. For example: {""columns"": [""c1"", ""c2"", ""...""], ""methods"": [""m1"", ""m2"", ""...""]}. If you think there is a strata or control variable involved, put its column header in the last item of the columns list. Ensure your methods selection is only limited to the classification list provided.
### Classification List: 
Correlation Analysis: Pearson Correlation Coefficient, Spearman Correlation Coefficient, Kendall Correlation Coefficient, Partial Correlation Coefficient;
Distribution Compliance Test: Anderson-Darling Test, Shapiro-Wilk Test of Normality, Kolmogorov-Smirnov Test for Normality, Lilliefors Test, Kolmogorov-Smirnov Test, Kolmogorov-Smirnov Test for Uniform distribution, Kolmogorov-Smirnov Test for Gamma distribution, Kolmogorov-Smirnov Test for Exponential distribution;
Contingency Table Test: Chi-square Independence Test, Fisher Exact Test, Mantel-Haenszel Test;
Descriptive Statistics: Mean, Median, Mode, Range, Quartile, Standard Deviation, Skewness, Kurtosis;
Variance Test: Mood Variance Test, Levene Test, Bartlett Test, F-Test for Variance.
### Column Information: 
column_header: Unnamed: 0; data_type: id; num_of_rows: 1553; is_normality: False.
column_header: car_name; data_type: other; num_of_rows: 1553; is_normality: False.
column_header: registration_year; data_type: other; num_of_rows: 1553; is_normality: False.
column_header: insurance_validity; data_type: categorical; num_of_rows: 1553; is_normality: False.
column_header: fuel_type; data_type: categorical; num_of_rows: 1553; is_normality: False.
column_header: seats; data_type: categorical; num_of_rows: 1553; is_normality: False.
column_header: kms_driven; data_type: quantitative; num_of_rows: 1553; is_normality: False.
column_header: ownsership; data_type: categorical; num_of_rows: 1553; is_normality: False.
column_header: transmission; data_type: categorical; num_of_rows: 1553; is_normality: False.
column_header: manufacturing_year; data_type: categorical; num_of_rows: 1553; is_normality: False.
column_header: mileage(kmpl); data_type: quantitative; num_of_rows: 1553; is_normality: False.
column_header: engine(cc); data_type: quantitative; num_of_rows: 1553; is_normality: False.
column_header: max_power(bhp); data_type: quantitative; num_of_rows: 1553; is_normality: False.
column_header: torque(Nm); data_type: quantitative; num_of_rows: 1553; is_normality: False.
column_header: price(in lakhs); data_type: quantitative; num_of_rows: 1553; is_normality: False.
### Statistical Question: How is the correlation between engine displacement (cc) and maximum power output (bhp) affected when mileage (kmpl) is held constant?
### Response: Let's work this out in a step-by-step way to be sure we have the right answer. The answer of relevant columns and applicable methods in JSON format and reason is:","### Response:
```json
{
  ""columns"": [""engine(cc)"", ""max_power(bhp)"", ""mileage(kmpl)""],
  ""methods"": [""Partial Correlation Coefficient""]
}
```

### Reason:
- **Columns**: The statistical question asks about the correlation between ""engine(cc)"" and ""max_power(bhp)"" while holding ""mileage(kmpl)"" constant. Therefore, the relevant columns are ""engine(cc)"", ""max_power(bhp)"", and ""mileage(kmpl)"".
- **Methods**: To find the correlation between two variables while controlling for a third variable, the appropriate method is the Partial Correlation Coefficient.","{""columns"": [""engine(cc)"", ""max_power(bhp)"", ""mileage(kmpl)""], ""methods"": [""Partial Correlation Coefficient""]}","{
  ""columns"": [""engine(cc)"", ""max_power(bhp)"", ""mileage(kmpl)""],
  ""methods"": [""Partial Correlation Coefficient""]
}","{""Correct"": 1, ""Wrong"": 0, ""Missed"": 0}","{""Correct"": 3, ""Wrong"": 0, ""Missed"": 0}",1,1,1
Pokedex Dataset,What is the average Catch Rate value?,"[{""column_header"": ""Catch_Rate"", ""is_strata"": false, ""is_control"": false}]",Descriptive Statistics,easy,"[{""method"": ""Mean"", ""result"": ""100.24688"", ""conclusion"": ""100.24688""}]","### Task Description: You need to select relevant columns and all applicable methods from provided list for the given statistical question.
### Instruction: You should only reply with one answer in JSON format containing two keys: 'columns' and 'methods'. The value of 'columns' is a list of columns' headers relevant to the given statistical question, and the value of 'methods' is a list containing all methods you think applicable. For example: {""columns"": [""c1"", ""c2"", ""...""], ""methods"": [""m1"", ""m2"", ""...""]}. If you think there is a strata or control variable involved, put its column header in the last item of the columns list. Ensure your methods selection is only limited to the classification list provided.
### Classification List: 
Correlation Analysis: Pearson Correlation Coefficient, Spearman Correlation Coefficient, Kendall Correlation Coefficient, Partial Correlation Coefficient;
Distribution Compliance Test: Anderson-Darling Test, Shapiro-Wilk Test of Normality, Kolmogorov-Smirnov Test for Normality, Lilliefors Test, Kolmogorov-Smirnov Test, Kolmogorov-Smirnov Test for Uniform distribution, Kolmogorov-Smirnov Test for Gamma distribution, Kolmogorov-Smirnov Test for Exponential distribution;
Contingency Table Test: Chi-square Independence Test, Fisher Exact Test, Mantel-Haenszel Test;
Descriptive Statistics: Mean, Median, Mode, Range, Quartile, Standard Deviation, Skewness, Kurtosis;
Variance Test: Mood Variance Test, Levene Test, Bartlett Test, F-Test for Variance.
### Column Information: 
column_header: Number; data_type: id; num_of_rows: 721; is_normality: False.
column_header: Name; data_type: other; num_of_rows: 721; is_normality: False.
column_header: Type_1; data_type: categorical; num_of_rows: 721; is_normality: False.
column_header: Type_2; data_type: categorical; num_of_rows: 721; is_normality: False.
column_header: Total; data_type: quantitative; num_of_rows: 721; is_normality: False.
column_header: HP; data_type: quantitative; num_of_rows: 721; is_normality: False.
column_header: Attack; data_type: quantitative; num_of_rows: 721; is_normality: False.
column_header: Defense; data_type: quantitative; num_of_rows: 721; is_normality: False.
column_header: Sp_Atk; data_type: quantitative; num_of_rows: 721; is_normality: False.
column_header: Sp_Def; data_type: quantitative; num_of_rows: 721; is_normality: False.
column_header: Speed; data_type: quantitative; num_of_rows: 721; is_normality: False.
column_header: Generation; data_type: categorical; num_of_rows: 721; is_normality: False.
column_header: isLegendary; data_type: categorical; num_of_rows: 721; is_normality: False.
column_header: Color; data_type: categorical; num_of_rows: 721; is_normality: False.
column_header: hasGender; data_type: categorical; num_of_rows: 721; is_normality: False.
column_header: Pr_Male; data_type: quantitative; num_of_rows: 721; is_normality: False.
column_header: Egg_Group_1; data_type: categorical; num_of_rows: 721; is_normality: False.
column_header: Egg_Group_2; data_type: categorical; num_of_rows: 721; is_normality: False.
column_header: hasMegaEvolution; data_type: categorical; num_of_rows: 721; is_normality: False.
column_header: Height_m; data_type: quantitative; num_of_rows: 721; is_normality: False.
column_header: Weight_kg; data_type: quantitative; num_of_rows: 721; is_normality: False.
column_header: Catch_Rate; data_type: quantitative; num_of_rows: 721; is_normality: False.
column_header: Body_Style; data_type: categorical; num_of_rows: 721; is_normality: False.
### Statistical Question: What is the average Catch Rate value?
### Response: Let's work this out in a step-by-step way to be sure we have the right answer. The answer of relevant columns and applicable methods in JSON format and reason is:","### Response:
```json
{
  ""columns"": [""Catch_Rate""],
  ""methods"": [""Mean""]
}
```

### Reason:
- **Columns**: The statistical question asks for the average Catch Rate value. Therefore, the relevant column is ""Catch_Rate"".
- **Methods**: To find the average value, the applicable method is ""Mean"".","{""columns"": [""Catch_Rate""], ""methods"": [""Mean""]}","{
  ""columns"": [""Catch_Rate""],
  ""methods"": [""Mean""]
}","{""Correct"": 1, ""Wrong"": 0, ""Missed"": 0}","{""Correct"": 1, ""Wrong"": 0, ""Missed"": 0}",1,1,1
Customer Personality Analysis Dataset,How much skewness is present in the distribution of the amount spent on fish products in the last 2 years?,"[{""column_header"": ""MntFishProducts"", ""is_strata"": false, ""is_control"": false}]",Descriptive Statistics,easy,"[{""method"": ""Skewness"", ""result"": ""1.91977"", ""conclusion"": ""1.91977""}]","### Task Description: You need to select relevant columns and all applicable methods from provided list for the given statistical question.
### Instruction: You should only reply with one answer in JSON format containing two keys: 'columns' and 'methods'. The value of 'columns' is a list of columns' headers relevant to the given statistical question, and the value of 'methods' is a list containing all methods you think applicable. For example: {""columns"": [""c1"", ""c2"", ""...""], ""methods"": [""m1"", ""m2"", ""...""]}. If you think there is a strata or control variable involved, put its column header in the last item of the columns list. Ensure your methods selection is only limited to the classification list provided.
### Classification List: 
Correlation Analysis: Pearson Correlation Coefficient, Spearman Correlation Coefficient, Kendall Correlation Coefficient, Partial Correlation Coefficient;
Distribution Compliance Test: Anderson-Darling Test, Shapiro-Wilk Test of Normality, Kolmogorov-Smirnov Test for Normality, Lilliefors Test, Kolmogorov-Smirnov Test, Kolmogorov-Smirnov Test for Uniform distribution, Kolmogorov-Smirnov Test for Gamma distribution, Kolmogorov-Smirnov Test for Exponential distribution;
Contingency Table Test: Chi-square Independence Test, Fisher Exact Test, Mantel-Haenszel Test;
Descriptive Statistics: Mean, Median, Mode, Range, Quartile, Standard Deviation, Skewness, Kurtosis;
Variance Test: Mood Variance Test, Levene Test, Bartlett Test, F-Test for Variance.
### Column Information: 
column_header: ID; data_type: id; num_of_rows: 2240; is_normality: False.
column_header: Year_Birth; data_type: other; num_of_rows: 2240; is_normality: False.
column_header: Education; data_type: categorical; num_of_rows: 2240; is_normality: False.
column_header: Marital_Status; data_type: categorical; num_of_rows: 2240; is_normality: False.
column_header: Income; data_type: quantitative; num_of_rows: 2240; is_normality: False.
column_header: Kidhome; data_type: quantitative; num_of_rows: 2240; is_normality: False.
column_header: Teenhome; data_type: quantitative; num_of_rows: 2240; is_normality: False.
column_header: Dt_Customer; data_type: other; num_of_rows: 2240; is_normality: False.
column_header: Recency; data_type: quantitative; num_of_rows: 2240; is_normality: False.
column_header: MntWines; data_type: quantitative; num_of_rows: 2240; is_normality: False.
column_header: MntFruits; data_type: quantitative; num_of_rows: 2240; is_normality: False.
column_header: MntMeatProducts; data_type: quantitative; num_of_rows: 2240; is_normality: False.
column_header: MntFishProducts; data_type: quantitative; num_of_rows: 2240; is_normality: False.
column_header: MntSweetProducts; data_type: quantitative; num_of_rows: 2240; is_normality: False.
column_header: MntGoldProds; data_type: quantitative; num_of_rows: 2240; is_normality: False.
column_header: NumDealsPurchases; data_type: quantitative; num_of_rows: 2240; is_normality: False.
column_header: NumWebPurchases; data_type: quantitative; num_of_rows: 2240; is_normality: False.
column_header: NumCatalogPurchases; data_type: quantitative; num_of_rows: 2240; is_normality: False.
column_header: NumStorePurchases; data_type: quantitative; num_of_rows: 2240; is_normality: False.
column_header: NumWebVisitsMonth; data_type: quantitative; num_of_rows: 2240; is_normality: False.
column_header: AcceptedCmp3; data_type: categorical; num_of_rows: 2240; is_normality: False.
column_header: AcceptedCmp4; data_type: categorical; num_of_rows: 2240; is_normality: False.
column_header: AcceptedCmp5; data_type: categorical; num_of_rows: 2240; is_normality: False.
column_header: AcceptedCmp1; data_type: categorical; num_of_rows: 2240; is_normality: False.
column_header: AcceptedCmp2; data_type: categorical; num_of_rows: 2240; is_normality: False.
column_header: Complain; data_type: categorical; num_of_rows: 2240; is_normality: False.
column_header: Z_CostContact; data_type: quantitative; num_of_rows: 2240; is_normality: False.
column_header: Z_Revenue; data_type: quantitative; num_of_rows: 2240; is_normality: False.
column_header: Response; data_type: categorical; num_of_rows: 2240; is_normality: False.
### Statistical Question: How much skewness is present in the distribution of the amount spent on fish products in the last 2 years?
### Response: Let's work this out in a step-by-step way to be sure we have the right answer. The answer of relevant columns and applicable methods in JSON format and reason is:","### Response:
```json
{
  ""columns"": [""MntFishProducts""],
  ""methods"": [""Skewness""]
}
```

### Reason:
- **Relevant Columns**: The statistical question is specifically about the skewness in the distribution of the amount spent on fish products (`MntFishProducts`). Therefore, the relevant column is `MntFishProducts`.
- **Applicable Methods**: To measure the skewness in the distribution of `MntFishProducts`, the appropriate method is to calculate the Skewness.","{""columns"": [""MntFishProducts""], ""methods"": [""Skewness""]}","{
  ""columns"": [""MntFishProducts""],
  ""methods"": [""Skewness""]
}","{""Correct"": 1, ""Wrong"": 0, ""Missed"": 0}","{""Correct"": 1, ""Wrong"": 0, ""Missed"": 0}",1,1,1
Fruits and Vegetables Prices Dataset,Is the Uniform distribution a suitable model for representing the data on retail prices in Atlanta?,"[{""column_header"": ""atlantaretail"", ""is_strata"": false, ""is_control"": false}]",Distribution Compliance Test,easy,"[{""method"": ""Kolmogorov-Smirnov Test for Uniform distribution"", ""result"": ""{\""p value\"": 0.0}"", ""conclusion"": ""Non-compliance""}]","### Task Description: You need to select relevant columns and all applicable methods from provided list for the given statistical question.
### Instruction: You should only reply with one answer in JSON format containing two keys: 'columns' and 'methods'. The value of 'columns' is a list of columns' headers relevant to the given statistical question, and the value of 'methods' is a list containing all methods you think applicable. For example: {""columns"": [""c1"", ""c2"", ""...""], ""methods"": [""m1"", ""m2"", ""...""]}. If you think there is a strata or control variable involved, put its column header in the last item of the columns list. Ensure your methods selection is only limited to the classification list provided.
### Classification List: 
Correlation Analysis: Pearson Correlation Coefficient, Spearman Correlation Coefficient, Kendall Correlation Coefficient, Partial Correlation Coefficient;
Distribution Compliance Test: Anderson-Darling Test, Shapiro-Wilk Test of Normality, Kolmogorov-Smirnov Test for Normality, Lilliefors Test, Kolmogorov-Smirnov Test, Kolmogorov-Smirnov Test for Uniform distribution, Kolmogorov-Smirnov Test for Gamma distribution, Kolmogorov-Smirnov Test for Exponential distribution;
Contingency Table Test: Chi-square Independence Test, Fisher Exact Test, Mantel-Haenszel Test;
Descriptive Statistics: Mean, Median, Mode, Range, Quartile, Standard Deviation, Skewness, Kurtosis;
Variance Test: Mood Variance Test, Levene Test, Bartlett Test, F-Test for Variance.
### Column Information: 
column_header: productname; data_type: other; num_of_rows: 15766; is_normality: False.
column_header: date; data_type: other; num_of_rows: 15766; is_normality: False.
column_header: farmprice; data_type: quantitative; num_of_rows: 15766; is_normality: False.
column_header: atlantaretail; data_type: quantitative; num_of_rows: 15766; is_normality: False.
column_header: chicagoretail; data_type: quantitative; num_of_rows: 15766; is_normality: False.
column_header: losangelesretail; data_type: quantitative; num_of_rows: 15766; is_normality: False.
column_header: newyorkretail; data_type: quantitative; num_of_rows: 15766; is_normality: False.
column_header: averagespread; data_type: quantitative; num_of_rows: 15766; is_normality: False.
### Statistical Question: Is the Uniform distribution a suitable model for representing the data on retail prices in Atlanta?
### Response: Let's work this out in a step-by-step way to be sure we have the right answer. The answer of relevant columns and applicable methods in JSON format and reason is:","### Step-by-Step Analysis:

1. **Statistical Question**: The question is asking whether the Uniform distribution is a suitable model for representing the data on retail prices in Atlanta.
2. **Relevant Columns**: The column that contains the retail prices in Atlanta is `atlantaretail`.
3. **Applicable Methods**: To determine if the data follows a Uniform distribution, we need to use a goodness-of-fit test. The appropriate test from the provided list is the Kolmogorov-Smirnov Test for Uniform distribution.

### Response:

```json
{
  ""columns"": [""atlantaretail""],
  ""methods"": [""Kolmogorov-Smirnov Test for Uniform distribution""]
}
```","{""columns"": [""atlantaretail""], ""methods"": [""Kolmogorov-Smirnov Test for Uniform distribution""]}","{
  ""columns"": [""atlantaretail""],
  ""methods"": [""Kolmogorov-Smirnov Test for Uniform distribution""]
}","{""Correct"": 1, ""Wrong"": 0, ""Missed"": 0}","{""Correct"": 1, ""Wrong"": 0, ""Missed"": 0}",1,1,1
Los Angeles Library Monthly Statistics,What is the median of the Total eMedia Circulation?,"[{""column_header"": ""Total eMedia Circulation"", ""is_strata"": false, ""is_control"": false}]",Descriptive Statistics,easy,"[{""method"": ""Median"", ""result"": ""444394.0"", ""conclusion"": ""444394.0""}]","### Task Description: You need to select relevant columns and all applicable methods from provided list for the given statistical question.
### Instruction: You should only reply with one answer in JSON format containing two keys: 'columns' and 'methods'. The value of 'columns' is a list of columns' headers relevant to the given statistical question, and the value of 'methods' is a list containing all methods you think applicable. For example: {""columns"": [""c1"", ""c2"", ""...""], ""methods"": [""m1"", ""m2"", ""...""]}. If you think there is a strata or control variable involved, put its column header in the last item of the columns list. Ensure your methods selection is only limited to the classification list provided.
### Classification List: 
Correlation Analysis: Pearson Correlation Coefficient, Spearman Correlation Coefficient, Kendall Correlation Coefficient, Partial Correlation Coefficient;
Distribution Compliance Test: Anderson-Darling Test, Shapiro-Wilk Test of Normality, Kolmogorov-Smirnov Test for Normality, Lilliefors Test, Kolmogorov-Smirnov Test, Kolmogorov-Smirnov Test for Uniform distribution, Kolmogorov-Smirnov Test for Gamma distribution, Kolmogorov-Smirnov Test for Exponential distribution;
Contingency Table Test: Chi-square Independence Test, Fisher Exact Test, Mantel-Haenszel Test;
Descriptive Statistics: Mean, Median, Mode, Range, Quartile, Standard Deviation, Skewness, Kurtosis;
Variance Test: Mood Variance Test, Levene Test, Bartlett Test, F-Test for Variance.
### Column Information: 
column_header: Date; data_type: other; num_of_rows: 72; is_normality: False.
column_header: Total Library Visitors; data_type: quantitative; num_of_rows: 72; is_normality: True.
column_header: Total Program Attendees; data_type: quantitative; num_of_rows: 72; is_normality: False.
column_header: Total eMedia Circulation; data_type: quantitative; num_of_rows: 72; is_normality: True.
column_header: Total Cardholders; data_type: quantitative; num_of_rows: 72; is_normality: False.
column_header: Total Computer Usage (Wireless + PC Sessions); data_type: quantitative; num_of_rows: 72; is_normality: False.
column_header: New Cardholders; data_type: quantitative; num_of_rows: 72; is_normality: False.
column_header: # of Individuals Assisted in Pursuing Citizenship; data_type: quantitative; num_of_rows: 72; is_normality: False.
column_header: # of Homeless Individuals Served at The Source; data_type: quantitative; num_of_rows: 72; is_normality: False.
column_header: # of Attendees at Children's and Teen Programming; data_type: quantitative; num_of_rows: 72; is_normality: False.
### Statistical Question: What is the median of the Total eMedia Circulation?
### Response: Let's work this out in a step-by-step way to be sure we have the right answer. The answer of relevant columns and applicable methods in JSON format and reason is:","### Response:
Let's break down the statistical question and determine the appropriate columns and methods.

**Statistical Question:** What is the median of the Total eMedia Circulation?

1. **Relevant Columns:**
   - The question specifically asks for the median of the ""Total eMedia Circulation"". Therefore, the relevant column is:
     - ""Total eMedia Circulation""

2. **Applicable Methods:**
   - The question asks for the median, which falls under the category of Descriptive Statistics.

Based on the above analysis, the relevant columns and applicable methods are:

```json
{
  ""columns"": [""Total eMedia Circulation""],
  ""methods"": [""Median""]
}
```","{""columns"": [""Total eMedia Circulation""], ""methods"": [""Median""]}","{
  ""columns"": [""Total eMedia Circulation""],
  ""methods"": [""Median""]
}","{""Correct"": 1, ""Wrong"": 0, ""Missed"": 0}","{""Correct"": 1, ""Wrong"": 0, ""Missed"": 0}",1,1,1
US Christmas Tree Sales Dataset,Do the dispersions of the quantity of Christmas trees sold and the average selling price of trees show statistical similarity?,"[{""column_header"": ""Number of trees sold"", ""is_strata"": false, ""is_control"": false}, {""column_header"": ""Average Tree Price"", ""is_strata"": false, ""is_control"": false}]",Variance Test,easy,"[{""method"": ""Mood Variance Test"", ""result"": ""{\""stat\"": 0.0, \""p value\"": 1.0}"", ""conclusion"": ""Variance not significantly difference between them""}, {""method"": ""Levene Test"", ""result"": ""{\""stat\"": 69.37938, \""p value\"": 0.0}"", ""conclusion"": ""Variance significantly difference between them""}, {""method"": ""Bartlett Test"", ""result"": ""{\""stat\"": 306.99085, \""p value\"": 0.0}"", ""conclusion"": ""Variance significantly difference between them""}, {""method"": ""F-Test for Variance"", ""result"": ""{\""stat\"": 79.2598, \""p value\"": 0.0}"", ""conclusion"": ""Variance significantly difference between them""}]","### Task Description: You need to select relevant columns and all applicable methods from provided list for the given statistical question.
### Instruction: You should only reply with one answer in JSON format containing two keys: 'columns' and 'methods'. The value of 'columns' is a list of columns' headers relevant to the given statistical question, and the value of 'methods' is a list containing all methods you think applicable. For example: {""columns"": [""c1"", ""c2"", ""...""], ""methods"": [""m1"", ""m2"", ""...""]}. If you think there is a strata or control variable involved, put its column header in the last item of the columns list. Ensure your methods selection is only limited to the classification list provided.
### Classification List: 
Correlation Analysis: Pearson Correlation Coefficient, Spearman Correlation Coefficient, Kendall Correlation Coefficient, Partial Correlation Coefficient;
Distribution Compliance Test: Anderson-Darling Test, Shapiro-Wilk Test of Normality, Kolmogorov-Smirnov Test for Normality, Lilliefors Test, Kolmogorov-Smirnov Test, Kolmogorov-Smirnov Test for Uniform distribution, Kolmogorov-Smirnov Test for Gamma distribution, Kolmogorov-Smirnov Test for Exponential distribution;
Contingency Table Test: Chi-square Independence Test, Fisher Exact Test, Mantel-Haenszel Test;
Descriptive Statistics: Mean, Median, Mode, Range, Quartile, Standard Deviation, Skewness, Kurtosis;
Variance Test: Mood Variance Test, Levene Test, Bartlett Test, F-Test for Variance.
### Column Information: 
column_header: index; data_type: id; num_of_rows: 14; is_normality: False.
column_header: Year; data_type: other; num_of_rows: 14; is_normality: False.
column_header: Type of tree; data_type: categorical; num_of_rows: 14; is_normality: False.
column_header: Number of trees sold; data_type: quantitative; num_of_rows: 14; is_normality: True.
column_header: Average Tree Price; data_type: quantitative; num_of_rows: 14; is_normality: True.
column_header: Sales; data_type: quantitative; num_of_rows: 14; is_normality: True.
### Statistical Question: Do the dispersions of the quantity of Christmas trees sold and the average selling price of trees show statistical similarity?
### Response: Let's work this out in a step-by-step way to be sure we have the right answer. The answer of relevant columns and applicable methods in JSON format and reason is:","### Response:
Let's break down the statistical question and determine the appropriate columns and methods.

**Statistical Question:** Do the dispersions of the quantity of Christmas trees sold and the average selling price of trees show statistical similarity?

1. **Relevant Columns:**
   - `Number of trees sold`: This column represents the quantity of trees sold, which is a quantitative variable.
   - `Average Tree Price`: This column represents the average selling price of trees, which is also a quantitative variable.

2. **Applicable Methods:**
   - **Variance Test:** To determine if the dispersions (variances) of two quantitative variables are statistically similar, we can use variance tests such as Mood Variance Test, Levene Test, Bartlett Test, or F-Test for Variance.

Based on the above analysis, the relevant columns and applicable methods are:

```json
{
  ""columns"": [""Number of trees sold"", ""Average Tree Price""],
  ""methods"": [""Mood Variance Test"", ""Levene Test"", ""Bartlett Test"", ""F-Test for Variance""]
}
```","{""columns"": [""Number of trees sold"", ""Average Tree Price""], ""methods"": [""Mood Variance Test"", ""Levene Test"", ""Bartlett Test"", ""F-Test for Variance""]}","{
  ""columns"": [""Number of trees sold"", ""Average Tree Price""],
  ""methods"": [""Mood Variance Test"", ""Levene Test"", ""Bartlett Test"", ""F-Test for Variance""]
}","{""Correct"": 4, ""Wrong"": 0, ""Missed"": 0}","{""Correct"": 2, ""Wrong"": 0, ""Missed"": 0}",1,1,1
Terrorist Attacks Dataset,"After accounting for the effects of terrorist attacks, what is the remaining relationship between the use of hostage taking (kidnapping) as the attack method and the number of deaths of individuals aged between 6 and 10?","[{""column_header"": ""Attack method: Hostage Taking (Kidnapping)"", ""is_strata"": false, ""is_control"": false}, {""column_header"": ""Death Age : 6-10 "", ""is_strata"": false, ""is_control"": false}, {""column_header"": ""Terrorist attacks"", ""is_strata"": false, ""is_control"": true}]",Correlation Analysis,easy,"[{""method"": ""Partial Correlation Coefficient"", ""result"": ""{\""coefficient\"": 0.34781, \""p value\"": 0.0}"", ""conclusion"": ""Not strongly correlated""}]","### Task Description: You need to select relevant columns and all applicable methods from provided list for the given statistical question.
### Instruction: You should only reply with one answer in JSON format containing two keys: 'columns' and 'methods'. The value of 'columns' is a list of columns' headers relevant to the given statistical question, and the value of 'methods' is a list containing all methods you think applicable. For example: {""columns"": [""c1"", ""c2"", ""...""], ""methods"": [""m1"", ""m2"", ""...""]}. If you think there is a strata or control variable involved, put its column header in the last item of the columns list. Ensure your methods selection is only limited to the classification list provided.
### Classification List: 
Correlation Analysis: Pearson Correlation Coefficient, Spearman Correlation Coefficient, Kendall Correlation Coefficient, Partial Correlation Coefficient;
Distribution Compliance Test: Anderson-Darling Test, Shapiro-Wilk Test of Normality, Kolmogorov-Smirnov Test for Normality, Lilliefors Test, Kolmogorov-Smirnov Test, Kolmogorov-Smirnov Test for Uniform distribution, Kolmogorov-Smirnov Test for Gamma distribution, Kolmogorov-Smirnov Test for Exponential distribution;
Contingency Table Test: Chi-square Independence Test, Fisher Exact Test, Mantel-Haenszel Test;
Descriptive Statistics: Mean, Median, Mode, Range, Quartile, Standard Deviation, Skewness, Kurtosis;
Variance Test: Mood Variance Test, Levene Test, Bartlett Test, F-Test for Variance.
### Column Information: 
column_header: Entity; data_type: other; num_of_rows: 10517; is_normality: False.
column_header: Code; data_type: other; num_of_rows: 10517; is_normality: False.
column_header: Year; data_type: other; num_of_rows: 10517; is_normality: False.
column_header: Terrorist attacks; data_type: quantitative; num_of_rows: 10517; is_normality: False.
column_header: Terrorism deaths; data_type: quantitative; num_of_rows: 10517; is_normality: False.
column_header: Attack method: Hijacking; data_type: quantitative; num_of_rows: 10517; is_normality: False.
column_header: Attack method: Hostage Taking (Barricade Incident); data_type: quantitative; num_of_rows: 10517; is_normality: False.
column_header: Attack method: Unarmed Assault; data_type: quantitative; num_of_rows: 10517; is_normality: False.
column_header: Attack method: Facility/Infrastructure Attack; data_type: quantitative; num_of_rows: 10517; is_normality: False.
column_header: Attack method: Hostage Taking (Kidnapping); data_type: quantitative; num_of_rows: 10517; is_normality: False.
column_header: Attack method: Assassination; data_type: quantitative; num_of_rows: 10517; is_normality: False.
column_header: Attack method: Armed Assault; data_type: quantitative; num_of_rows: 10517; is_normality: False.
column_header: Attack method: Bombing/Explosion; data_type: quantitative; num_of_rows: 10517; is_normality: False.
column_header: Death Age 100+; data_type: quantitative; num_of_rows: 10517; is_normality: False.
column_header: Death Age: 51-99 ; data_type: quantitative; num_of_rows: 10517; is_normality: False.
column_header: Death Age : 21-50 ; data_type: quantitative; num_of_rows: 10517; is_normality: False.
column_header: Death Age : 11-20 ; data_type: quantitative; num_of_rows: 10517; is_normality: False.
column_header: Death Age : 6-10 ; data_type: quantitative; num_of_rows: 10517; is_normality: False.
column_header: Death Age :  1-5; data_type: quantitative; num_of_rows: 10517; is_normality: False.
column_header: Terrorist Death Type : Suicide; data_type: quantitative; num_of_rows: 10517; is_normality: False.
column_header: Terrorist Death Type : Killed; data_type: quantitative; num_of_rows: 10517; is_normality: False.
### Statistical Question: After accounting for the effects of terrorist attacks, what is the remaining relationship between the use of hostage taking (kidnapping) as the attack method and the number of deaths of individuals aged between 6 and 10?
### Response: Let's work this out in a step-by-step way to be sure we have the right answer. The answer of relevant columns and applicable methods in JSON format and reason is:","### Response:
```json
{
  ""columns"": [""Attack method: Hostage Taking (Kidnapping)"", ""Terrorist attacks"", ""Death Age : 6-10""],
  ""methods"": [""Partial Correlation Coefficient""]
}
```

### Reason:
- **Columns:**
  - **Attack method: Hostage Taking (Kidnapping):** This is the variable representing the use of hostage taking as the attack method.
  - **Terrorist attacks:** This is the variable representing the number of terrorist attacks, which we need to account for as a potential confounding variable.
  - **Death Age : 6-10:** This is the variable representing the number of deaths of individuals aged between 6 and 10.

- **Methods:**
  - **Partial Correlation Coefficient:** This method is used to measure the relationship between two variables while controlling for the effect of one or more additional variables. Here, we want to measure the relationship between hostage taking and deaths of individuals aged 6-10, while controlling for the number of terrorist attacks.","{""columns"": [""Attack method: Hostage Taking (Kidnapping)"", ""Death Age : 6-10 "", ""Terrorist attacks""], ""methods"": [""Partial Correlation Coefficient""]}","{
  ""columns"": [""Attack method: Hostage Taking (Kidnapping)"", ""Terrorist attacks"", ""Death Age : 6-10""],
  ""methods"": [""Partial Correlation Coefficient""]
}","{""Correct"": 1, ""Wrong"": 0, ""Missed"": 0}","{""Correct"": 3, ""Wrong"": 0, ""Missed"": 0}",1,1,1
Jobs and Salaries Dataset,Is there a relationship between the experience level of employees and the size of their employer companies?,"[{""column_header"": ""experience_level"", ""is_strata"": false, ""is_control"": false}, {""column_header"": ""company_size"", ""is_strata"": false, ""is_control"": false}]",Contingency Table Test,hard,"[{""method"": ""Chi-square Independence Test"", ""result"": ""{\""p value\"": 0.0}"", ""conclusion"": ""Not independent""}]","### Task Description: You need to select relevant columns and all applicable methods from provided list for the given statistical question.
### Instruction: You should only reply with one answer in JSON format containing two keys: 'columns' and 'methods'. The value of 'columns' is a list of columns' headers relevant to the given statistical question, and the value of 'methods' is a list containing all methods you think applicable. For example: {""columns"": [""c1"", ""c2"", ""...""], ""methods"": [""m1"", ""m2"", ""...""]}. If you think there is a strata or control variable involved, put its column header in the last item of the columns list. Ensure your methods selection is only limited to the classification list provided.
### Classification List: 
Correlation Analysis: Pearson Correlation Coefficient, Spearman Correlation Coefficient, Kendall Correlation Coefficient, Partial Correlation Coefficient;
Distribution Compliance Test: Anderson-Darling Test, Shapiro-Wilk Test of Normality, Kolmogorov-Smirnov Test for Normality, Lilliefors Test, Kolmogorov-Smirnov Test, Kolmogorov-Smirnov Test for Uniform distribution, Kolmogorov-Smirnov Test for Gamma distribution, Kolmogorov-Smirnov Test for Exponential distribution;
Contingency Table Test: Chi-square Independence Test, Fisher Exact Test, Mantel-Haenszel Test;
Descriptive Statistics: Mean, Median, Mode, Range, Quartile, Standard Deviation, Skewness, Kurtosis;
Variance Test: Mood Variance Test, Levene Test, Bartlett Test, F-Test for Variance.
### Column Information: 
column_header: work_year; data_type: quantitative; num_of_rows: 9355; is_normality: False.
column_header: job_title; data_type: categorical; num_of_rows: 9355; is_normality: False.
column_header: job_categoricalgory; data_type: categorical; num_of_rows: 9355; is_normality: False.
column_header: salary_currency; data_type: categorical; num_of_rows: 9355; is_normality: False.
column_header: salary; data_type: quantitative; num_of_rows: 9355; is_normality: False.
column_header: salary_in_usd; data_type: quantitative; num_of_rows: 9355; is_normality: False.
column_header: employee_residence; data_type: categorical; num_of_rows: 9355; is_normality: False.
column_header: experience_level; data_type: categorical; num_of_rows: 9355; is_normality: False.
column_header: employment_type; data_type: categorical; num_of_rows: 9355; is_normality: False.
column_header: work_setting; data_type: categorical; num_of_rows: 9355; is_normality: False.
column_header: company_location; data_type: categorical; num_of_rows: 9355; is_normality: False.
column_header: company_size; data_type: categorical; num_of_rows: 9355; is_normality: False.
### Statistical Question: Is there a relationship between the experience level of employees and the size of their employer companies?
### Response: Let's work this out in a step-by-step way to be sure we have the right answer. The answer of relevant columns and applicable methods in JSON format and reason is:","### Step-by-Step Analysis:

1. **Statistical Question**: The question asks whether there is a relationship between the experience level of employees and the size of their employer companies.
2. **Relevant Columns**:
   - `experience_level`: This is a categorical variable representing the experience level of employees.
   - `company_size`: This is a categorical variable representing the size of the employer companies.
3. **Applicable Methods**:
   - Since both variables are categorical, we need a method that can test the independence between two categorical variables. The appropriate method here is the **Chi-square Independence Test**.

### Response:
```json
{
  ""columns"": [""experience_level"", ""company_size""],
  ""methods"": [""Chi-square Independence Test""]
}
```","{""columns"": [""experience_level"", ""company_size""], ""methods"": [""Chi-square Independence Test""]}","{
  ""columns"": [""experience_level"", ""company_size""],
  ""methods"": [""Chi-square Independence Test""]
}","{""Correct"": 1, ""Wrong"": 0, ""Missed"": 0}","{""Correct"": 2, ""Wrong"": 0, ""Missed"": 0}",1,1,1
Grades of Students Dataset,What is the mode of the distribution of grades in History course 101 (HS-101)?,"[{""column_header"": ""HS-101"", ""is_strata"": false, ""is_control"": false}]",Descriptive Statistics,easy,"[{""method"": ""Mode"", ""result"": ""A-"", ""conclusion"": ""A-""}]","### Task Description: You need to select relevant columns and all applicable methods from provided list for the given statistical question.
### Instruction: You should only reply with one answer in JSON format containing two keys: 'columns' and 'methods'. The value of 'columns' is a list of columns' headers relevant to the given statistical question, and the value of 'methods' is a list containing all methods you think applicable. For example: {""columns"": [""c1"", ""c2"", ""...""], ""methods"": [""m1"", ""m2"", ""...""]}. If you think there is a strata or control variable involved, put its column header in the last item of the columns list. Ensure your methods selection is only limited to the classification list provided.
### Classification List: 
Correlation Analysis: Pearson Correlation Coefficient, Spearman Correlation Coefficient, Kendall Correlation Coefficient, Partial Correlation Coefficient;
Distribution Compliance Test: Anderson-Darling Test, Shapiro-Wilk Test of Normality, Kolmogorov-Smirnov Test for Normality, Lilliefors Test, Kolmogorov-Smirnov Test, Kolmogorov-Smirnov Test for Uniform distribution, Kolmogorov-Smirnov Test for Gamma distribution, Kolmogorov-Smirnov Test for Exponential distribution;
Contingency Table Test: Chi-square Independence Test, Fisher Exact Test, Mantel-Haenszel Test;
Descriptive Statistics: Mean, Median, Mode, Range, Quartile, Standard Deviation, Skewness, Kurtosis;
Variance Test: Mood Variance Test, Levene Test, Bartlett Test, F-Test for Variance.
### Column Information: 
column_header: Seat No.; data_type: id; num_of_rows: 571; is_normality: False.
column_header: PH-121; data_type: categorical; num_of_rows: 571; is_normality: False.
column_header: HS-101; data_type: categorical; num_of_rows: 571; is_normality: False.
column_header: CY-105; data_type: categorical; num_of_rows: 571; is_normality: False.
column_header: HS-105/12; data_type: categorical; num_of_rows: 571; is_normality: False.
column_header: MT-111; data_type: categorical; num_of_rows: 571; is_normality: False.
column_header: CS-105; data_type: categorical; num_of_rows: 571; is_normality: False.
column_header: CS-106; data_type: categorical; num_of_rows: 571; is_normality: False.
column_header: EL-102; data_type: categorical; num_of_rows: 571; is_normality: False.
column_header: EE-119; data_type: categorical; num_of_rows: 571; is_normality: False.
column_header: ME-107; data_type: categorical; num_of_rows: 571; is_normality: False.
column_header: CS-107; data_type: categorical; num_of_rows: 571; is_normality: False.
column_header: HS-205/20; data_type: categorical; num_of_rows: 571; is_normality: False.
column_header: MT-222; data_type: categorical; num_of_rows: 571; is_normality: False.
column_header: EE-222; data_type: categorical; num_of_rows: 571; is_normality: False.
column_header: MT-224; data_type: categorical; num_of_rows: 571; is_normality: False.
column_header: CS-210; data_type: categorical; num_of_rows: 571; is_normality: False.
column_header: CS-211; data_type: categorical; num_of_rows: 571; is_normality: False.
column_header: CS-203; data_type: categorical; num_of_rows: 571; is_normality: False.
column_header: CS-214; data_type: categorical; num_of_rows: 571; is_normality: False.
column_header: EE-217; data_type: categorical; num_of_rows: 571; is_normality: False.
column_header: CS-212; data_type: categorical; num_of_rows: 571; is_normality: False.
column_header: CS-215; data_type: categorical; num_of_rows: 571; is_normality: False.
column_header: MT-331; data_type: categorical; num_of_rows: 571; is_normality: False.
column_header: EF-303; data_type: categorical; num_of_rows: 571; is_normality: False.
column_header: HS-304; data_type: categorical; num_of_rows: 571; is_normality: False.
column_header: CS-301; data_type: categorical; num_of_rows: 571; is_normality: False.
column_header: CS-302; data_type: categorical; num_of_rows: 571; is_normality: False.
column_header: TC-383; data_type: categorical; num_of_rows: 571; is_normality: False.
column_header: MT-442; data_type: categorical; num_of_rows: 571; is_normality: False.
column_header: EL-332; data_type: categorical; num_of_rows: 571; is_normality: False.
column_header: CS-318; data_type: categorical; num_of_rows: 571; is_normality: False.
column_header: CS-306; data_type: categorical; num_of_rows: 571; is_normality: False.
column_header: CS-312; data_type: categorical; num_of_rows: 571; is_normality: False.
column_header: CS-317; data_type: categorical; num_of_rows: 571; is_normality: False.
column_header: CS-403; data_type: categorical; num_of_rows: 571; is_normality: False.
column_header: CS-421; data_type: categorical; num_of_rows: 571; is_normality: False.
column_header: CS-406; data_type: categorical; num_of_rows: 571; is_normality: False.
column_header: CS-414; data_type: categorical; num_of_rows: 571; is_normality: False.
column_header: CS-419; data_type: categorical; num_of_rows: 571; is_normality: False.
column_header: CS-423; data_type: categorical; num_of_rows: 571; is_normality: False.
column_header: CS-412; data_type: categorical; num_of_rows: 571; is_normality: False.
column_header: CGPA; data_type: quantitative; num_of_rows: 571; is_normality: False.
### Statistical Question: What is the mode of the distribution of grades in History course 101 (HS-101)?
### Response: Let's work this out in a step-by-step way to be sure we have the right answer. The answer of relevant columns and applicable methods in JSON format and reason is:","### Step-by-Step Reasoning:
1. **Identify the Relevant Column:**
   - The statistical question asks for the mode of the distribution of grades in the History course 101 (HS-101).
   - The column `HS-101` is the relevant column as it contains categorical data representing grades in the History course 101.

2. **Identify the Applicable Method:**
   - The mode is a measure of central tendency that identifies the most frequently occurring value in a dataset.
   - From the provided classification list, the method ""Mode"" under Descriptive Statistics is applicable.

3. **Construct the JSON Response:**
   - The relevant column is `HS-101`.
   - The applicable method is ""Mode"".

### JSON Response:
```json
{
  ""columns"": [""HS-101""],
  ""methods"": [""Mode""]
}
```","{""columns"": [""HS-101""], ""methods"": [""Mode""]}","{
  ""columns"": [""HS-101""],
  ""methods"": [""Mode""]
}","{""Correct"": 1, ""Wrong"": 0, ""Missed"": 0}","{""Correct"": 1, ""Wrong"": 0, ""Missed"": 0}",1,1,1
Terrorist Attacks Dataset,"After controlling for the impact of terrorist attacks, what is the correlation between the number of deaths resulting from terrorist attacks and the number of deaths of individuals aged between 11 and 20?","[{""column_header"": ""Terrorism deaths"", ""is_strata"": false, ""is_control"": false}, {""column_header"": ""Death Age : 11-20 "", ""is_strata"": false, ""is_control"": false}, {""column_header"": ""Terrorist attacks"", ""is_strata"": false, ""is_control"": true}]",Correlation Analysis,easy,"[{""method"": ""Partial Correlation Coefficient"", ""result"": ""{\""coefficient\"": 0.84063, \""p value\"": 0.0}"", ""conclusion"": ""Strongly correlated""}]","### Task Description: You need to select relevant columns and all applicable methods from provided list for the given statistical question.
### Instruction: You should only reply with one answer in JSON format containing two keys: 'columns' and 'methods'. The value of 'columns' is a list of columns' headers relevant to the given statistical question, and the value of 'methods' is a list containing all methods you think applicable. For example: {""columns"": [""c1"", ""c2"", ""...""], ""methods"": [""m1"", ""m2"", ""...""]}. If you think there is a strata or control variable involved, put its column header in the last item of the columns list. Ensure your methods selection is only limited to the classification list provided.
### Classification List: 
Correlation Analysis: Pearson Correlation Coefficient, Spearman Correlation Coefficient, Kendall Correlation Coefficient, Partial Correlation Coefficient;
Distribution Compliance Test: Anderson-Darling Test, Shapiro-Wilk Test of Normality, Kolmogorov-Smirnov Test for Normality, Lilliefors Test, Kolmogorov-Smirnov Test, Kolmogorov-Smirnov Test for Uniform distribution, Kolmogorov-Smirnov Test for Gamma distribution, Kolmogorov-Smirnov Test for Exponential distribution;
Contingency Table Test: Chi-square Independence Test, Fisher Exact Test, Mantel-Haenszel Test;
Descriptive Statistics: Mean, Median, Mode, Range, Quartile, Standard Deviation, Skewness, Kurtosis;
Variance Test: Mood Variance Test, Levene Test, Bartlett Test, F-Test for Variance.
### Column Information: 
column_header: Entity; data_type: other; num_of_rows: 10517; is_normality: False.
column_header: Code; data_type: other; num_of_rows: 10517; is_normality: False.
column_header: Year; data_type: other; num_of_rows: 10517; is_normality: False.
column_header: Terrorist attacks; data_type: quantitative; num_of_rows: 10517; is_normality: False.
column_header: Terrorism deaths; data_type: quantitative; num_of_rows: 10517; is_normality: False.
column_header: Attack method: Hijacking; data_type: quantitative; num_of_rows: 10517; is_normality: False.
column_header: Attack method: Hostage Taking (Barricade Incident); data_type: quantitative; num_of_rows: 10517; is_normality: False.
column_header: Attack method: Unarmed Assault; data_type: quantitative; num_of_rows: 10517; is_normality: False.
column_header: Attack method: Facility/Infrastructure Attack; data_type: quantitative; num_of_rows: 10517; is_normality: False.
column_header: Attack method: Hostage Taking (Kidnapping); data_type: quantitative; num_of_rows: 10517; is_normality: False.
column_header: Attack method: Assassination; data_type: quantitative; num_of_rows: 10517; is_normality: False.
column_header: Attack method: Armed Assault; data_type: quantitative; num_of_rows: 10517; is_normality: False.
column_header: Attack method: Bombing/Explosion; data_type: quantitative; num_of_rows: 10517; is_normality: False.
column_header: Death Age 100+; data_type: quantitative; num_of_rows: 10517; is_normality: False.
column_header: Death Age: 51-99 ; data_type: quantitative; num_of_rows: 10517; is_normality: False.
column_header: Death Age : 21-50 ; data_type: quantitative; num_of_rows: 10517; is_normality: False.
column_header: Death Age : 11-20 ; data_type: quantitative; num_of_rows: 10517; is_normality: False.
column_header: Death Age : 6-10 ; data_type: quantitative; num_of_rows: 10517; is_normality: False.
column_header: Death Age :  1-5; data_type: quantitative; num_of_rows: 10517; is_normality: False.
column_header: Terrorist Death Type : Suicide; data_type: quantitative; num_of_rows: 10517; is_normality: False.
column_header: Terrorist Death Type : Killed; data_type: quantitative; num_of_rows: 10517; is_normality: False.
### Statistical Question: After controlling for the impact of terrorist attacks, what is the correlation between the number of deaths resulting from terrorist attacks and the number of deaths of individuals aged between 11 and 20?
### Response: Let's work this out in a step-by-step way to be sure we have the right answer. The answer of relevant columns and applicable methods in JSON format and reason is:","### Response:
```json
{
  ""columns"": [""Terrorist attacks"", ""Terrorism deaths"", ""Death Age : 11-20""],
  ""methods"": [""Partial Correlation Coefficient""]
}
```

### Reason:
- **Relevant Columns:**
  - ""Terrorist attacks"": This column represents the number of terrorist attacks, which we need to control for.
  - ""Terrorism deaths"": This column represents the number of deaths resulting from terrorist attacks.
  - ""Death Age : 11-20"": This column represents the number of deaths of individuals aged between 11 and 20.

- **Applicable Methods:**
  - ""Partial Correlation Coefficient"": This method is used to measure the correlation between two variables while controlling for the effect of one or more additional variables. In this case, we want to measure the correlation between ""Terrorism deaths"" and ""Death Age : 11-20"" while controlling for ""Terrorist attacks"".","{""columns"": [""Terrorism deaths"", ""Death Age : 11-20 "", ""Terrorist attacks""], ""methods"": [""Partial Correlation Coefficient""]}","{
  ""columns"": [""Terrorist attacks"", ""Terrorism deaths"", ""Death Age : 11-20""],
  ""methods"": [""Partial Correlation Coefficient""]
}","{""Correct"": 1, ""Wrong"": 0, ""Missed"": 0}","{""Correct"": 3, ""Wrong"": 0, ""Missed"": 0}",1,1,1
University Rank Dataset,What is the value of skewness for the assessment of the research environment score?,"[{""column_header"": ""Research Environment Score"", ""is_strata"": false, ""is_control"": false}]",Descriptive Statistics,easy,"[{""method"": ""Skewness"", ""result"": ""2.06111"", ""conclusion"": ""2.06111""}]","### Task Description: You need to select relevant columns and all applicable methods from provided list for the given statistical question.
### Instruction: You should only reply with one answer in JSON format containing two keys: 'columns' and 'methods'. The value of 'columns' is a list of columns' headers relevant to the given statistical question, and the value of 'methods' is a list containing all methods you think applicable. For example: {""columns"": [""c1"", ""c2"", ""...""], ""methods"": [""m1"", ""m2"", ""...""]}. If you think there is a strata or control variable involved, put its column header in the last item of the columns list. Ensure your methods selection is only limited to the classification list provided.
### Classification List: 
Correlation Analysis: Pearson Correlation Coefficient, Spearman Correlation Coefficient, Kendall Correlation Coefficient, Partial Correlation Coefficient;
Distribution Compliance Test: Anderson-Darling Test, Shapiro-Wilk Test of Normality, Kolmogorov-Smirnov Test for Normality, Lilliefors Test, Kolmogorov-Smirnov Test, Kolmogorov-Smirnov Test for Uniform distribution, Kolmogorov-Smirnov Test for Gamma distribution, Kolmogorov-Smirnov Test for Exponential distribution;
Contingency Table Test: Chi-square Independence Test, Fisher Exact Test, Mantel-Haenszel Test;
Descriptive Statistics: Mean, Median, Mode, Range, Quartile, Standard Deviation, Skewness, Kurtosis;
Variance Test: Mood Variance Test, Levene Test, Bartlett Test, F-Test for Variance.
### Column Information: 
column_header: rank; data_type: id; num_of_rows: 910; is_normality: False.
column_header: ranking-institution-title; data_type: other; num_of_rows: 910; is_normality: False.
column_header: location; data_type: other; num_of_rows: 910; is_normality: False.
column_header: Overall scores; data_type: categorical; num_of_rows: 910; is_normality: False.
column_header: Research Quality Score; data_type: quantitative; num_of_rows: 910; is_normality: False.
column_header: Industry Score; data_type: quantitative; num_of_rows: 910; is_normality: False.
column_header: International Outlook; data_type: quantitative; num_of_rows: 910; is_normality: False.
column_header: Research Environment Score; data_type: quantitative; num_of_rows: 910; is_normality: False.
column_header: Teaching Score; data_type: quantitative; num_of_rows: 910; is_normality: False.
### Statistical Question: What is the value of skewness for the assessment of the research environment score?
### Response: Let's work this out in a step-by-step way to be sure we have the right answer. The answer of relevant columns and applicable methods in JSON format and reason is:","### Response:
Let's break down the statistical question and determine the appropriate columns and methods.

**Statistical Question:** What is the value of skewness for the assessment of the research environment score?

1. **Identify Relevant Columns:**
   - The question specifically asks about the skewness of the ""Research Environment Score.""
   - Therefore, the relevant column is ""Research Environment Score.""

2. **Identify Applicable Methods:**
   - The question asks for the value of skewness.
   - From the provided classification list, the method ""Skewness"" under Descriptive Statistics is applicable.

Based on the above reasoning, the relevant columns and applicable methods are:

```json
{
  ""columns"": [""Research Environment Score""],
  ""methods"": [""Skewness""]
}
```","{""columns"": [""Research Environment Score""], ""methods"": [""Skewness""]}","{
  ""columns"": [""Research Environment Score""],
  ""methods"": [""Skewness""]
}","{""Correct"": 1, ""Wrong"": 0, ""Missed"": 0}","{""Correct"": 1, ""Wrong"": 0, ""Missed"": 0}",1,1,1
Terrorist Attacks Dataset,"What is the skewness value for the variable ""Terrorist Death Type: Killed,"" which indicates whether the terrorist was killed during the attack?","[{""column_header"": ""Terrorist Death Type : Killed"", ""is_strata"": false, ""is_control"": false}]",Descriptive Statistics,easy,"[{""method"": ""Skewness"", ""result"": ""15.95807"", ""conclusion"": ""15.95807""}]","### Task Description: You need to select relevant columns and all applicable methods from provided list for the given statistical question.
### Instruction: You should only reply with one answer in JSON format containing two keys: 'columns' and 'methods'. The value of 'columns' is a list of columns' headers relevant to the given statistical question, and the value of 'methods' is a list containing all methods you think applicable. For example: {""columns"": [""c1"", ""c2"", ""...""], ""methods"": [""m1"", ""m2"", ""...""]}. If you think there is a strata or control variable involved, put its column header in the last item of the columns list. Ensure your methods selection is only limited to the classification list provided.
### Classification List: 
Correlation Analysis: Pearson Correlation Coefficient, Spearman Correlation Coefficient, Kendall Correlation Coefficient, Partial Correlation Coefficient;
Distribution Compliance Test: Anderson-Darling Test, Shapiro-Wilk Test of Normality, Kolmogorov-Smirnov Test for Normality, Lilliefors Test, Kolmogorov-Smirnov Test, Kolmogorov-Smirnov Test for Uniform distribution, Kolmogorov-Smirnov Test for Gamma distribution, Kolmogorov-Smirnov Test for Exponential distribution;
Contingency Table Test: Chi-square Independence Test, Fisher Exact Test, Mantel-Haenszel Test;
Descriptive Statistics: Mean, Median, Mode, Range, Quartile, Standard Deviation, Skewness, Kurtosis;
Variance Test: Mood Variance Test, Levene Test, Bartlett Test, F-Test for Variance.
### Column Information: 
column_header: Entity; data_type: other; num_of_rows: 10517; is_normality: False.
column_header: Code; data_type: other; num_of_rows: 10517; is_normality: False.
column_header: Year; data_type: other; num_of_rows: 10517; is_normality: False.
column_header: Terrorist attacks; data_type: quantitative; num_of_rows: 10517; is_normality: False.
column_header: Terrorism deaths; data_type: quantitative; num_of_rows: 10517; is_normality: False.
column_header: Attack method: Hijacking; data_type: quantitative; num_of_rows: 10517; is_normality: False.
column_header: Attack method: Hostage Taking (Barricade Incident); data_type: quantitative; num_of_rows: 10517; is_normality: False.
column_header: Attack method: Unarmed Assault; data_type: quantitative; num_of_rows: 10517; is_normality: False.
column_header: Attack method: Facility/Infrastructure Attack; data_type: quantitative; num_of_rows: 10517; is_normality: False.
column_header: Attack method: Hostage Taking (Kidnapping); data_type: quantitative; num_of_rows: 10517; is_normality: False.
column_header: Attack method: Assassination; data_type: quantitative; num_of_rows: 10517; is_normality: False.
column_header: Attack method: Armed Assault; data_type: quantitative; num_of_rows: 10517; is_normality: False.
column_header: Attack method: Bombing/Explosion; data_type: quantitative; num_of_rows: 10517; is_normality: False.
column_header: Death Age 100+; data_type: quantitative; num_of_rows: 10517; is_normality: False.
column_header: Death Age: 51-99 ; data_type: quantitative; num_of_rows: 10517; is_normality: False.
column_header: Death Age : 21-50 ; data_type: quantitative; num_of_rows: 10517; is_normality: False.
column_header: Death Age : 11-20 ; data_type: quantitative; num_of_rows: 10517; is_normality: False.
column_header: Death Age : 6-10 ; data_type: quantitative; num_of_rows: 10517; is_normality: False.
column_header: Death Age :  1-5; data_type: quantitative; num_of_rows: 10517; is_normality: False.
column_header: Terrorist Death Type : Suicide; data_type: quantitative; num_of_rows: 10517; is_normality: False.
column_header: Terrorist Death Type : Killed; data_type: quantitative; num_of_rows: 10517; is_normality: False.
### Statistical Question: What is the skewness value for the variable ""Terrorist Death Type: Killed,"" which indicates whether the terrorist was killed during the attack?
### Response: Let's work this out in a step-by-step way to be sure we have the right answer. The answer of relevant columns and applicable methods in JSON format and reason is:","### Response:
```json
{
  ""columns"": [""Terrorist Death Type : Killed""],
  ""methods"": [""Skewness""]
}
```

### Reason:
- **Columns**: The statistical question specifically asks for the skewness value of the variable ""Terrorist Death Type: Killed"". Therefore, the relevant column is ""Terrorist Death Type : Killed"".
- **Methods**: The method required to calculate the skewness of a variable is ""Skewness"". This falls under the category of Descriptive Statistics.","{""columns"": [""Terrorist Death Type : Killed""], ""methods"": [""Skewness""]}","{
  ""columns"": [""Terrorist Death Type : Killed""],
  ""methods"": [""Skewness""]
}","{""Correct"": 1, ""Wrong"": 0, ""Missed"": 0}","{""Correct"": 1, ""Wrong"": 0, ""Missed"": 0}",1,1,1
Green House Gas Produce by Different Industry,What is the range of greenhouse gas emissions values for the year 2014?,"[{""column_header"": ""F2014"", ""is_strata"": false, ""is_control"": false}]",Descriptive Statistics,easy,"[{""method"": ""Range"", ""result"": ""49605.94193"", ""conclusion"": ""49605.94193""}]","### Task Description: You need to select relevant columns and all applicable methods from provided list for the given statistical question.
### Instruction: You should only reply with one answer in JSON format containing two keys: 'columns' and 'methods'. The value of 'columns' is a list of columns' headers relevant to the given statistical question, and the value of 'methods' is a list containing all methods you think applicable. For example: {""columns"": [""c1"", ""c2"", ""...""], ""methods"": [""m1"", ""m2"", ""...""]}. If you think there is a strata or control variable involved, put its column header in the last item of the columns list. Ensure your methods selection is only limited to the classification list provided.
### Classification List: 
Correlation Analysis: Pearson Correlation Coefficient, Spearman Correlation Coefficient, Kendall Correlation Coefficient, Partial Correlation Coefficient;
Distribution Compliance Test: Anderson-Darling Test, Shapiro-Wilk Test of Normality, Kolmogorov-Smirnov Test for Normality, Lilliefors Test, Kolmogorov-Smirnov Test, Kolmogorov-Smirnov Test for Uniform distribution, Kolmogorov-Smirnov Test for Gamma distribution, Kolmogorov-Smirnov Test for Exponential distribution;
Contingency Table Test: Chi-square Independence Test, Fisher Exact Test, Mantel-Haenszel Test;
Descriptive Statistics: Mean, Median, Mode, Range, Quartile, Standard Deviation, Skewness, Kurtosis;
Variance Test: Mood Variance Test, Levene Test, Bartlett Test, F-Test for Variance.
### Column Information: 
column_header: Country; data_type: categorical; num_of_rows: 1186; is_normality: False.
column_header: ISO2; data_type: other; num_of_rows: 1186; is_normality: False.
column_header: ISO3; data_type: categorical; num_of_rows: 1186; is_normality: False.
column_header: Industry; data_type: categorical; num_of_rows: 1186; is_normality: False.
column_header: Gas_Type; data_type: categorical; num_of_rows: 1186; is_normality: False.
column_header: F2010; data_type: quantitative; num_of_rows: 1186; is_normality: False.
column_header: F2011; data_type: quantitative; num_of_rows: 1186; is_normality: False.
column_header: F2012; data_type: quantitative; num_of_rows: 1186; is_normality: False.
column_header: F2013; data_type: quantitative; num_of_rows: 1186; is_normality: False.
column_header: F2014; data_type: quantitative; num_of_rows: 1186; is_normality: False.
column_header: F2015; data_type: quantitative; num_of_rows: 1186; is_normality: False.
column_header: F2016; data_type: quantitative; num_of_rows: 1186; is_normality: False.
column_header: F2017; data_type: quantitative; num_of_rows: 1186; is_normality: False.
column_header: F2018; data_type: quantitative; num_of_rows: 1186; is_normality: False.
column_header: F2019; data_type: quantitative; num_of_rows: 1186; is_normality: False.
column_header: F2020; data_type: quantitative; num_of_rows: 1186; is_normality: False.
column_header: F2021; data_type: quantitative; num_of_rows: 1186; is_normality: False.
column_header: F2022; data_type: quantitative; num_of_rows: 1186; is_normality: False.
### Statistical Question: What is the range of greenhouse gas emissions values for the year 2014?
### Response: Let's work this out in a step-by-step way to be sure we have the right answer. The answer of relevant columns and applicable methods in JSON format and reason is:","### Response:
Let's break down the statistical question and determine the relevant columns and applicable methods.

**Statistical Question:** What is the range of greenhouse gas emissions values for the year 2014?

1. **Relevant Columns:**
   - The question specifically asks about the range of greenhouse gas emissions values for the year 2014. Therefore, the relevant column is `F2014`.

2. **Applicable Methods:**
   - The range is a descriptive statistic that can be directly calculated from the data. The relevant method here is ""Range"" from the Descriptive Statistics classification.

Given this analysis, the JSON response should be:

```json
{
  ""columns"": [""F2014""],
  ""methods"": [""Range""]
}
```

This response includes only the necessary column and method to answer the given statistical question.","{""columns"": [""F2014""], ""methods"": [""Range""]}","{
  ""columns"": [""F2014""],
  ""methods"": [""Range""]
}","{""Correct"": 1, ""Wrong"": 0, ""Missed"": 0}","{""Correct"": 1, ""Wrong"": 0, ""Missed"": 0}",1,1,1
Income and Happiness Score Dataset,How wide is the range of Gross Domestic Product (GDP) values?,"[{""column_header"": ""GDP"", ""is_strata"": false, ""is_control"": false}]",Descriptive Statistics,easy,"[{""method"": ""Range"", ""result"": ""1.54861"", ""conclusion"": ""1.54861""}]","### Task Description: You need to select relevant columns and all applicable methods from provided list for the given statistical question.
### Instruction: You should only reply with one answer in JSON format containing two keys: 'columns' and 'methods'. The value of 'columns' is a list of columns' headers relevant to the given statistical question, and the value of 'methods' is a list containing all methods you think applicable. For example: {""columns"": [""c1"", ""c2"", ""...""], ""methods"": [""m1"", ""m2"", ""...""]}. If you think there is a strata or control variable involved, put its column header in the last item of the columns list. Ensure your methods selection is only limited to the classification list provided.
### Classification List: 
Correlation Analysis: Pearson Correlation Coefficient, Spearman Correlation Coefficient, Kendall Correlation Coefficient, Partial Correlation Coefficient;
Distribution Compliance Test: Anderson-Darling Test, Shapiro-Wilk Test of Normality, Kolmogorov-Smirnov Test for Normality, Lilliefors Test, Kolmogorov-Smirnov Test, Kolmogorov-Smirnov Test for Uniform distribution, Kolmogorov-Smirnov Test for Gamma distribution, Kolmogorov-Smirnov Test for Exponential distribution;
Contingency Table Test: Chi-square Independence Test, Fisher Exact Test, Mantel-Haenszel Test;
Descriptive Statistics: Mean, Median, Mode, Range, Quartile, Standard Deviation, Skewness, Kurtosis;
Variance Test: Mood Variance Test, Levene Test, Bartlett Test, F-Test for Variance.
### Column Information: 
column_header: country; data_type: other; num_of_rows: 111; is_normality: False.
column_header: adjusted_satisfaction; data_type: quantitative; num_of_rows: 111; is_normality: True.
column_header: avg_satisfaction; data_type: quantitative; num_of_rows: 111; is_normality: True.
column_header: std_satisfaction; data_type: quantitative; num_of_rows: 111; is_normality: True.
column_header: avg_income; data_type: quantitative; num_of_rows: 111; is_normality: False.
column_header: median_income; data_type: quantitative; num_of_rows: 111; is_normality: False.
column_header: income_inequality; data_type: quantitative; num_of_rows: 111; is_normality: False.
column_header: region; data_type: categorical; num_of_rows: 111; is_normality: False.
column_header: happyScore; data_type: quantitative; num_of_rows: 111; is_normality: False.
column_header: GDP; data_type: quantitative; num_of_rows: 111; is_normality: False.
column_header: country.1; data_type: other; num_of_rows: 111; is_normality: False.
### Statistical Question: How wide is the range of Gross Domestic Product (GDP) values?
### Response: Let's work this out in a step-by-step way to be sure we have the right answer. The answer of relevant columns and applicable methods in JSON format and reason is:","### Response:
Let's break down the statistical question and determine the relevant columns and methods:

1. **Statistical Question**: ""How wide is the range of Gross Domestic Product (GDP) values?""
2. **Relevant Columns**:
   - The question specifically asks about the range of GDP values, so the relevant column is `GDP`.
3. **Applicable Methods**:
   - The range is a measure of descriptive statistics, which includes the minimum and maximum values of a dataset. Therefore, the relevant method is ""Range"".

Based on the above analysis, the JSON response should be:

```json
{
  ""columns"": [""GDP""],
  ""methods"": [""Range""]
}
```

This response captures the relevant column and the appropriate method to answer the given statistical question.","{""columns"": [""GDP""], ""methods"": [""Range""]}","{
  ""columns"": [""GDP""],
  ""methods"": [""Range""]
}","{""Correct"": 1, ""Wrong"": 0, ""Missed"": 0}","{""Correct"": 1, ""Wrong"": 0, ""Missed"": 0}",1,1,1
Crop Production Dataset,Do the annual crop production levels in the Philippines and China exhibit similar levels of data dispersion?,"[{""column_header"": ""Philippines"", ""is_strata"": false, ""is_control"": false}, {""column_header"": ""China"", ""is_strata"": false, ""is_control"": false}]",Variance Test,easy,"[{""method"": ""Mood Variance Test"", ""result"": ""{\""stat\"": 0.0, \""p value\"": 1.0}"", ""conclusion"": ""Variance not significantly difference between them""}, {""method"": ""Levene Test"", ""result"": ""{\""stat\"": 1.2105, \""p value\"": 0.3134}"", ""conclusion"": ""Variance not significantly difference between them""}, {""method"": ""Bartlett Test"", ""result"": ""{\""stat\"": 2.18908, \""p value\"": 0.13899}"", ""conclusion"": ""Variance not significantly difference between them""}, {""method"": ""F-Test for Variance"", ""result"": ""{\""stat\"": 960.28786, \""p value\"": 0.0}"", ""conclusion"": ""Variance significantly difference between them""}]","### Task Description: You need to select relevant columns and all applicable methods from provided list for the given statistical question.
### Instruction: You should only reply with one answer in JSON format containing two keys: 'columns' and 'methods'. The value of 'columns' is a list of columns' headers relevant to the given statistical question, and the value of 'methods' is a list containing all methods you think applicable. For example: {""columns"": [""c1"", ""c2"", ""...""], ""methods"": [""m1"", ""m2"", ""...""]}. If you think there is a strata or control variable involved, put its column header in the last item of the columns list. Ensure your methods selection is only limited to the classification list provided.
### Classification List: 
Correlation Analysis: Pearson Correlation Coefficient, Spearman Correlation Coefficient, Kendall Correlation Coefficient, Partial Correlation Coefficient;
Distribution Compliance Test: Anderson-Darling Test, Shapiro-Wilk Test of Normality, Kolmogorov-Smirnov Test for Normality, Lilliefors Test, Kolmogorov-Smirnov Test, Kolmogorov-Smirnov Test for Uniform distribution, Kolmogorov-Smirnov Test for Gamma distribution, Kolmogorov-Smirnov Test for Exponential distribution;
Contingency Table Test: Chi-square Independence Test, Fisher Exact Test, Mantel-Haenszel Test;
Descriptive Statistics: Mean, Median, Mode, Range, Quartile, Standard Deviation, Skewness, Kurtosis;
Variance Test: Mood Variance Test, Levene Test, Bartlett Test, F-Test for Variance.
### Column Information: 
column_header: Year; data_type: Other; num_of_rows: 4; is_normality: False.
column_header: Nigeria; data_type: quantitative; num_of_rows: 4; is_normality: True.
column_header: Pakistan; data_type: quantitative; num_of_rows: 4; is_normality: True.
column_header: Japan; data_type: quantitative; num_of_rows: 4; is_normality: True.
column_header: United States; data_type: quantitative; num_of_rows: 4; is_normality: True.
column_header: Brazil; data_type: quantitative; num_of_rows: 4; is_normality: True.
column_header: Philippines; data_type: quantitative; num_of_rows: 4; is_normality: True.
column_header: Myanmar; data_type: quantitative; num_of_rows: 4; is_normality: True.
column_header: Thailand; data_type: quantitative; num_of_rows: 4; is_normality: True.
column_header: Vietnam; data_type: quantitative; num_of_rows: 4; is_normality: True.
column_header: Indonesia; data_type: quantitative; num_of_rows: 4; is_normality: True.
column_header: Bangladesh; data_type: quantitative; num_of_rows: 4; is_normality: True.
column_header: India; data_type: quantitative; num_of_rows: 4; is_normality: True.
column_header: China; data_type: quantitative; num_of_rows: 4; is_normality: True.
### Statistical Question: Do the annual crop production levels in the Philippines and China exhibit similar levels of data dispersion?
### Response: Let's work this out in a step-by-step way to be sure we have the right answer. The answer of relevant columns and applicable methods in JSON format and reason is:","### Response:
Let's break down the statistical question and determine the appropriate columns and methods.

**Statistical Question:** Do the annual crop production levels in the Philippines and China exhibit similar levels of data dispersion?

1. **Relevant Columns:**
   - The question focuses on the annual crop production levels in the Philippines and China.
   - Therefore, the relevant columns are:
     - Philippines
     - China

2. **Applicable Methods:**
   - The question is about comparing the dispersion of data between two countries.
   - To compare the dispersion, we can use variance tests.
   - The appropriate methods from the provided list are:
     - Mood Variance Test
     - Levene Test
     - Bartlett Test
     - F-Test for Variance

### JSON Format Response:
```json
{
  ""columns"": [""Philippines"", ""China""],
  ""methods"": [""Mood Variance Test"", ""Levene Test"", ""Bartlett Test"", ""F-Test for Variance""]
}
```","{""columns"": [""Philippines"", ""China""], ""methods"": [""Mood Variance Test"", ""Levene Test"", ""Bartlett Test"", ""F-Test for Variance""]}","{
  ""columns"": [""Philippines"", ""China""],
  ""methods"": [""Mood Variance Test"", ""Levene Test"", ""Bartlett Test"", ""F-Test for Variance""]
}","{""Correct"": 4, ""Wrong"": 0, ""Missed"": 0}","{""Correct"": 2, ""Wrong"": 0, ""Missed"": 0}",1,1,1
Terrorist Attacks Dataset,What is the effect of armed assault as an attack method on facility/infrastructure attacks when taking into account hostage taking in barricade incidents?,"[{""column_header"": ""Attack method: Armed Assault"", ""is_strata"": false, ""is_control"": false}, {""column_header"": ""Attack method: Facility/Infrastructure Attack"", ""is_strata"": false, ""is_control"": false}, {""column_header"": ""Attack method: Hostage Taking (Barricade Incident)"", ""is_strata"": false, ""is_control"": true}]",Correlation Analysis,easy,"[{""method"": ""Partial Correlation Coefficient"", ""result"": ""{\""coefficient\"": 0.73433, \""p value\"": 0.0}"", ""conclusion"": ""Strongly correlated""}]","### Task Description: You need to select relevant columns and all applicable methods from provided list for the given statistical question.
### Instruction: You should only reply with one answer in JSON format containing two keys: 'columns' and 'methods'. The value of 'columns' is a list of columns' headers relevant to the given statistical question, and the value of 'methods' is a list containing all methods you think applicable. For example: {""columns"": [""c1"", ""c2"", ""...""], ""methods"": [""m1"", ""m2"", ""...""]}. If you think there is a strata or control variable involved, put its column header in the last item of the columns list. Ensure your methods selection is only limited to the classification list provided.
### Classification List: 
Correlation Analysis: Pearson Correlation Coefficient, Spearman Correlation Coefficient, Kendall Correlation Coefficient, Partial Correlation Coefficient;
Distribution Compliance Test: Anderson-Darling Test, Shapiro-Wilk Test of Normality, Kolmogorov-Smirnov Test for Normality, Lilliefors Test, Kolmogorov-Smirnov Test, Kolmogorov-Smirnov Test for Uniform distribution, Kolmogorov-Smirnov Test for Gamma distribution, Kolmogorov-Smirnov Test for Exponential distribution;
Contingency Table Test: Chi-square Independence Test, Fisher Exact Test, Mantel-Haenszel Test;
Descriptive Statistics: Mean, Median, Mode, Range, Quartile, Standard Deviation, Skewness, Kurtosis;
Variance Test: Mood Variance Test, Levene Test, Bartlett Test, F-Test for Variance.
### Column Information: 
column_header: Entity; data_type: other; num_of_rows: 10517; is_normality: False.
column_header: Code; data_type: other; num_of_rows: 10517; is_normality: False.
column_header: Year; data_type: other; num_of_rows: 10517; is_normality: False.
column_header: Terrorist attacks; data_type: quantitative; num_of_rows: 10517; is_normality: False.
column_header: Terrorism deaths; data_type: quantitative; num_of_rows: 10517; is_normality: False.
column_header: Attack method: Hijacking; data_type: quantitative; num_of_rows: 10517; is_normality: False.
column_header: Attack method: Hostage Taking (Barricade Incident); data_type: quantitative; num_of_rows: 10517; is_normality: False.
column_header: Attack method: Unarmed Assault; data_type: quantitative; num_of_rows: 10517; is_normality: False.
column_header: Attack method: Facility/Infrastructure Attack; data_type: quantitative; num_of_rows: 10517; is_normality: False.
column_header: Attack method: Hostage Taking (Kidnapping); data_type: quantitative; num_of_rows: 10517; is_normality: False.
column_header: Attack method: Assassination; data_type: quantitative; num_of_rows: 10517; is_normality: False.
column_header: Attack method: Armed Assault; data_type: quantitative; num_of_rows: 10517; is_normality: False.
column_header: Attack method: Bombing/Explosion; data_type: quantitative; num_of_rows: 10517; is_normality: False.
column_header: Death Age 100+; data_type: quantitative; num_of_rows: 10517; is_normality: False.
column_header: Death Age: 51-99 ; data_type: quantitative; num_of_rows: 10517; is_normality: False.
column_header: Death Age : 21-50 ; data_type: quantitative; num_of_rows: 10517; is_normality: False.
column_header: Death Age : 11-20 ; data_type: quantitative; num_of_rows: 10517; is_normality: False.
column_header: Death Age : 6-10 ; data_type: quantitative; num_of_rows: 10517; is_normality: False.
column_header: Death Age :  1-5; data_type: quantitative; num_of_rows: 10517; is_normality: False.
column_header: Terrorist Death Type : Suicide; data_type: quantitative; num_of_rows: 10517; is_normality: False.
column_header: Terrorist Death Type : Killed; data_type: quantitative; num_of_rows: 10517; is_normality: False.
### Statistical Question: What is the effect of armed assault as an attack method on facility/infrastructure attacks when taking into account hostage taking in barricade incidents?
### Response: Let's work this out in a step-by-step way to be sure we have the right answer. The answer of relevant columns and applicable methods in JSON format and reason is:","### Step-by-Step Analysis:

1. **Identify the Variables:**
   - **Dependent Variable:** Facility/Infrastructure Attack (quantitative)
   - **Independent Variable:** Armed Assault (quantitative)
   - **Control Variable:** Hostage Taking (Barricade Incident) (quantitative)

2. **Statistical Question Breakdown:**
   - The question asks about the effect of armed assault on facility/infrastructure attacks while controlling for hostage taking in barricade incidents.
   - This implies a multivariate analysis where we need to assess the relationship between the dependent and independent variables while controlling for the effect of the control variable.

3. **Relevant Columns:**
   - **Facility/Infrastructure Attack:** This is the dependent variable.
   - **Armed Assault:** This is the independent variable.
   - **Hostage Taking (Barricade Incident):** This is the control variable.

4. **Applicable Methods:**
   - Given the nature of the question, we need a method that can handle multivariate analysis and assess the relationship between quantitative variables.
   - **Correlation Analysis:** Can be used to assess the relationship between the variables.
   - **Regression Analysis:** Although not explicitly listed, a multivariate regression analysis would be appropriate here. However, since regression is not listed, we can consider partial correlation analysis as a close alternative.
   - **Partial Correlation Coefficient:** This method can help assess the relationship between the dependent and independent variables while controlling for the effect of the control variable.

### Final Answer:

```json
{
  ""columns"": [""Attack method: Facility/Infrastructure Attack"", ""Attack method: Armed Assault"", ""Attack method: Hostage Taking (Barricade Incident)""],
  ""methods"": [""Partial Correlation Coefficient""]
}
```

### Reasoning:
- **Columns:** The columns selected are the ones directly involved in the statistical question.
- **Methods:** The Partial Correlation Coefficient is chosen because it can assess the relationship between the dependent and independent variables while controlling for the effect of the control variable.","{""columns"": [""Attack method: Armed Assault"", ""Attack method: Facility/Infrastructure Attack"", ""Attack method: Hostage Taking (Barricade Incident)""], ""methods"": [""Partial Correlation Coefficient""]}","{
  ""columns"": [""Attack method: Facility/Infrastructure Attack"", ""Attack method: Armed Assault"", ""Attack method: Hostage Taking (Barricade Incident)""],
  ""methods"": [""Partial Correlation Coefficient""]
}","{""Correct"": 1, ""Wrong"": 0, ""Missed"": 0}","{""Correct"": 3, ""Wrong"": 0, ""Missed"": 0}",1,1,1
Pokedex Dataset,What is the kurtosis of the distribution of the variable representing Base Special Defense?,"[{""column_header"": ""Sp_Def"", ""is_strata"": false, ""is_control"": false}]",Descriptive Statistics,easy,"[{""method"": ""Kurtosis"", ""result"": ""2.39175"", ""conclusion"": ""2.39175""}]","### Task Description: You need to select relevant columns and all applicable methods from provided list for the given statistical question.
### Instruction: You should only reply with one answer in JSON format containing two keys: 'columns' and 'methods'. The value of 'columns' is a list of columns' headers relevant to the given statistical question, and the value of 'methods' is a list containing all methods you think applicable. For example: {""columns"": [""c1"", ""c2"", ""...""], ""methods"": [""m1"", ""m2"", ""...""]}. If you think there is a strata or control variable involved, put its column header in the last item of the columns list. Ensure your methods selection is only limited to the classification list provided.
### Classification List: 
Correlation Analysis: Pearson Correlation Coefficient, Spearman Correlation Coefficient, Kendall Correlation Coefficient, Partial Correlation Coefficient;
Distribution Compliance Test: Anderson-Darling Test, Shapiro-Wilk Test of Normality, Kolmogorov-Smirnov Test for Normality, Lilliefors Test, Kolmogorov-Smirnov Test, Kolmogorov-Smirnov Test for Uniform distribution, Kolmogorov-Smirnov Test for Gamma distribution, Kolmogorov-Smirnov Test for Exponential distribution;
Contingency Table Test: Chi-square Independence Test, Fisher Exact Test, Mantel-Haenszel Test;
Descriptive Statistics: Mean, Median, Mode, Range, Quartile, Standard Deviation, Skewness, Kurtosis;
Variance Test: Mood Variance Test, Levene Test, Bartlett Test, F-Test for Variance.
### Column Information: 
column_header: Number; data_type: id; num_of_rows: 721; is_normality: False.
column_header: Name; data_type: other; num_of_rows: 721; is_normality: False.
column_header: Type_1; data_type: categorical; num_of_rows: 721; is_normality: False.
column_header: Type_2; data_type: categorical; num_of_rows: 721; is_normality: False.
column_header: Total; data_type: quantitative; num_of_rows: 721; is_normality: False.
column_header: HP; data_type: quantitative; num_of_rows: 721; is_normality: False.
column_header: Attack; data_type: quantitative; num_of_rows: 721; is_normality: False.
column_header: Defense; data_type: quantitative; num_of_rows: 721; is_normality: False.
column_header: Sp_Atk; data_type: quantitative; num_of_rows: 721; is_normality: False.
column_header: Sp_Def; data_type: quantitative; num_of_rows: 721; is_normality: False.
column_header: Speed; data_type: quantitative; num_of_rows: 721; is_normality: False.
column_header: Generation; data_type: categorical; num_of_rows: 721; is_normality: False.
column_header: isLegendary; data_type: categorical; num_of_rows: 721; is_normality: False.
column_header: Color; data_type: categorical; num_of_rows: 721; is_normality: False.
column_header: hasGender; data_type: categorical; num_of_rows: 721; is_normality: False.
column_header: Pr_Male; data_type: quantitative; num_of_rows: 721; is_normality: False.
column_header: Egg_Group_1; data_type: categorical; num_of_rows: 721; is_normality: False.
column_header: Egg_Group_2; data_type: categorical; num_of_rows: 721; is_normality: False.
column_header: hasMegaEvolution; data_type: categorical; num_of_rows: 721; is_normality: False.
column_header: Height_m; data_type: quantitative; num_of_rows: 721; is_normality: False.
column_header: Weight_kg; data_type: quantitative; num_of_rows: 721; is_normality: False.
column_header: Catch_Rate; data_type: quantitative; num_of_rows: 721; is_normality: False.
column_header: Body_Style; data_type: categorical; num_of_rows: 721; is_normality: False.
### Statistical Question: What is the kurtosis of the distribution of the variable representing Base Special Defense?
### Response: Let's work this out in a step-by-step way to be sure we have the right answer. The answer of relevant columns and applicable methods in JSON format and reason is:","### Response:
```json
{
  ""columns"": [""Sp_Def""],
  ""methods"": [""Kurtosis""]
}
```

### Reason:
- **Columns**: The statistical question asks about the kurtosis of the distribution of the variable representing Base Special Defense. The relevant column for this question is ""Sp_Def"".
- **Methods**: The method to calculate kurtosis is directly provided in the list of Descriptive Statistics methods.","{""columns"": [""Sp_Def""], ""methods"": [""Kurtosis""]}","{
  ""columns"": [""Sp_Def""],
  ""methods"": [""Kurtosis""]
}","{""Correct"": 1, ""Wrong"": 0, ""Missed"": 0}","{""Correct"": 1, ""Wrong"": 0, ""Missed"": 0}",1,1,1
University Rank Dataset,How can I calculate the median for the variable representing international outlook?,"[{""column_header"": ""International Outlook"", ""is_strata"": false, ""is_control"": false}]",Descriptive Statistics,easy,"[{""method"": ""Median"", ""result"": ""54.65"", ""conclusion"": ""54.65""}]","### Task Description: You need to select relevant columns and all applicable methods from provided list for the given statistical question.
### Instruction: You should only reply with one answer in JSON format containing two keys: 'columns' and 'methods'. The value of 'columns' is a list of columns' headers relevant to the given statistical question, and the value of 'methods' is a list containing all methods you think applicable. For example: {""columns"": [""c1"", ""c2"", ""...""], ""methods"": [""m1"", ""m2"", ""...""]}. If you think there is a strata or control variable involved, put its column header in the last item of the columns list. Ensure your methods selection is only limited to the classification list provided.
### Classification List: 
Correlation Analysis: Pearson Correlation Coefficient, Spearman Correlation Coefficient, Kendall Correlation Coefficient, Partial Correlation Coefficient;
Distribution Compliance Test: Anderson-Darling Test, Shapiro-Wilk Test of Normality, Kolmogorov-Smirnov Test for Normality, Lilliefors Test, Kolmogorov-Smirnov Test, Kolmogorov-Smirnov Test for Uniform distribution, Kolmogorov-Smirnov Test for Gamma distribution, Kolmogorov-Smirnov Test for Exponential distribution;
Contingency Table Test: Chi-square Independence Test, Fisher Exact Test, Mantel-Haenszel Test;
Descriptive Statistics: Mean, Median, Mode, Range, Quartile, Standard Deviation, Skewness, Kurtosis;
Variance Test: Mood Variance Test, Levene Test, Bartlett Test, F-Test for Variance.
### Column Information: 
column_header: rank; data_type: id; num_of_rows: 910; is_normality: False.
column_header: ranking-institution-title; data_type: other; num_of_rows: 910; is_normality: False.
column_header: location; data_type: other; num_of_rows: 910; is_normality: False.
column_header: Overall scores; data_type: categorical; num_of_rows: 910; is_normality: False.
column_header: Research Quality Score; data_type: quantitative; num_of_rows: 910; is_normality: False.
column_header: Industry Score; data_type: quantitative; num_of_rows: 910; is_normality: False.
column_header: International Outlook; data_type: quantitative; num_of_rows: 910; is_normality: False.
column_header: Research Environment Score; data_type: quantitative; num_of_rows: 910; is_normality: False.
column_header: Teaching Score; data_type: quantitative; num_of_rows: 910; is_normality: False.
### Statistical Question: How can I calculate the median for the variable representing international outlook?
### Response: Let's work this out in a step-by-step way to be sure we have the right answer. The answer of relevant columns and applicable methods in JSON format and reason is:","### Response:
Let's break down the task step-by-step:

1. **Identify the relevant column**: The statistical question asks for the median of the variable representing ""International Outlook"". From the column information, we see that the column ""International Outlook"" is quantitative and has 910 rows.

2. **Identify the applicable method**: The question specifically asks for the median, which is a descriptive statistic.

Based on this analysis, the relevant column is ""International Outlook"", and the applicable method is ""Median"".

Here is the response in JSON format:

```json
{
  ""columns"": [""International Outlook""],
  ""methods"": [""Median""]
}
```","{""columns"": [""International Outlook""], ""methods"": [""Median""]}","{
  ""columns"": [""International Outlook""],
  ""methods"": [""Median""]
}","{""Correct"": 1, ""Wrong"": 0, ""Missed"": 0}","{""Correct"": 1, ""Wrong"": 0, ""Missed"": 0}",1,1,1
Obesity or CVD Risk Dataset,Does a noticeable pattern exist in the association between gender and the mode of transportation utilized?,"[{""column_header"": ""Gender"", ""is_strata"": false, ""is_control"": false}, {""column_header"": ""MTRANS"", ""is_strata"": false, ""is_control"": false}]",Contingency Table Test,hard,"[{""method"": ""Chi-square Independence Test"", ""result"": ""{\""p value\"": 0.0}"", ""conclusion"": ""Not independent""}]","### Task Description: You need to select relevant columns and all applicable methods from provided list for the given statistical question.
### Instruction: You should only reply with one answer in JSON format containing two keys: 'columns' and 'methods'. The value of 'columns' is a list of columns' headers relevant to the given statistical question, and the value of 'methods' is a list containing all methods you think applicable. For example: {""columns"": [""c1"", ""c2"", ""...""], ""methods"": [""m1"", ""m2"", ""...""]}. If you think there is a strata or control variable involved, put its column header in the last item of the columns list. Ensure your methods selection is only limited to the classification list provided.
### Classification List: 
Correlation Analysis: Pearson Correlation Coefficient, Spearman Correlation Coefficient, Kendall Correlation Coefficient, Partial Correlation Coefficient;
Distribution Compliance Test: Anderson-Darling Test, Shapiro-Wilk Test of Normality, Kolmogorov-Smirnov Test for Normality, Lilliefors Test, Kolmogorov-Smirnov Test, Kolmogorov-Smirnov Test for Uniform distribution, Kolmogorov-Smirnov Test for Gamma distribution, Kolmogorov-Smirnov Test for Exponential distribution;
Contingency Table Test: Chi-square Independence Test, Fisher Exact Test, Mantel-Haenszel Test;
Descriptive Statistics: Mean, Median, Mode, Range, Quartile, Standard Deviation, Skewness, Kurtosis;
Variance Test: Mood Variance Test, Levene Test, Bartlett Test, F-Test for Variance.
### Column Information: 
column_header: Gender; data_type: categorical; num_of_rows: 2111; is_normality: False.
column_header: Age; data_type: quantitative; num_of_rows: 2111; is_normality: False.
column_header: Height; data_type: quantitative; num_of_rows: 2111; is_normality: False.
column_header: Weight; data_type: quantitative; num_of_rows: 2111; is_normality: False.
column_header: family_history_with_overweight; data_type: categorical; num_of_rows: 2111; is_normality: False.
column_header: FAVC; data_type: categorical; num_of_rows: 2111; is_normality: False.
column_header: FCVC; data_type: quantitative; num_of_rows: 2111; is_normality: False.
column_header: NCP; data_type: quantitative; num_of_rows: 2111; is_normality: False.
column_header: CAEC; data_type: categorical; num_of_rows: 2111; is_normality: False.
column_header: SMOKE; data_type: categorical; num_of_rows: 2111; is_normality: False.
column_header: CH2O; data_type: quantitative; num_of_rows: 2111; is_normality: False.
column_header: SCC; data_type: categorical; num_of_rows: 2111; is_normality: False.
column_header: FAF; data_type: quantitative; num_of_rows: 2111; is_normality: False.
column_header: TUE; data_type: quantitative; num_of_rows: 2111; is_normality: False.
column_header: CALC; data_type: categorical; num_of_rows: 2111; is_normality: False.
column_header: MTRANS; data_type: categorical; num_of_rows: 2111; is_normality: False.
column_header: NObeyesdad; data_type: categorical; num_of_rows: 2111; is_normality: False.
### Statistical Question: Does a noticeable pattern exist in the association between gender and the mode of transportation utilized?
### Response: Let's work this out in a step-by-step way to be sure we have the right answer. The answer of relevant columns and applicable methods in JSON format and reason is:","### Response:
Let's break down the statistical question and identify the relevant columns and methods:

1. **Statistical Question**: ""Does a noticeable pattern exist in the association between gender and the mode of transportation utilized?""
2. **Relevant Columns**:
   - `Gender`: This is the categorical variable representing gender.
   - `MTRANS`: This is the categorical variable representing the mode of transportation utilized.
3. **Applicable Methods**:
   - Since we are looking at the association between two categorical variables, the appropriate method is the **Chi-square Independence Test**. This test is used to determine if there is a significant association between two categorical variables.

Based on the above reasoning, the answer in JSON format is:

```json
{
  ""columns"": [""Gender"", ""MTRANS""],
  ""methods"": [""Chi-square Independence Test""]
}
```","{""columns"": [""Gender"", ""MTRANS""], ""methods"": [""Chi-square Independence Test""]}","{
  ""columns"": [""Gender"", ""MTRANS""],
  ""methods"": [""Chi-square Independence Test""]
}","{""Correct"": 1, ""Wrong"": 0, ""Missed"": 0}","{""Correct"": 2, ""Wrong"": 0, ""Missed"": 0}",1,1,1
FIFA Official Dataset 2023,Can you determine the mode of the players' kit numbers?,"[{""column_header"": ""Kit Number"", ""is_strata"": false, ""is_control"": false}]",Descriptive Statistics,easy,"[{""method"": ""Mode"", ""result"": ""20.0"", ""conclusion"": ""20.0""}]","### Task Description: You need to select relevant columns and all applicable methods from provided list for the given statistical question.
### Instruction: You should only reply with one answer in JSON format containing two keys: 'columns' and 'methods'. The value of 'columns' is a list of columns' headers relevant to the given statistical question, and the value of 'methods' is a list containing all methods you think applicable. For example: {""columns"": [""c1"", ""c2"", ""...""], ""methods"": [""m1"", ""m2"", ""...""]}. If you think there is a strata or control variable involved, put its column header in the last item of the columns list. Ensure your methods selection is only limited to the classification list provided.
### Classification List: 
Correlation Analysis: Pearson Correlation Coefficient, Spearman Correlation Coefficient, Kendall Correlation Coefficient, Partial Correlation Coefficient;
Distribution Compliance Test: Anderson-Darling Test, Shapiro-Wilk Test of Normality, Kolmogorov-Smirnov Test for Normality, Lilliefors Test, Kolmogorov-Smirnov Test, Kolmogorov-Smirnov Test for Uniform distribution, Kolmogorov-Smirnov Test for Gamma distribution, Kolmogorov-Smirnov Test for Exponential distribution;
Contingency Table Test: Chi-square Independence Test, Fisher Exact Test, Mantel-Haenszel Test;
Descriptive Statistics: Mean, Median, Mode, Range, Quartile, Standard Deviation, Skewness, Kurtosis;
Variance Test: Mood Variance Test, Levene Test, Bartlett Test, F-Test for Variance.
### Column Information: 
column_header: ID; data_type: id; num_of_rows: 17660; is_normality: False.
column_header: Name; data_type: other; num_of_rows: 17660; is_normality: False.
column_header: Age; data_type: quantitative; num_of_rows: 17660; is_normality: False.
column_header: Photo; data_type: other; num_of_rows: 17660; is_normality: False.
column_header: Nationality; data_type: categorical; num_of_rows: 17660; is_normality: False.
column_header: Flag; data_type: other; num_of_rows: 17660; is_normality: False.
column_header: Overall; data_type: quantitative; num_of_rows: 17660; is_normality: False.
column_header: Potential; data_type: quantitative; num_of_rows: 17660; is_normality: False.
column_header: Club; data_type: categorical; num_of_rows: 17660; is_normality: False.
column_header: Club Logo; data_type: other; num_of_rows: 17660; is_normality: False.
column_header: Value; data_type: quantitative; num_of_rows: 17660; is_normality: False.
column_header: Wage; data_type: quantitative; num_of_rows: 17660; is_normality: False.
column_header: Special; data_type: quantitative; num_of_rows: 17660; is_normality: False.
column_header: Preferred Foot; data_type: categorical; num_of_rows: 17660; is_normality: False.
column_header: International Reputation; data_type: categorical; num_of_rows: 17660; is_normality: False.
column_header: Weak Foot; data_type: categorical; num_of_rows: 17660; is_normality: False.
column_header: Skill Moves; data_type: categorical; num_of_rows: 17660; is_normality: False.
column_header: Work Rate; data_type: categorical; num_of_rows: 17660; is_normality: False.
column_header: Body Type; data_type: categorical; num_of_rows: 17660; is_normality: False.
column_header: Real Face; data_type: categorical; num_of_rows: 17660; is_normality: False.
column_header: Position; data_type: categorical; num_of_rows: 17660; is_normality: False.
column_header: Joined; data_type: other; num_of_rows: 17660; is_normality: False.
column_header: Loaned From; data_type: other; num_of_rows: 17660; is_normality: False.
column_header: Contract Valid Until; data_type: categorical; num_of_rows: 17660; is_normality: False.
column_header: Height; data_type: quantitative; num_of_rows: 17660; is_normality: False.
column_header: Weight; data_type: quantitative; num_of_rows: 17660; is_normality: False.
column_header: Release Clause; data_type: quantitative; num_of_rows: 17660; is_normality: False.
column_header: Kit Number; data_type: categorical; num_of_rows: 17660; is_normality: False.
column_header: Best Overall Rating; data_type: other; num_of_rows: 17660; is_normality: False.
### Statistical Question: Can you determine the mode of the players' kit numbers?
### Response: Let's work this out in a step-by-step way to be sure we have the right answer. The answer of relevant columns and applicable methods in JSON format and reason is:","### Response:
```json
{
  ""columns"": [""Kit Number""],
  ""methods"": [""Mode""]
}
```

### Reason:
- **Columns**: The statistical question asks for the mode of the players' kit numbers. The relevant column is ""Kit Number"".
- **Methods**: The mode is a measure of central tendency that identifies the most frequently occurring value in a dataset. Therefore, the applicable method is ""Mode"".","{""columns"": [""Kit Number""], ""methods"": [""Mode""]}","{
  ""columns"": [""Kit Number""],
  ""methods"": [""Mode""]
}","{""Correct"": 1, ""Wrong"": 0, ""Missed"": 0}","{""Correct"": 1, ""Wrong"": 0, ""Missed"": 0}",1,1,1
