row_id,task,difficulty,model,variant,valid,overall_correct,methods_correct,columns_correct,over_selection,under_selection,n_pred_methods,n_gt_methods,pred_methods,gt_methods,ssc,drop_rate,add_rate_in,add_rate_out,n_summary,n_summary_applicable,n_summary_notapplicable,n_final_methods,n_dropped,n_added_in,n_added_out,n_consistent,label_clarity_auto,verdicts
0,Variance Test,hard,14B,V1,1,0,1,0,0,0,2,2,Mood Variance Test|Levene Test,Mood Variance Test|Levene Test,1.0,0.0,,0.5,1,1,0,2,0,0,1,1,partially_labeled,Mood Variance Test=include
1,Variance Test,easy,14B,V1,1,0,0,1,0,1,3,4,Mood Variance Test|Levene Test|F-Test for Variance,Mood Variance Test|Levene Test|Bartlett Test|F-Test for Variance,1.0,0.0,,0.0,3,3,0,3,0,0,0,3,partially_labeled,Mood Variance Test=include|Levene Test=include|F-Test for Variance=include
2,Distribution Compliance Test,easy,14B,V1,1,0,0,1,1,0,2,1,Anderson-Darling Test|Kolmogorov-Smirnov Test,Kolmogorov-Smirnov Test,1.0,0.0,,0.5,1,1,0,2,0,0,1,1,partially_labeled,Kolmogorov-Smirnov Test=include
3,Distribution Compliance Test,hard,14B,V1,1,0,0,1,1,0,4,3,Anderson-Darling Test|Shapiro-Wilk Test of Normality|Kolmogorov-Smirnov Test for Normality|Lilliefors Test,Anderson-Darling Test|Kolmogorov-Smirnov Test for Normality|Lilliefors Test,0.875,0.2,0.0,0.0,8,5,3,4,1,0,0,7,fully_labeled,Anderson-Darling Test=include|Shapiro-Wilk Test of Normality=include|Kolmogorov-Smirnov Test for Normality=include|Kolmogorov-Smirnov Test=include|Lilliefors Test=include|Kolmogorov-Smirnov Test for Uniform distribution=exclude|Kolmogorov-Smirnov Test for Gamma distribution=exclude|Kolmogorov-Smirnov Test for Exponential distribution=exclude
4,Distribution Compliance Test,hard,14B,V1,1,0,0,1,1,1,3,3,Shapiro-Wilk Test of Normality|Kolmogorov-Smirnov Test for Normality|Lilliefors Test,Anderson-Darling Test|Shapiro-Wilk Test of Normality|Kolmogorov-Smirnov Test for Normality,,,,1.0,0,0,0,3,0,0,3,0,narrative_only,
5,Descriptive Statistics,easy,14B,V1,1,0,0,1,1,1,1,1,Standard Deviation,Range,,,,1.0,0,0,0,1,0,0,1,0,narrative_only,
6,Variance Test,hard,14B,V1,1,1,1,1,0,0,2,2,Mood Variance Test|Levene Test,Mood Variance Test|Levene Test,1.0,0.0,,0.5,1,1,0,2,0,0,1,1,partially_labeled,Mood Variance Test=include
7,Contingency Table Test,hard,14B,V1,1,1,1,1,0,0,1,1,Chi-square Independence Test,Chi-square Independence Test,0.5,0.5,,0.0,2,2,0,1,1,0,0,1,partially_labeled,Chi-square Independence Test=include|Fisher Exact Test=include
8,Variance Test,hard,14B,V1,1,1,1,1,0,0,2,2,Mood Variance Test|Levene Test,Mood Variance Test|Levene Test,,,,1.0,0,0,0,2,0,0,2,0,narrative_only,
9,Distribution Compliance Test,hard,14B,V1,1,0,0,1,1,0,4,3,Anderson-Darling Test|Shapiro-Wilk Test of Normality|Kolmogorov-Smirnov Test for Normality|Lilliefors Test,Anderson-Darling Test|Kolmogorov-Smirnov Test for Normality|Lilliefors Test,0.875,0.2,0.0,0.0,8,5,3,4,1,0,0,7,fully_labeled,Anderson-Darling Test=include|Shapiro-Wilk Test of Normality=include|Kolmogorov-Smirnov Test for Normality=include|Kolmogorov-Smirnov Test=include|Lilliefors Test=include|Kolmogorov-Smirnov Test for Uniform distribution=exclude|Kolmogorov-Smirnov Test for Gamma distribution=exclude|Kolmogorov-Smirnov Test for Exponential distribution=exclude
10,Correlation Analysis,easy,14B,V1,1,1,1,1,0,0,3,3,Pearson Correlation Coefficient|Spearman Correlation Coefficient|Kendall Correlation Coefficient,Pearson Correlation Coefficient|Spearman Correlation Coefficient|Kendall Correlation Coefficient,,,,1.0,0,0,0,3,0,0,3,0,narrative_only,
11,Variance Test,hard,14B,V1,1,1,1,1,0,0,2,2,Mood Variance Test|Levene Test,Mood Variance Test|Levene Test,1.0,0.0,,0.0,2,2,0,2,0,0,0,2,partially_labeled,Mood Variance Test=include|Levene Test=include
12,Distribution Compliance Test,easy,14B,V1,1,1,1,1,0,0,1,1,Kolmogorov-Smirnov Test,Kolmogorov-Smirnov Test,1.0,0.0,0.0,0.0,3,1,2,1,0,0,0,3,fully_labeled,Kolmogorov-Smirnov Test=include|Anderson-Darling Test=exclude|Shapiro-Wilk Test of Normality=exclude
13,Contingency Table Test,hard,14B,V1,1,1,1,1,0,0,1,1,Chi-square Independence Test,Chi-square Independence Test,0.5,0.5,,0.0,2,2,0,1,1,0,0,1,partially_labeled,Chi-square Independence Test=include|Fisher Exact Test=include
14,Contingency Table Test,easy,14B,V1,1,0,0,1,0,1,1,2,Chi-square Independence Test,Chi-square Independence Test|Fisher Exact Test,1.0,0.0,,0.0,1,1,0,1,0,0,0,1,partially_labeled,Chi-square Independence Test=include
15,Contingency Table Test,hard,14B,V1,1,1,1,1,0,0,1,1,Chi-square Independence Test,Chi-square Independence Test,0.6666666666666666,0.5,0.0,0.0,3,2,1,1,1,0,0,2,fully_labeled,Chi-square Independence Test=include|Fisher Exact Test=include|Mantel-Haenszel Test=exclude
16,Contingency Table Test,hard,14B,V1,1,1,1,1,0,0,1,1,Chi-square Independence Test,Chi-square Independence Test,1.0,0.0,,0.0,1,1,0,1,0,0,0,1,partially_labeled,Chi-square Independence Test=include
17,Distribution Compliance Test,easy,14B,V1,1,1,1,1,0,0,1,1,Kolmogorov-Smirnov Test,Kolmogorov-Smirnov Test,0.16666666666666666,0.8333333333333334,,0.0,6,6,0,1,5,0,0,1,partially_labeled,Kolmogorov-Smirnov Test for Normality=include|Lilliefors Test=include|Kolmogorov-Smirnov Test=include|Kolmogorov-Smirnov Test for Uniform distribution=include|Kolmogorov-Smirnov Test for Gamma distribution=include|Kolmogorov-Smirnov Test for Exponential distribution=include
18,Variance Test,hard,14B,V1,1,0,0,1,0,1,1,2,Levene Test,Mood Variance Test|Levene Test,0.5,0.5,,0.0,2,2,0,1,1,0,0,1,partially_labeled,Median=include|Levene Test=include
19,Variance Test,hard,14B,V1,1,1,1,1,0,0,2,2,Mood Variance Test|Levene Test,Mood Variance Test|Levene Test,0.5,0.5,,0.0,4,4,0,2,2,0,0,2,fully_labeled,Mood Variance Test=include|Levene Test=include|Bartlett Test=include|F-Test for Variance=include
20,Variance Test,hard,14B,V1,1,0,0,1,1,0,4,2,Mood Variance Test|Levene Test|Bartlett Test|F-Test for Variance,Mood Variance Test|Levene Test,,,,1.0,0,0,0,4,0,0,4,0,narrative_only,
21,Distribution Compliance Test,easy,14B,V1,1,1,1,1,0,0,1,1,Kolmogorov-Smirnov Test,Kolmogorov-Smirnov Test,1.0,0.0,0.0,0.0,10,1,9,1,0,0,0,10,partially_labeled,Kolmogorov-Smirnov Test=include|Anderson-Darling Test=exclude|Shapiro-Wilk Test of Normality=exclude|Lilliefors Test=exclude|Kolmogorov-Smirnov Test for Uniform distribution=exclude|Kolmogorov-Smirnov Test for Gamma distribution=exclude|Kolmogorov-Smirnov Test for Exponential distribution=exclude|Chi-square Independence Test=exclude|Fisher Exact Test=exclude|Mantel-Haenszel Test=exclude
22,Variance Test,easy,14B,V1,1,1,1,1,0,0,4,4,Mood Variance Test|Levene Test|Bartlett Test|F-Test for Variance,Mood Variance Test|Levene Test|Bartlett Test|F-Test for Variance,1.0,0.0,,0.75,1,1,0,4,0,0,3,1,partially_labeled,Bartlett Test=include
23,Correlation Analysis,hard,14B,V1,1,0,0,1,1,0,3,1,Pearson Correlation Coefficient|Spearman Correlation Coefficient|Kendall Correlation Coefficient,Kendall Correlation Coefficient,0.75,0.25,,0.0,4,4,0,3,1,0,0,3,fully_labeled,Pearson Correlation Coefficient=include|Spearman Correlation Coefficient=include|Kendall Correlation Coefficient=include|Partial Correlation Coefficient=include
24,Variance Test,hard,14B,V1,1,0,0,1,1,0,4,2,Mood Variance Test|Levene Test|Bartlett Test|F-Test for Variance,Mood Variance Test|Levene Test,1.0,0.0,,0.0,4,4,0,4,0,0,0,4,fully_labeled,Mood Variance Test=include|Levene Test=include|Bartlett Test=include|F-Test for Variance=include
25,Correlation Analysis,easy,14B,V1,1,1,1,1,0,0,3,3,Pearson Correlation Coefficient|Spearman Correlation Coefficient|Kendall Correlation Coefficient,Pearson Correlation Coefficient|Spearman Correlation Coefficient|Kendall Correlation Coefficient,1.0,0.0,,0.6666666666666666,1,1,0,3,0,0,2,1,partially_labeled,Pearson Correlation Coefficient=include
26,Contingency Table Test,easy,14B,V1,1,1,1,1,0,0,2,2,Chi-square Independence Test|Fisher Exact Test,Chi-square Independence Test|Fisher Exact Test,1.0,0.0,,0.0,2,2,0,2,0,0,0,2,partially_labeled,Chi-square Independence Test=include|Fisher Exact Test=include
27,Variance Test,easy,14B,V1,1,1,1,1,0,0,4,4,Mood Variance Test|Levene Test|Bartlett Test|F-Test for Variance,Mood Variance Test|Levene Test|Bartlett Test|F-Test for Variance,,,,1.0,0,0,0,4,0,0,4,0,narrative_only,
28,Variance Test,hard,14B,V1,1,0,0,1,1,0,4,2,Mood Variance Test|Levene Test|Bartlett Test|F-Test for Variance,Mood Variance Test|Levene Test,1.0,0.0,,0.75,1,1,0,4,0,0,3,1,partially_labeled,Mood Variance Test=include
29,Distribution Compliance Test,easy,14B,V1,1,1,1,1,0,0,1,1,Kolmogorov-Smirnov Test,Kolmogorov-Smirnov Test,1.0,0.0,0.0,0.0,3,1,2,1,0,0,0,3,fully_labeled,Kolmogorov-Smirnov Test=include|Anderson-Darling Test=exclude|Shapiro-Wilk Test of Normality=exclude
30,Variance Test,hard,14B,V1,1,1,1,1,0,0,2,2,Mood Variance Test|Levene Test,Mood Variance Test|Levene Test,1.0,0.0,,0.0,2,2,0,2,0,0,0,2,partially_labeled,Mood Variance Test=include|Levene Test=include
31,Contingency Table Test,hard,14B,V1,1,0,0,1,1,1,1,1,Chi-square Independence Test,Fisher Exact Test,1.0,0.0,,0.0,1,1,0,1,0,0,0,1,partially_labeled,Chi-square Independence Test=include
32,Variance Test,hard,14B,V1,1,0,0,1,1,0,4,2,Mood Variance Test|Levene Test|Bartlett Test|F-Test for Variance,Mood Variance Test|Levene Test,1.0,0.0,,0.75,1,1,0,4,0,0,3,1,partially_labeled,Mood Variance Test=include
33,Distribution Compliance Test,hard,14B,V1,1,0,0,1,1,0,5,3,Anderson-Darling Test|Shapiro-Wilk Test of Normality|Kolmogorov-Smirnov Test for Normality|Lilliefors Test|Kolmogorov-Smirnov Test,Anderson-Darling Test|Kolmogorov-Smirnov Test for Normality|Lilliefors Test,1.0,0.0,,0.0,5,5,0,5,0,0,0,5,partially_labeled,Anderson-Darling Test=include|Shapiro-Wilk Test of Normality=include|Kolmogorov-Smirnov Test for Normality=include|Kolmogorov-Smirnov Test=include|Lilliefors Test=include
34,Distribution Compliance Test,hard,14B,V1,1,0,0,1,1,0,4,3,Anderson-Darling Test|Shapiro-Wilk Test of Normality|Kolmogorov-Smirnov Test for Normality|Lilliefors Test,Anderson-Darling Test|Kolmogorov-Smirnov Test for Normality|Lilliefors Test,0.8571428571428571,0.25,0.0,0.25,7,4,3,4,1,0,1,6,partially_labeled,Anderson-Darling Test=include|Shapiro-Wilk Test of Normality=include|Kolmogorov-Smirnov Test for Normality=include|Kolmogorov-Smirnov Test=include|Kolmogorov-Smirnov Test for Uniform distribution=exclude|Kolmogorov-Smirnov Test for Gamma distribution=exclude|Kolmogorov-Smirnov Test for Exponential distribution=exclude
35,Variance Test,hard,14B,V1,1,0,0,1,1,1,4,2,Levene Test|Mean|Median|Standard Deviation,Mood Variance Test|Levene Test,0.5714285714285714,0.42857142857142855,,0.0,7,7,0,4,3,0,0,4,fully_labeled,Mood Variance Test=include|Levene Test=include|Bartlett Test=include|F-Test for Variance=include|Median=include|Mean=include|Standard Deviation=include
36,Variance Test,hard,14B,V1,1,1,1,1,0,0,2,2,Mood Variance Test|Levene Test,Mood Variance Test|Levene Test,1.0,0.0,,0.5,1,1,0,2,0,0,1,1,partially_labeled,Mood Variance Test=include
37,Distribution Compliance Test,hard,14B,V1,1,0,0,1,1,0,4,3,Anderson-Darling Test|Shapiro-Wilk Test of Normality|Kolmogorov-Smirnov Test for Normality|Lilliefors Test,Anderson-Darling Test|Shapiro-Wilk Test of Normality|Kolmogorov-Smirnov Test for Normality,0.6,0.4,,0.25,5,5,0,4,2,0,1,3,partially_labeled,Anderson-Darling Test=include|Shapiro-Wilk Test of Normality=include|Kolmogorov-Smirnov Test for Normality=include|Kolmogorov-Smirnov Test=include|Mode=include
38,Variance Test,hard,14B,V1,1,1,1,1,0,0,2,2,Mood Variance Test|Levene Test,Mood Variance Test|Levene Test,,,,1.0,0,0,0,2,0,0,2,0,narrative_only,
39,Distribution Compliance Test,hard,14B,V1,1,0,0,1,1,0,4,3,Anderson-Darling Test|Shapiro-Wilk Test of Normality|Kolmogorov-Smirnov Test for Normality|Lilliefors Test,Anderson-Darling Test|Kolmogorov-Smirnov Test for Normality|Lilliefors Test,,,,1.0,0,0,0,4,0,0,4,0,narrative_only,
40,Variance Test,hard,14B,V1,1,1,1,1,0,0,2,2,Mood Variance Test|Levene Test,Mood Variance Test|Levene Test,,,,1.0,0,0,0,2,0,0,2,0,narrative_only,
41,Variance Test,hard,14B,V1,1,0,0,1,1,0,4,2,Mood Variance Test|Levene Test|Bartlett Test|F-Test for Variance,Mood Variance Test|Levene Test,,,,1.0,0,0,0,4,0,0,4,0,narrative_only,
42,Descriptive Statistics,easy,14B,V1,1,1,1,1,0,0,1,1,Skewness,Skewness,,,,1.0,0,0,0,1,0,0,1,0,narrative_only,
43,Distribution Compliance Test,hard,14B,V1,1,0,0,1,1,0,4,3,Anderson-Darling Test|Shapiro-Wilk Test of Normality|Kolmogorov-Smirnov Test for Normality|Lilliefors Test,Anderson-Darling Test|Shapiro-Wilk Test of Normality|Kolmogorov-Smirnov Test for Normality,0.6666666666666666,0.3333333333333333,,0.5,3,3,0,4,1,0,2,2,partially_labeled,Anderson-Darling Test=include|Mode=include|Shapiro-Wilk Test of Normality=include
44,Distribution Compliance Test,hard,14B,V1,1,0,0,1,1,0,4,3,Anderson-Darling Test|Shapiro-Wilk Test of Normality|Kolmogorov-Smirnov Test for Normality|Lilliefors Test,Anderson-Darling Test|Kolmogorov-Smirnov Test for Normality|Lilliefors Test,0.8,0.2,,0.0,5,5,0,4,1,0,0,4,partially_labeled,Anderson-Darling Test=include|Shapiro-Wilk Test of Normality=include|Kolmogorov-Smirnov Test for Normality=include|Kolmogorov-Smirnov Test=include|Lilliefors Test=include
45,Variance Test,hard,14B,V1,1,1,1,1,0,0,2,2,Mood Variance Test|Levene Test,Mood Variance Test|Levene Test,,,,1.0,0,0,0,2,0,0,2,0,narrative_only,
46,Distribution Compliance Test,hard,14B,V1,1,0,0,1,1,0,4,3,Anderson-Darling Test|Shapiro-Wilk Test of Normality|Kolmogorov-Smirnov Test for Normality|Lilliefors Test,Anderson-Darling Test|Kolmogorov-Smirnov Test for Normality|Lilliefors Test,0.8,0.2,,0.0,5,5,0,4,1,0,0,4,partially_labeled,Anderson-Darling Test=include|Shapiro-Wilk Test of Normality=include|Kolmogorov-Smirnov Test for Normality=include|Kolmogorov-Smirnov Test=include|Lilliefors Test=include
47,Distribution Compliance Test,easy,14B,V1,1,1,1,1,0,0,1,1,Kolmogorov-Smirnov Test,Kolmogorov-Smirnov Test,1.0,0.0,,0.0,1,1,0,1,0,0,0,1,partially_labeled,Kolmogorov-Smirnov Test=include
48,Descriptive Statistics,easy,14B,V1,1,0,0,1,1,0,11,1,Mean|Median|Range|Quartile|Standard Deviation|Skewness|Kurtosis|Anderson-Darling Test|Shapiro-Wilk Test of Normality|Kolmogorov-Smirnov Test for Normality|Lilliefors Test,Skewness,0.6875,0.3125,,0.0,16,16,0,11,5,0,0,11,fully_labeled,Mean=include|Median=include|Mode=include|Range=include|Quartile=include|Standard Deviation=include|Skewness=include|Kurtosis=include|Anderson-Darling Test=include|Shapiro-Wilk Test of Normality=include|Kolmogorov-Smirnov Test for Normality=include|Kolmogorov-Smirnov Test=include|Lilliefors Test=include|Kolmogorov-Smirnov Test for Uniform distribution=include|Kolmogorov-Smirnov Test for Gamma distribution=include|Kolmogorov-Smirnov Test for Exponential distribution=include
49,Variance Test,easy,14B,V1,1,1,1,1,0,0,4,4,Mood Variance Test|Levene Test|Bartlett Test|F-Test for Variance,Mood Variance Test|Levene Test|Bartlett Test|F-Test for Variance,,,,1.0,0,0,0,4,0,0,4,0,narrative_only,
50,Variance Test,easy,14B,V1,1,0,0,1,0,1,2,4,Mood Variance Test|Levene Test,Mood Variance Test|Levene Test|Bartlett Test|F-Test for Variance,1.0,0.0,,0.5,1,1,0,2,0,0,1,1,partially_labeled,Mood Variance Test=include
51,Correlation Analysis,easy,14B,V1,1,1,1,1,0,0,3,3,Pearson Correlation Coefficient|Spearman Correlation Coefficient|Kendall Correlation Coefficient,Pearson Correlation Coefficient|Spearman Correlation Coefficient|Kendall Correlation Coefficient,,,,1.0,0,0,0,3,0,0,3,0,narrative_only,
52,Distribution Compliance Test,easy,14B,V1,1,0,0,1,1,0,2,1,Anderson-Darling Test|Kolmogorov-Smirnov Test,Kolmogorov-Smirnov Test,1.0,0.0,0.0,0.0,5,2,3,2,0,0,0,5,partially_labeled,Anderson-Darling Test=include|Kolmogorov-Smirnov Test=include|Kolmogorov-Smirnov Test for Uniform distribution=exclude|Kolmogorov-Smirnov Test for Gamma distribution=exclude|Kolmogorov-Smirnov Test for Exponential distribution=exclude
53,Variance Test,hard,14B,V1,1,1,1,1,0,0,2,2,Mood Variance Test|Levene Test,Mood Variance Test|Levene Test,1.0,0.0,,0.0,2,2,0,2,0,0,0,2,partially_labeled,Mood Variance Test=include|Levene Test=include
54,Distribution Compliance Test,hard,14B,V1,1,0,0,1,1,0,4,3,Anderson-Darling Test|Shapiro-Wilk Test of Normality|Kolmogorov-Smirnov Test for Normality|Lilliefors Test,Anderson-Darling Test|Kolmogorov-Smirnov Test for Normality|Lilliefors Test,0.8,0.2,,0.0,5,5,0,4,1,0,0,4,partially_labeled,Anderson-Darling Test=include|Shapiro-Wilk Test of Normality=include|Kolmogorov-Smirnov Test for Normality=include|Kolmogorov-Smirnov Test=include|Lilliefors Test=include
55,Distribution Compliance Test,hard,14B,V1,1,0,0,1,1,0,4,3,Anderson-Darling Test|Shapiro-Wilk Test of Normality|Kolmogorov-Smirnov Test for Normality|Lilliefors Test,Anderson-Darling Test|Kolmogorov-Smirnov Test for Normality|Lilliefors Test,0.8,0.2,,0.0,5,5,0,4,1,0,0,4,partially_labeled,Anderson-Darling Test=include|Shapiro-Wilk Test of Normality=include|Kolmogorov-Smirnov Test for Normality=include|Kolmogorov-Smirnov Test=include|Lilliefors Test=include
56,Distribution Compliance Test,easy,14B,V1,1,0,0,1,1,0,2,1,Anderson-Darling Test|Kolmogorov-Smirnov Test,Kolmogorov-Smirnov Test,1.0,0.0,,0.0,2,2,0,2,0,0,0,2,partially_labeled,Anderson-Darling Test=include|Kolmogorov-Smirnov Test=include
57,Variance Test,hard,14B,V1,1,1,1,1,0,0,2,2,Mood Variance Test|Levene Test,Mood Variance Test|Levene Test,,,,1.0,0,0,0,2,0,0,2,0,narrative_only,
58,Correlation Analysis,hard,14B,V1,1,0,0,1,1,1,1,1,Pearson Correlation Coefficient,Kendall Correlation Coefficient,1.0,0.0,,0.0,1,1,0,1,0,0,0,1,partially_labeled,Pearson Correlation Coefficient=include
59,Distribution Compliance Test,hard,14B,V1,1,0,0,1,1,0,4,3,Shapiro-Wilk Test of Normality|Anderson-Darling Test|Lilliefors Test|Kolmogorov-Smirnov Test for Normality,Anderson-Darling Test|Shapiro-Wilk Test of Normality|Kolmogorov-Smirnov Test for Normality,0.875,0.2,0.0,0.0,8,5,3,4,1,0,0,7,fully_labeled,Anderson-Darling Test=include|Kolmogorov-Smirnov Test for Normality=include|Kolmogorov-Smirnov Test=include|Shapiro-Wilk Test of Normality=include|Lilliefors Test=include|Kolmogorov-Smirnov Test for Uniform distribution=exclude|Kolmogorov-Smirnov Test for Gamma distribution=exclude|Kolmogorov-Smirnov Test for Exponential distribution=exclude
60,Distribution Compliance Test,easy,14B,V1,1,0,0,1,1,0,2,1,Kolmogorov-Smirnov Test|Anderson-Darling Test,Kolmogorov-Smirnov Test,0.8333333333333334,,0.16666666666666666,0.5,6,0,6,2,0,1,1,5,partially_labeled,Shapiro-Wilk Test of Normality=exclude|Lilliefors Test=exclude|Kolmogorov-Smirnov Test=exclude|Kolmogorov-Smirnov Test for Uniform distribution=exclude|Kolmogorov-Smirnov Test for Gamma distribution=exclude|Kolmogorov-Smirnov Test for Exponential distribution=exclude
61,Distribution Compliance Test,hard,14B,V1,1,0,0,1,1,0,4,3,Anderson-Darling Test|Shapiro-Wilk Test of Normality|Kolmogorov-Smirnov Test for Normality|Lilliefors Test,Anderson-Darling Test|Shapiro-Wilk Test of Normality|Kolmogorov-Smirnov Test for Normality,0.8571428571428571,0.3333333333333333,0.0,0.5,7,3,4,4,1,0,2,6,partially_labeled,Anderson-Darling Test=include|Mode=include|Shapiro-Wilk Test of Normality=include|Kolmogorov-Smirnov Test=exclude|Kolmogorov-Smirnov Test for Uniform distribution=exclude|Kolmogorov-Smirnov Test for Gamma distribution=exclude|Kolmogorov-Smirnov Test for Exponential distribution=exclude
62,Contingency Table Test,easy,14B,V1,1,0,0,1,0,1,1,2,Chi-square Independence Test,Chi-square Independence Test|Fisher Exact Test,1.0,0.0,,0.0,1,1,0,1,0,0,0,1,partially_labeled,Chi-square Independence Test=include
63,Distribution Compliance Test,hard,14B,V1,1,0,0,1,1,0,4,3,Anderson-Darling Test|Shapiro-Wilk Test of Normality|Kolmogorov-Smirnov Test for Normality|Lilliefors Test,Anderson-Darling Test|Kolmogorov-Smirnov Test for Normality|Lilliefors Test,0.875,0.2,0.0,0.0,8,5,3,4,1,0,0,7,fully_labeled,Anderson-Darling Test=include|Shapiro-Wilk Test of Normality=include|Kolmogorov-Smirnov Test for Normality=include|Kolmogorov-Smirnov Test=include|Lilliefors Test=include|Kolmogorov-Smirnov Test for Uniform distribution=exclude|Kolmogorov-Smirnov Test for Gamma distribution=exclude|Kolmogorov-Smirnov Test for Exponential distribution=exclude
64,Distribution Compliance Test,hard,14B,V1,1,0,0,1,1,0,4,3,Anderson-Darling Test|Shapiro-Wilk Test of Normality|Kolmogorov-Smirnov Test for Normality|Lilliefors Test,Anderson-Darling Test|Kolmogorov-Smirnov Test for Normality|Lilliefors Test,0.6666666666666666,0.3333333333333333,,0.0,6,6,0,4,2,0,0,4,partially_labeled,Anderson-Darling Test=include|Shapiro-Wilk Test of Normality=include|Kolmogorov-Smirnov Test for Normality=include|Kolmogorov-Smirnov Test=include|Lilliefors Test=include|Mean=include
65,Variance Test,easy,14B,V1,1,0,0,1,0,1,2,4,Mood Variance Test|Levene Test,Mood Variance Test|Levene Test|Bartlett Test|F-Test for Variance,0.25,0.6666666666666666,1.0,0.0,4,3,1,2,2,1,0,1,fully_labeled,Mood Variance Test=exclude|Levene Test=include|Bartlett Test=include|F-Test for Variance=include
66,Distribution Compliance Test,hard,14B,V1,1,0,0,1,1,0,4,3,Anderson-Darling Test|Shapiro-Wilk Test of Normality|Kolmogorov-Smirnov Test for Normality|Lilliefors Test,Anderson-Darling Test|Kolmogorov-Smirnov Test for Normality|Lilliefors Test,0.7777777777777778,0.3333333333333333,0.0,0.0,9,6,3,4,2,0,0,7,fully_labeled,Anderson-Darling Test=include|Shapiro-Wilk Test of Normality=include|Kolmogorov-Smirnov Test for Normality=include|Kolmogorov-Smirnov Test=include|Lilliefors Test=include|Mean=include|Kolmogorov-Smirnov Test for Uniform distribution=exclude|Kolmogorov-Smirnov Test for Gamma distribution=exclude|Kolmogorov-Smirnov Test for Exponential distribution=exclude
67,Variance Test,hard,14B,V1,1,1,1,1,0,0,2,2,Mood Variance Test|Levene Test,Mood Variance Test|Levene Test,,,,1.0,0,0,0,2,0,0,2,0,narrative_only,
68,Distribution Compliance Test,hard,14B,V1,1,0,0,1,1,0,4,3,Anderson-Darling Test|Shapiro-Wilk Test of Normality|Kolmogorov-Smirnov Test for Normality|Lilliefors Test,Anderson-Darling Test|Kolmogorov-Smirnov Test for Normality|Lilliefors Test,,,,1.0,0,0,0,4,0,0,4,0,narrative_only,
69,Distribution Compliance Test,hard,14B,V1,1,0,0,1,1,0,4,3,Anderson-Darling Test|Shapiro-Wilk Test of Normality|Kolmogorov-Smirnov Test for Normality|Lilliefors Test,Anderson-Darling Test|Kolmogorov-Smirnov Test for Normality|Lilliefors Test,0.8,0.2,,0.0,5,5,0,4,1,0,0,4,partially_labeled,Anderson-Darling Test=include|Shapiro-Wilk Test of Normality=include|Kolmogorov-Smirnov Test for Normality=include|Kolmogorov-Smirnov Test=include|Lilliefors Test=include
70,Variance Test,hard,14B,V1,1,0,0,1,1,0,4,2,Mood Variance Test|Levene Test|Bartlett Test|F-Test for Variance,Mood Variance Test|Levene Test,1.0,0.0,,0.0,4,4,0,4,0,0,0,4,fully_labeled,Mood Variance Test=include|Levene Test=include|Bartlett Test=include|F-Test for Variance=include
71,Distribution Compliance Test,hard,14B,V1,1,0,0,1,1,0,4,3,Anderson-Darling Test|Shapiro-Wilk Test of Normality|Kolmogorov-Smirnov Test for Normality|Lilliefors Test,Anderson-Darling Test|Kolmogorov-Smirnov Test for Normality|Lilliefors Test,0.8,0.2,,0.0,5,5,0,4,1,0,0,4,partially_labeled,Anderson-Darling Test=include|Shapiro-Wilk Test of Normality=include|Kolmogorov-Smirnov Test for Normality=include|Kolmogorov-Smirnov Test=include|Lilliefors Test=include
72,Variance Test,easy,14B,V1,1,0,0,1,0,1,3,4,Mood Variance Test|Levene Test|F-Test for Variance,Mood Variance Test|Levene Test|Bartlett Test|F-Test for Variance,1.0,0.0,,0.0,3,3,0,3,0,0,0,3,partially_labeled,Mood Variance Test=include|Levene Test=include|F-Test for Variance=include
73,Correlation Analysis,easy,14B,V1,1,1,1,1,0,0,3,3,Pearson Correlation Coefficient|Spearman Correlation Coefficient|Kendall Correlation Coefficient,Pearson Correlation Coefficient|Spearman Correlation Coefficient|Kendall Correlation Coefficient,1.0,0.0,,0.6666666666666666,1,1,0,3,0,0,2,1,partially_labeled,Pearson Correlation Coefficient=include
74,Contingency Table Test,hard,14B,V1,1,1,1,1,0,0,1,1,Chi-square Independence Test,Chi-square Independence Test,1.0,0.0,,0.0,1,1,0,1,0,0,0,1,partially_labeled,Chi-square Independence Test=include
75,Contingency Table Test,easy,14B,V1,1,1,1,1,0,0,1,1,Mantel-Haenszel Test,Mantel-Haenszel Test,0.0,1.0,,1.0,1,1,0,1,1,0,1,0,partially_labeled,Chi-square Independence Test=include
76,Contingency Table Test,easy,14B,V1,1,0,0,1,1,0,2,1,Chi-square Independence Test|Mantel-Haenszel Test,Mantel-Haenszel Test,1.0,0.0,,0.5,1,1,0,2,0,0,1,1,partially_labeled,Chi-square Independence Test=include
77,Distribution Compliance Test,easy,14B,V1,1,1,1,1,0,0,1,1,Kolmogorov-Smirnov Test,Kolmogorov-Smirnov Test,0.75,1.0,0.14285714285714285,0.0,8,1,7,1,1,1,0,6,fully_labeled,Anderson-Darling Test=include|Shapiro-Wilk Test of Normality=exclude|Kolmogorov-Smirnov Test for Normality=exclude|Kolmogorov-Smirnov Test=exclude|Lilliefors Test=exclude|Kolmogorov-Smirnov Test for Uniform distribution=exclude|Kolmogorov-Smirnov Test for Gamma distribution=exclude|Kolmogorov-Smirnov Test for Exponential distribution=exclude
78,Contingency Table Test,easy,14B,V1,1,0,0,1,0,1,1,2,Chi-square Independence Test,Chi-square Independence Test|Fisher Exact Test,0.5,0.5,,0.0,2,2,0,1,1,0,0,1,partially_labeled,Chi-square Independence Test=include|Fisher Exact Test=include
79,Distribution Compliance Test,easy,14B,V1,1,0,0,1,1,1,3,1,Pearson Correlation Coefficient|Spearman Correlation Coefficient|Kendall Correlation Coefficient,Kolmogorov-Smirnov Test,1.0,0.0,,0.3333333333333333,2,2,0,3,0,0,1,2,partially_labeled,Spearman Correlation Coefficient=include|Kendall Correlation Coefficient=include
80,Distribution Compliance Test,hard,14B,V1,1,0,0,1,1,0,4,3,Anderson-Darling Test|Shapiro-Wilk Test of Normality|Kolmogorov-Smirnov Test for Normality|Lilliefors Test,Anderson-Darling Test|Kolmogorov-Smirnov Test for Normality|Lilliefors Test,0.8,0.2,,0.0,5,5,0,4,1,0,0,4,partially_labeled,Anderson-Darling Test=include|Shapiro-Wilk Test of Normality=include|Kolmogorov-Smirnov Test for Normality=include|Kolmogorov-Smirnov Test=include|Lilliefors Test=include
81,Contingency Table Test,hard,14B,V1,1,0,0,1,1,0,2,1,Chi-square Independence Test|Fisher Exact Test,Chi-square Independence Test,0.6666666666666666,0.3333333333333333,,0.0,3,3,0,2,1,0,0,2,fully_labeled,Chi-square Independence Test=include|Fisher Exact Test=include|Mantel-Haenszel Test=include
82,Variance Test,hard,14B,V1,1,1,1,1,0,0,2,2,Mood Variance Test|Levene Test,Mood Variance Test|Levene Test,,,,1.0,0,0,0,2,0,0,2,0,narrative_only,
83,Contingency Table Test,easy,14B,V1,1,1,1,1,0,0,2,2,Chi-square Independence Test|Fisher Exact Test,Chi-square Independence Test|Fisher Exact Test,1.0,0.0,,0.0,2,2,0,2,0,0,0,2,partially_labeled,Chi-square Independence Test=include|Fisher Exact Test=include
84,Variance Test,hard,14B,V1,1,1,1,1,0,0,2,2,Mood Variance Test|Levene Test,Mood Variance Test|Levene Test,,,,1.0,0,0,0,2,0,0,2,0,narrative_only,
85,Contingency Table Test,hard,14B,V1,1,1,1,1,0,0,1,1,Chi-square Independence Test,Chi-square Independence Test,0.5,0.5,,0.0,2,2,0,1,1,0,0,1,partially_labeled,Chi-square Independence Test=include|Fisher Exact Test=include
86,Variance Test,hard,14B,V1,1,1,1,1,0,0,2,2,Mood Variance Test|Levene Test,Mood Variance Test|Levene Test,1.0,0.0,,0.5,1,1,0,2,0,0,1,1,partially_labeled,Mood Variance Test=include
87,Distribution Compliance Test,hard,14B,V1,1,0,0,1,1,0,4,3,Anderson-Darling Test|Shapiro-Wilk Test of Normality|Kolmogorov-Smirnov Test for Normality|Lilliefors Test,Anderson-Darling Test|Kolmogorov-Smirnov Test for Normality|Lilliefors Test,0.8,0.2,,0.0,5,5,0,4,1,0,0,4,partially_labeled,Anderson-Darling Test=include|Shapiro-Wilk Test of Normality=include|Kolmogorov-Smirnov Test for Normality=include|Kolmogorov-Smirnov Test=include|Lilliefors Test=include
88,Correlation Analysis,easy,14B,V1,1,1,1,1,0,0,3,3,Pearson Correlation Coefficient|Spearman Correlation Coefficient|Kendall Correlation Coefficient,Pearson Correlation Coefficient|Spearman Correlation Coefficient|Kendall Correlation Coefficient,1.0,0.0,,0.0,3,3,0,3,0,0,0,3,partially_labeled,Pearson Correlation Coefficient=include|Kendall Correlation Coefficient=include|Spearman Correlation Coefficient=include
89,Correlation Analysis,easy,14B,V1,1,0,0,1,1,0,4,1,Partial Correlation Coefficient|Mean|Median|Standard Deviation,Partial Correlation Coefficient,1.0,0.0,,0.25,3,3,0,4,0,0,1,3,partially_labeled,Mean=include|Median=include|Standard Deviation=include
90,Correlation Analysis,easy,14B,V1,1,0,0,1,0,1,2,3,Spearman Correlation Coefficient|Kendall Correlation Coefficient,Pearson Correlation Coefficient|Spearman Correlation Coefficient|Kendall Correlation Coefficient,1.0,0.0,0.0,0.0,3,2,1,2,0,0,0,3,partially_labeled,Pearson Correlation Coefficient=exclude|Spearman Correlation Coefficient=include|Kendall Correlation Coefficient=include
91,Contingency Table Test,hard,14B,V1,1,1,1,1,0,0,1,1,Chi-square Independence Test,Chi-square Independence Test,1.0,0.0,,0.0,1,1,0,1,0,0,0,1,partially_labeled,Chi-square Independence Test=include
92,Contingency Table Test,hard,14B,V1,1,1,1,1,0,0,1,1,Chi-square Independence Test,Chi-square Independence Test,1.0,0.0,0.0,0.0,3,1,2,1,0,0,0,3,partially_labeled,Chi-square Independence Test=include|Fisher Exact Test=exclude|Mantel-Haenszel Test=exclude
93,Variance Test,hard,14B,V1,1,1,1,1,0,0,2,2,Mood Variance Test|Levene Test,Mood Variance Test|Levene Test,,,,1.0,0,0,0,2,0,0,2,0,narrative_only,
94,Contingency Table Test,hard,14B,V1,1,1,1,1,0,0,1,1,Chi-square Independence Test,Chi-square Independence Test,0.6666666666666666,0.5,0.0,0.0,3,2,1,1,1,0,0,2,fully_labeled,Chi-square Independence Test=include|Fisher Exact Test=include|Mantel-Haenszel Test=exclude
95,Contingency Table Test,hard,14B,V1,1,1,1,1,0,0,1,1,Chi-square Independence Test,Chi-square Independence Test,,,,1.0,0,0,0,1,0,0,1,0,narrative_only,
96,Variance Test,hard,14B,V1,1,1,1,1,0,0,2,2,Mood Variance Test|Levene Test,Mood Variance Test|Levene Test,,,,1.0,0,0,0,2,0,0,2,0,narrative_only,
97,Contingency Table Test,hard,14B,V1,1,1,1,1,0,0,1,1,Chi-square Independence Test,Chi-square Independence Test,0.5,0.5,,0.0,2,2,0,1,1,0,0,1,partially_labeled,Chi-square Independence Test=include|Fisher Exact Test=include
98,Distribution Compliance Test,hard,14B,V1,1,0,0,1,1,0,4,3,Anderson-Darling Test|Shapiro-Wilk Test of Normality|Kolmogorov-Smirnov Test for Normality|Lilliefors Test,Anderson-Darling Test|Kolmogorov-Smirnov Test for Normality|Lilliefors Test,0.7777777777777778,0.3333333333333333,0.0,0.0,9,6,3,4,2,0,0,7,fully_labeled,Anderson-Darling Test=include|Shapiro-Wilk Test of Normality=include|Kolmogorov-Smirnov Test for Normality=include|Kolmogorov-Smirnov Test=include|Lilliefors Test=include|Mean=include|Kolmogorov-Smirnov Test for Uniform distribution=exclude|Kolmogorov-Smirnov Test for Gamma distribution=exclude|Kolmogorov-Smirnov Test for Exponential distribution=exclude
99,Correlation Analysis,hard,14B,V1,1,0,0,1,1,1,1,1,Pearson Correlation Coefficient,Kendall Correlation Coefficient,1.0,0.0,0.0,0.0,4,1,3,1,0,0,0,4,fully_labeled,Pearson Correlation Coefficient=include|Spearman Correlation Coefficient=exclude|Kendall Correlation Coefficient=exclude|Partial Correlation Coefficient=exclude
100,Distribution Compliance Test,hard,14B,V1,1,0,0,1,1,0,4,3,Anderson-Darling Test|Shapiro-Wilk Test of Normality|Kolmogorov-Smirnov Test for Normality|Lilliefors Test,Anderson-Darling Test|Kolmogorov-Smirnov Test for Normality|Lilliefors Test,0.8,0.2,,0.0,5,5,0,4,1,0,0,4,partially_labeled,Anderson-Darling Test=include|Shapiro-Wilk Test of Normality=include|Kolmogorov-Smirnov Test for Normality=include|Kolmogorov-Smirnov Test=include|Lilliefors Test=include
101,Contingency Table Test,hard,14B,V1,1,1,1,1,0,0,1,1,Chi-square Independence Test,Chi-square Independence Test,1.0,0.0,0.0,0.0,2,1,1,1,0,0,0,2,partially_labeled,Mantel-Haenszel Test=exclude|Chi-square Independence Test=include
102,Distribution Compliance Test,easy,14B,V1,1,1,1,1,0,0,1,1,Kolmogorov-Smirnov Test,Kolmogorov-Smirnov Test,1.0,0.0,,0.0,1,1,0,1,0,0,0,1,partially_labeled,Kolmogorov-Smirnov Test=include
103,Distribution Compliance Test,easy,14B,V1,1,1,1,1,0,0,1,1,Kolmogorov-Smirnov Test,Kolmogorov-Smirnov Test,1.0,0.0,,0.0,1,1,0,1,0,0,0,1,partially_labeled,Kolmogorov-Smirnov Test=include
104,Contingency Table Test,hard,14B,V1,1,1,1,1,0,0,1,1,Chi-square Independence Test,Chi-square Independence Test,0.6666666666666666,0.5,0.0,0.0,3,2,1,1,1,0,0,2,fully_labeled,Chi-square Independence Test=include|Fisher Exact Test=include|Mantel-Haenszel Test=exclude
105,Variance Test,hard,14B,V1,1,0,0,1,1,0,4,2,Mood Variance Test|Levene Test|Bartlett Test|F-Test for Variance,Mood Variance Test|Levene Test,,,,1.0,0,0,0,4,0,0,4,0,narrative_only,
106,Distribution Compliance Test,hard,14B,V1,1,0,0,1,1,0,4,3,Anderson-Darling Test|Shapiro-Wilk Test of Normality|Kolmogorov-Smirnov Test for Normality|Lilliefors Test,Anderson-Darling Test|Kolmogorov-Smirnov Test for Normality|Lilliefors Test,0.875,0.2,0.0,0.0,8,5,3,4,1,0,0,7,fully_labeled,Anderson-Darling Test=include|Shapiro-Wilk Test of Normality=include|Kolmogorov-Smirnov Test for Normality=include|Kolmogorov-Smirnov Test=include|Lilliefors Test=include|Kolmogorov-Smirnov Test for Uniform distribution=exclude|Kolmogorov-Smirnov Test for Gamma distribution=exclude|Kolmogorov-Smirnov Test for Exponential distribution=exclude
107,Variance Test,hard,14B,V1,1,1,1,1,0,0,2,2,Mood Variance Test|Levene Test,Mood Variance Test|Levene Test,1.0,0.0,0.0,0.5,3,1,2,2,0,0,1,3,partially_labeled,Mood Variance Test=include|Bartlett Test=exclude|F-Test for Variance=exclude
108,Contingency Table Test,hard,14B,V1,1,1,1,1,0,0,1,1,Chi-square Independence Test,Chi-square Independence Test,0.5,0.5,,0.0,2,2,0,1,1,0,0,1,partially_labeled,Chi-square Independence Test=include|Fisher Exact Test=include
109,Distribution Compliance Test,easy,14B,V1,1,1,1,1,0,0,1,1,Kolmogorov-Smirnov Test,Kolmogorov-Smirnov Test,0.5,0.5,,0.0,2,2,0,1,1,0,0,1,partially_labeled,Kolmogorov-Smirnov Test=include|Anderson-Darling Test=include
110,Variance Test,hard,14B,V1,1,1,1,1,0,0,2,2,Mood Variance Test|Levene Test,Mood Variance Test|Levene Test,1.0,0.0,,0.5,1,1,0,2,0,0,1,1,partially_labeled,Mood Variance Test=include
111,Contingency Table Test,hard,14B,V1,1,1,1,1,0,0,1,1,Chi-square Independence Test,Chi-square Independence Test,0.5,0.5,,0.0,2,2,0,1,1,0,0,1,partially_labeled,Chi-square Independence Test=include|Fisher Exact Test=include
112,Variance Test,hard,14B,V1,1,1,1,1,0,0,2,2,Mood Variance Test|Levene Test,Mood Variance Test|Levene Test,1.0,0.0,0.0,0.0,4,2,2,2,0,0,0,4,fully_labeled,Mood Variance Test=include|Levene Test=include|Bartlett Test=exclude|F-Test for Variance=exclude
113,Variance Test,hard,14B,V1,1,0,0,1,1,0,4,2,Mood Variance Test|Levene Test|Bartlett Test|F-Test for Variance,Mood Variance Test|Levene Test,,,,1.0,0,0,0,4,0,0,4,0,narrative_only,
114,Distribution Compliance Test,hard,14B,V1,1,0,0,1,1,0,4,3,Anderson-Darling Test|Shapiro-Wilk Test of Normality|Kolmogorov-Smirnov Test for Normality|Lilliefors Test,Anderson-Darling Test|Kolmogorov-Smirnov Test for Normality|Lilliefors Test,0.75,0.25,,0.25,4,4,0,4,1,0,1,3,partially_labeled,Anderson-Darling Test=include|Shapiro-Wilk Test of Normality=include|Kolmogorov-Smirnov Test for Normality=include|Kolmogorov-Smirnov Test=include
115,Distribution Compliance Test,hard,14B,V1,1,0,0,1,1,0,4,3,Anderson-Darling Test|Shapiro-Wilk Test of Normality|Kolmogorov-Smirnov Test for Normality|Lilliefors Test,Anderson-Darling Test|Kolmogorov-Smirnov Test for Normality|Lilliefors Test,0.8,0.2,,0.0,5,5,0,4,1,0,0,4,partially_labeled,Anderson-Darling Test=include|Shapiro-Wilk Test of Normality=include|Kolmogorov-Smirnov Test for Normality=include|Kolmogorov-Smirnov Test=include|Lilliefors Test=include
116,Distribution Compliance Test,easy,14B,V1,1,0,0,1,1,0,2,1,Anderson-Darling Test|Kolmogorov-Smirnov Test,Kolmogorov-Smirnov Test,0.25,0.75,,0.0,8,8,0,2,6,0,0,2,fully_labeled,Anderson-Darling Test=include|Shapiro-Wilk Test of Normality=include|Kolmogorov-Smirnov Test for Normality=include|Kolmogorov-Smirnov Test=include|Lilliefors Test=include|Kolmogorov-Smirnov Test for Uniform distribution=include|Kolmogorov-Smirnov Test for Gamma distribution=include|Kolmogorov-Smirnov Test for Exponential distribution=include
117,Variance Test,hard,14B,V1,1,1,1,1,0,0,2,2,Mood Variance Test|Levene Test,Mood Variance Test|Levene Test,,,,1.0,0,0,0,2,0,0,2,0,narrative_only,
118,Distribution Compliance Test,hard,14B,V1,1,0,0,1,1,0,4,3,Anderson-Darling Test|Shapiro-Wilk Test of Normality|Kolmogorov-Smirnov Test for Normality|Lilliefors Test,Anderson-Darling Test|Kolmogorov-Smirnov Test for Normality|Lilliefors Test,0.8,0.2,,0.0,5,5,0,4,1,0,0,4,partially_labeled,Anderson-Darling Test=include|Shapiro-Wilk Test of Normality=include|Kolmogorov-Smirnov Test for Normality=include|Kolmogorov-Smirnov Test=include|Lilliefors Test=include
119,Distribution Compliance Test,hard,14B,V1,1,0,0,1,1,0,5,3,Anderson-Darling Test|Shapiro-Wilk Test of Normality|Kolmogorov-Smirnov Test for Normality|Lilliefors Test|Kolmogorov-Smirnov Test,Anderson-Darling Test|Kolmogorov-Smirnov Test for Normality|Lilliefors Test,1.0,0.0,,0.2,4,4,0,5,0,0,1,4,partially_labeled,Anderson-Darling Test=include|Shapiro-Wilk Test of Normality=include|Kolmogorov-Smirnov Test for Normality=include|Kolmogorov-Smirnov Test=include
120,Contingency Table Test,easy,14B,V1,1,0,0,1,1,0,3,1,Chi-square Independence Test|Fisher Exact Test|Mantel-Haenszel Test,Mantel-Haenszel Test,1.0,0.0,,0.0,3,3,0,3,0,0,0,3,fully_labeled,Chi-square Independence Test=include|Fisher Exact Test=include|Mantel-Haenszel Test=include
121,Distribution Compliance Test,hard,14B,V1,1,0,0,1,1,0,4,3,Anderson-Darling Test|Shapiro-Wilk Test of Normality|Kolmogorov-Smirnov Test for Normality|Lilliefors Test,Anderson-Darling Test|Kolmogorov-Smirnov Test for Normality|Lilliefors Test,0.8,0.2,,0.0,5,5,0,4,1,0,0,4,partially_labeled,Anderson-Darling Test=include|Shapiro-Wilk Test of Normality=include|Kolmogorov-Smirnov Test for Normality=include|Kolmogorov-Smirnov Test=include|Lilliefors Test=include
122,Contingency Table Test,hard,14B,V1,1,1,1,1,0,0,1,1,Chi-square Independence Test,Chi-square Independence Test,1.0,0.0,,0.0,1,1,0,1,0,0,0,1,partially_labeled,Chi-square Independence Test=include
123,Contingency Table Test,hard,14B,V1,1,0,0,1,1,0,2,1,Chi-square Independence Test|Fisher Exact Test,Chi-square Independence Test,1.0,0.0,0.0,0.0,3,2,1,2,0,0,0,3,fully_labeled,Chi-square Independence Test=include|Fisher Exact Test=include|Mantel-Haenszel Test=exclude
124,Contingency Table Test,hard,14B,V1,1,1,1,1,0,0,1,1,Chi-square Independence Test,Chi-square Independence Test,0.6666666666666666,0.5,0.0,0.0,3,2,1,1,1,0,0,2,fully_labeled,Fisher Exact Test=include|Mantel-Haenszel Test=exclude|Chi-square Independence Test=include
125,Distribution Compliance Test,easy,14B,V1,1,0,0,1,1,0,2,1,Kolmogorov-Smirnov Test|Anderson-Darling Test,Kolmogorov-Smirnov Test,1.0,0.0,,0.0,2,2,0,2,0,0,0,2,partially_labeled,Anderson-Darling Test=include|Kolmogorov-Smirnov Test=include
126,Distribution Compliance Test,hard,14B,V1,1,0,0,1,1,0,4,3,Anderson-Darling Test|Shapiro-Wilk Test of Normality|Kolmogorov-Smirnov Test for Normality|Lilliefors Test,Anderson-Darling Test|Kolmogorov-Smirnov Test for Normality|Lilliefors Test,0.8,0.2,,0.0,5,5,0,4,1,0,0,4,fully_labeled,Anderson-Darling Test=include|Shapiro-Wilk Test of Normality=include|Kolmogorov-Smirnov Test for Normality=include|Kolmogorov-Smirnov Test=include|Lilliefors Test=include
127,Variance Test,hard,14B,V1,1,1,1,1,0,0,2,2,Mood Variance Test|Levene Test,Mood Variance Test|Levene Test,0.5,0.5,,0.0,4,4,0,2,2,0,0,2,fully_labeled,Mood Variance Test=include|Levene Test=include|Bartlett Test=include|F-Test for Variance=include
128,Contingency Table Test,hard,14B,V1,1,1,1,1,0,0,1,1,Chi-square Independence Test,Chi-square Independence Test,0.5,0.5,,0.0,2,2,0,1,1,0,0,1,partially_labeled,Chi-square Independence Test=include|Fisher Exact Test=include
129,Distribution Compliance Test,hard,14B,V1,1,0,0,1,1,0,4,3,Anderson-Darling Test|Shapiro-Wilk Test of Normality|Kolmogorov-Smirnov Test for Normality|Lilliefors Test,Anderson-Darling Test|Kolmogorov-Smirnov Test for Normality|Lilliefors Test,0.75,0.4,0.0,0.25,8,5,3,4,2,0,1,6,partially_labeled,Anderson-Darling Test=include|Shapiro-Wilk Test of Normality=include|Kolmogorov-Smirnov Test for Normality=include|Kolmogorov-Smirnov Test=include|Mode=include|Kolmogorov-Smirnov Test for Uniform distribution=exclude|Kolmogorov-Smirnov Test for Gamma distribution=exclude|Kolmogorov-Smirnov Test for Exponential distribution=exclude
130,Contingency Table Test,easy,14B,V1,1,1,1,1,0,0,2,2,Chi-square Independence Test|Fisher Exact Test,Chi-square Independence Test|Fisher Exact Test,,,,1.0,0,0,0,2,0,0,2,0,narrative_only,
131,Distribution Compliance Test,hard,14B,V1,1,0,0,1,1,0,4,3,Anderson-Darling Test|Shapiro-Wilk Test of Normality|Kolmogorov-Smirnov Test for Normality|Lilliefors Test,Anderson-Darling Test|Kolmogorov-Smirnov Test for Normality|Lilliefors Test,0.875,0.2,0.0,0.0,8,5,3,4,1,0,0,7,fully_labeled,Anderson-Darling Test=include|Shapiro-Wilk Test of Normality=include|Kolmogorov-Smirnov Test for Normality=include|Kolmogorov-Smirnov Test=include|Lilliefors Test=include|Kolmogorov-Smirnov Test for Uniform distribution=exclude|Kolmogorov-Smirnov Test for Gamma distribution=exclude|Kolmogorov-Smirnov Test for Exponential distribution=exclude
132,Variance Test,hard,14B,V1,1,1,1,1,0,0,2,2,Mood Variance Test|Levene Test,Mood Variance Test|Levene Test,,,,1.0,0,0,0,2,0,0,2,0,narrative_only,
133,Distribution Compliance Test,hard,14B,V1,1,0,0,1,1,0,4,3,Anderson-Darling Test|Shapiro-Wilk Test of Normality|Kolmogorov-Smirnov Test for Normality|Lilliefors Test,Anderson-Darling Test|Kolmogorov-Smirnov Test for Normality|Lilliefors Test,0.875,0.2,0.0,0.0,8,5,3,4,1,0,0,7,fully_labeled,Anderson-Darling Test=include|Shapiro-Wilk Test of Normality=include|Kolmogorov-Smirnov Test for Normality=include|Kolmogorov-Smirnov Test=include|Lilliefors Test=include|Kolmogorov-Smirnov Test for Uniform distribution=exclude|Kolmogorov-Smirnov Test for Gamma distribution=exclude|Kolmogorov-Smirnov Test for Exponential distribution=exclude
134,Distribution Compliance Test,hard,14B,V1,1,0,0,1,1,0,4,3,Anderson-Darling Test|Shapiro-Wilk Test of Normality|Kolmogorov-Smirnov Test for Normality|Lilliefors Test,Anderson-Darling Test|Kolmogorov-Smirnov Test for Normality|Lilliefors Test,0.8,0.2,,0.0,5,5,0,4,1,0,0,4,partially_labeled,Anderson-Darling Test=include|Shapiro-Wilk Test of Normality=include|Kolmogorov-Smirnov Test for Normality=include|Kolmogorov-Smirnov Test=include|Lilliefors Test=include
135,Distribution Compliance Test,hard,14B,V1,1,0,0,1,1,0,4,3,Anderson-Darling Test|Shapiro-Wilk Test of Normality|Kolmogorov-Smirnov Test for Normality|Lilliefors Test,Anderson-Darling Test|Kolmogorov-Smirnov Test for Normality|Lilliefors Test,0.8,0.2,,0.0,5,5,0,4,1,0,0,4,partially_labeled,Anderson-Darling Test=include|Shapiro-Wilk Test of Normality=include|Kolmogorov-Smirnov Test for Normality=include|Kolmogorov-Smirnov Test=include|Lilliefors Test=include
136,Distribution Compliance Test,hard,14B,V1,1,0,0,1,1,0,4,3,Anderson-Darling Test|Shapiro-Wilk Test of Normality|Kolmogorov-Smirnov Test for Normality|Lilliefors Test,Anderson-Darling Test|Kolmogorov-Smirnov Test for Normality|Lilliefors Test,0.8,0.2,,0.0,5,5,0,4,1,0,0,4,partially_labeled,Anderson-Darling Test=include|Shapiro-Wilk Test of Normality=include|Kolmogorov-Smirnov Test for Normality=include|Kolmogorov-Smirnov Test=include|Lilliefors Test=include
137,Variance Test,hard,14B,V1,1,1,1,1,0,0,2,2,Mood Variance Test|Levene Test,Mood Variance Test|Levene Test,,,,1.0,0,0,0,2,0,0,2,0,narrative_only,
138,Variance Test,hard,14B,V1,1,1,1,1,0,0,2,2,Mood Variance Test|Levene Test,Mood Variance Test|Levene Test,,,,1.0,0,0,0,2,0,0,2,0,narrative_only,
139,Contingency Table Test,hard,14B,V1,1,1,1,1,0,0,1,1,Chi-square Independence Test,Chi-square Independence Test,1.0,0.0,,0.0,1,1,0,1,0,0,0,1,partially_labeled,Chi-square Independence Test=include
140,Distribution Compliance Test,hard,14B,V1,1,0,0,1,1,0,4,3,Anderson-Darling Test|Shapiro-Wilk Test of Normality|Kolmogorov-Smirnov Test for Normality|Lilliefors Test,Anderson-Darling Test|Kolmogorov-Smirnov Test for Normality|Lilliefors Test,0.6666666666666666,0.3333333333333333,,0.0,6,6,0,4,2,0,0,4,partially_labeled,Anderson-Darling Test=include|Shapiro-Wilk Test of Normality=include|Kolmogorov-Smirnov Test for Normality=include|Kolmogorov-Smirnov Test=include|Mode=include|Lilliefors Test=include
141,Distribution Compliance Test,hard,14B,V1,1,0,0,1,1,1,3,3,Anderson-Darling Test|Shapiro-Wilk Test of Normality|Lilliefors Test,Anderson-Darling Test|Shapiro-Wilk Test of Normality|Kolmogorov-Smirnov Test for Normality,0.6,0.4,,0.0,5,5,0,3,2,0,0,3,partially_labeled,Anderson-Darling Test=include|Shapiro-Wilk Test of Normality=include|Kolmogorov-Smirnov Test for Normality=include|Lilliefors Test=include|Kolmogorov-Smirnov Test=include
142,Variance Test,hard,14B,V1,1,1,1,1,0,0,2,2,Mood Variance Test|Levene Test,Mood Variance Test|Levene Test,0.5,0.5,,0.0,4,4,0,2,2,0,0,2,fully_labeled,Mood Variance Test=include|Levene Test=include|Bartlett Test=include|F-Test for Variance=include
143,Distribution Compliance Test,hard,14B,V1,1,0,0,1,1,0,4,3,Anderson-Darling Test|Shapiro-Wilk Test of Normality|Kolmogorov-Smirnov Test for Normality|Lilliefors Test,Anderson-Darling Test|Kolmogorov-Smirnov Test for Normality|Lilliefors Test,0.875,0.2,0.0,0.0,8,5,3,4,1,0,0,7,fully_labeled,Anderson-Darling Test=include|Shapiro-Wilk Test of Normality=include|Kolmogorov-Smirnov Test for Normality=include|Kolmogorov-Smirnov Test=include|Lilliefors Test=include|Kolmogorov-Smirnov Test for Uniform distribution=exclude|Kolmogorov-Smirnov Test for Gamma distribution=exclude|Kolmogorov-Smirnov Test for Exponential distribution=exclude
144,Distribution Compliance Test,hard,14B,V1,1,0,0,1,1,0,4,3,Anderson-Darling Test|Shapiro-Wilk Test of Normality|Kolmogorov-Smirnov Test for Normality|Lilliefors Test,Anderson-Darling Test|Kolmogorov-Smirnov Test for Normality|Lilliefors Test,0.75,0.25,,0.25,4,4,0,4,1,0,1,3,partially_labeled,Anderson-Darling Test=include|Shapiro-Wilk Test of Normality=include|Kolmogorov-Smirnov Test for Normality=include|Kolmogorov-Smirnov Test=include
145,Contingency Table Test,hard,14B,V1,1,0,0,1,1,0,2,1,Chi-square Independence Test|Fisher Exact Test,Chi-square Independence Test,1.0,0.0,0.0,0.0,3,2,1,2,0,0,0,3,fully_labeled,Chi-square Independence Test=include|Fisher Exact Test=include|Mantel-Haenszel Test=exclude
146,Correlation Analysis,easy,14B,V1,1,1,1,1,0,0,1,1,Partial Correlation Coefficient,Partial Correlation Coefficient,,,,1.0,0,0,0,1,0,0,1,0,narrative_only,
147,Distribution Compliance Test,hard,14B,V1,1,0,0,1,1,0,4,3,Anderson-Darling Test|Shapiro-Wilk Test of Normality|Kolmogorov-Smirnov Test for Normality|Lilliefors Test,Anderson-Darling Test|Shapiro-Wilk Test of Normality|Kolmogorov-Smirnov Test for Normality,0.6666666666666666,0.3333333333333333,,0.5,3,3,0,4,1,0,2,2,partially_labeled,Anderson-Darling Test=include|Mode=include|Shapiro-Wilk Test of Normality=include
148,Contingency Table Test,hard,14B,V1,1,0,0,1,1,0,2,1,Chi-square Independence Test|Fisher Exact Test,Chi-square Independence Test,1.0,0.0,0.0,0.0,3,2,1,2,0,0,0,3,fully_labeled,Chi-square Independence Test=include|Fisher Exact Test=include|Mantel-Haenszel Test=exclude
149,Distribution Compliance Test,hard,14B,V1,1,0,0,1,1,0,4,3,Anderson-Darling Test|Shapiro-Wilk Test of Normality|Kolmogorov-Smirnov Test for Normality|Lilliefors Test,Anderson-Darling Test|Kolmogorov-Smirnov Test for Normality|Lilliefors Test,0.8,0.2,,0.0,5,5,0,4,1,0,0,4,partially_labeled,Anderson-Darling Test=include|Shapiro-Wilk Test of Normality=include|Kolmogorov-Smirnov Test for Normality=include|Kolmogorov-Smirnov Test=include|Lilliefors Test=include
150,Distribution Compliance Test,hard,14B,V1,1,0,0,1,1,0,4,3,Anderson-Darling Test|Shapiro-Wilk Test of Normality|Kolmogorov-Smirnov Test for Normality|Lilliefors Test,Anderson-Darling Test|Kolmogorov-Smirnov Test for Normality|Lilliefors Test,0.8,0.2,,0.0,5,5,0,4,1,0,0,4,fully_labeled,Anderson-Darling Test=include|Shapiro-Wilk Test of Normality=include|Kolmogorov-Smirnov Test for Normality=include|Kolmogorov-Smirnov Test=include|Lilliefors Test=include
151,Variance Test,hard,14B,V1,1,1,1,1,0,0,2,2,Mood Variance Test|Levene Test,Mood Variance Test|Levene Test,0.25,0.6666666666666666,1.0,0.0,4,3,1,2,2,1,0,1,fully_labeled,Mood Variance Test=exclude|Levene Test=include|Bartlett Test=include|F-Test for Variance=include
152,Variance Test,hard,14B,V1,1,0,0,1,1,0,4,2,Mood Variance Test|Levene Test|Bartlett Test|F-Test for Variance,Mood Variance Test|Levene Test,,,,1.0,0,0,0,4,0,0,4,0,narrative_only,
153,Distribution Compliance Test,hard,14B,V1,1,0,0,1,1,0,4,3,Anderson-Darling Test|Shapiro-Wilk Test of Normality|Kolmogorov-Smirnov Test for Normality|Lilliefors Test,Anderson-Darling Test|Kolmogorov-Smirnov Test for Normality|Lilliefors Test,0.8,0.2,,0.0,5,5,0,4,1,0,0,4,partially_labeled,Anderson-Darling Test=include|Shapiro-Wilk Test of Normality=include|Kolmogorov-Smirnov Test for Normality=include|Kolmogorov-Smirnov Test=include|Lilliefors Test=include
154,Variance Test,hard,14B,V1,1,1,1,1,0,0,2,2,Mood Variance Test|Levene Test,Mood Variance Test|Levene Test,1.0,0.0,,0.5,1,1,0,2,0,0,1,1,partially_labeled,Mood Variance Test=include
155,Variance Test,hard,14B,V1,1,0,0,1,1,0,3,2,Mood Variance Test|Levene Test|F-Test for Variance,Mood Variance Test|Levene Test,1.0,0.0,0.0,0.0,4,3,1,3,0,0,0,4,fully_labeled,Bartlett Test=exclude|Mood Variance Test=include|Levene Test=include|F-Test for Variance=include
156,Distribution Compliance Test,hard,14B,V1,1,0,0,1,1,0,4,3,Anderson-Darling Test|Shapiro-Wilk Test of Normality|Kolmogorov-Smirnov Test for Normality|Lilliefors Test,Anderson-Darling Test|Kolmogorov-Smirnov Test for Normality|Lilliefors Test,0.8,0.2,,0.0,5,5,0,4,1,0,0,4,partially_labeled,Anderson-Darling Test=include|Shapiro-Wilk Test of Normality=include|Kolmogorov-Smirnov Test for Normality=include|Kolmogorov-Smirnov Test=include|Lilliefors Test=include
157,Correlation Analysis,hard,14B,V1,1,0,0,1,1,1,2,1,Pearson Correlation Coefficient|Spearman Correlation Coefficient,Kendall Correlation Coefficient,,,,1.0,0,0,0,2,0,0,2,0,narrative_only,
158,Distribution Compliance Test,hard,14B,V1,1,0,0,1,1,0,10,3,Median|Mode|Range|Quartile|Skewness|Kurtosis|Anderson-Darling Test|Shapiro-Wilk Test of Normality|Kolmogorov-Smirnov Test for Normality|Lilliefors Test,Anderson-Darling Test|Kolmogorov-Smirnov Test for Normality|Lilliefors Test,0.9375,0.09090909090909091,0.0,0.0,16,11,5,10,1,0,0,15,fully_labeled,Mean=exclude|Median=include|Mode=include|Range=include|Quartile=include|Standard Deviation=exclude|Skewness=include|Kurtosis=include|Anderson-Darling Test=include|Shapiro-Wilk Test of Normality=include|Kolmogorov-Smirnov Test for Normality=include|Kolmogorov-Smirnov Test=include|Lilliefors Test=include|Kolmogorov-Smirnov Test for Uniform distribution=exclude|Kolmogorov-Smirnov Test for Gamma distribution=exclude|Kolmogorov-Smirnov Test for Exponential distribution=exclude
159,Contingency Table Test,hard,14B,V1,1,0,1,0,0,0,1,1,Chi-square Independence Test,Chi-square Independence Test,0.5,0.5,,0.0,2,2,0,1,1,0,0,1,partially_labeled,Chi-square Independence Test=include|Fisher Exact Test=include
160,Distribution Compliance Test,hard,14B,V1,1,0,0,1,1,0,4,3,Anderson-Darling Test|Shapiro-Wilk Test of Normality|Kolmogorov-Smirnov Test for Normality|Lilliefors Test,Anderson-Darling Test|Kolmogorov-Smirnov Test for Normality|Lilliefors Test,0.6666666666666666,0.3333333333333333,,0.0,6,6,0,4,2,0,0,4,partially_labeled,Anderson-Darling Test=include|Shapiro-Wilk Test of Normality=include|Kolmogorov-Smirnov Test for Normality=include|Kolmogorov-Smirnov Test=include|Lilliefors Test=include|Mean=include
161,Variance Test,hard,14B,V1,1,1,1,1,0,0,2,2,Mood Variance Test|Levene Test,Mood Variance Test|Levene Test,,,,1.0,0,0,0,2,0,0,2,0,narrative_only,
162,Distribution Compliance Test,hard,14B,V1,1,0,0,1,1,0,4,3,Anderson-Darling Test|Shapiro-Wilk Test of Normality|Kolmogorov-Smirnov Test for Normality|Lilliefors Test,Anderson-Darling Test|Kolmogorov-Smirnov Test for Normality|Lilliefors Test,0.6666666666666666,0.3333333333333333,,0.0,6,6,0,4,2,0,0,4,partially_labeled,Anderson-Darling Test=include|Shapiro-Wilk Test of Normality=include|Kolmogorov-Smirnov Test for Normality=include|Kolmogorov-Smirnov Test=include|Lilliefors Test=include|Mean=include
163,Distribution Compliance Test,hard,14B,V1,1,0,0,1,1,0,4,3,Anderson-Darling Test|Shapiro-Wilk Test of Normality|Kolmogorov-Smirnov Test for Normality|Lilliefors Test,Anderson-Darling Test|Shapiro-Wilk Test of Normality|Kolmogorov-Smirnov Test for Normality,,,,1.0,0,0,0,4,0,0,4,0,narrative_only,
164,Variance Test,hard,14B,V1,1,1,1,1,0,0,2,2,Mood Variance Test|Levene Test,Mood Variance Test|Levene Test,,,,1.0,0,0,0,2,0,0,2,0,narrative_only,
165,Distribution Compliance Test,hard,14B,V1,1,0,0,1,1,0,4,3,Anderson-Darling Test|Shapiro-Wilk Test of Normality|Kolmogorov-Smirnov Test for Normality|Lilliefors Test,Anderson-Darling Test|Kolmogorov-Smirnov Test for Normality|Lilliefors Test,0.8,0.2,,0.0,5,5,0,4,1,0,0,4,partially_labeled,Anderson-Darling Test=include|Shapiro-Wilk Test of Normality=include|Kolmogorov-Smirnov Test for Normality=include|Kolmogorov-Smirnov Test=include|Lilliefors Test=include
166,Contingency Table Test,hard,14B,V1,1,1,1,1,0,0,1,1,Chi-square Independence Test,Chi-square Independence Test,1.0,0.0,0.0,0.0,3,1,2,1,0,0,0,3,fully_labeled,Mantel-Haenszel Test=exclude|Chi-square Independence Test=include|Fisher Exact Test=exclude
167,Distribution Compliance Test,hard,14B,V1,1,0,0,1,1,0,4,3,Anderson-Darling Test|Shapiro-Wilk Test of Normality|Kolmogorov-Smirnov Test for Normality|Lilliefors Test,Anderson-Darling Test|Kolmogorov-Smirnov Test for Normality|Lilliefors Test,0.875,0.2,0.0,0.0,8,5,3,4,1,0,0,7,fully_labeled,Anderson-Darling Test=include|Shapiro-Wilk Test of Normality=include|Kolmogorov-Smirnov Test for Normality=include|Kolmogorov-Smirnov Test=include|Lilliefors Test=include|Kolmogorov-Smirnov Test for Uniform distribution=exclude|Kolmogorov-Smirnov Test for Gamma distribution=exclude|Kolmogorov-Smirnov Test for Exponential distribution=exclude
168,Distribution Compliance Test,easy,14B,V1,1,1,1,1,0,0,1,1,Kolmogorov-Smirnov Test,Kolmogorov-Smirnov Test,1.0,0.0,,0.0,1,1,0,1,0,0,0,1,partially_labeled,Kolmogorov-Smirnov Test=include
169,Distribution Compliance Test,easy,14B,V1,1,1,1,1,0,0,1,1,Kolmogorov-Smirnov Test,Kolmogorov-Smirnov Test,1.0,0.0,,0.0,1,1,0,1,0,0,0,1,partially_labeled,Kolmogorov-Smirnov Test=include
170,Variance Test,hard,14B,V1,1,1,1,1,0,0,2,2,Levene Test|Mood Variance Test,Mood Variance Test|Levene Test,,,,1.0,0,0,0,2,0,0,2,0,narrative_only,
171,Contingency Table Test,hard,14B,V1,1,1,1,1,0,0,1,1,Chi-square Independence Test,Chi-square Independence Test,0.3333333333333333,0.6666666666666666,,0.0,3,3,0,1,2,0,0,1,fully_labeled,Chi-square Independence Test=include|Fisher Exact Test=include|Mantel-Haenszel Test=include
172,Distribution Compliance Test,hard,14B,V1,1,0,0,1,1,0,4,3,Anderson-Darling Test|Shapiro-Wilk Test of Normality|Kolmogorov-Smirnov Test for Normality|Lilliefors Test,Anderson-Darling Test|Kolmogorov-Smirnov Test for Normality|Lilliefors Test,0.8,0.2,,0.0,5,5,0,4,1,0,0,4,partially_labeled,Anderson-Darling Test=include|Shapiro-Wilk Test of Normality=include|Kolmogorov-Smirnov Test for Normality=include|Kolmogorov-Smirnov Test=include|Lilliefors Test=include
173,Correlation Analysis,easy,14B,V1,1,1,1,1,0,0,3,3,Pearson Correlation Coefficient|Spearman Correlation Coefficient|Kendall Correlation Coefficient,Pearson Correlation Coefficient|Spearman Correlation Coefficient|Kendall Correlation Coefficient,0.75,0.25,,0.0,4,4,0,3,1,0,0,3,fully_labeled,Pearson Correlation Coefficient=include|Spearman Correlation Coefficient=include|Kendall Correlation Coefficient=include|Partial Correlation Coefficient=include
174,Contingency Table Test,easy,14B,V1,1,0,0,1,0,1,1,2,Chi-square Independence Test,Chi-square Independence Test|Fisher Exact Test,0.5,0.5,,0.0,2,2,0,1,1,0,0,1,partially_labeled,Chi-square Independence Test=include|Fisher Exact Test=include
175,Variance Test,hard,14B,V1,1,1,1,1,0,0,2,2,Mood Variance Test|Levene Test,Mood Variance Test|Levene Test,1.0,0.0,,0.0,2,2,0,2,0,0,0,2,partially_labeled,Mood Variance Test=include|Levene Test=include
176,Contingency Table Test,easy,14B,V1,1,1,1,1,0,0,2,2,Chi-square Independence Test|Fisher Exact Test,Chi-square Independence Test|Fisher Exact Test,1.0,0.0,,0.0,2,2,0,2,0,0,0,2,partially_labeled,Chi-square Independence Test=include|Fisher Exact Test=include
177,Variance Test,hard,14B,V1,1,0,0,1,1,0,4,2,Mood Variance Test|Levene Test|Bartlett Test|F-Test for Variance,Mood Variance Test|Levene Test,,,,1.0,0,0,0,4,0,0,4,0,narrative_only,
178,Contingency Table Test,hard,14B,V1,1,0,0,1,1,0,2,1,Chi-square Independence Test|Fisher Exact Test,Chi-square Independence Test,,,,1.0,0,0,0,2,0,0,2,0,narrative_only,
179,Distribution Compliance Test,easy,14B,V1,1,0,0,1,1,0,2,1,Anderson-Darling Test|Kolmogorov-Smirnov Test,Kolmogorov-Smirnov Test,1.0,0.0,,0.0,2,2,0,2,0,0,0,2,partially_labeled,Anderson-Darling Test=include|Kolmogorov-Smirnov Test=include
180,Distribution Compliance Test,easy,14B,V1,1,1,1,1,0,0,1,1,Kolmogorov-Smirnov Test,Kolmogorov-Smirnov Test,1.0,0.0,,0.0,1,1,0,1,0,0,0,1,partially_labeled,Kolmogorov-Smirnov Test=include
181,Distribution Compliance Test,easy,14B,V1,1,0,0,1,1,0,2,1,Kolmogorov-Smirnov Test|Anderson-Darling Test,Kolmogorov-Smirnov Test,0.8571428571428571,0.0,0.16666666666666666,0.0,7,1,6,2,0,1,0,6,fully_labeled,Shapiro-Wilk Test of Normality=exclude|Lilliefors Test=exclude|Kolmogorov-Smirnov Test=exclude|Kolmogorov-Smirnov Test for Uniform distribution=exclude|Kolmogorov-Smirnov Test for Gamma distribution=exclude|Kolmogorov-Smirnov Test for Exponential distribution=exclude|Anderson-Darling Test=include
182,Correlation Analysis,easy,14B,V1,1,0,0,1,0,1,2,3,Pearson Correlation Coefficient|Spearman Correlation Coefficient,Pearson Correlation Coefficient|Spearman Correlation Coefficient|Kendall Correlation Coefficient,1.0,0.0,0.0,0.0,4,2,2,2,0,0,0,4,fully_labeled,Pearson Correlation Coefficient=include|Spearman Correlation Coefficient=include|Kendall Correlation Coefficient=exclude|Partial Correlation Coefficient=exclude
183,Correlation Analysis,hard,14B,V1,1,0,0,1,1,0,3,1,Pearson Correlation Coefficient|Spearman Correlation Coefficient|Kendall Correlation Coefficient,Kendall Correlation Coefficient,1.0,0.0,0.0,0.0,4,3,1,3,0,0,0,4,fully_labeled,Pearson Correlation Coefficient=include|Spearman Correlation Coefficient=include|Kendall Correlation Coefficient=include|Partial Correlation Coefficient=exclude
184,Variance Test,easy,14B,V1,1,0,0,1,0,1,2,4,Mood Variance Test|Levene Test,Mood Variance Test|Levene Test|Bartlett Test|F-Test for Variance,1.0,0.0,,0.0,2,2,0,2,0,0,0,2,partially_labeled,Mood Variance Test=include|Levene Test=include
185,Distribution Compliance Test,hard,14B,V1,1,0,0,1,1,0,4,3,Anderson-Darling Test|Shapiro-Wilk Test of Normality|Kolmogorov-Smirnov Test for Normality|Lilliefors Test,Anderson-Darling Test|Kolmogorov-Smirnov Test for Normality|Lilliefors Test,0.6666666666666666,0.3333333333333333,,0.0,6,6,0,4,2,0,0,4,partially_labeled,Anderson-Darling Test=include|Shapiro-Wilk Test of Normality=include|Kolmogorov-Smirnov Test for Normality=include|Kolmogorov-Smirnov Test=include|Lilliefors Test=include|Mean=include
186,Contingency Table Test,hard,14B,V1,1,1,1,1,0,0,1,1,Chi-square Independence Test,Chi-square Independence Test,0.6666666666666666,0.5,0.0,0.0,3,2,1,1,1,0,0,2,fully_labeled,Chi-square Independence Test=include|Fisher Exact Test=include|Mantel-Haenszel Test=exclude
187,Contingency Table Test,hard,14B,V1,1,1,1,1,0,0,1,1,Chi-square Independence Test,Chi-square Independence Test,1.0,0.0,,0.0,1,1,0,1,0,0,0,1,partially_labeled,Chi-square Independence Test=include
188,Contingency Table Test,easy,14B,V1,1,0,0,1,0,1,1,2,Chi-square Independence Test,Chi-square Independence Test|Fisher Exact Test,0.5,0.5,,0.0,2,2,0,1,1,0,0,1,partially_labeled,Chi-square Independence Test=include|Fisher Exact Test=include
189,Variance Test,hard,14B,V1,1,1,1,1,0,0,2,2,Mood Variance Test|Levene Test,Mood Variance Test|Levene Test,0.5,0.5,,0.0,4,4,0,2,2,0,0,2,fully_labeled,Mood Variance Test=include|Levene Test=include|Bartlett Test=include|F-Test for Variance=include
190,Variance Test,hard,14B,V1,1,1,1,1,0,0,2,2,Mood Variance Test|Levene Test,Mood Variance Test|Levene Test,1.0,0.0,0.0,0.5,3,1,2,2,0,0,1,3,partially_labeled,Mood Variance Test=include|Bartlett Test=exclude|F-Test for Variance=exclude
191,Variance Test,hard,14B,V1,1,1,1,1,0,0,2,2,Mood Variance Test|Levene Test,Mood Variance Test|Levene Test,,,,1.0,0,0,0,2,0,0,2,0,narrative_only,
192,Correlation Analysis,easy,14B,V1,1,0,0,1,0,1,1,3,Pearson Correlation Coefficient,Pearson Correlation Coefficient|Spearman Correlation Coefficient|Kendall Correlation Coefficient,,,,1.0,0,0,0,1,0,0,1,0,narrative_only,
193,Variance Test,hard,14B,V1,1,1,1,1,0,0,2,2,Mood Variance Test|Levene Test,Mood Variance Test|Levene Test,1.0,0.0,,0.5,1,1,0,2,0,0,1,1,partially_labeled,Mood Variance Test=include
194,Contingency Table Test,hard,14B,V1,1,1,1,1,0,0,1,1,Chi-square Independence Test,Chi-square Independence Test,0.6666666666666666,0.5,0.0,0.0,3,2,1,1,1,0,0,2,fully_labeled,Chi-square Independence Test=include|Fisher Exact Test=include|Mantel-Haenszel Test=exclude
195,Distribution Compliance Test,easy,14B,V1,1,1,1,1,0,0,1,1,Kolmogorov-Smirnov Test,Kolmogorov-Smirnov Test,1.0,0.0,,0.0,1,1,0,1,0,0,0,1,partially_labeled,Kolmogorov-Smirnov Test=include
196,Contingency Table Test,hard,14B,V1,1,1,1,1,0,0,1,1,Chi-square Independence Test,Chi-square Independence Test,0.5,0.5,,0.0,2,2,0,1,1,0,0,1,partially_labeled,Chi-square Independence Test=include|Fisher Exact Test=include
197,Variance Test,easy,14B,V1,1,1,1,1,0,0,4,4,Mood Variance Test|Levene Test|Bartlett Test|F-Test for Variance,Mood Variance Test|Levene Test|Bartlett Test|F-Test for Variance,0.8,0.2,,0.0,5,5,0,4,1,0,0,4,fully_labeled,Mean=include|Mood Variance Test=include|Levene Test=include|Bartlett Test=include|F-Test for Variance=include
198,Variance Test,hard,14B,V1,1,1,1,1,0,0,2,2,Mood Variance Test|Levene Test,Mood Variance Test|Levene Test,,,,1.0,0,0,0,2,0,0,2,0,narrative_only,
199,Distribution Compliance Test,hard,14B,V1,1,0,0,1,1,0,4,3,Anderson-Darling Test|Shapiro-Wilk Test of Normality|Kolmogorov-Smirnov Test for Normality|Lilliefors Test,Anderson-Darling Test|Kolmogorov-Smirnov Test for Normality|Lilliefors Test,0.8,0.2,,0.0,5,5,0,4,1,0,0,4,fully_labeled,Anderson-Darling Test=include|Shapiro-Wilk Test of Normality=include|Kolmogorov-Smirnov Test for Normality=include|Kolmogorov-Smirnov Test=include|Lilliefors Test=include
200,Variance Test,hard,14B,V1,1,1,1,1,0,0,2,2,Mood Variance Test|Levene Test,Mood Variance Test|Levene Test,,,,1.0,0,0,0,2,0,0,2,0,narrative_only,
201,Variance Test,hard,14B,V1,1,1,1,1,0,0,2,2,Mood Variance Test|Levene Test,Mood Variance Test|Levene Test,1.0,0.0,,0.0,2,2,0,2,0,0,0,2,partially_labeled,Mood Variance Test=include|Levene Test=include
202,Distribution Compliance Test,easy,14B,V1,1,1,1,1,0,0,1,1,Kolmogorov-Smirnov Test,Kolmogorov-Smirnov Test,1.0,0.0,,0.0,1,1,0,1,0,0,0,1,partially_labeled,Kolmogorov-Smirnov Test=include
203,Variance Test,hard,14B,V1,1,1,1,1,0,0,2,2,Mood Variance Test|Levene Test,Mood Variance Test|Levene Test,1.0,0.0,,0.0,2,2,0,2,0,0,0,2,partially_labeled,Mood Variance Test=include|Levene Test=include
204,Correlation Analysis,hard,14B,V1,1,0,0,1,1,0,2,1,Spearman Correlation Coefficient|Kendall Correlation Coefficient,Kendall Correlation Coefficient,0.6666666666666666,0.3333333333333333,,0.0,3,3,0,2,1,0,0,2,partially_labeled,Pearson Correlation Coefficient=include|Spearman Correlation Coefficient=include|Kendall Correlation Coefficient=include
205,Distribution Compliance Test,easy,14B,V1,1,0,0,1,1,0,2,1,Anderson-Darling Test|Kolmogorov-Smirnov Test,Kolmogorov-Smirnov Test,1.0,0.0,,0.0,2,2,0,2,0,0,0,2,partially_labeled,Anderson-Darling Test=include|Kolmogorov-Smirnov Test=include
206,Variance Test,hard,14B,V1,1,1,1,1,0,0,2,2,Mood Variance Test|Levene Test,Mood Variance Test|Levene Test,,,,1.0,0,0,0,2,0,0,2,0,narrative_only,
207,Variance Test,hard,14B,V1,1,1,1,1,0,0,2,2,Mood Variance Test|Levene Test,Mood Variance Test|Levene Test,1.0,0.0,,0.0,2,2,0,2,0,0,0,2,partially_labeled,Mood Variance Test=include|Levene Test=include
208,Distribution Compliance Test,hard,14B,V1,1,0,0,1,1,0,4,3,Anderson-Darling Test|Shapiro-Wilk Test of Normality|Kolmogorov-Smirnov Test for Normality|Lilliefors Test,Anderson-Darling Test|Kolmogorov-Smirnov Test for Normality|Lilliefors Test,0.8,0.2,,0.0,5,5,0,4,1,0,0,4,partially_labeled,Anderson-Darling Test=include|Shapiro-Wilk Test of Normality=include|Kolmogorov-Smirnov Test for Normality=include|Kolmogorov-Smirnov Test=include|Lilliefors Test=include
209,Variance Test,easy,14B,V1,1,0,0,1,0,1,2,4,Mood Variance Test|Levene Test,Mood Variance Test|Levene Test|Bartlett Test|F-Test for Variance,1.0,0.0,,0.5,1,1,0,2,0,0,1,1,partially_labeled,Levene Test=include
210,Distribution Compliance Test,hard,14B,V1,1,0,0,1,1,0,4,3,Anderson-Darling Test|Shapiro-Wilk Test of Normality|Kolmogorov-Smirnov Test for Normality|Lilliefors Test,Anderson-Darling Test|Kolmogorov-Smirnov Test for Normality|Lilliefors Test,0.6666666666666666,0.3333333333333333,,0.0,6,6,0,4,2,0,0,4,partially_labeled,Anderson-Darling Test=include|Shapiro-Wilk Test of Normality=include|Kolmogorov-Smirnov Test for Normality=include|Kolmogorov-Smirnov Test=include|Lilliefors Test=include|Mean=include
211,Variance Test,hard,14B,V1,1,0,0,1,1,0,4,2,Mood Variance Test|Levene Test|Bartlett Test|F-Test for Variance,Mood Variance Test|Levene Test,,,,1.0,0,0,0,4,0,0,4,0,narrative_only,
212,Contingency Table Test,hard,14B,V1,1,0,0,1,1,0,2,1,Chi-square Independence Test|Fisher Exact Test,Fisher Exact Test,1.0,0.0,,0.0,2,2,0,2,0,0,0,2,partially_labeled,Chi-square Independence Test=include|Fisher Exact Test=include
213,Distribution Compliance Test,hard,14B,V1,1,0,0,1,1,0,4,3,Anderson-Darling Test|Shapiro-Wilk Test of Normality|Kolmogorov-Smirnov Test for Normality|Lilliefors Test,Anderson-Darling Test|Kolmogorov-Smirnov Test for Normality|Lilliefors Test,0.8,0.2,,0.0,5,5,0,4,1,0,0,4,partially_labeled,Anderson-Darling Test=include|Shapiro-Wilk Test of Normality=include|Kolmogorov-Smirnov Test for Normality=include|Kolmogorov-Smirnov Test=include|Lilliefors Test=include
214,Distribution Compliance Test,hard,14B,V1,1,0,0,1,1,0,4,3,Anderson-Darling Test|Shapiro-Wilk Test of Normality|Kolmogorov-Smirnov Test for Normality|Lilliefors Test,Anderson-Darling Test|Kolmogorov-Smirnov Test for Normality|Lilliefors Test,0.8,0.2,,0.0,5,5,0,4,1,0,0,4,partially_labeled,Anderson-Darling Test=include|Shapiro-Wilk Test of Normality=include|Kolmogorov-Smirnov Test for Normality=include|Kolmogorov-Smirnov Test=include|Lilliefors Test=include
215,Variance Test,hard,14B,V1,1,1,1,1,0,0,2,2,Mood Variance Test|Levene Test,Mood Variance Test|Levene Test,1.0,,0.0,1.0,2,0,2,2,0,0,2,2,partially_labeled,Bartlett Test=exclude|F-Test for Variance=exclude
216,Variance Test,hard,14B,V1,1,1,1,1,0,0,2,2,Mood Variance Test|Levene Test,Mood Variance Test|Levene Test,,,,1.0,0,0,0,2,0,0,2,0,narrative_only,
217,Distribution Compliance Test,hard,14B,V1,1,0,0,1,1,0,4,3,Anderson-Darling Test|Shapiro-Wilk Test of Normality|Kolmogorov-Smirnov Test for Normality|Lilliefors Test,Anderson-Darling Test|Kolmogorov-Smirnov Test for Normality|Lilliefors Test,0.8,0.2,,0.0,5,5,0,4,1,0,0,4,partially_labeled,Anderson-Darling Test=include|Shapiro-Wilk Test of Normality=include|Kolmogorov-Smirnov Test for Normality=include|Kolmogorov-Smirnov Test=include|Lilliefors Test=include
218,Distribution Compliance Test,hard,14B,V1,1,0,0,1,1,0,4,3,Anderson-Darling Test|Shapiro-Wilk Test of Normality|Kolmogorov-Smirnov Test for Normality|Lilliefors Test,Anderson-Darling Test|Kolmogorov-Smirnov Test for Normality|Lilliefors Test,0.6666666666666666,0.3333333333333333,,0.0,6,6,0,4,2,0,0,4,partially_labeled,Anderson-Darling Test=include|Shapiro-Wilk Test of Normality=include|Kolmogorov-Smirnov Test for Normality=include|Kolmogorov-Smirnov Test=include|Lilliefors Test=include|Mean=include
219,Distribution Compliance Test,hard,14B,V1,1,0,0,1,1,0,4,3,Anderson-Darling Test|Shapiro-Wilk Test of Normality|Kolmogorov-Smirnov Test for Normality|Lilliefors Test,Anderson-Darling Test|Shapiro-Wilk Test of Normality|Kolmogorov-Smirnov Test for Normality,0.8,0.2,,0.0,5,5,0,4,1,0,0,4,partially_labeled,Anderson-Darling Test=include|Shapiro-Wilk Test of Normality=include|Kolmogorov-Smirnov Test for Normality=include|Lilliefors Test=include|Kolmogorov-Smirnov Test=include
220,Variance Test,hard,14B,V1,1,1,1,1,0,0,2,2,Mood Variance Test|Levene Test,Mood Variance Test|Levene Test,1.0,0.0,,0.0,2,2,0,2,0,0,0,2,partially_labeled,Mood Variance Test=include|Levene Test=include
221,Correlation Analysis,easy,14B,V1,1,0,0,1,0,1,2,3,Pearson Correlation Coefficient|Spearman Correlation Coefficient,Pearson Correlation Coefficient|Spearman Correlation Coefficient|Kendall Correlation Coefficient,0.5,0.5,,0.0,4,4,0,2,2,0,0,2,fully_labeled,Pearson Correlation Coefficient=include|Spearman Correlation Coefficient=include|Kendall Correlation Coefficient=include|Partial Correlation Coefficient=include
222,Distribution Compliance Test,hard,14B,V1,1,0,0,1,1,0,4,3,Anderson-Darling Test|Shapiro-Wilk Test of Normality|Kolmogorov-Smirnov Test for Normality|Lilliefors Test,Anderson-Darling Test|Kolmogorov-Smirnov Test for Normality|Lilliefors Test,0.6666666666666666,0.3333333333333333,,0.0,6,6,0,4,2,0,0,4,partially_labeled,Anderson-Darling Test=include|Shapiro-Wilk Test of Normality=include|Kolmogorov-Smirnov Test for Normality=include|Kolmogorov-Smirnov Test=include|Lilliefors Test=include|Mean=include
223,Distribution Compliance Test,hard,14B,V1,1,0,0,1,1,0,4,3,Anderson-Darling Test|Shapiro-Wilk Test of Normality|Kolmogorov-Smirnov Test for Normality|Lilliefors Test,Anderson-Darling Test|Kolmogorov-Smirnov Test for Normality|Lilliefors Test,0.875,0.2,0.0,0.0,8,5,3,4,1,0,0,7,fully_labeled,Anderson-Darling Test=include|Shapiro-Wilk Test of Normality=include|Kolmogorov-Smirnov Test for Normality=include|Kolmogorov-Smirnov Test=include|Lilliefors Test=include|Kolmogorov-Smirnov Test for Uniform distribution=exclude|Kolmogorov-Smirnov Test for Gamma distribution=exclude|Kolmogorov-Smirnov Test for Exponential distribution=exclude
224,Contingency Table Test,hard,14B,V1,1,0,0,1,1,0,2,1,Chi-square Independence Test|Fisher Exact Test,Chi-square Independence Test,1.0,0.0,,0.0,2,2,0,2,0,0,0,2,partially_labeled,Chi-square Independence Test=include|Fisher Exact Test=include
225,Contingency Table Test,hard,14B,V1,1,1,1,1,0,0,1,1,Chi-square Independence Test,Chi-square Independence Test,1.0,0.0,,0.0,1,1,0,1,0,0,0,1,partially_labeled,Chi-square Independence Test=include
226,Distribution Compliance Test,hard,14B,V1,1,0,0,1,1,0,4,3,Anderson-Darling Test|Shapiro-Wilk Test of Normality|Kolmogorov-Smirnov Test for Normality|Lilliefors Test,Anderson-Darling Test|Kolmogorov-Smirnov Test for Normality|Lilliefors Test,0.875,0.2,0.0,0.0,8,5,3,4,1,0,0,7,fully_labeled,Anderson-Darling Test=include|Shapiro-Wilk Test of Normality=include|Kolmogorov-Smirnov Test for Normality=include|Kolmogorov-Smirnov Test=include|Lilliefors Test=include|Kolmogorov-Smirnov Test for Uniform distribution=exclude|Kolmogorov-Smirnov Test for Gamma distribution=exclude|Kolmogorov-Smirnov Test for Exponential distribution=exclude
227,Correlation Analysis,easy,14B,V1,1,0,0,1,1,0,4,3,Pearson Correlation Coefficient|Spearman Correlation Coefficient|Kendall Correlation Coefficient|Partial Correlation Coefficient,Pearson Correlation Coefficient|Spearman Correlation Coefficient|Kendall Correlation Coefficient,,,,1.0,0,0,0,4,0,0,4,0,narrative_only,
228,Distribution Compliance Test,hard,14B,V1,1,0,0,1,1,0,4,3,Anderson-Darling Test|Shapiro-Wilk Test of Normality|Kolmogorov-Smirnov Test for Normality|Lilliefors Test,Anderson-Darling Test|Shapiro-Wilk Test of Normality|Kolmogorov-Smirnov Test for Normality,0.6666666666666666,0.3333333333333333,,0.0,6,6,0,4,2,0,0,4,partially_labeled,Anderson-Darling Test=include|Shapiro-Wilk Test of Normality=include|Kolmogorov-Smirnov Test for Normality=include|Kolmogorov-Smirnov Test=include|Mode=include|Lilliefors Test=include
229,Contingency Table Test,easy,14B,V1,1,0,0,1,0,1,1,2,Chi-square Independence Test,Chi-square Independence Test|Fisher Exact Test,0.5,0.5,,0.0,2,2,0,1,1,0,0,1,partially_labeled,Chi-square Independence Test=include|Fisher Exact Test=include
230,Variance Test,hard,14B,V1,1,1,1,1,0,0,2,2,Mood Variance Test|Levene Test,Mood Variance Test|Levene Test,1.0,0.0,,0.5,1,1,0,2,0,0,1,1,partially_labeled,Mood Variance Test=include
231,Distribution Compliance Test,hard,14B,V1,1,0,0,1,1,0,4,3,Anderson-Darling Test|Shapiro-Wilk Test of Normality|Kolmogorov-Smirnov Test for Normality|Lilliefors Test,Anderson-Darling Test|Kolmogorov-Smirnov Test for Normality|Lilliefors Test,0.8,0.2,,0.0,5,5,0,4,1,0,0,4,partially_labeled,Anderson-Darling Test=include|Shapiro-Wilk Test of Normality=include|Kolmogorov-Smirnov Test for Normality=include|Kolmogorov-Smirnov Test=include|Lilliefors Test=include
232,Contingency Table Test,hard,14B,V1,1,1,1,1,0,0,1,1,Chi-square Independence Test,Chi-square Independence Test,0.5,0.5,,0.0,2,2,0,1,1,0,0,1,partially_labeled,Chi-square Independence Test=include|Fisher Exact Test=include
233,Contingency Table Test,hard,14B,V1,1,1,1,1,0,0,1,1,Chi-square Independence Test,Chi-square Independence Test,0.5,0.5,,0.0,2,2,0,1,1,0,0,1,fully_labeled,Chi-square Independence Test=include|Fisher Exact Test=include
234,Variance Test,hard,14B,V1,1,0,0,1,1,1,2,2,Mood Variance Test|F-Test for Variance,Mood Variance Test|Levene Test,,,,1.0,0,0,0,2,0,0,2,0,narrative_only,
235,Variance Test,hard,14B,V1,1,1,1,1,0,0,2,2,Mood Variance Test|Levene Test,Mood Variance Test|Levene Test,1.0,0.0,,0.5,1,1,0,2,0,0,1,1,partially_labeled,Mood Variance Test=include
236,Distribution Compliance Test,hard,14B,V1,1,0,0,1,1,0,4,3,Anderson-Darling Test|Shapiro-Wilk Test of Normality|Kolmogorov-Smirnov Test for Normality|Lilliefors Test,Anderson-Darling Test|Kolmogorov-Smirnov Test for Normality|Lilliefors Test,0.8,0.2,,0.0,5,5,0,4,1,0,0,4,partially_labeled,Anderson-Darling Test=include|Shapiro-Wilk Test of Normality=include|Kolmogorov-Smirnov Test for Normality=include|Kolmogorov-Smirnov Test=include|Lilliefors Test=include
237,Variance Test,hard,14B,V1,1,1,1,1,0,0,2,2,Mood Variance Test|Levene Test,Mood Variance Test|Levene Test,,,,1.0,0,0,0,2,0,0,2,0,narrative_only,
238,Variance Test,hard,14B,V1,1,1,1,1,0,0,2,2,Mood Variance Test|Levene Test,Mood Variance Test|Levene Test,,,,1.0,0,0,0,2,0,0,2,0,narrative_only,
239,Variance Test,hard,14B,V1,1,1,1,1,0,0,2,2,Levene Test|Mood Variance Test,Mood Variance Test|Levene Test,,,,1.0,0,0,0,2,0,0,2,0,narrative_only,
240,Distribution Compliance Test,hard,14B,V1,1,0,0,1,1,0,4,3,Anderson-Darling Test|Shapiro-Wilk Test of Normality|Kolmogorov-Smirnov Test for Normality|Lilliefors Test,Anderson-Darling Test|Kolmogorov-Smirnov Test for Normality|Lilliefors Test,,,,1.0,0,0,0,4,0,0,4,0,narrative_only,
241,Distribution Compliance Test,hard,14B,V1,1,0,0,1,1,0,4,3,Anderson-Darling Test|Shapiro-Wilk Test of Normality|Kolmogorov-Smirnov Test for Normality|Lilliefors Test,Anderson-Darling Test|Kolmogorov-Smirnov Test for Normality|Lilliefors Test,0.75,0.25,,0.25,4,4,0,4,1,0,1,3,partially_labeled,Anderson-Darling Test=include|Shapiro-Wilk Test of Normality=include|Kolmogorov-Smirnov Test for Normality=include|Kolmogorov-Smirnov Test=include
242,Correlation Analysis,hard,14B,V1,1,0,0,1,1,0,3,1,Pearson Correlation Coefficient|Spearman Correlation Coefficient|Kendall Correlation Coefficient,Kendall Correlation Coefficient,0.75,0.25,,0.0,4,4,0,3,1,0,0,3,fully_labeled,Pearson Correlation Coefficient=include|Spearman Correlation Coefficient=include|Kendall Correlation Coefficient=include|Partial Correlation Coefficient=include
243,Variance Test,hard,14B,V1,1,1,1,1,0,0,2,2,Mood Variance Test|Levene Test,Mood Variance Test|Levene Test,1.0,0.0,,0.0,2,2,0,2,0,0,0,2,partially_labeled,Mood Variance Test=include|Levene Test=include
244,Contingency Table Test,hard,14B,V1,1,1,1,1,0,0,1,1,Chi-square Independence Test,Chi-square Independence Test,0.5,0.5,,0.0,2,2,0,1,1,0,0,1,partially_labeled,Chi-square Independence Test=include|Fisher Exact Test=include
245,Variance Test,hard,14B,V1,1,1,1,1,0,0,2,2,Mood Variance Test|Levene Test,Mood Variance Test|Levene Test,1.0,0.0,,0.5,1,1,0,2,0,0,1,1,partially_labeled,Mood Variance Test=include
246,Distribution Compliance Test,hard,14B,V1,1,0,0,1,1,0,4,3,Anderson-Darling Test|Shapiro-Wilk Test of Normality|Kolmogorov-Smirnov Test for Normality|Lilliefors Test,Anderson-Darling Test|Kolmogorov-Smirnov Test for Normality|Lilliefors Test,,,,1.0,0,0,0,4,0,0,4,0,narrative_only,
247,Distribution Compliance Test,easy,14B,V1,1,1,1,1,0,0,1,1,Kolmogorov-Smirnov Test,Kolmogorov-Smirnov Test,,,,1.0,0,0,0,1,0,0,1,0,narrative_only,
248,Variance Test,hard,14B,V1,1,1,1,1,0,0,2,2,Mood Variance Test|Levene Test,Mood Variance Test|Levene Test,,,,1.0,0,0,0,2,0,0,2,0,narrative_only,
249,Correlation Analysis,hard,14B,V1,1,0,0,1,1,0,3,1,Pearson Correlation Coefficient|Spearman Correlation Coefficient|Kendall Correlation Coefficient,Kendall Correlation Coefficient,1.0,0.0,,0.0,3,3,0,3,0,0,0,3,partially_labeled,Pearson Correlation Coefficient=include|Spearman Correlation Coefficient=include|Kendall Correlation Coefficient=include
250,Contingency Table Test,hard,14B,V1,1,0,0,1,1,1,1,1,Chi-square Independence Test,Fisher Exact Test,0.5,0.5,,0.0,2,2,0,1,1,0,0,1,partially_labeled,Chi-square Independence Test=include|Fisher Exact Test=include
251,Variance Test,hard,14B,V1,1,1,1,1,0,0,2,2,Mood Variance Test|Levene Test,Mood Variance Test|Levene Test,,,,1.0,0,0,0,2,0,0,2,0,narrative_only,
252,Distribution Compliance Test,hard,14B,V1,1,0,0,1,1,0,4,3,Anderson-Darling Test|Shapiro-Wilk Test of Normality|Kolmogorov-Smirnov Test for Normality|Lilliefors Test,Anderson-Darling Test|Kolmogorov-Smirnov Test for Normality|Lilliefors Test,0.8,0.2,,0.0,5,5,0,4,1,0,0,4,partially_labeled,Anderson-Darling Test=include|Shapiro-Wilk Test of Normality=include|Kolmogorov-Smirnov Test for Normality=include|Kolmogorov-Smirnov Test=include|Lilliefors Test=include
253,Distribution Compliance Test,hard,14B,V1,1,0,0,1,1,0,5,3,Anderson-Darling Test|Shapiro-Wilk Test of Normality|Kolmogorov-Smirnov Test for Normality|Lilliefors Test|Kolmogorov-Smirnov Test,Anderson-Darling Test|Kolmogorov-Smirnov Test for Normality|Lilliefors Test,1.0,0.0,,0.0,5,5,0,5,0,0,0,5,partially_labeled,Anderson-Darling Test=include|Shapiro-Wilk Test of Normality=include|Kolmogorov-Smirnov Test for Normality=include|Kolmogorov-Smirnov Test=include|Lilliefors Test=include
254,Distribution Compliance Test,easy,14B,V1,1,1,1,1,0,0,1,1,Kolmogorov-Smirnov Test,Kolmogorov-Smirnov Test,1.0,0.0,,0.0,1,1,0,1,0,0,0,1,partially_labeled,Kolmogorov-Smirnov Test=include
255,Descriptive Statistics,easy,14B,V1,1,0,0,1,1,0,5,1,Quartile|Anderson-Darling Test|Shapiro-Wilk Test of Normality|Kolmogorov-Smirnov Test for Normality|Lilliefors Test,Quartile,0.5,0.5,,0.2,8,8,0,5,4,0,1,4,partially_labeled,Anderson-Darling Test=include|Shapiro-Wilk Test of Normality=include|Kolmogorov-Smirnov Test for Normality=include|Kolmogorov-Smirnov Test=include|Lilliefors Test=include|Kolmogorov-Smirnov Test for Uniform distribution=include|Kolmogorov-Smirnov Test for Gamma distribution=include|Kolmogorov-Smirnov Test for Exponential distribution=include
256,Correlation Analysis,easy,14B,V1,1,0,0,1,0,1,1,3,Pearson Correlation Coefficient,Pearson Correlation Coefficient|Spearman Correlation Coefficient|Kendall Correlation Coefficient,1.0,0.0,0.0,0.0,4,1,3,1,0,0,0,4,fully_labeled,Pearson Correlation Coefficient=include|Spearman Correlation Coefficient=exclude|Kendall Correlation Coefficient=exclude|Partial Correlation Coefficient=exclude
257,Contingency Table Test,easy,14B,V1,1,1,1,1,0,0,2,2,Chi-square Independence Test|Fisher Exact Test,Chi-square Independence Test|Fisher Exact Test,1.0,0.0,,0.0,2,2,0,2,0,0,0,2,partially_labeled,Chi-square Independence Test=include|Fisher Exact Test=include
258,Contingency Table Test,hard,14B,V1,1,1,1,1,0,0,1,1,Chi-square Independence Test,Chi-square Independence Test,0.5,0.5,,0.0,2,2,0,1,1,0,0,1,partially_labeled,Chi-square Independence Test=include|Fisher Exact Test=include
259,Distribution Compliance Test,hard,14B,V1,1,0,0,1,1,0,4,3,Anderson-Darling Test|Shapiro-Wilk Test of Normality|Kolmogorov-Smirnov Test for Normality|Lilliefors Test,Anderson-Darling Test|Kolmogorov-Smirnov Test for Normality|Lilliefors Test,0.8571428571428571,0.25,0.0,0.25,7,4,3,4,1,0,1,6,partially_labeled,Anderson-Darling Test=include|Shapiro-Wilk Test of Normality=include|Kolmogorov-Smirnov Test for Normality=include|Kolmogorov-Smirnov Test=include|Kolmogorov-Smirnov Test for Uniform distribution=exclude|Kolmogorov-Smirnov Test for Gamma distribution=exclude|Kolmogorov-Smirnov Test for Exponential distribution=exclude
260,Distribution Compliance Test,hard,14B,V1,1,0,0,1,1,0,4,3,Anderson-Darling Test|Shapiro-Wilk Test of Normality|Kolmogorov-Smirnov Test for Normality|Lilliefors Test,Anderson-Darling Test|Kolmogorov-Smirnov Test for Normality|Lilliefors Test,0.8,0.2,,0.0,5,5,0,4,1,0,0,4,partially_labeled,Anderson-Darling Test=include|Shapiro-Wilk Test of Normality=include|Kolmogorov-Smirnov Test for Normality=include|Kolmogorov-Smirnov Test=include|Lilliefors Test=include
261,Distribution Compliance Test,hard,14B,V1,1,0,0,1,0,1,2,3,Shapiro-Wilk Test of Normality|Anderson-Darling Test,Anderson-Darling Test|Shapiro-Wilk Test of Normality|Kolmogorov-Smirnov Test for Normality,,,,1.0,0,0,0,2,0,0,2,0,narrative_only,
262,Variance Test,hard,14B,V1,1,1,1,1,0,0,2,2,Mood Variance Test|Levene Test,Mood Variance Test|Levene Test,0.25,0.6666666666666666,1.0,0.0,4,3,1,2,2,1,0,1,fully_labeled,Mood Variance Test=exclude|Levene Test=include|Bartlett Test=include|F-Test for Variance=include
263,Distribution Compliance Test,hard,14B,V1,1,0,0,1,1,0,4,3,Anderson-Darling Test|Shapiro-Wilk Test of Normality|Kolmogorov-Smirnov Test for Normality|Lilliefors Test,Anderson-Darling Test|Kolmogorov-Smirnov Test for Normality|Lilliefors Test,0.6666666666666666,0.3333333333333333,,0.0,6,6,0,4,2,0,0,4,partially_labeled,Anderson-Darling Test=include|Shapiro-Wilk Test of Normality=include|Kolmogorov-Smirnov Test for Normality=include|Kolmogorov-Smirnov Test=include|Mode=include|Lilliefors Test=include
264,Contingency Table Test,hard,14B,V1,1,1,1,1,0,0,1,1,Chi-square Independence Test,Chi-square Independence Test,0.3333333333333333,0.6666666666666666,,0.0,3,3,0,1,2,0,0,1,fully_labeled,Fisher Exact Test=include|Mantel-Haenszel Test=include|Chi-square Independence Test=include
265,Descriptive Statistics,easy,14B,V1,1,0,0,1,1,0,6,1,Quartile|Mean|Median|Standard Deviation|Skewness|Kurtosis,Quartile,1.0,0.0,,0.8333333333333334,1,1,0,6,0,0,5,1,partially_labeled,Quartile=include
266,Variance Test,hard,14B,V1,1,1,1,1,0,0,2,2,Mood Variance Test|Levene Test,Mood Variance Test|Levene Test,0.5,0.5,,0.0,4,4,0,2,2,0,0,2,fully_labeled,Mood Variance Test=include|Levene Test=include|Bartlett Test=include|F-Test for Variance=include
267,Contingency Table Test,hard,14B,V1,1,1,1,1,0,0,1,1,Chi-square Independence Test,Chi-square Independence Test,1.0,0.0,,0.0,1,1,0,1,0,0,0,1,partially_labeled,Chi-square Independence Test=include
268,Variance Test,hard,14B,V1,1,1,1,1,0,0,2,2,Mood Variance Test|Levene Test,Mood Variance Test|Levene Test,,,,1.0,0,0,0,2,0,0,2,0,narrative_only,
269,Distribution Compliance Test,hard,14B,V1,1,0,0,1,1,0,4,3,Anderson-Darling Test|Shapiro-Wilk Test of Normality|Kolmogorov-Smirnov Test for Normality|Lilliefors Test,Anderson-Darling Test|Kolmogorov-Smirnov Test for Normality|Lilliefors Test,0.6666666666666666,0.3333333333333333,,0.0,6,6,0,4,2,0,0,4,partially_labeled,Anderson-Darling Test=include|Shapiro-Wilk Test of Normality=include|Kolmogorov-Smirnov Test for Normality=include|Kolmogorov-Smirnov Test=include|Mode=include|Lilliefors Test=include
270,Variance Test,hard,14B,V1,1,1,1,1,0,0,2,2,Mood Variance Test|Levene Test,Mood Variance Test|Levene Test,,,,1.0,0,0,0,2,0,0,2,0,narrative_only,
271,Distribution Compliance Test,hard,14B,V1,1,0,0,1,1,0,4,3,Anderson-Darling Test|Shapiro-Wilk Test of Normality|Kolmogorov-Smirnov Test for Normality|Lilliefors Test,Anderson-Darling Test|Shapiro-Wilk Test of Normality|Kolmogorov-Smirnov Test for Normality,0.8571428571428571,0.3333333333333333,0.0,0.5,7,3,4,4,1,0,2,6,partially_labeled,Anderson-Darling Test=include|Mode=include|Shapiro-Wilk Test of Normality=include|Kolmogorov-Smirnov Test=exclude|Kolmogorov-Smirnov Test for Uniform distribution=exclude|Kolmogorov-Smirnov Test for Gamma distribution=exclude|Kolmogorov-Smirnov Test for Exponential distribution=exclude
272,Distribution Compliance Test,hard,14B,V1,1,0,0,1,1,0,4,3,Anderson-Darling Test|Shapiro-Wilk Test of Normality|Kolmogorov-Smirnov Test for Normality|Lilliefors Test,Anderson-Darling Test|Shapiro-Wilk Test of Normality|Kolmogorov-Smirnov Test for Normality,0.8,0.2,,0.0,5,5,0,4,1,0,0,4,partially_labeled,Anderson-Darling Test=include|Shapiro-Wilk Test of Normality=include|Kolmogorov-Smirnov Test for Normality=include|Lilliefors Test=include|Kolmogorov-Smirnov Test=include
273,Variance Test,hard,14B,V1,1,1,1,1,0,0,2,2,Mood Variance Test|Levene Test,Mood Variance Test|Levene Test,,,,1.0,0,0,0,2,0,0,2,0,narrative_only,
274,Distribution Compliance Test,hard,14B,V1,1,0,0,1,1,0,4,3,Anderson-Darling Test|Shapiro-Wilk Test of Normality|Kolmogorov-Smirnov Test for Normality|Lilliefors Test,Anderson-Darling Test|Kolmogorov-Smirnov Test for Normality|Lilliefors Test,0.6,0.4,,0.25,5,5,0,4,2,0,1,3,partially_labeled,Anderson-Darling Test=include|Shapiro-Wilk Test of Normality=include|Kolmogorov-Smirnov Test for Normality=include|Kolmogorov-Smirnov Test=include|Mode=include
275,Descriptive Statistics,easy,14B,V1,1,1,1,1,0,0,1,1,Skewness,Skewness,0.125,0.875,,0.0,8,8,0,1,7,0,0,1,fully_labeled,Mean=include|Median=include|Mode=include|Range=include|Quartile=include|Standard Deviation=include|Skewness=include|Kurtosis=include
276,Contingency Table Test,hard,14B,V1,1,1,1,1,0,0,1,1,Chi-square Independence Test,Chi-square Independence Test,0.6666666666666666,0.5,0.0,0.0,3,2,1,1,1,0,0,2,fully_labeled,Chi-square Independence Test=include|Fisher Exact Test=include|Mantel-Haenszel Test=exclude
277,Correlation Analysis,hard,14B,V1,1,0,0,1,1,0,3,1,Pearson Correlation Coefficient|Spearman Correlation Coefficient|Kendall Correlation Coefficient,Kendall Correlation Coefficient,1.0,0.0,,0.0,3,3,0,3,0,0,0,3,partially_labeled,Pearson Correlation Coefficient=include|Spearman Correlation Coefficient=include|Kendall Correlation Coefficient=include
278,Variance Test,hard,14B,V1,1,1,1,1,0,0,2,2,Mood Variance Test|Levene Test,Mood Variance Test|Levene Test,0.5,0.5,,0.0,4,4,0,2,2,0,0,2,fully_labeled,Mood Variance Test=include|Levene Test=include|Bartlett Test=include|F-Test for Variance=include
279,Distribution Compliance Test,hard,14B,V1,1,0,0,1,1,0,4,3,Anderson-Darling Test|Shapiro-Wilk Test of Normality|Kolmogorov-Smirnov Test for Normality|Lilliefors Test,Anderson-Darling Test|Kolmogorov-Smirnov Test for Normality|Lilliefors Test,0.8,0.2,,0.0,5,5,0,4,1,0,0,4,partially_labeled,Anderson-Darling Test=include|Shapiro-Wilk Test of Normality=include|Kolmogorov-Smirnov Test for Normality=include|Kolmogorov-Smirnov Test=include|Lilliefors Test=include
280,Distribution Compliance Test,hard,14B,V1,1,0,0,1,1,0,4,3,Anderson-Darling Test|Shapiro-Wilk Test of Normality|Kolmogorov-Smirnov Test for Normality|Lilliefors Test,Anderson-Darling Test|Kolmogorov-Smirnov Test for Normality|Lilliefors Test,0.8,0.2,,0.0,5,5,0,4,1,0,0,4,partially_labeled,Anderson-Darling Test=include|Shapiro-Wilk Test of Normality=include|Kolmogorov-Smirnov Test for Normality=include|Kolmogorov-Smirnov Test=include|Lilliefors Test=include
281,Contingency Table Test,hard,14B,V1,1,0,0,1,1,0,2,1,Chi-square Independence Test|Fisher Exact Test,Chi-square Independence Test,1.0,0.0,0.0,0.0,3,2,1,2,0,0,0,3,fully_labeled,Chi-square Independence Test=include|Mantel-Haenszel Test=exclude|Fisher Exact Test=include
282,Contingency Table Test,hard,14B,V1,1,1,1,1,0,0,1,1,Chi-square Independence Test,Chi-square Independence Test,1.0,0.0,0.0,0.0,2,1,1,1,0,0,0,2,partially_labeled,Chi-square Independence Test=include|Mantel-Haenszel Test=exclude
283,Distribution Compliance Test,hard,14B,V1,1,0,0,1,1,0,4,3,Anderson-Darling Test|Shapiro-Wilk Test of Normality|Kolmogorov-Smirnov Test for Normality|Lilliefors Test,Anderson-Darling Test|Kolmogorov-Smirnov Test for Normality|Lilliefors Test,0.875,0.2,0.0,0.0,8,5,3,4,1,0,0,7,fully_labeled,Anderson-Darling Test=include|Shapiro-Wilk Test of Normality=include|Kolmogorov-Smirnov Test for Normality=include|Kolmogorov-Smirnov Test=include|Lilliefors Test=include|Kolmogorov-Smirnov Test for Uniform distribution=exclude|Kolmogorov-Smirnov Test for Gamma distribution=exclude|Kolmogorov-Smirnov Test for Exponential distribution=exclude
284,Contingency Table Test,hard,14B,V1,1,1,1,1,0,0,1,1,Chi-square Independence Test,Chi-square Independence Test,0.6666666666666666,0.5,0.0,0.0,3,2,1,1,1,0,0,2,fully_labeled,Chi-square Independence Test=include|Fisher Exact Test=include|Mantel-Haenszel Test=exclude
285,Distribution Compliance Test,hard,14B,V1,1,0,0,1,1,0,4,3,Anderson-Darling Test|Shapiro-Wilk Test of Normality|Kolmogorov-Smirnov Test for Normality|Lilliefors Test,Anderson-Darling Test|Kolmogorov-Smirnov Test for Normality|Lilliefors Test,0.6666666666666666,0.3333333333333333,,0.0,6,6,0,4,2,0,0,4,partially_labeled,Anderson-Darling Test=include|Shapiro-Wilk Test of Normality=include|Kolmogorov-Smirnov Test for Normality=include|Kolmogorov-Smirnov Test=include|Lilliefors Test=include|Mean=include
286,Variance Test,hard,14B,V1,1,1,1,1,0,0,2,2,Mood Variance Test|Levene Test,Mood Variance Test|Levene Test,,,,1.0,0,0,0,2,0,0,2,0,narrative_only,
287,Variance Test,hard,14B,V1,1,1,1,1,0,0,2,2,Mood Variance Test|Levene Test,Mood Variance Test|Levene Test,1.0,0.0,,0.5,1,1,0,2,0,0,1,1,partially_labeled,Mood Variance Test=include
288,Correlation Analysis,hard,14B,V1,1,0,0,1,1,0,3,1,Pearson Correlation Coefficient|Spearman Correlation Coefficient|Kendall Correlation Coefficient,Kendall Correlation Coefficient,1.0,0.0,,0.0,3,3,0,3,0,0,0,3,partially_labeled,Pearson Correlation Coefficient=include|Spearman Correlation Coefficient=include|Kendall Correlation Coefficient=include
289,Contingency Table Test,easy,14B,V1,1,0,0,0,1,1,6,2,Mean|Median|Standard Deviation|Mood Variance Test|Levene Test|Bartlett Test,Chi-square Independence Test|Fisher Exact Test,,,,1.0,0,0,0,6,0,0,6,0,narrative_only,
290,Variance Test,hard,14B,V1,1,1,1,1,0,0,2,2,Mood Variance Test|Levene Test,Mood Variance Test|Levene Test,,,,1.0,0,0,0,2,0,0,2,0,narrative_only,
291,Correlation Analysis,hard,14B,V1,1,0,0,1,1,0,3,1,Pearson Correlation Coefficient|Spearman Correlation Coefficient|Kendall Correlation Coefficient,Kendall Correlation Coefficient,1.0,0.0,0.0,0.0,4,3,1,3,0,0,0,4,fully_labeled,Pearson Correlation Coefficient=include|Spearman Correlation Coefficient=include|Kendall Correlation Coefficient=include|Partial Correlation Coefficient=exclude
292,Variance Test,hard,14B,V1,1,0,0,1,1,0,4,2,Mood Variance Test|Levene Test|Bartlett Test|F-Test for Variance,Mood Variance Test|Levene Test,,,,1.0,0,0,0,4,0,0,4,0,narrative_only,
293,Correlation Analysis,easy,14B,V1,1,1,1,1,0,0,1,1,Partial Correlation Coefficient,Partial Correlation Coefficient,1.0,0.0,,0.0,1,1,0,1,0,0,0,1,partially_labeled,Partial Correlation Coefficient=include
294,Variance Test,hard,14B,V1,1,1,1,1,0,0,2,2,Mood Variance Test|Levene Test,Mood Variance Test|Levene Test,1.0,0.0,0.0,0.5,3,1,2,2,0,0,1,3,partially_labeled,Mood Variance Test=include|Bartlett Test=exclude|F-Test for Variance=exclude
295,Variance Test,hard,14B,V1,1,1,1,1,0,0,2,2,Mood Variance Test|Levene Test,Mood Variance Test|Levene Test,1.0,0.0,,0.5,1,1,0,2,0,0,1,1,partially_labeled,Mood Variance Test=include
296,Contingency Table Test,hard,14B,V1,1,1,1,1,0,0,1,1,Chi-square Independence Test,Chi-square Independence Test,0.5,0.5,,0.0,2,2,0,1,1,0,0,1,partially_labeled,Chi-square Independence Test=include|Fisher Exact Test=include
297,Distribution Compliance Test,hard,14B,V1,1,0,0,1,1,0,4,3,Anderson-Darling Test|Shapiro-Wilk Test of Normality|Kolmogorov-Smirnov Test for Normality|Lilliefors Test,Anderson-Darling Test|Kolmogorov-Smirnov Test for Normality|Lilliefors Test,0.8,0.2,,0.0,5,5,0,4,1,0,0,4,partially_labeled,Anderson-Darling Test=include|Shapiro-Wilk Test of Normality=include|Kolmogorov-Smirnov Test for Normality=include|Kolmogorov-Smirnov Test=include|Lilliefors Test=include
298,Variance Test,easy,14B,V1,1,0,0,1,0,1,2,4,Mood Variance Test|Levene Test,Mood Variance Test|Levene Test|Bartlett Test|F-Test for Variance,1.0,0.0,0.0,0.5,3,1,2,2,0,0,1,3,partially_labeled,Mood Variance Test=include|Bartlett Test=exclude|F-Test for Variance=exclude
299,Contingency Table Test,hard,14B,V1,1,1,1,1,0,0,1,1,Chi-square Independence Test,Chi-square Independence Test,,,,1.0,0,0,0,1,0,0,1,0,narrative_only,
300,Distribution Compliance Test,hard,14B,V1,1,0,0,1,1,0,4,3,Anderson-Darling Test|Shapiro-Wilk Test of Normality|Kolmogorov-Smirnov Test for Normality|Lilliefors Test,Anderson-Darling Test|Shapiro-Wilk Test of Normality|Kolmogorov-Smirnov Test for Normality,0.8,0.2,,0.0,5,5,0,4,1,0,0,4,partially_labeled,Anderson-Darling Test=include|Shapiro-Wilk Test of Normality=include|Kolmogorov-Smirnov Test for Normality=include|Kolmogorov-Smirnov Test=include|Lilliefors Test=include
301,Distribution Compliance Test,hard,14B,V1,1,0,0,1,1,0,4,3,Anderson-Darling Test|Shapiro-Wilk Test of Normality|Kolmogorov-Smirnov Test for Normality|Lilliefors Test,Anderson-Darling Test|Kolmogorov-Smirnov Test for Normality|Lilliefors Test,0.8,0.2,,0.0,5,5,0,4,1,0,0,4,partially_labeled,Anderson-Darling Test=include|Shapiro-Wilk Test of Normality=include|Kolmogorov-Smirnov Test for Normality=include|Kolmogorov-Smirnov Test=include|Lilliefors Test=include
302,Variance Test,hard,14B,V1,1,0,0,1,1,0,4,2,Mood Variance Test|Levene Test|Bartlett Test|F-Test for Variance,Mood Variance Test|Levene Test,,,,1.0,0,0,0,4,0,0,4,0,narrative_only,
303,Distribution Compliance Test,easy,14B,V1,1,1,1,1,0,0,1,1,Kolmogorov-Smirnov Test,Kolmogorov-Smirnov Test,1.0,0.0,,0.0,1,1,0,1,0,0,0,1,partially_labeled,Kolmogorov-Smirnov Test=include
304,Correlation Analysis,easy,14B,V1,1,0,0,1,1,0,4,1,Pearson Correlation Coefficient|Spearman Correlation Coefficient|Kendall Correlation Coefficient|Partial Correlation Coefficient,Partial Correlation Coefficient,,,,1.0,0,0,0,4,0,0,4,0,narrative_only,
305,Variance Test,hard,14B,V1,1,1,1,1,0,0,2,2,Mood Variance Test|Levene Test,Mood Variance Test|Levene Test,0.5,0.5,,0.0,4,4,0,2,2,0,0,2,fully_labeled,Mood Variance Test=include|Levene Test=include|Bartlett Test=include|F-Test for Variance=include
306,Contingency Table Test,easy,14B,V1,1,1,1,1,0,0,2,2,Chi-square Independence Test|Fisher Exact Test,Chi-square Independence Test|Fisher Exact Test,,,,1.0,0,0,0,2,0,0,2,0,narrative_only,
307,Variance Test,hard,14B,V1,1,1,1,1,0,0,2,2,Levene Test|Mood Variance Test,Mood Variance Test|Levene Test,1.0,0.0,,0.0,2,2,0,2,0,0,0,2,partially_labeled,Mood Variance Test=include|Levene Test=include
308,Variance Test,easy,14B,V1,1,0,0,1,0,1,2,4,Mood Variance Test|Levene Test,Mood Variance Test|Levene Test|Bartlett Test|F-Test for Variance,,,,1.0,0,0,0,2,0,0,2,0,narrative_only,
309,Distribution Compliance Test,hard,14B,V1,1,0,0,1,1,0,4,3,Anderson-Darling Test|Shapiro-Wilk Test of Normality|Kolmogorov-Smirnov Test for Normality|Lilliefors Test,Anderson-Darling Test|Kolmogorov-Smirnov Test for Normality|Lilliefors Test,0.6666666666666666,0.3333333333333333,,0.0,6,6,0,4,2,0,0,4,partially_labeled,Anderson-Darling Test=include|Shapiro-Wilk Test of Normality=include|Kolmogorov-Smirnov Test for Normality=include|Kolmogorov-Smirnov Test=include|Lilliefors Test=include|Mean=include
310,Distribution Compliance Test,easy,14B,V1,1,1,1,1,0,0,1,1,Kolmogorov-Smirnov Test,Kolmogorov-Smirnov Test,0.9333333333333333,,0.06666666666666667,0.0,15,0,15,1,0,1,0,14,fully_labeled,Kolmogorov-Smirnov Test for Normality=exclude|Kolmogorov-Smirnov Test=exclude|Kolmogorov-Smirnov Test for Uniform distribution=exclude|Kolmogorov-Smirnov Test for Gamma distribution=exclude|Kolmogorov-Smirnov Test for Exponential distribution=exclude|Anderson-Darling Test=exclude|Shapiro-Wilk Test of Normality=exclude|Lilliefors Test=exclude|Mood Variance Test=exclude|Levene Test=exclude|Bartlett Test=exclude|F-Test for Variance=exclude|Chi-square Independence Test=exclude|Fisher Exact Test=exclude|Mantel-Haenszel Test=exclude
311,Variance Test,hard,14B,V1,1,1,1,1,0,0,2,2,Mood Variance Test|Levene Test,Mood Variance Test|Levene Test,0.25,0.6666666666666666,1.0,0.0,4,3,1,2,2,1,0,1,fully_labeled,Mood Variance Test=exclude|Levene Test=include|Bartlett Test=include|F-Test for Variance=include
312,Variance Test,hard,14B,V1,1,1,1,1,0,0,2,2,Mood Variance Test|Levene Test,Mood Variance Test|Levene Test,0.5,0.5,,0.0,4,4,0,2,2,0,0,2,fully_labeled,Mood Variance Test=include|Levene Test=include|Bartlett Test=include|F-Test for Variance=include
313,Distribution Compliance Test,hard,14B,V1,1,0,0,1,1,0,4,3,Anderson-Darling Test|Shapiro-Wilk Test of Normality|Kolmogorov-Smirnov Test for Normality|Lilliefors Test,Anderson-Darling Test|Kolmogorov-Smirnov Test for Normality|Lilliefors Test,0.8,0.2,,0.0,5,5,0,4,1,0,0,4,partially_labeled,Anderson-Darling Test=include|Shapiro-Wilk Test of Normality=include|Kolmogorov-Smirnov Test for Normality=include|Kolmogorov-Smirnov Test=include|Lilliefors Test=include
314,Contingency Table Test,hard,14B,V1,1,0,0,1,1,0,2,1,Chi-square Independence Test|Fisher Exact Test,Fisher Exact Test,,,,1.0,0,0,0,2,0,0,2,0,narrative_only,
315,Distribution Compliance Test,easy,14B,V1,1,0,0,0,1,0,2,1,Anderson-Darling Test|Kolmogorov-Smirnov Test,Kolmogorov-Smirnov Test,0.6666666666666666,0.6666666666666666,0.0,0.5,6,3,3,2,2,0,1,4,partially_labeled,Shapiro-Wilk Test of Normality=include|Kolmogorov-Smirnov Test for Normality=include|Kolmogorov-Smirnov Test=include|Kolmogorov-Smirnov Test for Uniform distribution=exclude|Kolmogorov-Smirnov Test for Gamma distribution=exclude|Kolmogorov-Smirnov Test for Exponential distribution=exclude
316,Variance Test,hard,14B,V1,1,1,1,1,0,0,2,2,Mood Variance Test|Levene Test,Mood Variance Test|Levene Test,,,,1.0,0,0,0,2,0,0,2,0,narrative_only,
317,Descriptive Statistics,easy,14B,V1,1,1,1,1,0,0,1,1,Standard Deviation,Standard Deviation,,,,1.0,0,0,0,1,0,0,1,0,narrative_only,
318,Distribution Compliance Test,hard,14B,V1,1,0,0,1,1,0,4,3,Anderson-Darling Test|Shapiro-Wilk Test of Normality|Kolmogorov-Smirnov Test for Normality|Lilliefors Test,Anderson-Darling Test|Kolmogorov-Smirnov Test for Normality|Lilliefors Test,0.6666666666666666,0.3333333333333333,,0.0,6,6,0,4,2,0,0,4,partially_labeled,Anderson-Darling Test=include|Shapiro-Wilk Test of Normality=include|Kolmogorov-Smirnov Test for Normality=include|Kolmogorov-Smirnov Test=include|Lilliefors Test=include|Mean=include
319,Correlation Analysis,easy,14B,V1,1,1,1,1,0,0,3,3,Pearson Correlation Coefficient|Spearman Correlation Coefficient|Kendall Correlation Coefficient,Pearson Correlation Coefficient|Spearman Correlation Coefficient|Kendall Correlation Coefficient,,,,1.0,0,0,0,3,0,0,3,0,narrative_only,
320,Distribution Compliance Test,hard,14B,V1,1,0,0,1,1,0,4,3,Anderson-Darling Test|Shapiro-Wilk Test of Normality|Kolmogorov-Smirnov Test for Normality|Lilliefors Test,Anderson-Darling Test|Kolmogorov-Smirnov Test for Normality|Lilliefors Test,0.7777777777777778,0.3333333333333333,0.0,0.0,9,6,3,4,2,0,0,7,fully_labeled,Anderson-Darling Test=include|Shapiro-Wilk Test of Normality=include|Kolmogorov-Smirnov Test for Normality=include|Kolmogorov-Smirnov Test=include|Mode=include|Lilliefors Test=include|Kolmogorov-Smirnov Test for Uniform distribution=exclude|Kolmogorov-Smirnov Test for Gamma distribution=exclude|Kolmogorov-Smirnov Test for Exponential distribution=exclude
321,Correlation Analysis,easy,14B,V1,1,1,1,1,0,0,1,1,Partial Correlation Coefficient,Partial Correlation Coefficient,1.0,0.0,,0.0,1,1,0,1,0,0,0,1,partially_labeled,Partial Correlation Coefficient=include
322,Variance Test,hard,14B,V1,1,1,1,1,0,0,2,2,Mood Variance Test|Levene Test,Mood Variance Test|Levene Test,,,,1.0,0,0,0,2,0,0,2,0,narrative_only,
323,Variance Test,hard,14B,V1,1,1,1,1,0,0,2,2,Mood Variance Test|Levene Test,Mood Variance Test|Levene Test,,,,1.0,0,0,0,2,0,0,2,0,narrative_only,
324,Correlation Analysis,hard,14B,V1,1,0,0,1,1,1,1,1,Pearson Correlation Coefficient,Kendall Correlation Coefficient,1.0,0.0,0.0,0.0,4,1,3,1,0,0,0,4,fully_labeled,Pearson Correlation Coefficient=include|Spearman Correlation Coefficient=exclude|Kendall Correlation Coefficient=exclude|Partial Correlation Coefficient=exclude
325,Variance Test,hard,14B,V1,1,1,1,1,0,0,2,2,Mood Variance Test|Levene Test,Mood Variance Test|Levene Test,,,,1.0,0,0,0,2,0,0,2,0,narrative_only,
326,Variance Test,hard,14B,V1,1,1,1,1,0,0,2,2,Mood Variance Test|Levene Test,Mood Variance Test|Levene Test,0.5,0.5,,0.0,4,4,0,2,2,0,0,2,fully_labeled,Mood Variance Test=include|Levene Test=include|Bartlett Test=include|F-Test for Variance=include
327,Distribution Compliance Test,hard,14B,V1,1,0,0,1,1,0,4,3,Anderson-Darling Test|Shapiro-Wilk Test of Normality|Kolmogorov-Smirnov Test for Normality|Lilliefors Test,Anderson-Darling Test|Kolmogorov-Smirnov Test for Normality|Lilliefors Test,0.875,0.2,0.0,0.0,8,5,3,4,1,0,0,7,fully_labeled,Anderson-Darling Test=include|Shapiro-Wilk Test of Normality=include|Kolmogorov-Smirnov Test for Normality=include|Kolmogorov-Smirnov Test=include|Lilliefors Test=include|Kolmogorov-Smirnov Test for Uniform distribution=exclude|Kolmogorov-Smirnov Test for Gamma distribution=exclude|Kolmogorov-Smirnov Test for Exponential distribution=exclude
328,Variance Test,hard,14B,V1,1,0,0,1,1,0,4,2,Mood Variance Test|Levene Test|Bartlett Test|F-Test for Variance,Mood Variance Test|Levene Test,,,,1.0,0,0,0,4,0,0,4,0,narrative_only,
329,Distribution Compliance Test,hard,14B,V1,1,0,0,1,1,0,12,3,Anderson-Darling Test|Shapiro-Wilk Test of Normality|Kolmogorov-Smirnov Test for Normality|Lilliefors Test|Mean|Median|Mode|Range|Quartile|Standard Deviation|Skewness|Kurtosis,Anderson-Darling Test|Kolmogorov-Smirnov Test for Normality|Lilliefors Test,0.8333333333333334,0.16666666666666666,,0.5833333333333334,6,6,0,12,1,0,7,5,partially_labeled,Anderson-Darling Test=include|Shapiro-Wilk Test of Normality=include|Kolmogorov-Smirnov Test for Normality=include|Kolmogorov-Smirnov Test=include|Mode=include|Lilliefors Test=include
330,Distribution Compliance Test,hard,14B,V1,1,0,0,1,1,0,4,3,Anderson-Darling Test|Shapiro-Wilk Test of Normality|Kolmogorov-Smirnov Test for Normality|Lilliefors Test,Anderson-Darling Test|Kolmogorov-Smirnov Test for Normality|Lilliefors Test,0.6666666666666666,0.3333333333333333,,0.0,6,6,0,4,2,0,0,4,partially_labeled,Anderson-Darling Test=include|Shapiro-Wilk Test of Normality=include|Kolmogorov-Smirnov Test for Normality=include|Kolmogorov-Smirnov Test=include|Lilliefors Test=include|Mean=include
331,Variance Test,hard,14B,V1,1,0,0,1,1,0,4,2,Mood Variance Test|Levene Test|Bartlett Test|F-Test for Variance,Mood Variance Test|Levene Test,,,,1.0,0,0,0,4,0,0,4,0,narrative_only,
332,Variance Test,hard,14B,V1,1,1,1,1,0,0,2,2,Mood Variance Test|Levene Test,Mood Variance Test|Levene Test,,,,1.0,0,0,0,2,0,0,2,0,narrative_only,
333,Variance Test,hard,14B,V1,1,1,1,1,0,0,2,2,Mood Variance Test|Levene Test,Mood Variance Test|Levene Test,,,,1.0,0,0,0,2,0,0,2,0,narrative_only,
334,Contingency Table Test,hard,14B,V1,1,0,0,1,1,1,1,1,Chi-square Independence Test,Fisher Exact Test,0.5,0.5,,0.0,2,2,0,1,1,0,0,1,partially_labeled,Chi-square Independence Test=include|Fisher Exact Test=include
335,Variance Test,hard,14B,V1,1,1,1,1,0,0,2,2,Mood Variance Test|Levene Test,Mood Variance Test|Levene Test,1.0,0.0,,0.5,1,1,0,2,0,0,1,1,partially_labeled,Mood Variance Test=include
336,Contingency Table Test,hard,14B,V1,1,1,1,1,0,0,1,1,Chi-square Independence Test,Chi-square Independence Test,0.5,0.5,,0.0,2,2,0,1,1,0,0,1,partially_labeled,Chi-square Independence Test=include|Fisher Exact Test=include
337,Distribution Compliance Test,hard,14B,V1,1,0,0,1,1,0,4,3,Anderson-Darling Test|Shapiro-Wilk Test of Normality|Kolmogorov-Smirnov Test for Normality|Lilliefors Test,Anderson-Darling Test|Shapiro-Wilk Test of Normality|Kolmogorov-Smirnov Test for Normality,,,,1.0,0,0,0,4,0,0,4,0,narrative_only,
338,Distribution Compliance Test,easy,14B,V1,1,1,1,1,0,0,1,1,Kolmogorov-Smirnov Test,Kolmogorov-Smirnov Test,1.0,0.0,,0.0,1,1,0,1,0,0,0,1,partially_labeled,Kolmogorov-Smirnov Test=include
339,Contingency Table Test,easy,14B,V1,1,0,0,1,0,1,1,2,Chi-square Independence Test,Chi-square Independence Test|Fisher Exact Test,0.5,0.5,,0.0,2,2,0,1,1,0,0,1,partially_labeled,Chi-square Independence Test=include|Fisher Exact Test=include
340,Distribution Compliance Test,hard,14B,V1,1,0,0,1,1,0,5,3,Anderson-Darling Test|Shapiro-Wilk Test of Normality|Kolmogorov-Smirnov Test for Normality|Lilliefors Test|Kolmogorov-Smirnov Test,Anderson-Darling Test|Kolmogorov-Smirnov Test for Normality|Lilliefors Test,1.0,0.0,,0.0,5,5,0,5,0,0,0,5,partially_labeled,Anderson-Darling Test=include|Shapiro-Wilk Test of Normality=include|Kolmogorov-Smirnov Test for Normality=include|Kolmogorov-Smirnov Test=include|Lilliefors Test=include
341,Distribution Compliance Test,hard,14B,V1,1,0,0,1,1,0,4,3,Anderson-Darling Test|Shapiro-Wilk Test of Normality|Kolmogorov-Smirnov Test for Normality|Lilliefors Test,Anderson-Darling Test|Kolmogorov-Smirnov Test for Normality|Lilliefors Test,0.8,0.2,,0.0,5,5,0,4,1,0,0,4,partially_labeled,Anderson-Darling Test=include|Shapiro-Wilk Test of Normality=include|Kolmogorov-Smirnov Test for Normality=include|Kolmogorov-Smirnov Test=include|Lilliefors Test=include
342,Contingency Table Test,hard,14B,V1,1,1,1,1,0,0,1,1,Chi-square Independence Test,Chi-square Independence Test,0.5,0.5,,0.0,2,2,0,1,1,0,0,1,partially_labeled,Chi-square Independence Test=include|Fisher Exact Test=include
343,Variance Test,hard,14B,V1,1,0,0,1,1,0,4,2,Mood Variance Test|Levene Test|Bartlett Test|F-Test for Variance,Mood Variance Test|Levene Test,,,,1.0,0,0,0,4,0,0,4,0,narrative_only,
344,Distribution Compliance Test,hard,14B,V1,1,0,0,1,1,0,4,3,Anderson-Darling Test|Shapiro-Wilk Test of Normality|Kolmogorov-Smirnov Test for Normality|Lilliefors Test,Anderson-Darling Test|Shapiro-Wilk Test of Normality|Kolmogorov-Smirnov Test for Normality,0.6666666666666666,0.3333333333333333,,0.0,6,6,0,4,2,0,0,4,partially_labeled,Anderson-Darling Test=include|Mode=include|Shapiro-Wilk Test of Normality=include|Kolmogorov-Smirnov Test for Normality=include|Kolmogorov-Smirnov Test=include|Lilliefors Test=include
345,Contingency Table Test,hard,14B,V1,1,1,1,1,0,0,1,1,Chi-square Independence Test,Chi-square Independence Test,0.6666666666666666,0.5,0.0,0.0,3,2,1,1,1,0,0,2,fully_labeled,Fisher Exact Test=include|Mantel-Haenszel Test=exclude|Chi-square Independence Test=include
346,Variance Test,hard,14B,V1,1,0,0,1,1,0,4,2,Mood Variance Test|Levene Test|Bartlett Test|F-Test for Variance,Mood Variance Test|Levene Test,,,,1.0,0,0,0,4,0,0,4,0,narrative_only,
347,Distribution Compliance Test,hard,14B,V1,1,0,0,1,1,0,4,3,Anderson-Darling Test|Shapiro-Wilk Test of Normality|Kolmogorov-Smirnov Test for Normality|Lilliefors Test,Anderson-Darling Test|Kolmogorov-Smirnov Test for Normality|Lilliefors Test,0.6666666666666666,0.3333333333333333,,0.0,6,6,0,4,2,0,0,4,partially_labeled,Anderson-Darling Test=include|Shapiro-Wilk Test of Normality=include|Kolmogorov-Smirnov Test for Normality=include|Kolmogorov-Smirnov Test=include|Lilliefors Test=include|Mean=include
348,Distribution Compliance Test,hard,14B,V1,1,0,0,1,1,0,4,3,Anderson-Darling Test|Shapiro-Wilk Test of Normality|Kolmogorov-Smirnov Test for Normality|Lilliefors Test,Anderson-Darling Test|Kolmogorov-Smirnov Test for Normality|Lilliefors Test,0.8,0.2,,0.0,5,5,0,4,1,0,0,4,partially_labeled,Anderson-Darling Test=include|Shapiro-Wilk Test of Normality=include|Kolmogorov-Smirnov Test for Normality=include|Kolmogorov-Smirnov Test=include|Lilliefors Test=include
349,Distribution Compliance Test,hard,14B,V1,1,0,0,1,1,0,4,3,Anderson-Darling Test|Shapiro-Wilk Test of Normality|Kolmogorov-Smirnov Test for Normality|Lilliefors Test,Anderson-Darling Test|Kolmogorov-Smirnov Test for Normality|Lilliefors Test,0.8,0.2,,0.0,5,5,0,4,1,0,0,4,partially_labeled,Anderson-Darling Test=include|Shapiro-Wilk Test of Normality=include|Kolmogorov-Smirnov Test for Normality=include|Kolmogorov-Smirnov Test=include|Lilliefors Test=include
350,Variance Test,easy,14B,V1,1,0,0,1,0,1,2,4,Mood Variance Test|Levene Test,Mood Variance Test|Levene Test|Bartlett Test|F-Test for Variance,,,,1.0,0,0,0,2,0,0,2,0,narrative_only,
351,Contingency Table Test,hard,14B,V1,1,0,0,1,1,1,1,1,Chi-square Independence Test,Fisher Exact Test,1.0,0.0,0.0,0.0,2,1,1,1,0,0,0,2,fully_labeled,Chi-square Independence Test=include|Fisher Exact Test=exclude
352,Descriptive Statistics,easy,14B,V1,1,0,0,1,1,1,1,1,Standard Deviation,Range,1.0,0.0,,0.0,1,1,0,1,0,0,0,1,partially_labeled,Standard Deviation=include
353,Contingency Table Test,hard,14B,V1,1,1,1,1,0,0,1,1,Chi-square Independence Test,Chi-square Independence Test,0.6666666666666666,0.5,0.0,0.0,3,2,1,1,1,0,0,2,fully_labeled,Chi-square Independence Test=include|Fisher Exact Test=include|Mantel-Haenszel Test=exclude
354,Variance Test,hard,14B,V1,1,1,1,1,0,0,2,2,Mood Variance Test|Levene Test,Mood Variance Test|Levene Test,0.5,0.5,,0.0,4,4,0,2,2,0,0,2,fully_labeled,Mood Variance Test=include|Levene Test=include|Bartlett Test=include|F-Test for Variance=include
355,Correlation Analysis,easy,14B,V1,1,1,1,1,0,0,3,3,Pearson Correlation Coefficient|Spearman Correlation Coefficient|Kendall Correlation Coefficient,Pearson Correlation Coefficient|Spearman Correlation Coefficient|Kendall Correlation Coefficient,1.0,0.0,,0.6666666666666666,1,1,0,3,0,0,2,1,partially_labeled,Pearson Correlation Coefficient=include
356,Distribution Compliance Test,easy,14B,V1,1,1,1,1,0,0,1,1,Kolmogorov-Smirnov Test,Kolmogorov-Smirnov Test,,,,1.0,0,0,0,1,0,0,1,0,narrative_only,
357,Correlation Analysis,easy,14B,V1,1,1,1,1,0,0,3,3,Pearson Correlation Coefficient|Spearman Correlation Coefficient|Kendall Correlation Coefficient,Pearson Correlation Coefficient|Spearman Correlation Coefficient|Kendall Correlation Coefficient,,,,1.0,0,0,0,3,0,0,3,0,narrative_only,
358,Distribution Compliance Test,easy,14B,V1,1,1,1,1,0,0,1,1,Kolmogorov-Smirnov Test,Kolmogorov-Smirnov Test,0.75,1.0,0.14285714285714285,0.0,8,1,7,1,1,1,0,6,fully_labeled,Anderson-Darling Test=include|Shapiro-Wilk Test of Normality=exclude|Kolmogorov-Smirnov Test for Normality=exclude|Kolmogorov-Smirnov Test=exclude|Lilliefors Test=exclude|Kolmogorov-Smirnov Test for Uniform distribution=exclude|Kolmogorov-Smirnov Test for Gamma distribution=exclude|Kolmogorov-Smirnov Test for Exponential distribution=exclude
359,Variance Test,hard,14B,V1,1,1,1,1,0,0,2,2,Mood Variance Test|Levene Test,Mood Variance Test|Levene Test,,,,1.0,0,0,0,2,0,0,2,0,narrative_only,
360,Contingency Table Test,easy,14B,V1,1,1,1,1,0,0,2,2,Chi-square Independence Test|Fisher Exact Test,Chi-square Independence Test|Fisher Exact Test,1.0,0.0,,0.0,2,2,0,2,0,0,0,2,partially_labeled,Chi-square Independence Test=include|Fisher Exact Test=include
361,Correlation Analysis,easy,14B,V1,1,1,1,1,0,0,3,3,Pearson Correlation Coefficient|Spearman Correlation Coefficient|Kendall Correlation Coefficient,Pearson Correlation Coefficient|Spearman Correlation Coefficient|Kendall Correlation Coefficient,,,,1.0,0,0,0,3,0,0,3,0,narrative_only,
362,Distribution Compliance Test,hard,14B,V1,1,0,0,1,1,0,4,3,Anderson-Darling Test|Shapiro-Wilk Test of Normality|Kolmogorov-Smirnov Test for Normality|Lilliefors Test,Anderson-Darling Test|Kolmogorov-Smirnov Test for Normality|Lilliefors Test,0.8,0.2,,0.0,5,5,0,4,1,0,0,4,partially_labeled,Anderson-Darling Test=include|Shapiro-Wilk Test of Normality=include|Kolmogorov-Smirnov Test for Normality=include|Kolmogorov-Smirnov Test=include|Lilliefors Test=include
363,Variance Test,hard,14B,V1,1,1,1,1,0,0,2,2,Mood Variance Test|Levene Test,Mood Variance Test|Levene Test,1.0,0.0,,0.5,1,1,0,2,0,0,1,1,partially_labeled,Mood Variance Test=include
364,Variance Test,hard,14B,V1,1,1,1,1,0,0,2,2,Mood Variance Test|Levene Test,Mood Variance Test|Levene Test,,,,1.0,0,0,0,2,0,0,2,0,narrative_only,
365,Contingency Table Test,easy,14B,V1,1,0,0,1,0,1,1,2,Chi-square Independence Test,Chi-square Independence Test|Fisher Exact Test,0.6666666666666666,0.5,0.0,0.0,3,2,1,1,1,0,0,2,fully_labeled,Chi-square Independence Test=include|Fisher Exact Test=include|Mantel-Haenszel Test=exclude
366,Correlation Analysis,easy,14B,V1,1,1,1,1,0,0,3,3,Pearson Correlation Coefficient|Spearman Correlation Coefficient|Kendall Correlation Coefficient,Pearson Correlation Coefficient|Spearman Correlation Coefficient|Kendall Correlation Coefficient,1.0,0.0,,0.6666666666666666,1,1,0,3,0,0,2,1,partially_labeled,Pearson Correlation Coefficient=include
367,Distribution Compliance Test,hard,14B,V1,1,0,0,1,1,0,4,3,Anderson-Darling Test|Shapiro-Wilk Test of Normality|Kolmogorov-Smirnov Test for Normality|Lilliefors Test,Anderson-Darling Test|Shapiro-Wilk Test of Normality|Kolmogorov-Smirnov Test for Normality,0.8,0.2,,0.0,5,5,0,4,1,0,0,4,partially_labeled,Anderson-Darling Test=include|Shapiro-Wilk Test of Normality=include|Kolmogorov-Smirnov Test for Normality=include|Kolmogorov-Smirnov Test=include|Lilliefors Test=include
368,Distribution Compliance Test,hard,14B,V1,1,0,0,1,1,0,4,3,Anderson-Darling Test|Shapiro-Wilk Test of Normality|Kolmogorov-Smirnov Test for Normality|Lilliefors Test,Anderson-Darling Test|Kolmogorov-Smirnov Test for Normality|Lilliefors Test,0.8,0.2,,0.0,5,5,0,4,1,0,0,4,partially_labeled,Anderson-Darling Test=include|Shapiro-Wilk Test of Normality=include|Kolmogorov-Smirnov Test for Normality=include|Kolmogorov-Smirnov Test=include|Lilliefors Test=include
369,Variance Test,hard,14B,V1,1,0,0,1,1,0,4,2,Mood Variance Test|Levene Test|Bartlett Test|F-Test for Variance,Mood Variance Test|Levene Test,,,,1.0,0,0,0,4,0,0,4,0,narrative_only,
370,Contingency Table Test,easy,14B,V1,1,0,0,1,0,1,1,2,Chi-square Independence Test,Chi-square Independence Test|Fisher Exact Test,0.6666666666666666,0.5,0.0,0.0,3,2,1,1,1,0,0,2,fully_labeled,Chi-square Independence Test=include|Fisher Exact Test=include|Mantel-Haenszel Test=exclude
371,Distribution Compliance Test,hard,14B,V1,1,0,0,1,1,0,4,3,Shapiro-Wilk Test of Normality|Anderson-Darling Test|Kolmogorov-Smirnov Test for Normality|Lilliefors Test,Anderson-Darling Test|Shapiro-Wilk Test of Normality|Kolmogorov-Smirnov Test for Normality,0.8,0.2,,0.0,5,5,0,4,1,0,0,4,fully_labeled,Shapiro-Wilk Test of Normality=include|Anderson-Darling Test=include|Kolmogorov-Smirnov Test for Normality=include|Lilliefors Test=include|Kolmogorov-Smirnov Test=include
372,Distribution Compliance Test,hard,14B,V1,1,0,0,1,1,0,4,3,Anderson-Darling Test|Shapiro-Wilk Test of Normality|Kolmogorov-Smirnov Test for Normality|Lilliefors Test,Anderson-Darling Test|Kolmogorov-Smirnov Test for Normality|Lilliefors Test,0.7777777777777778,0.3333333333333333,0.0,0.0,9,6,3,4,2,0,0,7,fully_labeled,Anderson-Darling Test=include|Shapiro-Wilk Test of Normality=include|Kolmogorov-Smirnov Test for Normality=include|Kolmogorov-Smirnov Test=include|Mode=include|Lilliefors Test=include|Kolmogorov-Smirnov Test for Uniform distribution=exclude|Kolmogorov-Smirnov Test for Gamma distribution=exclude|Kolmogorov-Smirnov Test for Exponential distribution=exclude
373,Descriptive Statistics,easy,14B,V1,1,0,0,1,1,1,8,1,Anderson-Darling Test|Shapiro-Wilk Test of Normality|Kolmogorov-Smirnov Test for Normality|Lilliefors Test|Kolmogorov-Smirnov Test|Kolmogorov-Smirnov Test for Uniform distribution|Kolmogorov-Smirnov Test for Gamma distribution|Kolmogorov-Smirnov Test for Exponential distribution,Kurtosis,1.0,0.0,,0.0,8,8,0,8,0,0,0,8,fully_labeled,Anderson-Darling Test=include|Shapiro-Wilk Test of Normality=include|Kolmogorov-Smirnov Test for Normality=include|Kolmogorov-Smirnov Test=include|Lilliefors Test=include|Kolmogorov-Smirnov Test for Uniform distribution=include|Kolmogorov-Smirnov Test for Gamma distribution=include|Kolmogorov-Smirnov Test for Exponential distribution=include
374,Contingency Table Test,easy,14B,V1,1,1,1,1,0,0,2,2,Chi-square Independence Test|Fisher Exact Test,Chi-square Independence Test|Fisher Exact Test,,,,1.0,0,0,0,2,0,0,2,0,narrative_only,
375,Distribution Compliance Test,hard,14B,V1,1,0,0,1,1,0,4,3,Anderson-Darling Test|Shapiro-Wilk Test of Normality|Kolmogorov-Smirnov Test for Normality|Lilliefors Test,Anderson-Darling Test|Kolmogorov-Smirnov Test for Normality|Lilliefors Test,,,,1.0,0,0,0,4,0,0,4,0,narrative_only,
376,Distribution Compliance Test,easy,14B,V1,1,0,0,1,1,1,2,1,Mood Variance Test|Levene Test,Kolmogorov-Smirnov Test,,,,1.0,0,0,0,2,0,0,2,0,narrative_only,
377,Variance Test,hard,14B,V1,1,0,0,1,1,0,4,2,Mood Variance Test|Levene Test|Bartlett Test|F-Test for Variance,Mood Variance Test|Levene Test,,,,1.0,0,0,0,4,0,0,4,0,narrative_only,
378,Distribution Compliance Test,easy,14B,V1,1,0,0,1,1,1,3,1,Pearson Correlation Coefficient|Spearman Correlation Coefficient|Kendall Correlation Coefficient,Kolmogorov-Smirnov Test,,,,1.0,0,0,0,3,0,0,3,0,narrative_only,
379,Contingency Table Test,hard,14B,V1,1,1,1,1,0,0,1,1,Chi-square Independence Test,Chi-square Independence Test,1.0,0.0,,0.0,1,1,0,1,0,0,0,1,partially_labeled,Chi-square Independence Test=include
380,Distribution Compliance Test,hard,14B,V1,1,0,0,1,1,0,4,3,Anderson-Darling Test|Shapiro-Wilk Test of Normality|Kolmogorov-Smirnov Test for Normality|Lilliefors Test,Anderson-Darling Test|Kolmogorov-Smirnov Test for Normality|Lilliefors Test,0.8,0.2,,0.0,5,5,0,4,1,0,0,4,partially_labeled,Anderson-Darling Test=include|Shapiro-Wilk Test of Normality=include|Kolmogorov-Smirnov Test for Normality=include|Kolmogorov-Smirnov Test=include|Lilliefors Test=include
381,Distribution Compliance Test,hard,14B,V1,1,0,0,1,1,0,4,3,Anderson-Darling Test|Shapiro-Wilk Test of Normality|Kolmogorov-Smirnov Test for Normality|Lilliefors Test,Anderson-Darling Test|Kolmogorov-Smirnov Test for Normality|Lilliefors Test,0.8,0.2,,0.0,5,5,0,4,1,0,0,4,partially_labeled,Anderson-Darling Test=include|Shapiro-Wilk Test of Normality=include|Kolmogorov-Smirnov Test for Normality=include|Kolmogorov-Smirnov Test=include|Lilliefors Test=include
382,Distribution Compliance Test,hard,14B,V1,1,0,0,1,1,0,4,3,Anderson-Darling Test|Shapiro-Wilk Test of Normality|Kolmogorov-Smirnov Test for Normality|Lilliefors Test,Anderson-Darling Test|Kolmogorov-Smirnov Test for Normality|Lilliefors Test,0.875,0.2,0.0,0.0,8,5,3,4,1,0,0,7,fully_labeled,Anderson-Darling Test=include|Shapiro-Wilk Test of Normality=include|Kolmogorov-Smirnov Test for Normality=include|Kolmogorov-Smirnov Test=include|Lilliefors Test=include|Kolmogorov-Smirnov Test for Uniform distribution=exclude|Kolmogorov-Smirnov Test for Gamma distribution=exclude|Kolmogorov-Smirnov Test for Exponential distribution=exclude
383,Variance Test,hard,14B,V1,1,1,1,1,0,0,2,2,Mood Variance Test|Levene Test,Mood Variance Test|Levene Test,1.0,0.0,,0.5,1,1,0,2,0,0,1,1,partially_labeled,Mood Variance Test=include
384,Variance Test,hard,14B,V1,1,1,1,1,0,0,2,2,Mood Variance Test|Levene Test,Mood Variance Test|Levene Test,,,,1.0,0,0,0,2,0,0,2,0,narrative_only,
385,Contingency Table Test,hard,14B,V1,1,1,1,1,0,0,1,1,Chi-square Independence Test,Chi-square Independence Test,0.5,0.5,,0.0,2,2,0,1,1,0,0,1,partially_labeled,Chi-square Independence Test=include|Fisher Exact Test=include
386,Variance Test,hard,14B,V1,1,1,1,1,0,0,2,2,Mood Variance Test|Levene Test,Mood Variance Test|Levene Test,,,,1.0,0,0,0,2,0,0,2,0,narrative_only,
387,Contingency Table Test,hard,14B,V1,1,1,1,1,0,0,1,1,Chi-square Independence Test,Chi-square Independence Test,0.5,0.5,,0.0,2,2,0,1,1,0,0,1,partially_labeled,Chi-square Independence Test=include|Fisher Exact Test=include
388,Correlation Analysis,easy,14B,V1,1,0,0,1,0,1,2,3,Spearman Correlation Coefficient|Kendall Correlation Coefficient,Pearson Correlation Coefficient|Spearman Correlation Coefficient|Kendall Correlation Coefficient,1.0,0.0,0.0,0.0,4,2,2,2,0,0,0,4,partially_labeled,Pearson Correlation Coefficient=exclude|Spearman Correlation Coefficient=include|Kendall Correlation Coefficient=include|Partial Correlation Coefficient=exclude
389,Distribution Compliance Test,hard,14B,V1,1,0,0,1,1,0,4,3,Anderson-Darling Test|Shapiro-Wilk Test of Normality|Kolmogorov-Smirnov Test for Normality|Lilliefors Test,Anderson-Darling Test|Shapiro-Wilk Test of Normality|Kolmogorov-Smirnov Test for Normality,0.6666666666666666,0.3333333333333333,,0.0,6,6,0,4,2,0,0,4,partially_labeled,Anderson-Darling Test=include|Mode=include|Shapiro-Wilk Test of Normality=include|Kolmogorov-Smirnov Test for Normality=include|Lilliefors Test=include|Kolmogorov-Smirnov Test=include
390,Contingency Table Test,easy,14B,V1,1,1,1,1,0,0,2,2,Chi-square Independence Test|Fisher Exact Test,Chi-square Independence Test|Fisher Exact Test,1.0,0.0,,0.0,2,2,0,2,0,0,0,2,partially_labeled,Chi-square Independence Test=include|Fisher Exact Test=include
391,Distribution Compliance Test,hard,14B,V1,1,0,0,1,1,0,4,3,Anderson-Darling Test|Shapiro-Wilk Test of Normality|Kolmogorov-Smirnov Test for Normality|Lilliefors Test,Anderson-Darling Test|Kolmogorov-Smirnov Test for Normality|Lilliefors Test,0.6666666666666666,0.3333333333333333,,0.0,6,6,0,4,2,0,0,4,partially_labeled,Anderson-Darling Test=include|Shapiro-Wilk Test of Normality=include|Kolmogorov-Smirnov Test for Normality=include|Kolmogorov-Smirnov Test=include|Lilliefors Test=include|Mean=include
392,Contingency Table Test,easy,14B,V1,1,1,1,1,0,0,2,2,Chi-square Independence Test|Fisher Exact Test,Chi-square Independence Test|Fisher Exact Test,1.0,0.0,,0.0,2,2,0,2,0,0,0,2,partially_labeled,Chi-square Independence Test=include|Fisher Exact Test=include
393,Distribution Compliance Test,hard,14B,V1,1,0,0,1,1,0,4,3,Anderson-Darling Test|Shapiro-Wilk Test of Normality|Kolmogorov-Smirnov Test for Normality|Lilliefors Test,Anderson-Darling Test|Shapiro-Wilk Test of Normality|Kolmogorov-Smirnov Test for Normality,0.8,0.2,,0.0,5,5,0,4,1,0,0,4,partially_labeled,Anderson-Darling Test=include|Shapiro-Wilk Test of Normality=include|Kolmogorov-Smirnov Test for Normality=include|Kolmogorov-Smirnov Test=include|Lilliefors Test=include
394,Distribution Compliance Test,hard,14B,V1,1,0,0,1,1,0,4,3,Anderson-Darling Test|Shapiro-Wilk Test of Normality|Kolmogorov-Smirnov Test for Normality|Lilliefors Test,Anderson-Darling Test|Kolmogorov-Smirnov Test for Normality|Lilliefors Test,0.6666666666666666,0.3333333333333333,,0.0,6,6,0,4,2,0,0,4,partially_labeled,Anderson-Darling Test=include|Shapiro-Wilk Test of Normality=include|Kolmogorov-Smirnov Test for Normality=include|Kolmogorov-Smirnov Test=include|Mode=include|Lilliefors Test=include
395,Distribution Compliance Test,hard,14B,V1,1,0,0,1,1,0,4,3,Anderson-Darling Test|Shapiro-Wilk Test of Normality|Kolmogorov-Smirnov Test for Normality|Lilliefors Test,Anderson-Darling Test|Shapiro-Wilk Test of Normality|Kolmogorov-Smirnov Test for Normality,0.6666666666666666,0.3333333333333333,,0.0,6,6,0,4,2,0,0,4,partially_labeled,Anderson-Darling Test=include|Mode=include|Shapiro-Wilk Test of Normality=include|Kolmogorov-Smirnov Test for Normality=include|Kolmogorov-Smirnov Test=include|Lilliefors Test=include
396,Distribution Compliance Test,hard,14B,V1,1,0,0,1,1,0,4,3,Anderson-Darling Test|Shapiro-Wilk Test of Normality|Kolmogorov-Smirnov Test for Normality|Lilliefors Test,Anderson-Darling Test|Kolmogorov-Smirnov Test for Normality|Lilliefors Test,0.8,0.2,,0.0,5,5,0,4,1,0,0,4,partially_labeled,Anderson-Darling Test=include|Shapiro-Wilk Test of Normality=include|Kolmogorov-Smirnov Test for Normality=include|Kolmogorov-Smirnov Test=include|Lilliefors Test=include
397,Variance Test,hard,14B,V1,1,1,1,1,0,0,2,2,Mood Variance Test|Levene Test,Mood Variance Test|Levene Test,0.5,0.5,,0.0,4,4,0,2,2,0,0,2,fully_labeled,Mood Variance Test=include|Levene Test=include|Bartlett Test=include|F-Test for Variance=include
