row_id,task,difficulty,model,variant,valid,overall_correct,methods_correct,columns_correct,over_selection,under_selection,n_pred_methods,n_gt_methods,pred_methods,gt_methods,ssc,drop_rate,add_rate_in,add_rate_out,n_summary,n_summary_applicable,n_summary_notapplicable,n_final_methods,n_dropped,n_added_in,n_added_out,n_consistent,label_clarity_auto,verdicts
0,Variance Test,hard,14B,V0,1,0,0,1,1,0,4,2,Mood Variance Test|Levene Test|Bartlett Test|F-Test for Variance,Mood Variance Test|Levene Test,1.0,0.0,,0.0,4,4,0,4,0,0,0,4,fully_labeled,Mood Variance Test=include|Levene Test=include|Bartlett Test=include|F-Test for Variance=include
1,Variance Test,easy,14B,V0,1,0,0,1,0,1,2,4,Mood Variance Test|Levene Test,Mood Variance Test|Levene Test|Bartlett Test|F-Test for Variance,1.0,0.0,0.0,0.0,4,2,2,2,0,0,0,4,fully_labeled,Mood Variance Test=include|Levene Test=include|Bartlett Test=exclude|F-Test for Variance=exclude
2,Distribution Compliance Test,easy,14B,V0,1,0,0,1,1,0,2,1,Anderson-Darling Test|Kolmogorov-Smirnov Test,Kolmogorov-Smirnov Test,1.0,0.0,,0.0,2,2,0,2,0,0,0,2,partially_labeled,Anderson-Darling Test=include|Kolmogorov-Smirnov Test=include
3,Distribution Compliance Test,hard,14B,V0,1,0,0,1,1,0,4,3,Anderson-Darling Test|Shapiro-Wilk Test of Normality|Kolmogorov-Smirnov Test for Normality|Lilliefors Test,Anderson-Darling Test|Kolmogorov-Smirnov Test for Normality|Lilliefors Test,0.8,0.2,,0.0,5,5,0,4,1,0,0,4,partially_labeled,Anderson-Darling Test=include|Shapiro-Wilk Test of Normality=include|Kolmogorov-Smirnov Test for Normality=include|Kolmogorov-Smirnov Test=include|Lilliefors Test=include
4,Distribution Compliance Test,hard,14B,V0,1,0,0,1,1,0,4,3,Anderson-Darling Test|Shapiro-Wilk Test of Normality|Kolmogorov-Smirnov Test for Normality|Lilliefors Test,Anderson-Darling Test|Shapiro-Wilk Test of Normality|Kolmogorov-Smirnov Test for Normality,0.75,0.25,,0.25,4,4,0,4,1,0,1,3,partially_labeled,Anderson-Darling Test=include|Mode=include|Shapiro-Wilk Test of Normality=include|Lilliefors Test=include
5,Descriptive Statistics,easy,14B,V0,1,0,0,1,1,1,2,1,Mood Variance Test|Levene Test,Range,1.0,0.0,,0.0,2,2,0,2,0,0,0,2,partially_labeled,Mood Variance Test=include|Levene Test=include
6,Variance Test,hard,14B,V0,1,1,1,1,0,0,2,2,Mood Variance Test|Levene Test,Mood Variance Test|Levene Test,0.5,0.5,,0.0,4,4,0,2,2,0,0,2,fully_labeled,Mood Variance Test=include|Levene Test=include|Bartlett Test=include|F-Test for Variance=include
7,Contingency Table Test,hard,14B,V0,1,1,1,1,0,0,1,1,Chi-square Independence Test,Chi-square Independence Test,0.5,0.5,,0.0,2,2,0,1,1,0,0,1,partially_labeled,Chi-square Independence Test=include|Fisher Exact Test=include
8,Variance Test,hard,14B,V0,1,1,1,1,0,0,2,2,Mood Variance Test|Levene Test,Mood Variance Test|Levene Test,1.0,0.0,0.0,0.0,4,2,2,2,0,0,0,4,fully_labeled,Mood Variance Test=include|Levene Test=include|Bartlett Test=exclude|F-Test for Variance=exclude
9,Distribution Compliance Test,hard,14B,V0,1,0,0,1,1,0,4,3,Anderson-Darling Test|Shapiro-Wilk Test of Normality|Kolmogorov-Smirnov Test for Normality|Lilliefors Test,Anderson-Darling Test|Kolmogorov-Smirnov Test for Normality|Lilliefors Test,0.8,0.2,,0.0,5,5,0,4,1,0,0,4,partially_labeled,Anderson-Darling Test=include|Shapiro-Wilk Test of Normality=include|Kolmogorov-Smirnov Test for Normality=include|Kolmogorov-Smirnov Test=include|Lilliefors Test=include
10,Correlation Analysis,easy,14B,V0,1,1,1,1,0,0,3,3,Pearson Correlation Coefficient|Spearman Correlation Coefficient|Kendall Correlation Coefficient,Pearson Correlation Coefficient|Spearman Correlation Coefficient|Kendall Correlation Coefficient,,,,1.0,0,0,0,3,0,0,3,0,narrative_only,
11,Variance Test,hard,14B,V0,1,1,1,1,0,0,2,2,Mood Variance Test|Levene Test,Mood Variance Test|Levene Test,1.0,0.0,0.0,0.5,3,1,2,2,0,0,1,3,partially_labeled,Mood Variance Test=include|Bartlett Test=exclude|F-Test for Variance=exclude
12,Distribution Compliance Test,easy,14B,V0,1,1,1,1,0,0,1,1,Kolmogorov-Smirnov Test,Kolmogorov-Smirnov Test,1.0,0.0,0.0,0.0,3,1,2,1,0,0,0,3,fully_labeled,Kolmogorov-Smirnov Test=include|Anderson-Darling Test=exclude|Shapiro-Wilk Test of Normality=exclude
13,Contingency Table Test,hard,14B,V0,1,1,1,1,0,0,1,1,Chi-square Independence Test,Chi-square Independence Test,0.6666666666666666,0.5,0.0,0.0,3,2,1,1,1,0,0,2,fully_labeled,Chi-square Independence Test=include|Fisher Exact Test=include|Mantel-Haenszel Test=exclude
14,Contingency Table Test,easy,14B,V0,1,0,0,1,0,1,1,2,Chi-square Independence Test,Chi-square Independence Test|Fisher Exact Test,0.5,0.5,,0.0,2,2,0,1,1,0,0,1,partially_labeled,Chi-square Independence Test=include|Fisher Exact Test=include
15,Contingency Table Test,hard,14B,V0,1,1,1,1,0,0,1,1,Chi-square Independence Test,Chi-square Independence Test,0.5,0.5,,0.0,2,2,0,1,1,0,0,1,partially_labeled,Chi-square Independence Test=include|Fisher Exact Test=include
16,Contingency Table Test,hard,14B,V0,1,1,1,1,0,0,1,1,Chi-square Independence Test,Chi-square Independence Test,0.5,0.5,,0.0,2,2,0,1,1,0,0,1,partially_labeled,Chi-square Independence Test=include|Fisher Exact Test=include
17,Distribution Compliance Test,easy,14B,V0,1,0,0,1,1,0,2,1,Anderson-Darling Test|Kolmogorov-Smirnov Test,Kolmogorov-Smirnov Test,0.5,0.5,,0.5,2,2,0,2,1,0,1,1,partially_labeled,Mode=include|Kolmogorov-Smirnov Test=include
18,Variance Test,hard,14B,V0,1,0,1,0,0,0,2,2,Mood Variance Test|Levene Test,Mood Variance Test|Levene Test,,,,1.0,0,0,0,2,0,0,2,0,narrative_only,
19,Variance Test,hard,14B,V0,1,1,1,1,0,0,2,2,Mood Variance Test|Levene Test,Mood Variance Test|Levene Test,,,,1.0,0,0,0,2,0,0,2,0,narrative_only,
20,Variance Test,hard,14B,V0,1,1,1,1,0,0,2,2,Mood Variance Test|Levene Test,Mood Variance Test|Levene Test,0.5,0.0,1.0,0.0,2,1,1,2,0,1,0,1,partially_labeled,Mood Variance Test=exclude|Levene Test=include
21,Distribution Compliance Test,easy,14B,V0,1,0,0,1,1,0,2,1,Anderson-Darling Test|Kolmogorov-Smirnov Test,Kolmogorov-Smirnov Test,1.0,0.0,,0.0,2,2,0,2,0,0,0,2,partially_labeled,Anderson-Darling Test=include|Kolmogorov-Smirnov Test=include
22,Variance Test,easy,14B,V0,1,0,0,1,0,1,2,4,Mood Variance Test|Levene Test,Mood Variance Test|Levene Test|Bartlett Test|F-Test for Variance,0.5,0.5,,0.0,4,4,0,2,2,0,0,2,fully_labeled,Mood Variance Test=include|Levene Test=include|Bartlett Test=include|F-Test for Variance=include
23,Correlation Analysis,hard,14B,V0,1,0,0,1,1,0,3,1,Pearson Correlation Coefficient|Spearman Correlation Coefficient|Kendall Correlation Coefficient,Kendall Correlation Coefficient,0.75,0.25,,0.0,4,4,0,3,1,0,0,3,fully_labeled,Pearson Correlation Coefficient=include|Spearman Correlation Coefficient=include|Kendall Correlation Coefficient=include|Partial Correlation Coefficient=include
24,Variance Test,hard,14B,V0,1,1,1,1,0,0,2,2,Mood Variance Test|Levene Test,Mood Variance Test|Levene Test,,,,1.0,0,0,0,2,0,0,2,0,narrative_only,
25,Correlation Analysis,easy,14B,V0,1,1,1,1,0,0,3,3,Pearson Correlation Coefficient|Spearman Correlation Coefficient|Kendall Correlation Coefficient,Pearson Correlation Coefficient|Spearman Correlation Coefficient|Kendall Correlation Coefficient,,,,1.0,0,0,0,3,0,0,3,0,narrative_only,
26,Contingency Table Test,easy,14B,V0,1,1,1,1,0,0,2,2,Chi-square Independence Test|Fisher Exact Test,Chi-square Independence Test|Fisher Exact Test,1.0,0.0,0.0,0.0,3,2,1,2,0,0,0,3,fully_labeled,Chi-square Independence Test=include|Fisher Exact Test=include|Mantel-Haenszel Test=exclude
27,Variance Test,easy,14B,V0,1,0,0,1,0,1,2,4,Mood Variance Test|Levene Test,Mood Variance Test|Levene Test|Bartlett Test|F-Test for Variance,,,,1.0,0,0,0,2,0,0,2,0,narrative_only,
28,Variance Test,hard,14B,V0,1,0,0,1,1,0,4,2,Mood Variance Test|Levene Test|Bartlett Test|F-Test for Variance,Mood Variance Test|Levene Test,1.0,0.0,,0.75,1,1,0,4,0,0,3,1,partially_labeled,Mood Variance Test=include
29,Distribution Compliance Test,easy,14B,V0,1,0,0,1,1,1,2,1,Mood Variance Test|Levene Test,Kolmogorov-Smirnov Test,1.0,,0.0,1.0,2,0,2,2,0,0,2,2,partially_labeled,Bartlett Test=exclude|F-Test for Variance=exclude
30,Variance Test,hard,14B,V0,1,1,1,1,0,0,2,2,Mood Variance Test|Levene Test,Mood Variance Test|Levene Test,,,,1.0,0,0,0,2,0,0,2,0,narrative_only,
31,Contingency Table Test,hard,14B,V0,1,0,0,1,1,1,1,1,Chi-square Independence Test,Fisher Exact Test,1.0,0.0,,0.0,1,1,0,1,0,0,0,1,partially_labeled,Chi-square Independence Test=include
32,Variance Test,hard,14B,V0,1,0,0,1,1,0,4,2,Mood Variance Test|Levene Test|Bartlett Test|F-Test for Variance,Mood Variance Test|Levene Test,1.0,0.0,,0.0,4,4,0,4,0,0,0,4,fully_labeled,Mood Variance Test=include|Levene Test=include|Bartlett Test=include|F-Test for Variance=include
33,Distribution Compliance Test,hard,14B,V0,1,0,0,1,1,0,4,3,Anderson-Darling Test|Shapiro-Wilk Test of Normality|Kolmogorov-Smirnov Test for Normality|Lilliefors Test,Anderson-Darling Test|Kolmogorov-Smirnov Test for Normality|Lilliefors Test,0.8,0.2,,0.0,5,5,0,4,1,0,0,4,partially_labeled,Anderson-Darling Test=include|Shapiro-Wilk Test of Normality=include|Kolmogorov-Smirnov Test for Normality=include|Kolmogorov-Smirnov Test=include|Lilliefors Test=include
34,Distribution Compliance Test,hard,14B,V0,1,0,0,1,1,0,5,3,Anderson-Darling Test|Shapiro-Wilk Test of Normality|Kolmogorov-Smirnov Test for Normality|Lilliefors Test|Kolmogorov-Smirnov Test,Anderson-Darling Test|Kolmogorov-Smirnov Test for Normality|Lilliefors Test,1.0,0.0,,0.0,5,5,0,5,0,0,0,5,partially_labeled,Anderson-Darling Test=include|Shapiro-Wilk Test of Normality=include|Kolmogorov-Smirnov Test for Normality=include|Kolmogorov-Smirnov Test=include|Lilliefors Test=include
35,Variance Test,hard,14B,V0,1,0,0,1,1,0,4,2,Mood Variance Test|Levene Test|Bartlett Test|F-Test for Variance,Mood Variance Test|Levene Test,0.0,1.0,,1.0,1,1,0,4,1,0,4,0,partially_labeled,Median=include
36,Variance Test,hard,14B,V0,1,1,1,1,0,0,2,2,Mood Variance Test|Levene Test,Mood Variance Test|Levene Test,1.0,0.0,,0.5,1,1,0,2,0,0,1,1,partially_labeled,Mood Variance Test=include
37,Distribution Compliance Test,hard,14B,V0,1,0,0,1,1,0,5,3,Anderson-Darling Test|Shapiro-Wilk Test of Normality|Kolmogorov-Smirnov Test for Normality|Lilliefors Test|Kolmogorov-Smirnov Test,Anderson-Darling Test|Shapiro-Wilk Test of Normality|Kolmogorov-Smirnov Test for Normality,,,,1.0,0,0,0,5,0,0,5,0,narrative_only,
38,Variance Test,hard,14B,V0,1,1,1,1,0,0,2,2,Mood Variance Test|Levene Test,Mood Variance Test|Levene Test,1.0,,0.0,1.0,2,0,2,2,0,0,2,2,partially_labeled,Bartlett Test=exclude|F-Test for Variance=exclude
39,Distribution Compliance Test,hard,14B,V0,1,0,0,1,1,0,4,3,Anderson-Darling Test|Shapiro-Wilk Test of Normality|Lilliefors Test|Kolmogorov-Smirnov Test for Normality,Anderson-Darling Test|Kolmogorov-Smirnov Test for Normality|Lilliefors Test,0.8,0.2,,0.0,5,5,0,4,1,0,0,4,partially_labeled,Anderson-Darling Test=include|Shapiro-Wilk Test of Normality=include|Kolmogorov-Smirnov Test for Normality=include|Kolmogorov-Smirnov Test=include|Lilliefors Test=include
40,Variance Test,hard,14B,V0,1,1,1,1,0,0,2,2,Mood Variance Test|Levene Test,Mood Variance Test|Levene Test,0.5,0.5,,0.0,4,4,0,2,2,0,0,2,fully_labeled,Mood Variance Test=include|Levene Test=include|Bartlett Test=include|F-Test for Variance=include
41,Variance Test,hard,14B,V0,1,1,1,1,0,0,2,2,Mood Variance Test|Levene Test,Mood Variance Test|Levene Test,,,,1.0,0,0,0,2,0,0,2,0,narrative_only,
42,Descriptive Statistics,easy,14B,V0,1,1,1,1,0,0,1,1,Skewness,Skewness,1.0,0.0,,0.0,1,1,0,1,0,0,0,1,partially_labeled,Skewness=include
43,Distribution Compliance Test,hard,14B,V0,1,0,0,1,1,0,4,3,Shapiro-Wilk Test of Normality|Anderson-Darling Test|Lilliefors Test|Kolmogorov-Smirnov Test for Normality,Anderson-Darling Test|Shapiro-Wilk Test of Normality|Kolmogorov-Smirnov Test for Normality,0.6666666666666666,0.3333333333333333,,0.0,6,6,0,4,2,0,0,4,partially_labeled,Shapiro-Wilk Test of Normality=include|Anderson-Darling Test=include|Lilliefors Test=include|Mean=include|Kolmogorov-Smirnov Test for Normality=include|Kolmogorov-Smirnov Test=include
44,Distribution Compliance Test,hard,14B,V0,1,0,0,1,1,0,4,3,Anderson-Darling Test|Shapiro-Wilk Test of Normality|Kolmogorov-Smirnov Test for Normality|Lilliefors Test,Anderson-Darling Test|Kolmogorov-Smirnov Test for Normality|Lilliefors Test,0.8,0.2,,0.0,5,5,0,4,1,0,0,4,partially_labeled,Anderson-Darling Test=include|Shapiro-Wilk Test of Normality=include|Kolmogorov-Smirnov Test for Normality=include|Kolmogorov-Smirnov Test=include|Lilliefors Test=include
45,Variance Test,hard,14B,V0,1,1,1,1,0,0,2,2,Mood Variance Test|Levene Test,Mood Variance Test|Levene Test,,,,1.0,0,0,0,2,0,0,2,0,narrative_only,
46,Distribution Compliance Test,hard,14B,V0,1,0,0,1,1,0,4,3,Anderson-Darling Test|Shapiro-Wilk Test of Normality|Kolmogorov-Smirnov Test for Normality|Lilliefors Test,Anderson-Darling Test|Kolmogorov-Smirnov Test for Normality|Lilliefors Test,0.8,0.2,,0.0,5,5,0,4,1,0,0,4,partially_labeled,Anderson-Darling Test=include|Shapiro-Wilk Test of Normality=include|Kolmogorov-Smirnov Test for Normality=include|Kolmogorov-Smirnov Test=include|Lilliefors Test=include
47,Distribution Compliance Test,easy,14B,V0,1,0,1,0,0,0,1,1,Kolmogorov-Smirnov Test,Kolmogorov-Smirnov Test,1.0,0.0,,0.0,1,1,0,1,0,0,0,1,partially_labeled,Kolmogorov-Smirnov Test=include
48,Descriptive Statistics,easy,14B,V0,1,0,0,1,1,0,2,1,Skewness|Kurtosis,Skewness,1.0,,0.0,1.0,6,0,6,2,0,0,2,6,partially_labeled,Mean=exclude|Median=exclude|Mode=exclude|Range=exclude|Quartile=exclude|Standard Deviation=exclude
49,Variance Test,easy,14B,V0,1,1,1,1,0,0,4,4,Mood Variance Test|Levene Test|Bartlett Test|F-Test for Variance,Mood Variance Test|Levene Test|Bartlett Test|F-Test for Variance,,,,1.0,0,0,0,4,0,0,4,0,narrative_only,
50,Variance Test,easy,14B,V0,1,0,0,1,1,1,4,4,Mood Variance Test|Levene Test|Spearman Correlation Coefficient|Kendall Correlation Coefficient,Mood Variance Test|Levene Test|Bartlett Test|F-Test for Variance,0.5,0.5,,0.0,8,8,0,4,4,0,0,4,fully_labeled,Mood Variance Test=include|Levene Test=include|Bartlett Test=include|F-Test for Variance=include|Pearson Correlation Coefficient=include|Spearman Correlation Coefficient=include|Kendall Correlation Coefficient=include|Partial Correlation Coefficient=include
51,Correlation Analysis,easy,14B,V0,1,1,1,1,0,0,3,3,Pearson Correlation Coefficient|Spearman Correlation Coefficient|Kendall Correlation Coefficient,Pearson Correlation Coefficient|Spearman Correlation Coefficient|Kendall Correlation Coefficient,0.75,0.25,,0.0,4,4,0,3,1,0,0,3,fully_labeled,Pearson Correlation Coefficient=include|Spearman Correlation Coefficient=include|Kendall Correlation Coefficient=include|Partial Correlation Coefficient=include
52,Distribution Compliance Test,easy,14B,V0,1,1,1,1,0,0,1,1,Kolmogorov-Smirnov Test,Kolmogorov-Smirnov Test,1.0,0.0,,0.0,1,1,0,1,0,0,0,1,partially_labeled,Kolmogorov-Smirnov Test=include
53,Variance Test,hard,14B,V0,1,1,1,1,0,0,2,2,Mood Variance Test|Levene Test,Mood Variance Test|Levene Test,1.0,0.0,,0.0,2,2,0,2,0,0,0,2,partially_labeled,Mood Variance Test=include|Levene Test=include
54,Distribution Compliance Test,hard,14B,V0,1,0,0,1,1,0,4,3,Anderson-Darling Test|Shapiro-Wilk Test of Normality|Kolmogorov-Smirnov Test for Normality|Lilliefors Test,Anderson-Darling Test|Kolmogorov-Smirnov Test for Normality|Lilliefors Test,0.6666666666666666,0.3333333333333333,,0.0,6,6,0,4,2,0,0,4,partially_labeled,Anderson-Darling Test=include|Shapiro-Wilk Test of Normality=include|Kolmogorov-Smirnov Test for Normality=include|Kolmogorov-Smirnov Test=include|Lilliefors Test=include|Mean=include
55,Distribution Compliance Test,hard,14B,V0,1,0,0,1,1,0,4,3,Anderson-Darling Test|Shapiro-Wilk Test of Normality|Kolmogorov-Smirnov Test for Normality|Lilliefors Test,Anderson-Darling Test|Kolmogorov-Smirnov Test for Normality|Lilliefors Test,0.8,0.2,,0.0,5,5,0,4,1,0,0,4,partially_labeled,Anderson-Darling Test=include|Shapiro-Wilk Test of Normality=include|Kolmogorov-Smirnov Test for Normality=include|Kolmogorov-Smirnov Test=include|Lilliefors Test=include
56,Distribution Compliance Test,easy,14B,V0,1,1,1,1,0,0,1,1,Kolmogorov-Smirnov Test,Kolmogorov-Smirnov Test,1.0,0.0,,0.0,1,1,0,1,0,0,0,1,partially_labeled,Kolmogorov-Smirnov Test=include
57,Variance Test,hard,14B,V0,1,0,0,1,1,0,4,2,Mood Variance Test|Levene Test|Bartlett Test|F-Test for Variance,Mood Variance Test|Levene Test,,,,1.0,0,0,0,4,0,0,4,0,narrative_only,
58,Correlation Analysis,hard,14B,V0,1,0,0,1,1,1,2,1,Pearson Correlation Coefficient|Spearman Correlation Coefficient,Kendall Correlation Coefficient,0.6666666666666666,0.3333333333333333,,0.0,3,3,0,2,1,0,0,2,partially_labeled,Pearson Correlation Coefficient=include|Spearman Correlation Coefficient=include|Kendall Correlation Coefficient=include
59,Distribution Compliance Test,hard,14B,V0,1,0,0,1,1,0,4,3,Anderson-Darling Test|Shapiro-Wilk Test of Normality|Kolmogorov-Smirnov Test for Normality|Lilliefors Test,Anderson-Darling Test|Shapiro-Wilk Test of Normality|Kolmogorov-Smirnov Test for Normality,0.625,0.0,0.42857142857142855,0.0,8,1,7,4,0,3,0,5,fully_labeled,Anderson-Darling Test=exclude|Shapiro-Wilk Test of Normality=include|Kolmogorov-Smirnov Test for Normality=exclude|Kolmogorov-Smirnov Test=exclude|Lilliefors Test=exclude|Kolmogorov-Smirnov Test for Uniform distribution=exclude|Kolmogorov-Smirnov Test for Gamma distribution=exclude|Kolmogorov-Smirnov Test for Exponential distribution=exclude
60,Distribution Compliance Test,easy,14B,V0,1,1,1,1,0,0,1,1,Kolmogorov-Smirnov Test,Kolmogorov-Smirnov Test,1.0,0.0,0.0,0.0,3,1,2,1,0,0,0,3,fully_labeled,Kolmogorov-Smirnov Test=include|Anderson-Darling Test=exclude|Shapiro-Wilk Test of Normality=exclude
61,Distribution Compliance Test,hard,14B,V0,1,0,0,1,1,0,4,3,Anderson-Darling Test|Shapiro-Wilk Test of Normality|Kolmogorov-Smirnov Test for Normality|Lilliefors Test,Anderson-Darling Test|Shapiro-Wilk Test of Normality|Kolmogorov-Smirnov Test for Normality,0.6666666666666666,0.3333333333333333,,0.0,6,6,0,4,2,0,0,4,partially_labeled,Anderson-Darling Test=include|Mode=include|Shapiro-Wilk Test of Normality=include|Kolmogorov-Smirnov Test for Normality=include|Kolmogorov-Smirnov Test=include|Lilliefors Test=include
62,Contingency Table Test,easy,14B,V0,1,0,0,1,0,1,1,2,Chi-square Independence Test,Chi-square Independence Test|Fisher Exact Test,0.5,0.5,,0.0,2,2,0,1,1,0,0,1,partially_labeled,Chi-square Independence Test=include|Fisher Exact Test=include
63,Distribution Compliance Test,hard,14B,V0,1,0,0,1,1,0,5,3,Anderson-Darling Test|Shapiro-Wilk Test of Normality|Kolmogorov-Smirnov Test for Normality|Lilliefors Test|Kolmogorov-Smirnov Test,Anderson-Darling Test|Kolmogorov-Smirnov Test for Normality|Lilliefors Test,1.0,0.0,,0.0,5,5,0,5,0,0,0,5,partially_labeled,Anderson-Darling Test=include|Shapiro-Wilk Test of Normality=include|Kolmogorov-Smirnov Test for Normality=include|Kolmogorov-Smirnov Test=include|Lilliefors Test=include
64,Distribution Compliance Test,hard,14B,V0,1,0,0,1,1,0,4,3,Anderson-Darling Test|Shapiro-Wilk Test of Normality|Kolmogorov-Smirnov Test for Normality|Lilliefors Test,Anderson-Darling Test|Kolmogorov-Smirnov Test for Normality|Lilliefors Test,0.8,0.2,,0.0,5,5,0,4,1,0,0,4,partially_labeled,Anderson-Darling Test=include|Shapiro-Wilk Test of Normality=include|Kolmogorov-Smirnov Test for Normality=include|Kolmogorov-Smirnov Test=include|Lilliefors Test=include
65,Variance Test,easy,14B,V0,1,1,1,1,0,0,4,4,Mood Variance Test|Levene Test|Bartlett Test|F-Test for Variance,Mood Variance Test|Levene Test|Bartlett Test|F-Test for Variance,1.0,0.0,,0.0,4,4,0,4,0,0,0,4,fully_labeled,Mood Variance Test=include|Levene Test=include|Bartlett Test=include|F-Test for Variance=include
66,Distribution Compliance Test,hard,14B,V0,1,0,0,1,1,0,4,3,Anderson-Darling Test|Shapiro-Wilk Test of Normality|Kolmogorov-Smirnov Test for Normality|Lilliefors Test,Anderson-Darling Test|Kolmogorov-Smirnov Test for Normality|Lilliefors Test,0.6666666666666666,0.3333333333333333,,0.0,6,6,0,4,2,0,0,4,partially_labeled,Anderson-Darling Test=include|Shapiro-Wilk Test of Normality=include|Kolmogorov-Smirnov Test for Normality=include|Kolmogorov-Smirnov Test=include|Lilliefors Test=include|Mean=include
67,Variance Test,hard,14B,V0,1,1,1,1,0,0,2,2,Mood Variance Test|Levene Test,Mood Variance Test|Levene Test,,,,1.0,0,0,0,2,0,0,2,0,narrative_only,
68,Distribution Compliance Test,hard,14B,V0,1,0,0,1,1,0,4,3,Anderson-Darling Test|Shapiro-Wilk Test of Normality|Kolmogorov-Smirnov Test for Normality|Lilliefors Test,Anderson-Darling Test|Kolmogorov-Smirnov Test for Normality|Lilliefors Test,0.8,0.2,,0.0,5,5,0,4,1,0,0,4,partially_labeled,Anderson-Darling Test=include|Shapiro-Wilk Test of Normality=include|Kolmogorov-Smirnov Test for Normality=include|Kolmogorov-Smirnov Test=include|Lilliefors Test=include
69,Distribution Compliance Test,hard,14B,V0,1,0,0,1,1,0,4,3,Anderson-Darling Test|Shapiro-Wilk Test of Normality|Kolmogorov-Smirnov Test for Normality|Lilliefors Test,Anderson-Darling Test|Kolmogorov-Smirnov Test for Normality|Lilliefors Test,0.8,0.2,,0.0,5,5,0,4,1,0,0,4,partially_labeled,Anderson-Darling Test=include|Shapiro-Wilk Test of Normality=include|Kolmogorov-Smirnov Test for Normality=include|Kolmogorov-Smirnov Test=include|Lilliefors Test=include
70,Variance Test,hard,14B,V0,1,1,1,1,0,0,2,2,Mood Variance Test|Levene Test,Mood Variance Test|Levene Test,,,,1.0,0,0,0,2,0,0,2,0,narrative_only,
71,Distribution Compliance Test,hard,14B,V0,1,0,0,1,1,0,4,3,Anderson-Darling Test|Shapiro-Wilk Test of Normality|Kolmogorov-Smirnov Test for Normality|Lilliefors Test,Anderson-Darling Test|Kolmogorov-Smirnov Test for Normality|Lilliefors Test,0.8,0.2,,0.0,5,5,0,4,1,0,0,4,partially_labeled,Anderson-Darling Test=include|Shapiro-Wilk Test of Normality=include|Kolmogorov-Smirnov Test for Normality=include|Kolmogorov-Smirnov Test=include|Lilliefors Test=include
72,Variance Test,easy,14B,V0,1,0,0,1,0,1,1,4,Levene Test,Mood Variance Test|Levene Test|Bartlett Test|F-Test for Variance,1.0,0.0,0.0,0.0,2,1,1,1,0,0,0,2,partially_labeled,Mood Variance Test=exclude|Levene Test=include
73,Correlation Analysis,easy,14B,V0,1,1,1,1,0,0,3,3,Pearson Correlation Coefficient|Spearman Correlation Coefficient|Kendall Correlation Coefficient,Pearson Correlation Coefficient|Spearman Correlation Coefficient|Kendall Correlation Coefficient,0.75,0.25,,0.0,4,4,0,3,1,0,0,3,fully_labeled,Pearson Correlation Coefficient=include|Spearman Correlation Coefficient=include|Kendall Correlation Coefficient=include|Partial Correlation Coefficient=include
74,Contingency Table Test,hard,14B,V0,1,1,1,1,0,0,1,1,Chi-square Independence Test,Chi-square Independence Test,0.5,0.5,,0.0,2,2,0,1,1,0,0,1,partially_labeled,Chi-square Independence Test=include|Fisher Exact Test=include
75,Contingency Table Test,easy,14B,V0,1,0,0,1,1,1,1,1,Chi-square Independence Test,Mantel-Haenszel Test,1.0,0.0,,0.0,1,1,0,1,0,0,0,1,partially_labeled,Chi-square Independence Test=include
76,Contingency Table Test,easy,14B,V0,1,0,0,1,1,0,2,1,Chi-square Independence Test|Mantel-Haenszel Test,Mantel-Haenszel Test,1.0,0.0,,0.5,1,1,0,2,0,0,1,1,partially_labeled,Chi-square Independence Test=include
77,Distribution Compliance Test,easy,14B,V0,1,0,0,1,1,0,2,1,Anderson-Darling Test|Kolmogorov-Smirnov Test,Kolmogorov-Smirnov Test,1.0,0.0,,0.0,2,2,0,2,0,0,0,2,partially_labeled,Anderson-Darling Test=include|Kolmogorov-Smirnov Test=include
78,Contingency Table Test,easy,14B,V0,1,0,0,1,0,1,1,2,Chi-square Independence Test,Chi-square Independence Test|Fisher Exact Test,0.5,0.5,,0.0,2,2,0,1,1,0,0,1,partially_labeled,Chi-square Independence Test=include|Fisher Exact Test=include
79,Distribution Compliance Test,easy,14B,V0,1,0,0,1,1,1,3,1,Pearson Correlation Coefficient|Spearman Correlation Coefficient|Kendall Correlation Coefficient,Kolmogorov-Smirnov Test,,,,1.0,0,0,0,3,0,0,3,0,narrative_only,
80,Distribution Compliance Test,hard,14B,V0,1,0,0,1,1,0,4,3,Anderson-Darling Test|Shapiro-Wilk Test of Normality|Kolmogorov-Smirnov Test for Normality|Lilliefors Test,Anderson-Darling Test|Kolmogorov-Smirnov Test for Normality|Lilliefors Test,0.6666666666666666,0.3333333333333333,,0.0,6,6,0,4,2,0,0,4,partially_labeled,Anderson-Darling Test=include|Shapiro-Wilk Test of Normality=include|Kolmogorov-Smirnov Test for Normality=include|Kolmogorov-Smirnov Test=include|Lilliefors Test=include|Mean=include
81,Contingency Table Test,hard,14B,V0,1,1,1,1,0,0,1,1,Chi-square Independence Test,Chi-square Independence Test,0.6666666666666666,0.5,0.0,0.0,3,2,1,1,1,0,0,2,fully_labeled,Chi-square Independence Test=include|Fisher Exact Test=include|Mantel-Haenszel Test=exclude
82,Variance Test,hard,14B,V0,1,1,1,1,0,0,2,2,Mood Variance Test|Levene Test,Mood Variance Test|Levene Test,,,,1.0,0,0,0,2,0,0,2,0,narrative_only,
83,Contingency Table Test,easy,14B,V0,1,0,0,1,0,1,1,2,Chi-square Independence Test,Chi-square Independence Test|Fisher Exact Test,0.5,0.5,,0.0,2,2,0,1,1,0,0,1,partially_labeled,Chi-square Independence Test=include|Fisher Exact Test=include
84,Variance Test,hard,14B,V0,1,0,1,0,0,0,2,2,Mood Variance Test|Levene Test,Mood Variance Test|Levene Test,1.0,0.0,0.0,0.0,4,2,2,2,0,0,0,4,fully_labeled,Mood Variance Test=include|Levene Test=include|Bartlett Test=exclude|F-Test for Variance=exclude
85,Contingency Table Test,hard,14B,V0,1,0,0,1,1,0,2,1,Chi-square Independence Test|Fisher Exact Test,Chi-square Independence Test,1.0,0.0,,0.0,2,2,0,2,0,0,0,2,partially_labeled,Chi-square Independence Test=include|Fisher Exact Test=include
86,Variance Test,hard,14B,V0,1,1,1,1,0,0,2,2,Mood Variance Test|Levene Test,Mood Variance Test|Levene Test,1.0,0.0,,0.0,2,2,0,2,0,0,0,2,partially_labeled,Mood Variance Test=include|Levene Test=include
87,Distribution Compliance Test,hard,14B,V0,1,0,0,1,1,0,4,3,Anderson-Darling Test|Shapiro-Wilk Test of Normality|Kolmogorov-Smirnov Test for Normality|Lilliefors Test,Anderson-Darling Test|Kolmogorov-Smirnov Test for Normality|Lilliefors Test,0.8,0.2,,0.0,5,5,0,4,1,0,0,4,partially_labeled,Anderson-Darling Test=include|Shapiro-Wilk Test of Normality=include|Kolmogorov-Smirnov Test for Normality=include|Kolmogorov-Smirnov Test=include|Lilliefors Test=include
88,Correlation Analysis,easy,14B,V0,1,0,0,1,0,1,2,3,Spearman Correlation Coefficient|Kendall Correlation Coefficient,Pearson Correlation Coefficient|Spearman Correlation Coefficient|Kendall Correlation Coefficient,1.0,0.0,0.0,0.0,3,2,1,2,0,0,0,3,partially_labeled,Spearman Correlation Coefficient=include|Kendall Correlation Coefficient=include|Partial Correlation Coefficient=exclude
89,Correlation Analysis,easy,14B,V0,1,0,0,1,1,0,3,1,Spearman Correlation Coefficient|Kendall Correlation Coefficient|Partial Correlation Coefficient,Partial Correlation Coefficient,0.75,0.25,,0.0,4,4,0,3,1,0,0,3,fully_labeled,Pearson Correlation Coefficient=include|Spearman Correlation Coefficient=include|Kendall Correlation Coefficient=include|Partial Correlation Coefficient=include
90,Correlation Analysis,easy,14B,V0,1,0,0,1,0,1,2,3,Spearman Correlation Coefficient|Kendall Correlation Coefficient,Pearson Correlation Coefficient|Spearman Correlation Coefficient|Kendall Correlation Coefficient,,,,1.0,0,0,0,2,0,0,2,0,narrative_only,
91,Contingency Table Test,hard,14B,V0,1,1,1,1,0,0,1,1,Chi-square Independence Test,Chi-square Independence Test,1.0,0.0,0.0,0.0,3,1,2,1,0,0,0,3,fully_labeled,Chi-square Independence Test=include|Fisher Exact Test=exclude|Mantel-Haenszel Test=exclude
92,Contingency Table Test,hard,14B,V0,1,1,1,1,0,0,1,1,Chi-square Independence Test,Chi-square Independence Test,0.5,0.5,,0.0,2,2,0,1,1,0,0,1,partially_labeled,Chi-square Independence Test=include|Fisher Exact Test=include
93,Variance Test,hard,14B,V0,1,1,1,1,0,0,2,2,Mood Variance Test|Levene Test,Mood Variance Test|Levene Test,0.5,0.5,,0.0,4,4,0,2,2,0,0,2,fully_labeled,Mood Variance Test=include|Levene Test=include|Bartlett Test=include|F-Test for Variance=include
94,Contingency Table Test,hard,14B,V0,1,1,1,1,0,0,1,1,Chi-square Independence Test,Chi-square Independence Test,0.5,0.5,,0.0,2,2,0,1,1,0,0,1,partially_labeled,Chi-square Independence Test=include|Fisher Exact Test=include
95,Contingency Table Test,hard,14B,V0,1,1,1,1,0,0,1,1,Chi-square Independence Test,Chi-square Independence Test,,,,1.0,0,0,0,1,0,0,1,0,narrative_only,
96,Variance Test,hard,14B,V0,1,1,1,1,0,0,2,2,Mood Variance Test|Levene Test,Mood Variance Test|Levene Test,,,,1.0,0,0,0,2,0,0,2,0,narrative_only,
97,Contingency Table Test,hard,14B,V0,1,0,0,1,1,0,2,1,Chi-square Independence Test|Fisher Exact Test,Chi-square Independence Test,1.0,0.0,,0.0,2,2,0,2,0,0,0,2,partially_labeled,Chi-square Independence Test=include|Fisher Exact Test=include
98,Distribution Compliance Test,hard,14B,V0,1,0,0,1,1,0,4,3,Anderson-Darling Test|Shapiro-Wilk Test of Normality|Kolmogorov-Smirnov Test for Normality|Lilliefors Test,Anderson-Darling Test|Kolmogorov-Smirnov Test for Normality|Lilliefors Test,0.6666666666666666,0.3333333333333333,,0.0,6,6,0,4,2,0,0,4,partially_labeled,Anderson-Darling Test=include|Shapiro-Wilk Test of Normality=include|Kolmogorov-Smirnov Test for Normality=include|Kolmogorov-Smirnov Test=include|Lilliefors Test=include|Mean=include
99,Correlation Analysis,hard,14B,V0,1,0,0,1,1,0,3,1,Pearson Correlation Coefficient|Spearman Correlation Coefficient|Kendall Correlation Coefficient,Kendall Correlation Coefficient,1.0,0.0,,0.0,3,3,0,3,0,0,0,3,partially_labeled,Pearson Correlation Coefficient=include|Spearman Correlation Coefficient=include|Kendall Correlation Coefficient=include
100,Distribution Compliance Test,hard,14B,V0,1,0,0,1,1,0,5,3,Anderson-Darling Test|Shapiro-Wilk Test of Normality|Kolmogorov-Smirnov Test for Normality|Lilliefors Test|Kolmogorov-Smirnov Test,Anderson-Darling Test|Kolmogorov-Smirnov Test for Normality|Lilliefors Test,1.0,0.0,,0.0,5,5,0,5,0,0,0,5,partially_labeled,Anderson-Darling Test=include|Shapiro-Wilk Test of Normality=include|Kolmogorov-Smirnov Test for Normality=include|Kolmogorov-Smirnov Test=include|Lilliefors Test=include
101,Contingency Table Test,hard,14B,V0,1,1,1,1,0,0,1,1,Chi-square Independence Test,Chi-square Independence Test,1.0,0.0,0.0,0.0,3,1,2,1,0,0,0,3,partially_labeled,Chi-square Independence Test=include|Fisher Exact Test=exclude|Mantel-Haenszel Test=exclude
102,Distribution Compliance Test,easy,14B,V0,1,0,0,1,1,0,2,1,Anderson-Darling Test|Kolmogorov-Smirnov Test,Kolmogorov-Smirnov Test,1.0,0.0,,0.0,2,2,0,2,0,0,0,2,partially_labeled,Anderson-Darling Test=include|Kolmogorov-Smirnov Test=include
103,Distribution Compliance Test,easy,14B,V0,1,0,0,1,1,0,2,1,Anderson-Darling Test|Kolmogorov-Smirnov Test,Kolmogorov-Smirnov Test,1.0,0.0,0.0,0.0,6,2,4,2,0,0,0,6,partially_labeled,Anderson-Darling Test=include|Lilliefors Test=exclude|Kolmogorov-Smirnov Test=include|Kolmogorov-Smirnov Test for Uniform distribution=exclude|Kolmogorov-Smirnov Test for Gamma distribution=exclude|Kolmogorov-Smirnov Test for Exponential distribution=exclude
104,Contingency Table Test,hard,14B,V0,1,1,1,1,0,0,1,1,Chi-square Independence Test,Chi-square Independence Test,0.5,0.5,,0.0,2,2,0,1,1,0,0,1,partially_labeled,Chi-square Independence Test=include|Fisher Exact Test=include
105,Variance Test,hard,14B,V0,1,1,1,1,0,0,2,2,Mood Variance Test|Levene Test,Mood Variance Test|Levene Test,,,,1.0,0,0,0,2,0,0,2,0,narrative_only,
106,Distribution Compliance Test,hard,14B,V0,1,0,0,1,1,0,4,3,Anderson-Darling Test|Shapiro-Wilk Test of Normality|Kolmogorov-Smirnov Test for Normality|Lilliefors Test,Anderson-Darling Test|Kolmogorov-Smirnov Test for Normality|Lilliefors Test,0.8,0.2,,0.0,5,5,0,4,1,0,0,4,partially_labeled,Anderson-Darling Test=include|Shapiro-Wilk Test of Normality=include|Kolmogorov-Smirnov Test for Normality=include|Kolmogorov-Smirnov Test=include|Lilliefors Test=include
107,Variance Test,hard,14B,V0,1,1,1,1,0,0,2,2,Mood Variance Test|Levene Test,Mood Variance Test|Levene Test,1.0,0.0,0.0,0.0,4,2,2,2,0,0,0,4,fully_labeled,Mood Variance Test=include|Bartlett Test=exclude|F-Test for Variance=exclude|Levene Test=include
108,Contingency Table Test,hard,14B,V0,1,0,0,1,1,0,2,1,Chi-square Independence Test|Fisher Exact Test,Chi-square Independence Test,,,,1.0,0,0,0,2,0,0,2,0,narrative_only,
109,Distribution Compliance Test,easy,14B,V0,1,0,0,1,1,0,2,1,Anderson-Darling Test|Kolmogorov-Smirnov Test,Kolmogorov-Smirnov Test,1.0,0.0,,0.0,2,2,0,2,0,0,0,2,partially_labeled,Anderson-Darling Test=include|Kolmogorov-Smirnov Test=include
110,Variance Test,hard,14B,V0,1,1,1,1,0,0,2,2,Mood Variance Test|Levene Test,Mood Variance Test|Levene Test,0.5,0.5,,0.0,4,4,0,2,2,0,0,2,fully_labeled,Mood Variance Test=include|Levene Test=include|Bartlett Test=include|F-Test for Variance=include
111,Contingency Table Test,hard,14B,V0,1,0,0,1,1,0,2,1,Chi-square Independence Test|Fisher Exact Test,Chi-square Independence Test,,,,1.0,0,0,0,2,0,0,2,0,narrative_only,
112,Variance Test,hard,14B,V0,1,1,1,1,0,0,2,2,Mood Variance Test|Levene Test,Mood Variance Test|Levene Test,,,,1.0,0,0,0,2,0,0,2,0,narrative_only,
113,Variance Test,hard,14B,V0,1,1,1,1,0,0,2,2,Mood Variance Test|Levene Test,Mood Variance Test|Levene Test,0.5,0.5,,0.0,4,4,0,2,2,0,0,2,fully_labeled,Mood Variance Test=include|Levene Test=include|Bartlett Test=include|F-Test for Variance=include
114,Distribution Compliance Test,hard,14B,V0,1,0,0,1,1,0,4,3,Anderson-Darling Test|Shapiro-Wilk Test of Normality|Kolmogorov-Smirnov Test for Normality|Lilliefors Test,Anderson-Darling Test|Kolmogorov-Smirnov Test for Normality|Lilliefors Test,0.8,0.2,,0.0,5,5,0,4,1,0,0,4,partially_labeled,Anderson-Darling Test=include|Shapiro-Wilk Test of Normality=include|Kolmogorov-Smirnov Test for Normality=include|Kolmogorov-Smirnov Test=include|Lilliefors Test=include
115,Distribution Compliance Test,hard,14B,V0,1,0,0,1,1,0,4,3,Anderson-Darling Test|Shapiro-Wilk Test of Normality|Kolmogorov-Smirnov Test for Normality|Lilliefors Test,Anderson-Darling Test|Kolmogorov-Smirnov Test for Normality|Lilliefors Test,0.6666666666666666,0.3333333333333333,,0.0,6,6,0,4,2,0,0,4,partially_labeled,Anderson-Darling Test=include|Shapiro-Wilk Test of Normality=include|Kolmogorov-Smirnov Test for Normality=include|Kolmogorov-Smirnov Test=include|Mode=include|Lilliefors Test=include
116,Distribution Compliance Test,easy,14B,V0,1,0,0,1,1,0,2,1,Anderson-Darling Test|Kolmogorov-Smirnov Test,Kolmogorov-Smirnov Test,0.9166666666666666,0.0,0.09090909090909091,0.0,12,1,11,2,0,1,0,11,fully_labeled,Anderson-Darling Test=include|Shapiro-Wilk Test of Normality=exclude|Kolmogorov-Smirnov Test for Normality=exclude|Kolmogorov-Smirnov Test=exclude|Lilliefors Test=exclude|Kolmogorov-Smirnov Test for Uniform distribution=exclude|Kolmogorov-Smirnov Test for Gamma distribution=exclude|Kolmogorov-Smirnov Test for Exponential distribution=exclude|Mood Variance Test=exclude|Levene Test=exclude|Bartlett Test=exclude|F-Test for Variance=exclude
117,Variance Test,hard,14B,V0,1,1,1,1,0,0,2,2,Mood Variance Test|Levene Test,Mood Variance Test|Levene Test,,,,1.0,0,0,0,2,0,0,2,0,narrative_only,
118,Distribution Compliance Test,hard,14B,V0,1,0,0,1,1,0,4,3,Anderson-Darling Test|Shapiro-Wilk Test of Normality|Kolmogorov-Smirnov Test for Normality|Lilliefors Test,Anderson-Darling Test|Kolmogorov-Smirnov Test for Normality|Lilliefors Test,0.8,0.2,,0.0,5,5,0,4,1,0,0,4,partially_labeled,Anderson-Darling Test=include|Shapiro-Wilk Test of Normality=include|Kolmogorov-Smirnov Test for Normality=include|Kolmogorov-Smirnov Test=include|Lilliefors Test=include
119,Distribution Compliance Test,hard,14B,V0,1,0,0,1,1,0,4,3,Anderson-Darling Test|Shapiro-Wilk Test of Normality|Kolmogorov-Smirnov Test for Normality|Lilliefors Test,Anderson-Darling Test|Kolmogorov-Smirnov Test for Normality|Lilliefors Test,0.75,0.25,,0.25,4,4,0,4,1,0,1,3,partially_labeled,Anderson-Darling Test=include|Shapiro-Wilk Test of Normality=include|Kolmogorov-Smirnov Test for Normality=include|Kolmogorov-Smirnov Test=include
120,Contingency Table Test,easy,14B,V0,1,1,1,1,0,0,1,1,Mantel-Haenszel Test,Mantel-Haenszel Test,0.0,1.0,,1.0,2,2,0,1,2,0,1,0,partially_labeled,Chi-square Independence Test=include|Fisher Exact Test=include
121,Distribution Compliance Test,hard,14B,V0,1,0,0,1,1,0,4,3,Anderson-Darling Test|Shapiro-Wilk Test of Normality|Kolmogorov-Smirnov Test for Normality|Lilliefors Test,Anderson-Darling Test|Kolmogorov-Smirnov Test for Normality|Lilliefors Test,0.8,0.2,,0.0,5,5,0,4,1,0,0,4,partially_labeled,Anderson-Darling Test=include|Shapiro-Wilk Test of Normality=include|Kolmogorov-Smirnov Test for Normality=include|Kolmogorov-Smirnov Test=include|Lilliefors Test=include
122,Contingency Table Test,hard,14B,V0,1,0,0,1,1,0,2,1,Chi-square Independence Test|Fisher Exact Test,Chi-square Independence Test,,,,1.0,0,0,0,2,0,0,2,0,narrative_only,
123,Contingency Table Test,hard,14B,V0,1,1,1,1,0,0,1,1,Chi-square Independence Test,Chi-square Independence Test,0.5,0.5,,0.0,2,2,0,1,1,0,0,1,partially_labeled,Chi-square Independence Test=include|Fisher Exact Test=include
124,Contingency Table Test,hard,14B,V0,1,1,1,1,0,0,1,1,Chi-square Independence Test,Chi-square Independence Test,,,,1.0,0,0,0,1,0,0,1,0,narrative_only,
125,Distribution Compliance Test,easy,14B,V0,1,0,0,1,1,0,2,1,Anderson-Darling Test|Kolmogorov-Smirnov Test,Kolmogorov-Smirnov Test,0.8333333333333334,,0.16666666666666666,0.5,6,0,6,2,0,1,1,5,partially_labeled,Shapiro-Wilk Test of Normality=exclude|Kolmogorov-Smirnov Test for Normality=exclude|Kolmogorov-Smirnov Test=exclude|Kolmogorov-Smirnov Test for Uniform distribution=exclude|Kolmogorov-Smirnov Test for Gamma distribution=exclude|Kolmogorov-Smirnov Test for Exponential distribution=exclude
126,Distribution Compliance Test,hard,14B,V0,1,0,0,1,1,0,4,3,Anderson-Darling Test|Shapiro-Wilk Test of Normality|Kolmogorov-Smirnov Test for Normality|Lilliefors Test,Anderson-Darling Test|Kolmogorov-Smirnov Test for Normality|Lilliefors Test,0.8,0.2,,0.0,5,5,0,4,1,0,0,4,partially_labeled,Anderson-Darling Test=include|Shapiro-Wilk Test of Normality=include|Kolmogorov-Smirnov Test for Normality=include|Kolmogorov-Smirnov Test=include|Lilliefors Test=include
127,Variance Test,hard,14B,V0,1,1,1,1,0,0,2,2,Mood Variance Test|Levene Test,Mood Variance Test|Levene Test,,,,1.0,0,0,0,2,0,0,2,0,narrative_only,
128,Contingency Table Test,hard,14B,V0,1,1,1,1,0,0,1,1,Chi-square Independence Test,Chi-square Independence Test,0.5,0.5,,0.0,2,2,0,1,1,0,0,1,partially_labeled,Chi-square Independence Test=include|Fisher Exact Test=include
129,Distribution Compliance Test,hard,14B,V0,1,0,0,1,1,0,4,3,Anderson-Darling Test|Shapiro-Wilk Test of Normality|Kolmogorov-Smirnov Test for Normality|Lilliefors Test,Anderson-Darling Test|Kolmogorov-Smirnov Test for Normality|Lilliefors Test,0.75,0.25,,0.25,4,4,0,4,1,0,1,3,partially_labeled,Anderson-Darling Test=include|Shapiro-Wilk Test of Normality=include|Kolmogorov-Smirnov Test for Normality=include|Kolmogorov-Smirnov Test=include
130,Contingency Table Test,easy,14B,V0,1,0,0,1,0,1,1,2,Chi-square Independence Test,Chi-square Independence Test|Fisher Exact Test,0.5,0.5,,0.0,2,2,0,1,1,0,0,1,partially_labeled,Chi-square Independence Test=include|Fisher Exact Test=include
131,Distribution Compliance Test,hard,14B,V0,1,0,0,1,1,0,4,3,Anderson-Darling Test|Shapiro-Wilk Test of Normality|Kolmogorov-Smirnov Test for Normality|Lilliefors Test,Anderson-Darling Test|Kolmogorov-Smirnov Test for Normality|Lilliefors Test,0.6666666666666666,0.3333333333333333,,0.0,6,6,0,4,2,0,0,4,partially_labeled,Anderson-Darling Test=include|Shapiro-Wilk Test of Normality=include|Kolmogorov-Smirnov Test for Normality=include|Kolmogorov-Smirnov Test=include|Lilliefors Test=include|Mean=include
132,Variance Test,hard,14B,V0,1,1,1,1,0,0,2,2,Mood Variance Test|Levene Test,Mood Variance Test|Levene Test,,,,1.0,0,0,0,2,0,0,2,0,narrative_only,
133,Distribution Compliance Test,hard,14B,V0,1,0,0,1,1,0,5,3,Anderson-Darling Test|Shapiro-Wilk Test of Normality|Kolmogorov-Smirnov Test for Normality|Lilliefors Test|Kolmogorov-Smirnov Test,Anderson-Darling Test|Kolmogorov-Smirnov Test for Normality|Lilliefors Test,1.0,0.0,0.0,0.0,8,5,3,5,0,0,0,8,fully_labeled,Anderson-Darling Test=include|Shapiro-Wilk Test of Normality=include|Kolmogorov-Smirnov Test for Normality=include|Kolmogorov-Smirnov Test=include|Lilliefors Test=include|Kolmogorov-Smirnov Test for Uniform distribution=exclude|Kolmogorov-Smirnov Test for Gamma distribution=exclude|Kolmogorov-Smirnov Test for Exponential distribution=exclude
134,Distribution Compliance Test,hard,14B,V0,1,0,0,1,1,0,4,3,Anderson-Darling Test|Shapiro-Wilk Test of Normality|Kolmogorov-Smirnov Test for Normality|Lilliefors Test,Anderson-Darling Test|Kolmogorov-Smirnov Test for Normality|Lilliefors Test,0.875,0.2,0.0,0.0,8,5,3,4,1,0,0,7,fully_labeled,Anderson-Darling Test=include|Shapiro-Wilk Test of Normality=include|Kolmogorov-Smirnov Test for Normality=include|Kolmogorov-Smirnov Test=include|Lilliefors Test=include|Kolmogorov-Smirnov Test for Uniform distribution=exclude|Kolmogorov-Smirnov Test for Gamma distribution=exclude|Kolmogorov-Smirnov Test for Exponential distribution=exclude
135,Distribution Compliance Test,hard,14B,V0,1,0,0,1,1,0,4,3,Anderson-Darling Test|Shapiro-Wilk Test of Normality|Kolmogorov-Smirnov Test for Normality|Lilliefors Test,Anderson-Darling Test|Kolmogorov-Smirnov Test for Normality|Lilliefors Test,0.6,0.4,,0.25,5,5,0,4,2,0,1,3,partially_labeled,Anderson-Darling Test=include|Shapiro-Wilk Test of Normality=include|Kolmogorov-Smirnov Test for Normality=include|Kolmogorov-Smirnov Test=include|Mode=include
136,Distribution Compliance Test,hard,14B,V0,1,0,0,1,1,0,4,3,Anderson-Darling Test|Shapiro-Wilk Test of Normality|Kolmogorov-Smirnov Test for Normality|Lilliefors Test,Anderson-Darling Test|Kolmogorov-Smirnov Test for Normality|Lilliefors Test,0.8,0.2,,0.0,5,5,0,4,1,0,0,4,partially_labeled,Anderson-Darling Test=include|Shapiro-Wilk Test of Normality=include|Kolmogorov-Smirnov Test for Normality=include|Kolmogorov-Smirnov Test=include|Lilliefors Test=include
137,Variance Test,hard,14B,V0,1,1,1,1,0,0,2,2,Mood Variance Test|Levene Test,Mood Variance Test|Levene Test,0.5,0.5,,0.0,4,4,0,2,2,0,0,2,fully_labeled,Mood Variance Test=include|Levene Test=include|Bartlett Test=include|F-Test for Variance=include
138,Variance Test,hard,14B,V0,1,1,1,1,0,0,2,2,Mood Variance Test|Levene Test,Mood Variance Test|Levene Test,1.0,0.0,0.0,0.0,4,2,2,2,0,0,0,4,fully_labeled,Bartlett Test=exclude|F-Test for Variance=exclude|Mood Variance Test=include|Levene Test=include
139,Contingency Table Test,hard,14B,V0,1,1,1,1,0,0,1,1,Chi-square Independence Test,Chi-square Independence Test,0.5,0.5,,0.0,2,2,0,1,1,0,0,1,partially_labeled,Chi-square Independence Test=include|Fisher Exact Test=include
140,Distribution Compliance Test,hard,14B,V0,1,0,0,1,1,0,4,3,Anderson-Darling Test|Shapiro-Wilk Test of Normality|Kolmogorov-Smirnov Test for Normality|Lilliefors Test,Anderson-Darling Test|Kolmogorov-Smirnov Test for Normality|Lilliefors Test,0.8,0.2,,0.0,5,5,0,4,1,0,0,4,partially_labeled,Anderson-Darling Test=include|Shapiro-Wilk Test of Normality=include|Kolmogorov-Smirnov Test for Normality=include|Kolmogorov-Smirnov Test=include|Lilliefors Test=include
141,Distribution Compliance Test,hard,14B,V0,1,0,0,1,1,0,4,3,Anderson-Darling Test|Shapiro-Wilk Test of Normality|Kolmogorov-Smirnov Test for Normality|Lilliefors Test,Anderson-Darling Test|Shapiro-Wilk Test of Normality|Kolmogorov-Smirnov Test for Normality,0.6666666666666666,0.3333333333333333,,0.5,3,3,0,4,1,0,2,2,partially_labeled,Anderson-Darling Test=include|Mode=include|Shapiro-Wilk Test of Normality=include
142,Variance Test,hard,14B,V0,1,1,1,1,0,0,2,2,Mood Variance Test|Levene Test,Mood Variance Test|Levene Test,0.5,0.5,,0.0,4,4,0,2,2,0,0,2,fully_labeled,Mood Variance Test=include|Levene Test=include|Bartlett Test=include|F-Test for Variance=include
143,Distribution Compliance Test,hard,14B,V0,1,0,0,1,1,0,4,3,Anderson-Darling Test|Shapiro-Wilk Test of Normality|Kolmogorov-Smirnov Test for Normality|Lilliefors Test,Anderson-Darling Test|Kolmogorov-Smirnov Test for Normality|Lilliefors Test,0.8,0.2,,0.0,5,5,0,4,1,0,0,4,partially_labeled,Anderson-Darling Test=include|Shapiro-Wilk Test of Normality=include|Kolmogorov-Smirnov Test for Normality=include|Kolmogorov-Smirnov Test=include|Lilliefors Test=include
144,Distribution Compliance Test,hard,14B,V0,1,0,0,1,1,0,4,3,Anderson-Darling Test|Shapiro-Wilk Test of Normality|Kolmogorov-Smirnov Test for Normality|Lilliefors Test,Anderson-Darling Test|Kolmogorov-Smirnov Test for Normality|Lilliefors Test,0.75,0.25,,0.25,4,4,0,4,1,0,1,3,partially_labeled,Anderson-Darling Test=include|Shapiro-Wilk Test of Normality=include|Kolmogorov-Smirnov Test for Normality=include|Kolmogorov-Smirnov Test=include
145,Contingency Table Test,hard,14B,V0,1,1,1,1,0,0,1,1,Chi-square Independence Test,Chi-square Independence Test,0.6666666666666666,0.5,0.0,0.0,3,2,1,1,1,0,0,2,fully_labeled,Chi-square Independence Test=include|Fisher Exact Test=include|Mantel-Haenszel Test=exclude
146,Correlation Analysis,easy,14B,V0,1,1,1,1,0,0,1,1,Partial Correlation Coefficient,Partial Correlation Coefficient,1.0,0.0,,0.0,1,1,0,1,0,0,0,1,partially_labeled,Partial Correlation Coefficient=include
147,Distribution Compliance Test,hard,14B,V0,1,0,0,1,1,0,4,3,Anderson-Darling Test|Shapiro-Wilk Test of Normality|Kolmogorov-Smirnov Test for Normality|Lilliefors Test,Anderson-Darling Test|Shapiro-Wilk Test of Normality|Kolmogorov-Smirnov Test for Normality,0.6666666666666666,0.3333333333333333,,0.5,3,3,0,4,1,0,2,2,partially_labeled,Anderson-Darling Test=include|Mode=include|Shapiro-Wilk Test of Normality=include
148,Contingency Table Test,hard,14B,V0,1,1,1,1,0,0,1,1,Chi-square Independence Test,Chi-square Independence Test,0.5,0.5,,0.0,2,2,0,1,1,0,0,1,partially_labeled,Chi-square Independence Test=include|Fisher Exact Test=include
149,Distribution Compliance Test,hard,14B,V0,1,0,0,1,1,0,4,3,Anderson-Darling Test|Shapiro-Wilk Test of Normality|Kolmogorov-Smirnov Test for Normality|Lilliefors Test,Anderson-Darling Test|Kolmogorov-Smirnov Test for Normality|Lilliefors Test,0.8,0.2,,0.0,5,5,0,4,1,0,0,4,partially_labeled,Anderson-Darling Test=include|Shapiro-Wilk Test of Normality=include|Kolmogorov-Smirnov Test for Normality=include|Kolmogorov-Smirnov Test=include|Lilliefors Test=include
150,Distribution Compliance Test,hard,14B,V0,1,0,0,1,1,0,4,3,Anderson-Darling Test|Shapiro-Wilk Test of Normality|Kolmogorov-Smirnov Test for Normality|Lilliefors Test,Anderson-Darling Test|Kolmogorov-Smirnov Test for Normality|Lilliefors Test,0.6666666666666666,0.3333333333333333,,0.0,6,6,0,4,2,0,0,4,partially_labeled,Anderson-Darling Test=include|Shapiro-Wilk Test of Normality=include|Kolmogorov-Smirnov Test for Normality=include|Kolmogorov-Smirnov Test=include|Lilliefors Test=include|Mean=include
151,Variance Test,hard,14B,V0,1,1,1,1,0,0,2,2,Mood Variance Test|Levene Test,Mood Variance Test|Levene Test,0.5,0.5,,0.0,4,4,0,2,2,0,0,2,fully_labeled,Mood Variance Test=include|Levene Test=include|Bartlett Test=include|F-Test for Variance=include
152,Variance Test,hard,14B,V0,1,0,0,1,1,0,4,2,Mood Variance Test|Levene Test|Bartlett Test|F-Test for Variance,Mood Variance Test|Levene Test,,,,1.0,0,0,0,4,0,0,4,0,narrative_only,
153,Distribution Compliance Test,hard,14B,V0,1,0,0,1,1,0,4,3,Anderson-Darling Test|Shapiro-Wilk Test of Normality|Kolmogorov-Smirnov Test for Normality|Lilliefors Test,Anderson-Darling Test|Kolmogorov-Smirnov Test for Normality|Lilliefors Test,0.8,0.2,,0.0,5,5,0,4,1,0,0,4,partially_labeled,Anderson-Darling Test=include|Shapiro-Wilk Test of Normality=include|Kolmogorov-Smirnov Test for Normality=include|Kolmogorov-Smirnov Test=include|Lilliefors Test=include
154,Variance Test,hard,14B,V0,1,1,1,1,0,0,2,2,Mood Variance Test|Levene Test,Mood Variance Test|Levene Test,0.5,0.0,1.0,0.0,2,1,1,2,0,1,0,1,partially_labeled,Mood Variance Test=exclude|Levene Test=include
155,Variance Test,hard,14B,V0,1,1,1,1,0,0,2,2,Mood Variance Test|Levene Test,Mood Variance Test|Levene Test,0.5,0.5,,0.0,4,4,0,2,2,0,0,2,fully_labeled,Mood Variance Test=include|Levene Test=include|Bartlett Test=include|F-Test for Variance=include
156,Distribution Compliance Test,hard,14B,V0,1,0,0,1,1,0,4,3,Anderson-Darling Test|Shapiro-Wilk Test of Normality|Kolmogorov-Smirnov Test for Normality|Lilliefors Test,Anderson-Darling Test|Kolmogorov-Smirnov Test for Normality|Lilliefors Test,0.875,0.2,0.0,0.0,8,5,3,4,1,0,0,7,fully_labeled,Anderson-Darling Test=include|Shapiro-Wilk Test of Normality=include|Kolmogorov-Smirnov Test for Normality=include|Kolmogorov-Smirnov Test=include|Lilliefors Test=include|Kolmogorov-Smirnov Test for Uniform distribution=exclude|Kolmogorov-Smirnov Test for Gamma distribution=exclude|Kolmogorov-Smirnov Test for Exponential distribution=exclude
157,Correlation Analysis,hard,14B,V0,1,0,0,1,1,0,3,1,Pearson Correlation Coefficient|Spearman Correlation Coefficient|Kendall Correlation Coefficient,Kendall Correlation Coefficient,1.0,0.0,,0.0,3,3,0,3,0,0,0,3,partially_labeled,Pearson Correlation Coefficient=include|Spearman Correlation Coefficient=include|Kendall Correlation Coefficient=include
158,Distribution Compliance Test,hard,14B,V0,1,0,0,1,1,0,4,3,Anderson-Darling Test|Shapiro-Wilk Test of Normality|Kolmogorov-Smirnov Test for Normality|Lilliefors Test,Anderson-Darling Test|Kolmogorov-Smirnov Test for Normality|Lilliefors Test,0.75,0.25,,0.25,4,4,0,4,1,0,1,3,partially_labeled,Anderson-Darling Test=include|Shapiro-Wilk Test of Normality=include|Kolmogorov-Smirnov Test for Normality=include|Kolmogorov-Smirnov Test=include
159,Contingency Table Test,hard,14B,V0,1,0,0,1,1,0,2,1,Chi-square Independence Test|Fisher Exact Test,Chi-square Independence Test,,,,1.0,0,0,0,2,0,0,2,0,narrative_only,
160,Distribution Compliance Test,hard,14B,V0,1,0,0,1,1,0,4,3,Anderson-Darling Test|Shapiro-Wilk Test of Normality|Kolmogorov-Smirnov Test for Normality|Lilliefors Test,Anderson-Darling Test|Kolmogorov-Smirnov Test for Normality|Lilliefors Test,0.8,0.2,,0.0,5,5,0,4,1,0,0,4,partially_labeled,Anderson-Darling Test=include|Shapiro-Wilk Test of Normality=include|Kolmogorov-Smirnov Test for Normality=include|Kolmogorov-Smirnov Test=include|Lilliefors Test=include
161,Variance Test,hard,14B,V0,1,1,1,1,0,0,2,2,Mood Variance Test|Levene Test,Mood Variance Test|Levene Test,,,,1.0,0,0,0,2,0,0,2,0,narrative_only,
162,Distribution Compliance Test,hard,14B,V0,1,0,0,1,1,0,4,3,Anderson-Darling Test|Shapiro-Wilk Test of Normality|Kolmogorov-Smirnov Test for Normality|Lilliefors Test,Anderson-Darling Test|Kolmogorov-Smirnov Test for Normality|Lilliefors Test,0.8,0.2,,0.0,5,5,0,4,1,0,0,4,partially_labeled,Anderson-Darling Test=include|Shapiro-Wilk Test of Normality=include|Kolmogorov-Smirnov Test for Normality=include|Kolmogorov-Smirnov Test=include|Lilliefors Test=include
163,Distribution Compliance Test,hard,14B,V0,1,0,0,1,1,1,3,3,Anderson-Darling Test|Shapiro-Wilk Test of Normality|Lilliefors Test,Anderson-Darling Test|Shapiro-Wilk Test of Normality|Kolmogorov-Smirnov Test for Normality,1.0,0.0,0.0,0.0,7,3,4,3,0,0,0,7,partially_labeled,Anderson-Darling Test=include|Shapiro-Wilk Test of Normality=include|Lilliefors Test=include|Kolmogorov-Smirnov Test=exclude|Kolmogorov-Smirnov Test for Uniform distribution=exclude|Kolmogorov-Smirnov Test for Gamma distribution=exclude|Kolmogorov-Smirnov Test for Exponential distribution=exclude
164,Variance Test,hard,14B,V0,1,1,1,1,0,0,2,2,Mood Variance Test|Levene Test,Mood Variance Test|Levene Test,,,,1.0,0,0,0,2,0,0,2,0,narrative_only,
165,Distribution Compliance Test,hard,14B,V0,1,0,0,1,1,0,5,3,Anderson-Darling Test|Shapiro-Wilk Test of Normality|Kolmogorov-Smirnov Test for Normality|Lilliefors Test|Kolmogorov-Smirnov Test,Anderson-Darling Test|Kolmogorov-Smirnov Test for Normality|Lilliefors Test,1.0,0.0,,0.0,5,5,0,5,0,0,0,5,partially_labeled,Anderson-Darling Test=include|Shapiro-Wilk Test of Normality=include|Kolmogorov-Smirnov Test for Normality=include|Kolmogorov-Smirnov Test=include|Lilliefors Test=include
166,Contingency Table Test,hard,14B,V0,1,0,0,1,1,0,2,1,Chi-square Independence Test|Fisher Exact Test,Chi-square Independence Test,0.6666666666666666,0.3333333333333333,,0.0,3,3,0,2,1,0,0,2,fully_labeled,Chi-square Independence Test=include|Fisher Exact Test=include|Mantel-Haenszel Test=include
167,Distribution Compliance Test,hard,14B,V0,1,0,0,1,1,0,4,3,Anderson-Darling Test|Shapiro-Wilk Test of Normality|Kolmogorov-Smirnov Test for Normality|Lilliefors Test,Anderson-Darling Test|Kolmogorov-Smirnov Test for Normality|Lilliefors Test,0.8,0.2,,0.0,5,5,0,4,1,0,0,4,partially_labeled,Anderson-Darling Test=include|Shapiro-Wilk Test of Normality=include|Kolmogorov-Smirnov Test for Normality=include|Kolmogorov-Smirnov Test=include|Lilliefors Test=include
168,Distribution Compliance Test,easy,14B,V0,1,0,0,1,1,0,2,1,Anderson-Darling Test|Kolmogorov-Smirnov Test,Kolmogorov-Smirnov Test,1.0,0.0,0.0,0.0,5,2,3,2,0,0,0,5,partially_labeled,Anderson-Darling Test=include|Kolmogorov-Smirnov Test=include|Kolmogorov-Smirnov Test for Uniform distribution=exclude|Kolmogorov-Smirnov Test for Gamma distribution=exclude|Kolmogorov-Smirnov Test for Exponential distribution=exclude
169,Distribution Compliance Test,easy,14B,V0,1,1,1,1,0,0,1,1,Kolmogorov-Smirnov Test,Kolmogorov-Smirnov Test,,,,1.0,0,0,0,1,0,0,1,0,narrative_only,
170,Variance Test,hard,14B,V0,1,0,1,0,0,0,2,2,Mood Variance Test|Levene Test,Mood Variance Test|Levene Test,,,,1.0,0,0,0,2,0,0,2,0,narrative_only,
171,Contingency Table Test,hard,14B,V0,1,1,1,1,0,0,1,1,Chi-square Independence Test,Chi-square Independence Test,1.0,0.0,,0.0,1,1,0,1,0,0,0,1,partially_labeled,Chi-square Independence Test=include
172,Distribution Compliance Test,hard,14B,V0,1,0,0,1,1,0,4,3,Anderson-Darling Test|Shapiro-Wilk Test of Normality|Kolmogorov-Smirnov Test for Normality|Lilliefors Test,Anderson-Darling Test|Kolmogorov-Smirnov Test for Normality|Lilliefors Test,0.875,0.2,0.0,0.0,8,5,3,4,1,0,0,7,fully_labeled,Anderson-Darling Test=include|Shapiro-Wilk Test of Normality=include|Kolmogorov-Smirnov Test for Normality=include|Kolmogorov-Smirnov Test=include|Lilliefors Test=include|Kolmogorov-Smirnov Test for Uniform distribution=exclude|Kolmogorov-Smirnov Test for Gamma distribution=exclude|Kolmogorov-Smirnov Test for Exponential distribution=exclude
173,Correlation Analysis,easy,14B,V0,1,0,0,1,1,0,4,3,Pearson Correlation Coefficient|Spearman Correlation Coefficient|Kendall Correlation Coefficient|Partial Correlation Coefficient,Pearson Correlation Coefficient|Spearman Correlation Coefficient|Kendall Correlation Coefficient,,,,1.0,0,0,0,4,0,0,4,0,narrative_only,
174,Contingency Table Test,easy,14B,V0,1,0,0,1,0,1,1,2,Chi-square Independence Test,Chi-square Independence Test|Fisher Exact Test,0.5,0.5,,0.0,2,2,0,1,1,0,0,1,partially_labeled,Chi-square Independence Test=include|Fisher Exact Test=include
175,Variance Test,hard,14B,V0,1,1,1,1,0,0,2,2,Mood Variance Test|Levene Test,Mood Variance Test|Levene Test,,,,1.0,0,0,0,2,0,0,2,0,narrative_only,
176,Contingency Table Test,easy,14B,V0,1,1,1,1,0,0,2,2,Chi-square Independence Test|Fisher Exact Test,Chi-square Independence Test|Fisher Exact Test,1.0,0.0,0.0,0.0,3,2,1,2,0,0,0,3,fully_labeled,Chi-square Independence Test=include|Fisher Exact Test=include|Mantel-Haenszel Test=exclude
177,Variance Test,hard,14B,V0,1,0,0,1,1,0,4,2,Mood Variance Test|Levene Test|Bartlett Test|F-Test for Variance,Mood Variance Test|Levene Test,,,,1.0,0,0,0,4,0,0,4,0,narrative_only,
178,Contingency Table Test,hard,14B,V0,1,1,1,1,0,0,1,1,Chi-square Independence Test,Chi-square Independence Test,0.5,0.5,,0.0,2,2,0,1,1,0,0,1,partially_labeled,Chi-square Independence Test=include|Fisher Exact Test=include
179,Distribution Compliance Test,easy,14B,V0,1,0,0,1,1,0,2,1,Anderson-Darling Test|Kolmogorov-Smirnov Test,Kolmogorov-Smirnov Test,1.0,0.0,,0.0,2,2,0,2,0,0,0,2,partially_labeled,Anderson-Darling Test=include|Kolmogorov-Smirnov Test=include
180,Distribution Compliance Test,easy,14B,V0,1,1,1,1,0,0,1,1,Kolmogorov-Smirnov Test,Kolmogorov-Smirnov Test,1.0,0.0,,0.0,1,1,0,1,0,0,0,1,partially_labeled,Kolmogorov-Smirnov Test=include
181,Distribution Compliance Test,easy,14B,V0,1,0,0,1,1,0,2,1,Anderson-Darling Test|Kolmogorov-Smirnov Test,Kolmogorov-Smirnov Test,1.0,0.0,,0.0,2,2,0,2,0,0,0,2,partially_labeled,Anderson-Darling Test=include|Kolmogorov-Smirnov Test=include
182,Correlation Analysis,easy,14B,V0,1,0,0,1,0,1,2,3,Spearman Correlation Coefficient|Kendall Correlation Coefficient,Pearson Correlation Coefficient|Spearman Correlation Coefficient|Kendall Correlation Coefficient,0.5,0.5,,0.0,4,4,0,2,2,0,0,2,fully_labeled,Pearson Correlation Coefficient=include|Spearman Correlation Coefficient=include|Kendall Correlation Coefficient=include|Partial Correlation Coefficient=include
183,Correlation Analysis,hard,14B,V0,1,0,0,1,1,0,3,1,Pearson Correlation Coefficient|Spearman Correlation Coefficient|Kendall Correlation Coefficient,Kendall Correlation Coefficient,0.75,0.25,,0.0,4,4,0,3,1,0,0,3,fully_labeled,Pearson Correlation Coefficient=include|Spearman Correlation Coefficient=include|Kendall Correlation Coefficient=include|Partial Correlation Coefficient=include
184,Variance Test,easy,14B,V0,1,0,0,1,0,1,2,4,Mood Variance Test|Levene Test,Mood Variance Test|Levene Test|Bartlett Test|F-Test for Variance,1.0,0.0,0.0,0.0,3,2,1,2,0,0,0,3,partially_labeled,Mood Variance Test=include|Levene Test=include|Bartlett Test=exclude
185,Distribution Compliance Test,hard,14B,V0,1,0,0,1,1,0,4,3,Anderson-Darling Test|Shapiro-Wilk Test of Normality|Kolmogorov-Smirnov Test for Normality|Lilliefors Test,Anderson-Darling Test|Kolmogorov-Smirnov Test for Normality|Lilliefors Test,0.8,0.2,,0.0,5,5,0,4,1,0,0,4,partially_labeled,Anderson-Darling Test=include|Shapiro-Wilk Test of Normality=include|Kolmogorov-Smirnov Test for Normality=include|Kolmogorov-Smirnov Test=include|Lilliefors Test=include
186,Contingency Table Test,hard,14B,V0,1,1,1,1,0,0,1,1,Chi-square Independence Test,Chi-square Independence Test,0.6666666666666666,0.5,0.0,0.0,3,2,1,1,1,0,0,2,fully_labeled,Chi-square Independence Test=include|Fisher Exact Test=include|Mantel-Haenszel Test=exclude
187,Contingency Table Test,hard,14B,V0,1,1,1,1,0,0,1,1,Chi-square Independence Test,Chi-square Independence Test,0.5,0.5,,0.0,2,2,0,1,1,0,0,1,partially_labeled,Chi-square Independence Test=include|Fisher Exact Test=include
188,Contingency Table Test,easy,14B,V0,1,0,0,1,0,1,1,2,Chi-square Independence Test,Chi-square Independence Test|Fisher Exact Test,0.6666666666666666,0.5,0.0,0.0,3,2,1,1,1,0,0,2,fully_labeled,Chi-square Independence Test=include|Fisher Exact Test=include|Mantel-Haenszel Test=exclude
189,Variance Test,hard,14B,V0,1,1,1,1,0,0,2,2,Mood Variance Test|Levene Test,Mood Variance Test|Levene Test,1.0,0.0,0.0,0.0,4,2,2,2,0,0,0,4,fully_labeled,Mood Variance Test=include|Levene Test=include|Bartlett Test=exclude|F-Test for Variance=exclude
190,Variance Test,hard,14B,V0,1,1,1,1,0,0,2,2,Mood Variance Test|Levene Test,Mood Variance Test|Levene Test,0.5,0.5,,0.0,4,4,0,2,2,0,0,2,fully_labeled,Mood Variance Test=include|Levene Test=include|Bartlett Test=include|F-Test for Variance=include
191,Variance Test,hard,14B,V0,1,1,1,1,0,0,2,2,Mood Variance Test|Levene Test,Mood Variance Test|Levene Test,,,,1.0,0,0,0,2,0,0,2,0,narrative_only,
192,Correlation Analysis,easy,14B,V0,1,1,1,1,0,0,3,3,Pearson Correlation Coefficient|Spearman Correlation Coefficient|Kendall Correlation Coefficient,Pearson Correlation Coefficient|Spearman Correlation Coefficient|Kendall Correlation Coefficient,,,,1.0,0,0,0,3,0,0,3,0,narrative_only,
193,Variance Test,hard,14B,V0,1,1,1,1,0,0,2,2,Mood Variance Test|Levene Test,Mood Variance Test|Levene Test,0.5,0.5,,0.0,4,4,0,2,2,0,0,2,fully_labeled,Mood Variance Test=include|Bartlett Test=include|F-Test for Variance=include|Levene Test=include
194,Contingency Table Test,hard,14B,V0,1,1,1,1,0,0,1,1,Chi-square Independence Test,Chi-square Independence Test,0.5,0.5,,0.0,2,2,0,1,1,0,0,1,partially_labeled,Chi-square Independence Test=include|Fisher Exact Test=include
195,Distribution Compliance Test,easy,14B,V0,1,0,0,1,1,0,2,1,Anderson-Darling Test|Kolmogorov-Smirnov Test,Kolmogorov-Smirnov Test,1.0,0.0,,0.0,2,2,0,2,0,0,0,2,partially_labeled,Anderson-Darling Test=include|Kolmogorov-Smirnov Test=include
196,Contingency Table Test,hard,14B,V0,1,1,1,1,0,0,1,1,Chi-square Independence Test,Chi-square Independence Test,0.6666666666666666,0.5,0.0,0.0,3,2,1,1,1,0,0,2,fully_labeled,Chi-square Independence Test=include|Fisher Exact Test=include|Mantel-Haenszel Test=exclude
197,Variance Test,easy,14B,V0,1,0,0,1,0,1,2,4,Mood Variance Test|Levene Test,Mood Variance Test|Levene Test|Bartlett Test|F-Test for Variance,0.0,1.0,,1.0,3,3,0,2,3,0,2,0,partially_labeled,Mean=include|Median=include|Standard Deviation=include
198,Variance Test,hard,14B,V0,1,1,1,1,0,0,2,2,Mood Variance Test|Levene Test,Mood Variance Test|Levene Test,1.0,0.0,0.0,0.0,4,2,2,2,0,0,0,4,fully_labeled,Mood Variance Test=include|Bartlett Test=exclude|F-Test for Variance=exclude|Levene Test=include
199,Distribution Compliance Test,hard,14B,V0,1,0,0,1,1,0,4,3,Anderson-Darling Test|Shapiro-Wilk Test of Normality|Kolmogorov-Smirnov Test for Normality|Lilliefors Test,Anderson-Darling Test|Kolmogorov-Smirnov Test for Normality|Lilliefors Test,0.8,0.2,,0.0,5,5,0,4,1,0,0,4,fully_labeled,Anderson-Darling Test=include|Shapiro-Wilk Test of Normality=include|Kolmogorov-Smirnov Test for Normality=include|Kolmogorov-Smirnov Test=include|Lilliefors Test=include
200,Variance Test,hard,14B,V0,1,1,1,1,0,0,2,2,Mood Variance Test|Levene Test,Mood Variance Test|Levene Test,,,,1.0,0,0,0,2,0,0,2,0,narrative_only,
201,Variance Test,hard,14B,V0,1,1,1,1,0,0,2,2,Mood Variance Test|Levene Test,Mood Variance Test|Levene Test,,,,1.0,0,0,0,2,0,0,2,0,narrative_only,
202,Distribution Compliance Test,easy,14B,V0,1,1,1,1,0,0,1,1,Kolmogorov-Smirnov Test,Kolmogorov-Smirnov Test,1.0,0.0,,0.0,1,1,0,1,0,0,0,1,partially_labeled,Kolmogorov-Smirnov Test=include
203,Variance Test,hard,14B,V0,1,1,1,1,0,0,2,2,Mood Variance Test|Levene Test,Mood Variance Test|Levene Test,,,,1.0,0,0,0,2,0,0,2,0,narrative_only,
204,Correlation Analysis,hard,14B,V0,1,0,0,1,1,0,3,1,Pearson Correlation Coefficient|Spearman Correlation Coefficient|Kendall Correlation Coefficient,Kendall Correlation Coefficient,1.0,0.0,0.0,0.0,4,3,1,3,0,0,0,4,fully_labeled,Pearson Correlation Coefficient=include|Spearman Correlation Coefficient=include|Kendall Correlation Coefficient=include|Partial Correlation Coefficient=exclude
205,Distribution Compliance Test,easy,14B,V0,1,0,0,1,1,0,2,1,Anderson-Darling Test|Kolmogorov-Smirnov Test,Kolmogorov-Smirnov Test,1.0,0.0,,0.5,1,1,0,2,0,0,1,1,partially_labeled,Kolmogorov-Smirnov Test=include
206,Variance Test,hard,14B,V0,1,0,0,1,1,0,4,2,Mood Variance Test|Levene Test|Bartlett Test|F-Test for Variance,Mood Variance Test|Levene Test,1.0,0.0,,0.0,4,4,0,4,0,0,0,4,fully_labeled,Mood Variance Test=include|Levene Test=include|Bartlett Test=include|F-Test for Variance=include
207,Variance Test,hard,14B,V0,1,0,0,1,1,0,4,2,Mood Variance Test|Levene Test|Bartlett Test|F-Test for Variance,Mood Variance Test|Levene Test,,,,1.0,0,0,0,4,0,0,4,0,narrative_only,
208,Distribution Compliance Test,hard,14B,V0,1,0,0,1,1,0,4,3,Anderson-Darling Test|Shapiro-Wilk Test of Normality|Kolmogorov-Smirnov Test for Normality|Lilliefors Test,Anderson-Darling Test|Kolmogorov-Smirnov Test for Normality|Lilliefors Test,0.8,0.2,,0.0,5,5,0,4,1,0,0,4,partially_labeled,Anderson-Darling Test=include|Shapiro-Wilk Test of Normality=include|Kolmogorov-Smirnov Test for Normality=include|Kolmogorov-Smirnov Test=include|Lilliefors Test=include
209,Variance Test,easy,14B,V0,1,0,0,1,0,1,2,4,Mood Variance Test|Levene Test,Mood Variance Test|Levene Test|Bartlett Test|F-Test for Variance,1.0,0.0,0.0,0.0,4,2,2,2,0,0,0,4,fully_labeled,Levene Test=include|Mood Variance Test=include|Bartlett Test=exclude|F-Test for Variance=exclude
210,Distribution Compliance Test,hard,14B,V0,1,0,0,1,1,0,4,3,Anderson-Darling Test|Shapiro-Wilk Test of Normality|Kolmogorov-Smirnov Test for Normality|Lilliefors Test,Anderson-Darling Test|Kolmogorov-Smirnov Test for Normality|Lilliefors Test,0.75,0.25,0.25,0.0,8,4,4,4,1,1,0,6,fully_labeled,Anderson-Darling Test=exclude|Shapiro-Wilk Test of Normality=include|Kolmogorov-Smirnov Test for Normality=include|Kolmogorov-Smirnov Test=include|Lilliefors Test=include|Kolmogorov-Smirnov Test for Uniform distribution=exclude|Kolmogorov-Smirnov Test for Gamma distribution=exclude|Kolmogorov-Smirnov Test for Exponential distribution=exclude
211,Variance Test,hard,14B,V0,1,1,1,1,0,0,2,2,Mood Variance Test|Levene Test,Mood Variance Test|Levene Test,,,,1.0,0,0,0,2,0,0,2,0,narrative_only,
212,Contingency Table Test,hard,14B,V0,1,0,0,1,1,0,2,1,Chi-square Independence Test|Fisher Exact Test,Fisher Exact Test,,,,1.0,0,0,0,2,0,0,2,0,narrative_only,
213,Distribution Compliance Test,hard,14B,V0,1,0,0,1,1,0,5,3,Anderson-Darling Test|Shapiro-Wilk Test of Normality|Kolmogorov-Smirnov Test for Normality|Lilliefors Test|Kolmogorov-Smirnov Test,Anderson-Darling Test|Kolmogorov-Smirnov Test for Normality|Lilliefors Test,1.0,0.0,0.0,0.0,8,5,3,5,0,0,0,8,fully_labeled,Anderson-Darling Test=include|Shapiro-Wilk Test of Normality=include|Kolmogorov-Smirnov Test for Normality=include|Kolmogorov-Smirnov Test=include|Lilliefors Test=include|Kolmogorov-Smirnov Test for Uniform distribution=exclude|Kolmogorov-Smirnov Test for Gamma distribution=exclude|Kolmogorov-Smirnov Test for Exponential distribution=exclude
214,Distribution Compliance Test,hard,14B,V0,1,0,0,1,1,0,5,3,Anderson-Darling Test|Shapiro-Wilk Test of Normality|Kolmogorov-Smirnov Test for Normality|Lilliefors Test|Kolmogorov-Smirnov Test,Anderson-Darling Test|Kolmogorov-Smirnov Test for Normality|Lilliefors Test,0.0,,1.0,0.0,5,0,5,5,0,5,0,0,partially_labeled,Anderson-Darling Test=exclude|Shapiro-Wilk Test of Normality=exclude|Kolmogorov-Smirnov Test for Normality=exclude|Kolmogorov-Smirnov Test=exclude|Lilliefors Test=exclude
215,Variance Test,hard,14B,V0,1,1,1,1,0,0,2,2,Mood Variance Test|Levene Test,Mood Variance Test|Levene Test,,,,1.0,0,0,0,2,0,0,2,0,narrative_only,
216,Variance Test,hard,14B,V0,1,1,1,1,0,0,2,2,Mood Variance Test|Levene Test,Mood Variance Test|Levene Test,0.5,0.5,,0.0,4,4,0,2,2,0,0,2,fully_labeled,Mood Variance Test=include|Levene Test=include|Bartlett Test=include|F-Test for Variance=include
217,Distribution Compliance Test,hard,14B,V0,1,0,0,1,1,0,4,3,Anderson-Darling Test|Shapiro-Wilk Test of Normality|Kolmogorov-Smirnov Test for Normality|Lilliefors Test,Anderson-Darling Test|Kolmogorov-Smirnov Test for Normality|Lilliefors Test,0.875,0.2,0.0,0.0,8,5,3,4,1,0,0,7,fully_labeled,Anderson-Darling Test=include|Shapiro-Wilk Test of Normality=include|Kolmogorov-Smirnov Test for Normality=include|Kolmogorov-Smirnov Test=include|Lilliefors Test=include|Kolmogorov-Smirnov Test for Uniform distribution=exclude|Kolmogorov-Smirnov Test for Gamma distribution=exclude|Kolmogorov-Smirnov Test for Exponential distribution=exclude
218,Distribution Compliance Test,hard,14B,V0,1,0,0,1,1,0,4,3,Anderson-Darling Test|Shapiro-Wilk Test of Normality|Kolmogorov-Smirnov Test for Normality|Lilliefors Test,Anderson-Darling Test|Kolmogorov-Smirnov Test for Normality|Lilliefors Test,0.8,0.2,,0.0,5,5,0,4,1,0,0,4,partially_labeled,Anderson-Darling Test=include|Shapiro-Wilk Test of Normality=include|Kolmogorov-Smirnov Test for Normality=include|Kolmogorov-Smirnov Test=include|Lilliefors Test=include
219,Distribution Compliance Test,hard,14B,V0,1,0,0,1,1,0,4,3,Anderson-Darling Test|Shapiro-Wilk Test of Normality|Kolmogorov-Smirnov Test for Normality|Lilliefors Test,Anderson-Darling Test|Shapiro-Wilk Test of Normality|Kolmogorov-Smirnov Test for Normality,0.6666666666666666,0.3333333333333333,,0.0,6,6,0,4,2,0,0,4,partially_labeled,Anderson-Darling Test=include|Mode=include|Shapiro-Wilk Test of Normality=include|Kolmogorov-Smirnov Test for Normality=include|Kolmogorov-Smirnov Test=include|Lilliefors Test=include
220,Variance Test,hard,14B,V0,1,1,1,1,0,0,2,2,Mood Variance Test|Levene Test,Mood Variance Test|Levene Test,1.0,0.0,,0.0,2,2,0,2,0,0,0,2,partially_labeled,Mood Variance Test=include|Levene Test=include
221,Correlation Analysis,easy,14B,V0,1,0,0,1,0,1,2,3,Pearson Correlation Coefficient|Spearman Correlation Coefficient,Pearson Correlation Coefficient|Spearman Correlation Coefficient|Kendall Correlation Coefficient,0.5,0.5,,0.0,4,4,0,2,2,0,0,2,fully_labeled,Pearson Correlation Coefficient=include|Spearman Correlation Coefficient=include|Kendall Correlation Coefficient=include|Partial Correlation Coefficient=include
222,Distribution Compliance Test,hard,14B,V0,1,0,0,1,1,0,4,3,Anderson-Darling Test|Shapiro-Wilk Test of Normality|Kolmogorov-Smirnov Test for Normality|Lilliefors Test,Anderson-Darling Test|Kolmogorov-Smirnov Test for Normality|Lilliefors Test,0.8,0.2,,0.0,5,5,0,4,1,0,0,4,partially_labeled,Anderson-Darling Test=include|Shapiro-Wilk Test of Normality=include|Kolmogorov-Smirnov Test for Normality=include|Kolmogorov-Smirnov Test=include|Lilliefors Test=include
223,Distribution Compliance Test,hard,14B,V0,1,0,0,1,1,0,4,3,Anderson-Darling Test|Shapiro-Wilk Test of Normality|Kolmogorov-Smirnov Test for Normality|Lilliefors Test,Anderson-Darling Test|Kolmogorov-Smirnov Test for Normality|Lilliefors Test,0.875,0.2,0.0,0.0,8,5,3,4,1,0,0,7,fully_labeled,Anderson-Darling Test=include|Shapiro-Wilk Test of Normality=include|Kolmogorov-Smirnov Test for Normality=include|Kolmogorov-Smirnov Test=include|Lilliefors Test=include|Kolmogorov-Smirnov Test for Uniform distribution=exclude|Kolmogorov-Smirnov Test for Gamma distribution=exclude|Kolmogorov-Smirnov Test for Exponential distribution=exclude
224,Contingency Table Test,hard,14B,V0,1,1,1,1,0,0,1,1,Chi-square Independence Test,Chi-square Independence Test,,,,1.0,0,0,0,1,0,0,1,0,narrative_only,
225,Contingency Table Test,hard,14B,V0,1,0,0,1,1,0,3,1,Chi-square Independence Test|Fisher Exact Test|Mantel-Haenszel Test,Chi-square Independence Test,,,,1.0,0,0,0,3,0,0,3,0,narrative_only,
226,Distribution Compliance Test,hard,14B,V0,1,0,0,1,1,0,4,3,Anderson-Darling Test|Shapiro-Wilk Test of Normality|Kolmogorov-Smirnov Test for Normality|Lilliefors Test,Anderson-Darling Test|Kolmogorov-Smirnov Test for Normality|Lilliefors Test,0.8,0.2,,0.0,5,5,0,4,1,0,0,4,partially_labeled,Anderson-Darling Test=include|Shapiro-Wilk Test of Normality=include|Kolmogorov-Smirnov Test for Normality=include|Kolmogorov-Smirnov Test=include|Lilliefors Test=include
227,Correlation Analysis,easy,14B,V0,1,0,0,1,0,1,2,3,Spearman Correlation Coefficient|Kendall Correlation Coefficient,Pearson Correlation Coefficient|Spearman Correlation Coefficient|Kendall Correlation Coefficient,0.5,0.5,,0.0,4,4,0,2,2,0,0,2,fully_labeled,Pearson Correlation Coefficient=include|Spearman Correlation Coefficient=include|Kendall Correlation Coefficient=include|Partial Correlation Coefficient=include
228,Distribution Compliance Test,hard,14B,V0,1,0,0,1,1,0,4,3,Anderson-Darling Test|Shapiro-Wilk Test of Normality|Kolmogorov-Smirnov Test for Normality|Lilliefors Test,Anderson-Darling Test|Shapiro-Wilk Test of Normality|Kolmogorov-Smirnov Test for Normality,0.8,0.2,,0.0,5,5,0,4,1,0,0,4,partially_labeled,Anderson-Darling Test=include|Shapiro-Wilk Test of Normality=include|Kolmogorov-Smirnov Test for Normality=include|Kolmogorov-Smirnov Test=include|Lilliefors Test=include
229,Contingency Table Test,easy,14B,V0,1,0,0,1,0,1,1,2,Chi-square Independence Test,Chi-square Independence Test|Fisher Exact Test,1.0,0.0,,0.0,1,1,0,1,0,0,0,1,partially_labeled,Chi-square Independence Test=include
230,Variance Test,hard,14B,V0,1,1,1,1,0,0,2,2,Mood Variance Test|Levene Test,Mood Variance Test|Levene Test,,,,1.0,0,0,0,2,0,0,2,0,narrative_only,
231,Distribution Compliance Test,hard,14B,V0,1,0,0,1,1,0,4,3,Anderson-Darling Test|Shapiro-Wilk Test of Normality|Kolmogorov-Smirnov Test for Normality|Lilliefors Test,Anderson-Darling Test|Kolmogorov-Smirnov Test for Normality|Lilliefors Test,0.75,0.25,,0.25,4,4,0,4,1,0,1,3,partially_labeled,Anderson-Darling Test=include|Shapiro-Wilk Test of Normality=include|Kolmogorov-Smirnov Test for Normality=include|Kolmogorov-Smirnov Test=include
232,Contingency Table Test,hard,14B,V0,1,1,1,1,0,0,1,1,Chi-square Independence Test,Chi-square Independence Test,0.5,0.5,,0.0,2,2,0,1,1,0,0,1,partially_labeled,Chi-square Independence Test=include|Fisher Exact Test=include
233,Contingency Table Test,hard,14B,V0,1,1,1,1,0,0,1,1,Chi-square Independence Test,Chi-square Independence Test,0.6666666666666666,0.5,0.0,0.0,3,2,1,1,1,0,0,2,fully_labeled,Chi-square Independence Test=include|Fisher Exact Test=include|Mantel-Haenszel Test=exclude
234,Variance Test,hard,14B,V0,1,1,1,1,0,0,2,2,Mood Variance Test|Levene Test,Mood Variance Test|Levene Test,1.0,0.0,0.0,0.0,4,2,2,2,0,0,0,4,fully_labeled,Bartlett Test=exclude|F-Test for Variance=exclude|Mood Variance Test=include|Levene Test=include
235,Variance Test,hard,14B,V0,1,1,1,1,0,0,2,2,Mood Variance Test|Levene Test,Mood Variance Test|Levene Test,1.0,0.0,,0.5,1,1,0,2,0,0,1,1,partially_labeled,Mood Variance Test=include
236,Distribution Compliance Test,hard,14B,V0,1,0,0,1,1,0,4,3,Anderson-Darling Test|Shapiro-Wilk Test of Normality|Kolmogorov-Smirnov Test for Normality|Lilliefors Test,Anderson-Darling Test|Kolmogorov-Smirnov Test for Normality|Lilliefors Test,0.875,0.2,0.0,0.0,8,5,3,4,1,0,0,7,fully_labeled,Anderson-Darling Test=include|Shapiro-Wilk Test of Normality=include|Kolmogorov-Smirnov Test for Normality=include|Kolmogorov-Smirnov Test=include|Lilliefors Test=include|Kolmogorov-Smirnov Test for Uniform distribution=exclude|Kolmogorov-Smirnov Test for Gamma distribution=exclude|Kolmogorov-Smirnov Test for Exponential distribution=exclude
237,Variance Test,hard,14B,V0,1,0,0,1,1,0,4,2,Mood Variance Test|Levene Test|Bartlett Test|F-Test for Variance,Mood Variance Test|Levene Test,,,,1.0,0,0,0,4,0,0,4,0,narrative_only,
238,Variance Test,hard,14B,V0,1,1,1,1,0,0,2,2,Mood Variance Test|Levene Test,Mood Variance Test|Levene Test,1.0,0.0,,0.0,2,2,0,2,0,0,0,2,partially_labeled,Mood Variance Test=include|Levene Test=include
239,Variance Test,hard,14B,V0,1,0,0,0,1,0,4,2,Mood Variance Test|Levene Test|Bartlett Test|F-Test for Variance,Mood Variance Test|Levene Test,,,,1.0,0,0,0,4,0,0,4,0,narrative_only,
240,Distribution Compliance Test,hard,14B,V0,1,0,0,1,1,0,5,3,Anderson-Darling Test|Shapiro-Wilk Test of Normality|Kolmogorov-Smirnov Test for Normality|Lilliefors Test|Kolmogorov-Smirnov Test,Anderson-Darling Test|Kolmogorov-Smirnov Test for Normality|Lilliefors Test,0.875,0.0,0.25,0.0,8,4,4,5,0,1,0,7,fully_labeled,Anderson-Darling Test=exclude|Shapiro-Wilk Test of Normality=include|Kolmogorov-Smirnov Test for Normality=include|Kolmogorov-Smirnov Test=include|Lilliefors Test=include|Kolmogorov-Smirnov Test for Uniform distribution=exclude|Kolmogorov-Smirnov Test for Gamma distribution=exclude|Kolmogorov-Smirnov Test for Exponential distribution=exclude
241,Distribution Compliance Test,hard,14B,V0,1,0,0,1,1,0,4,3,Anderson-Darling Test|Shapiro-Wilk Test of Normality|Kolmogorov-Smirnov Test for Normality|Lilliefors Test,Anderson-Darling Test|Kolmogorov-Smirnov Test for Normality|Lilliefors Test,0.6666666666666666,0.3333333333333333,,0.0,6,6,0,4,2,0,0,4,partially_labeled,Anderson-Darling Test=include|Shapiro-Wilk Test of Normality=include|Kolmogorov-Smirnov Test for Normality=include|Kolmogorov-Smirnov Test=include|Lilliefors Test=include|Mean=include
242,Correlation Analysis,hard,14B,V0,1,0,0,1,1,0,3,1,Pearson Correlation Coefficient|Spearman Correlation Coefficient|Kendall Correlation Coefficient,Kendall Correlation Coefficient,1.0,0.0,0.0,0.0,4,3,1,3,0,0,0,4,fully_labeled,Pearson Correlation Coefficient=include|Spearman Correlation Coefficient=include|Kendall Correlation Coefficient=include|Partial Correlation Coefficient=exclude
243,Variance Test,hard,14B,V0,1,1,1,1,0,0,2,2,Mood Variance Test|Levene Test,Mood Variance Test|Levene Test,1.0,0.0,,0.0,2,2,0,2,0,0,0,2,partially_labeled,Mood Variance Test=include|Levene Test=include
244,Contingency Table Test,hard,14B,V0,1,1,1,1,0,0,1,1,Chi-square Independence Test,Chi-square Independence Test,0.5,0.5,,0.0,2,2,0,1,1,0,0,1,partially_labeled,Chi-square Independence Test=include|Fisher Exact Test=include
245,Variance Test,hard,14B,V0,1,1,1,1,0,0,2,2,Mood Variance Test|Levene Test,Mood Variance Test|Levene Test,,,,1.0,0,0,0,2,0,0,2,0,narrative_only,
246,Distribution Compliance Test,hard,14B,V0,1,0,0,1,1,0,4,3,Anderson-Darling Test|Shapiro-Wilk Test of Normality|Kolmogorov-Smirnov Test for Normality|Lilliefors Test,Anderson-Darling Test|Kolmogorov-Smirnov Test for Normality|Lilliefors Test,,,,1.0,0,0,0,4,0,0,4,0,narrative_only,
247,Distribution Compliance Test,easy,14B,V0,1,0,0,1,1,0,2,1,Anderson-Darling Test|Kolmogorov-Smirnov Test,Kolmogorov-Smirnov Test,0.625,0.6,0.0,0.0,8,5,3,2,3,0,0,5,fully_labeled,Anderson-Darling Test=include|Shapiro-Wilk Test of Normality=include|Kolmogorov-Smirnov Test for Normality=include|Kolmogorov-Smirnov Test=include|Lilliefors Test=include|Kolmogorov-Smirnov Test for Uniform distribution=exclude|Kolmogorov-Smirnov Test for Gamma distribution=exclude|Kolmogorov-Smirnov Test for Exponential distribution=exclude
248,Variance Test,hard,14B,V0,1,1,1,1,0,0,2,2,Mood Variance Test|Levene Test,Mood Variance Test|Levene Test,,,,1.0,0,0,0,2,0,0,2,0,narrative_only,
249,Correlation Analysis,hard,14B,V0,1,0,0,1,1,0,3,1,Pearson Correlation Coefficient|Spearman Correlation Coefficient|Kendall Correlation Coefficient,Kendall Correlation Coefficient,0.75,0.25,,0.0,4,4,0,3,1,0,0,3,fully_labeled,Pearson Correlation Coefficient=include|Spearman Correlation Coefficient=include|Kendall Correlation Coefficient=include|Partial Correlation Coefficient=include
250,Contingency Table Test,hard,14B,V0,1,0,0,1,1,0,2,1,Chi-square Independence Test|Fisher Exact Test,Fisher Exact Test,1.0,0.0,,0.0,2,2,0,2,0,0,0,2,partially_labeled,Chi-square Independence Test=include|Fisher Exact Test=include
251,Variance Test,hard,14B,V0,1,1,1,1,0,0,2,2,Mood Variance Test|Levene Test,Mood Variance Test|Levene Test,0.0,,1.0,0.5,1,0,1,2,0,1,1,0,partially_labeled,Mood Variance Test=exclude
252,Distribution Compliance Test,hard,14B,V0,1,0,0,1,1,0,4,3,Anderson-Darling Test|Shapiro-Wilk Test of Normality|Kolmogorov-Smirnov Test for Normality|Lilliefors Test,Anderson-Darling Test|Kolmogorov-Smirnov Test for Normality|Lilliefors Test,0.8,0.2,,0.0,5,5,0,4,1,0,0,4,partially_labeled,Anderson-Darling Test=include|Shapiro-Wilk Test of Normality=include|Kolmogorov-Smirnov Test for Normality=include|Kolmogorov-Smirnov Test=include|Lilliefors Test=include
253,Distribution Compliance Test,hard,14B,V0,1,0,0,1,1,0,4,3,Anderson-Darling Test|Shapiro-Wilk Test of Normality|Kolmogorov-Smirnov Test for Normality|Lilliefors Test,Anderson-Darling Test|Kolmogorov-Smirnov Test for Normality|Lilliefors Test,0.8,0.2,,0.0,5,5,0,4,1,0,0,4,fully_labeled,Anderson-Darling Test=include|Shapiro-Wilk Test of Normality=include|Kolmogorov-Smirnov Test for Normality=include|Kolmogorov-Smirnov Test=include|Lilliefors Test=include
254,Distribution Compliance Test,easy,14B,V0,1,1,1,1,0,0,1,1,Kolmogorov-Smirnov Test,Kolmogorov-Smirnov Test,1.0,0.0,,0.0,1,1,0,1,0,0,0,1,partially_labeled,Kolmogorov-Smirnov Test=include
255,Descriptive Statistics,easy,14B,V0,1,1,1,1,0,0,1,1,Quartile,Quartile,,,,1.0,0,0,0,1,0,0,1,0,narrative_only,
256,Correlation Analysis,easy,14B,V0,1,1,1,1,0,0,3,3,Pearson Correlation Coefficient|Spearman Correlation Coefficient|Kendall Correlation Coefficient,Pearson Correlation Coefficient|Spearman Correlation Coefficient|Kendall Correlation Coefficient,,,,1.0,0,0,0,3,0,0,3,0,narrative_only,
257,Contingency Table Test,easy,14B,V0,1,1,1,1,0,0,2,2,Chi-square Independence Test|Fisher Exact Test,Chi-square Independence Test|Fisher Exact Test,1.0,0.0,,0.0,2,2,0,2,0,0,0,2,partially_labeled,Chi-square Independence Test=include|Fisher Exact Test=include
258,Contingency Table Test,hard,14B,V0,1,1,1,1,0,0,1,1,Chi-square Independence Test,Chi-square Independence Test,0.6666666666666666,0.5,0.0,0.0,3,2,1,1,1,0,0,2,fully_labeled,Chi-square Independence Test=include|Fisher Exact Test=include|Mantel-Haenszel Test=exclude
259,Distribution Compliance Test,hard,14B,V0,1,0,0,1,1,0,4,3,Anderson-Darling Test|Shapiro-Wilk Test of Normality|Kolmogorov-Smirnov Test for Normality|Lilliefors Test,Anderson-Darling Test|Kolmogorov-Smirnov Test for Normality|Lilliefors Test,0.6666666666666666,0.3333333333333333,,0.0,6,6,0,4,2,0,0,4,partially_labeled,Anderson-Darling Test=include|Shapiro-Wilk Test of Normality=include|Kolmogorov-Smirnov Test for Normality=include|Kolmogorov-Smirnov Test=include|Lilliefors Test=include|Mean=include
260,Distribution Compliance Test,hard,14B,V0,1,0,0,1,1,0,4,3,Anderson-Darling Test|Shapiro-Wilk Test of Normality|Kolmogorov-Smirnov Test for Normality|Lilliefors Test,Anderson-Darling Test|Kolmogorov-Smirnov Test for Normality|Lilliefors Test,0.8,0.2,,0.0,5,5,0,4,1,0,0,4,partially_labeled,Anderson-Darling Test=include|Shapiro-Wilk Test of Normality=include|Kolmogorov-Smirnov Test for Normality=include|Kolmogorov-Smirnov Test=include|Lilliefors Test=include
261,Distribution Compliance Test,hard,14B,V0,1,0,0,1,1,0,4,3,Anderson-Darling Test|Shapiro-Wilk Test of Normality|Kolmogorov-Smirnov Test for Normality|Lilliefors Test,Anderson-Darling Test|Shapiro-Wilk Test of Normality|Kolmogorov-Smirnov Test for Normality,0.6666666666666666,0.3333333333333333,,0.0,6,6,0,4,2,0,0,4,partially_labeled,Anderson-Darling Test=include|Mode=include|Shapiro-Wilk Test of Normality=include|Kolmogorov-Smirnov Test for Normality=include|Lilliefors Test=include|Kolmogorov-Smirnov Test=include
262,Variance Test,hard,14B,V0,1,1,1,1,0,0,2,2,Mood Variance Test|Levene Test,Mood Variance Test|Levene Test,0.5,0.5,,0.0,4,4,0,2,2,0,0,2,fully_labeled,Mood Variance Test=include|Levene Test=include|Bartlett Test=include|F-Test for Variance=include
263,Distribution Compliance Test,hard,14B,V0,1,0,0,1,1,0,4,3,Anderson-Darling Test|Shapiro-Wilk Test of Normality|Kolmogorov-Smirnov Test for Normality|Lilliefors Test,Anderson-Darling Test|Kolmogorov-Smirnov Test for Normality|Lilliefors Test,0.6666666666666666,0.3333333333333333,,0.0,6,6,0,4,2,0,0,4,partially_labeled,Anderson-Darling Test=include|Shapiro-Wilk Test of Normality=include|Kolmogorov-Smirnov Test for Normality=include|Kolmogorov-Smirnov Test=include|Mode=include|Lilliefors Test=include
264,Contingency Table Test,hard,14B,V0,1,1,1,1,0,0,1,1,Chi-square Independence Test,Chi-square Independence Test,0.3333333333333333,0.6666666666666666,,0.0,3,3,0,1,2,0,0,1,fully_labeled,Chi-square Independence Test=include|Fisher Exact Test=include|Mantel-Haenszel Test=include
265,Descriptive Statistics,easy,14B,V0,1,1,1,1,0,0,1,1,Quartile,Quartile,0.1111111111111111,0.8888888888888888,,0.0,9,9,0,1,8,0,0,1,partially_labeled,Anderson-Darling Test=include|Quartile=include|Shapiro-Wilk Test of Normality=include|Kolmogorov-Smirnov Test for Normality=include|Kolmogorov-Smirnov Test=include|Lilliefors Test=include|Kolmogorov-Smirnov Test for Uniform distribution=include|Kolmogorov-Smirnov Test for Gamma distribution=include|Kolmogorov-Smirnov Test for Exponential distribution=include
266,Variance Test,hard,14B,V0,1,1,1,1,0,0,2,2,Mood Variance Test|Levene Test,Mood Variance Test|Levene Test,0.5,,0.5,0.0,4,0,4,2,0,2,0,2,fully_labeled,Mood Variance Test=exclude|Levene Test=exclude|Bartlett Test=exclude|F-Test for Variance=exclude
267,Contingency Table Test,hard,14B,V0,1,1,1,1,0,0,1,1,Chi-square Independence Test,Chi-square Independence Test,1.0,0.0,0.0,0.0,3,1,2,1,0,0,0,3,fully_labeled,Chi-square Independence Test=include|Fisher Exact Test=exclude|Mantel-Haenszel Test=exclude
268,Variance Test,hard,14B,V0,1,1,1,1,0,0,2,2,Mood Variance Test|Levene Test,Mood Variance Test|Levene Test,,,,1.0,0,0,0,2,0,0,2,0,narrative_only,
269,Distribution Compliance Test,hard,14B,V0,1,0,0,1,1,0,4,3,Anderson-Darling Test|Shapiro-Wilk Test of Normality|Kolmogorov-Smirnov Test for Normality|Lilliefors Test,Anderson-Darling Test|Kolmogorov-Smirnov Test for Normality|Lilliefors Test,0.8,0.2,,0.0,5,5,0,4,1,0,0,4,partially_labeled,Anderson-Darling Test=include|Shapiro-Wilk Test of Normality=include|Kolmogorov-Smirnov Test for Normality=include|Kolmogorov-Smirnov Test=include|Lilliefors Test=include
270,Variance Test,hard,14B,V0,1,1,1,1,0,0,2,2,Mood Variance Test|Levene Test,Mood Variance Test|Levene Test,0.5,0.5,,0.0,4,4,0,2,2,0,0,2,fully_labeled,Mood Variance Test=include|Levene Test=include|Bartlett Test=include|F-Test for Variance=include
271,Distribution Compliance Test,hard,14B,V0,1,0,0,1,1,0,4,3,Anderson-Darling Test|Shapiro-Wilk Test of Normality|Kolmogorov-Smirnov Test for Normality|Lilliefors Test,Anderson-Darling Test|Shapiro-Wilk Test of Normality|Kolmogorov-Smirnov Test for Normality,0.8571428571428571,0.3333333333333333,0.0,0.5,7,3,4,4,1,0,2,6,partially_labeled,Anderson-Darling Test=include|Mode=include|Shapiro-Wilk Test of Normality=include|Kolmogorov-Smirnov Test=exclude|Kolmogorov-Smirnov Test for Uniform distribution=exclude|Kolmogorov-Smirnov Test for Gamma distribution=exclude|Kolmogorov-Smirnov Test for Exponential distribution=exclude
272,Distribution Compliance Test,hard,14B,V0,1,0,0,1,1,0,4,3,Anderson-Darling Test|Shapiro-Wilk Test of Normality|Kolmogorov-Smirnov Test for Normality|Lilliefors Test,Anderson-Darling Test|Shapiro-Wilk Test of Normality|Kolmogorov-Smirnov Test for Normality,0.8,0.2,,0.0,5,5,0,4,1,0,0,4,partially_labeled,Anderson-Darling Test=include|Shapiro-Wilk Test of Normality=include|Kolmogorov-Smirnov Test for Normality=include|Lilliefors Test=include|Kolmogorov-Smirnov Test=include
273,Variance Test,hard,14B,V0,1,1,1,1,0,0,2,2,Mood Variance Test|Levene Test,Mood Variance Test|Levene Test,,,,1.0,0,0,0,2,0,0,2,0,narrative_only,
274,Distribution Compliance Test,hard,14B,V0,1,0,0,1,1,0,5,3,Anderson-Darling Test|Shapiro-Wilk Test of Normality|Kolmogorov-Smirnov Test for Normality|Lilliefors Test|Kolmogorov-Smirnov Test,Anderson-Darling Test|Kolmogorov-Smirnov Test for Normality|Lilliefors Test,1.0,0.0,,0.2,4,4,0,5,0,0,1,4,partially_labeled,Anderson-Darling Test=include|Shapiro-Wilk Test of Normality=include|Kolmogorov-Smirnov Test for Normality=include|Kolmogorov-Smirnov Test=include
275,Descriptive Statistics,easy,14B,V0,1,1,1,1,0,0,1,1,Skewness,Skewness,,,,1.0,0,0,0,1,0,0,1,0,narrative_only,
276,Contingency Table Test,hard,14B,V0,1,0,0,1,1,0,2,1,Chi-square Independence Test|Fisher Exact Test,Chi-square Independence Test,,,,1.0,0,0,0,2,0,0,2,0,narrative_only,
277,Correlation Analysis,hard,14B,V0,1,0,0,1,1,0,3,1,Pearson Correlation Coefficient|Spearman Correlation Coefficient|Kendall Correlation Coefficient,Kendall Correlation Coefficient,0.75,0.25,,0.0,4,4,0,3,1,0,0,3,fully_labeled,Pearson Correlation Coefficient=include|Spearman Correlation Coefficient=include|Kendall Correlation Coefficient=include|Partial Correlation Coefficient=include
278,Variance Test,hard,14B,V0,1,0,0,1,1,0,4,2,Mood Variance Test|Levene Test|Bartlett Test|F-Test for Variance,Mood Variance Test|Levene Test,,,,1.0,0,0,0,4,0,0,4,0,narrative_only,
279,Distribution Compliance Test,hard,14B,V0,1,0,0,1,1,0,4,3,Anderson-Darling Test|Shapiro-Wilk Test of Normality|Kolmogorov-Smirnov Test for Normality|Lilliefors Test,Anderson-Darling Test|Kolmogorov-Smirnov Test for Normality|Lilliefors Test,0.8,0.2,,0.0,5,5,0,4,1,0,0,4,partially_labeled,Anderson-Darling Test=include|Shapiro-Wilk Test of Normality=include|Kolmogorov-Smirnov Test for Normality=include|Kolmogorov-Smirnov Test=include|Lilliefors Test=include
280,Distribution Compliance Test,hard,14B,V0,1,0,0,1,1,0,4,3,Anderson-Darling Test|Shapiro-Wilk Test of Normality|Kolmogorov-Smirnov Test for Normality|Lilliefors Test,Anderson-Darling Test|Kolmogorov-Smirnov Test for Normality|Lilliefors Test,0.875,0.2,0.0,0.0,8,5,3,4,1,0,0,7,fully_labeled,Anderson-Darling Test=include|Shapiro-Wilk Test of Normality=include|Kolmogorov-Smirnov Test for Normality=include|Kolmogorov-Smirnov Test=include|Lilliefors Test=include|Kolmogorov-Smirnov Test for Uniform distribution=exclude|Kolmogorov-Smirnov Test for Gamma distribution=exclude|Kolmogorov-Smirnov Test for Exponential distribution=exclude
281,Contingency Table Test,hard,14B,V0,1,0,0,1,1,0,2,1,Chi-square Independence Test|Fisher Exact Test,Chi-square Independence Test,0.6666666666666666,0.0,0.5,0.0,3,1,2,2,0,1,0,2,partially_labeled,Chi-square Independence Test=include|Fisher Exact Test=exclude|Mantel-Haenszel Test=exclude
282,Contingency Table Test,hard,14B,V0,1,1,1,1,0,0,1,1,Chi-square Independence Test,Chi-square Independence Test,0.5,0.5,,0.0,2,2,0,1,1,0,0,1,partially_labeled,Chi-square Independence Test=include|Fisher Exact Test=include
283,Distribution Compliance Test,hard,14B,V0,1,0,0,1,1,0,4,3,Anderson-Darling Test|Shapiro-Wilk Test of Normality|Kolmogorov-Smirnov Test for Normality|Lilliefors Test,Anderson-Darling Test|Kolmogorov-Smirnov Test for Normality|Lilliefors Test,0.8,0.2,,0.0,5,5,0,4,1,0,0,4,partially_labeled,Anderson-Darling Test=include|Shapiro-Wilk Test of Normality=include|Kolmogorov-Smirnov Test for Normality=include|Kolmogorov-Smirnov Test=include|Lilliefors Test=include
284,Contingency Table Test,hard,14B,V0,1,1,1,1,0,0,1,1,Chi-square Independence Test,Chi-square Independence Test,,,,1.0,0,0,0,1,0,0,1,0,narrative_only,
285,Distribution Compliance Test,hard,14B,V0,1,0,0,1,1,0,5,3,Anderson-Darling Test|Shapiro-Wilk Test of Normality|Kolmogorov-Smirnov Test for Normality|Lilliefors Test|Kolmogorov-Smirnov Test,Anderson-Darling Test|Kolmogorov-Smirnov Test for Normality|Lilliefors Test,1.0,0.0,,0.0,5,5,0,5,0,0,0,5,partially_labeled,Anderson-Darling Test=include|Shapiro-Wilk Test of Normality=include|Kolmogorov-Smirnov Test for Normality=include|Kolmogorov-Smirnov Test=include|Lilliefors Test=include
286,Variance Test,hard,14B,V0,1,0,0,1,1,0,4,2,Mood Variance Test|Levene Test|Bartlett Test|F-Test for Variance,Mood Variance Test|Levene Test,,,,1.0,0,0,0,4,0,0,4,0,narrative_only,
287,Variance Test,hard,14B,V0,1,1,1,1,0,0,2,2,Mood Variance Test|Levene Test,Mood Variance Test|Levene Test,,,,1.0,0,0,0,2,0,0,2,0,narrative_only,
288,Correlation Analysis,hard,14B,V0,1,0,0,0,1,0,4,1,Pearson Correlation Coefficient|Spearman Correlation Coefficient|Kendall Correlation Coefficient|Partial Correlation Coefficient,Kendall Correlation Coefficient,1.0,0.0,,0.0,4,4,0,4,0,0,0,4,fully_labeled,Pearson Correlation Coefficient=include|Spearman Correlation Coefficient=include|Kendall Correlation Coefficient=include|Partial Correlation Coefficient=include
289,Contingency Table Test,easy,14B,V0,1,0,0,0,1,1,1,2,Spearman Correlation Coefficient,Chi-square Independence Test|Fisher Exact Test,1.0,0.0,0.0,0.0,26,1,25,1,0,0,0,26,partially_labeled,Pearson Correlation Coefficient=exclude|Spearman Correlation Coefficient=include|Partial Correlation Coefficient=exclude|Anderson-Darling Test=exclude|Shapiro-Wilk Test of Normality=exclude|Kolmogorov-Smirnov Test for Normality=exclude|Lilliefors Test=exclude|Kolmogorov-Smirnov Test=exclude|Kolmogorov-Smirnov Test for Uniform distribution=exclude|Kolmogorov-Smirnov Test for Gamma distribution=exclude|Kolmogorov-Smirnov Test for Exponential distribution=exclude|Chi-square Independence Test=exclude|Fisher Exact Test=exclude|Mantel-Haenszel Test=exclude|Mean=exclude|Median=exclude|Mode=exclude|Range=exclude|Quartile=exclude|Standard Deviation=exclude|Skewness=exclude|Kurtosis=exclude|Mood Variance Test=exclude|Levene Test=exclude|Bartlett Test=exclude|F-Test for Variance=exclude
290,Variance Test,hard,14B,V0,1,1,1,1,0,0,2,2,Mood Variance Test|Levene Test,Mood Variance Test|Levene Test,,,,1.0,0,0,0,2,0,0,2,0,narrative_only,
291,Correlation Analysis,hard,14B,V0,1,0,0,1,1,0,3,1,Pearson Correlation Coefficient|Spearman Correlation Coefficient|Kendall Correlation Coefficient,Kendall Correlation Coefficient,1.0,0.0,0.0,0.0,4,3,1,3,0,0,0,4,fully_labeled,Pearson Correlation Coefficient=include|Spearman Correlation Coefficient=include|Kendall Correlation Coefficient=include|Partial Correlation Coefficient=exclude
292,Variance Test,hard,14B,V0,1,0,0,1,1,0,4,2,Mood Variance Test|Levene Test|Bartlett Test|F-Test for Variance,Mood Variance Test|Levene Test,,,,1.0,0,0,0,4,0,0,4,0,narrative_only,
293,Correlation Analysis,easy,14B,V0,1,1,1,1,0,0,1,1,Partial Correlation Coefficient,Partial Correlation Coefficient,1.0,0.0,,0.0,1,1,0,1,0,0,0,1,partially_labeled,Partial Correlation Coefficient=include
294,Variance Test,hard,14B,V0,1,0,0,1,0,1,1,2,Levene Test,Mood Variance Test|Levene Test,0.0,1.0,,1.0,1,1,0,1,1,0,1,0,partially_labeled,Mood Variance Test=include
295,Variance Test,hard,14B,V0,1,1,1,1,0,0,2,2,Mood Variance Test|Levene Test,Mood Variance Test|Levene Test,0.5,0.5,,0.0,4,4,0,2,2,0,0,2,fully_labeled,Mood Variance Test=include|Levene Test=include|Bartlett Test=include|F-Test for Variance=include
296,Contingency Table Test,hard,14B,V0,1,1,1,1,0,0,1,1,Chi-square Independence Test,Chi-square Independence Test,0.5,0.5,,0.0,2,2,0,1,1,0,0,1,partially_labeled,Chi-square Independence Test=include|Fisher Exact Test=include
297,Distribution Compliance Test,hard,14B,V0,1,0,0,1,1,0,4,3,Anderson-Darling Test|Shapiro-Wilk Test of Normality|Kolmogorov-Smirnov Test for Normality|Lilliefors Test,Anderson-Darling Test|Kolmogorov-Smirnov Test for Normality|Lilliefors Test,0.8,0.2,,0.0,5,5,0,4,1,0,0,4,partially_labeled,Anderson-Darling Test=include|Shapiro-Wilk Test of Normality=include|Kolmogorov-Smirnov Test for Normality=include|Kolmogorov-Smirnov Test=include|Lilliefors Test=include
298,Variance Test,easy,14B,V0,1,1,1,1,0,0,4,4,Mood Variance Test|Levene Test|Bartlett Test|F-Test for Variance,Mood Variance Test|Levene Test|Bartlett Test|F-Test for Variance,0.75,0.0,1.0,0.0,4,3,1,4,0,1,0,3,fully_labeled,Mood Variance Test=exclude|Levene Test=include|Bartlett Test=include|F-Test for Variance=include
299,Contingency Table Test,hard,14B,V0,1,1,1,1,0,0,1,1,Chi-square Independence Test,Chi-square Independence Test,,,,1.0,0,0,0,1,0,0,1,0,narrative_only,
300,Distribution Compliance Test,hard,14B,V0,1,0,0,1,1,1,3,3,Anderson-Darling Test|Shapiro-Wilk Test of Normality|Lilliefors Test,Anderson-Darling Test|Shapiro-Wilk Test of Normality|Kolmogorov-Smirnov Test for Normality,0.6,0.4,,0.0,5,5,0,3,2,0,0,3,partially_labeled,Anderson-Darling Test=include|Shapiro-Wilk Test of Normality=include|Kolmogorov-Smirnov Test for Normality=include|Lilliefors Test=include|Kolmogorov-Smirnov Test=include
301,Distribution Compliance Test,hard,14B,V0,1,0,0,1,1,0,4,3,Anderson-Darling Test|Shapiro-Wilk Test of Normality|Kolmogorov-Smirnov Test for Normality|Lilliefors Test,Anderson-Darling Test|Kolmogorov-Smirnov Test for Normality|Lilliefors Test,0.6666666666666666,0.3333333333333333,,0.0,6,6,0,4,2,0,0,4,partially_labeled,Anderson-Darling Test=include|Shapiro-Wilk Test of Normality=include|Kolmogorov-Smirnov Test for Normality=include|Kolmogorov-Smirnov Test=include|Mode=include|Lilliefors Test=include
302,Variance Test,hard,14B,V0,1,0,0,1,1,0,4,2,Mood Variance Test|Levene Test|Bartlett Test|F-Test for Variance,Mood Variance Test|Levene Test,,,,1.0,0,0,0,4,0,0,4,0,narrative_only,
303,Distribution Compliance Test,easy,14B,V0,1,0,0,1,1,0,2,1,Anderson-Darling Test|Kolmogorov-Smirnov Test,Kolmogorov-Smirnov Test,1.0,0.0,,0.0,2,2,0,2,0,0,0,2,partially_labeled,Anderson-Darling Test=include|Kolmogorov-Smirnov Test=include
304,Correlation Analysis,easy,14B,V0,1,0,0,1,1,0,4,1,Pearson Correlation Coefficient|Spearman Correlation Coefficient|Kendall Correlation Coefficient|Partial Correlation Coefficient,Partial Correlation Coefficient,1.0,0.0,,0.0,4,4,0,4,0,0,0,4,fully_labeled,Pearson Correlation Coefficient=include|Spearman Correlation Coefficient=include|Kendall Correlation Coefficient=include|Partial Correlation Coefficient=include
305,Variance Test,hard,14B,V0,1,1,1,1,0,0,2,2,Mood Variance Test|Levene Test,Mood Variance Test|Levene Test,1.0,0.0,,0.5,1,1,0,2,0,0,1,1,partially_labeled,Mood Variance Test=include
306,Contingency Table Test,easy,14B,V0,1,0,0,1,0,1,1,2,Chi-square Independence Test,Chi-square Independence Test|Fisher Exact Test,0.5,0.5,,0.0,2,2,0,1,1,0,0,1,partially_labeled,Chi-square Independence Test=include|Fisher Exact Test=include
307,Variance Test,hard,14B,V0,1,1,1,1,0,0,2,2,Mood Variance Test|Levene Test,Mood Variance Test|Levene Test,1.0,0.0,0.0,0.0,4,2,2,2,0,0,0,4,fully_labeled,Mood Variance Test=include|Levene Test=include|Bartlett Test=exclude|F-Test for Variance=exclude
308,Variance Test,easy,14B,V0,1,0,0,1,0,1,2,4,Mood Variance Test|Levene Test,Mood Variance Test|Levene Test|Bartlett Test|F-Test for Variance,1.0,0.0,,0.0,2,2,0,2,0,0,0,2,partially_labeled,Mood Variance Test=include|Levene Test=include
309,Distribution Compliance Test,hard,14B,V0,1,0,0,1,1,0,4,3,Anderson-Darling Test|Shapiro-Wilk Test of Normality|Kolmogorov-Smirnov Test for Normality|Lilliefors Test,Anderson-Darling Test|Kolmogorov-Smirnov Test for Normality|Lilliefors Test,0.875,0.2,0.0,0.0,8,5,3,4,1,0,0,7,fully_labeled,Anderson-Darling Test=include|Shapiro-Wilk Test of Normality=include|Kolmogorov-Smirnov Test for Normality=include|Kolmogorov-Smirnov Test=include|Lilliefors Test=include|Kolmogorov-Smirnov Test for Uniform distribution=exclude|Kolmogorov-Smirnov Test for Gamma distribution=exclude|Kolmogorov-Smirnov Test for Exponential distribution=exclude
310,Distribution Compliance Test,easy,14B,V0,1,0,0,1,1,0,2,1,Anderson-Darling Test|Kolmogorov-Smirnov Test,Kolmogorov-Smirnov Test,1.0,0.0,,0.0,2,2,0,2,0,0,0,2,partially_labeled,Anderson-Darling Test=include|Kolmogorov-Smirnov Test=include
311,Variance Test,hard,14B,V0,1,1,1,1,0,0,2,2,Mood Variance Test|Levene Test,Mood Variance Test|Levene Test,0.0,,1.0,0.5,1,0,1,2,0,1,1,0,partially_labeled,Mood Variance Test=exclude
312,Variance Test,hard,14B,V0,1,1,1,1,0,0,2,2,Mood Variance Test|Levene Test,Mood Variance Test|Levene Test,,,,1.0,0,0,0,2,0,0,2,0,narrative_only,
313,Distribution Compliance Test,hard,14B,V0,1,0,0,1,1,0,4,3,Anderson-Darling Test|Shapiro-Wilk Test of Normality|Kolmogorov-Smirnov Test for Normality|Lilliefors Test,Anderson-Darling Test|Kolmogorov-Smirnov Test for Normality|Lilliefors Test,0.8,0.2,,0.0,5,5,0,4,1,0,0,4,partially_labeled,Anderson-Darling Test=include|Shapiro-Wilk Test of Normality=include|Kolmogorov-Smirnov Test for Normality=include|Kolmogorov-Smirnov Test=include|Lilliefors Test=include
314,Contingency Table Test,hard,14B,V0,1,0,0,1,1,0,2,1,Chi-square Independence Test|Fisher Exact Test,Fisher Exact Test,1.0,0.0,,0.0,2,2,0,2,0,0,0,2,partially_labeled,Chi-square Independence Test=include|Fisher Exact Test=include
315,Distribution Compliance Test,easy,14B,V0,1,0,0,1,1,0,2,1,Anderson-Darling Test|Kolmogorov-Smirnov Test,Kolmogorov-Smirnov Test,1.0,0.0,,0.0,2,2,0,2,0,0,0,2,partially_labeled,Anderson-Darling Test=include|Kolmogorov-Smirnov Test=include
316,Variance Test,hard,14B,V0,1,1,1,1,0,0,2,2,Mood Variance Test|Levene Test,Mood Variance Test|Levene Test,,,,1.0,0,0,0,2,0,0,2,0,narrative_only,
317,Descriptive Statistics,easy,14B,V0,1,1,1,1,0,0,1,1,Standard Deviation,Standard Deviation,1.0,0.0,,0.0,1,1,0,1,0,0,0,1,partially_labeled,Standard Deviation=include
318,Distribution Compliance Test,hard,14B,V0,1,0,0,1,1,0,4,3,Anderson-Darling Test|Shapiro-Wilk Test of Normality|Kolmogorov-Smirnov Test for Normality|Lilliefors Test,Anderson-Darling Test|Kolmogorov-Smirnov Test for Normality|Lilliefors Test,0.8,0.2,,0.0,5,5,0,4,1,0,0,4,partially_labeled,Anderson-Darling Test=include|Shapiro-Wilk Test of Normality=include|Kolmogorov-Smirnov Test for Normality=include|Kolmogorov-Smirnov Test=include|Lilliefors Test=include
319,Correlation Analysis,easy,14B,V0,1,1,1,1,0,0,3,3,Pearson Correlation Coefficient|Spearman Correlation Coefficient|Kendall Correlation Coefficient,Pearson Correlation Coefficient|Spearman Correlation Coefficient|Kendall Correlation Coefficient,1.0,0.0,,0.0,3,3,0,3,0,0,0,3,fully_labeled,Pearson Correlation Coefficient=include|Spearman Correlation Coefficient=include|Kendall Correlation Coefficient=include
320,Distribution Compliance Test,hard,14B,V0,1,0,0,1,1,0,4,3,Anderson-Darling Test|Shapiro-Wilk Test of Normality|Kolmogorov-Smirnov Test for Normality|Lilliefors Test,Anderson-Darling Test|Kolmogorov-Smirnov Test for Normality|Lilliefors Test,0.875,0.2,0.0,0.0,8,5,3,4,1,0,0,7,fully_labeled,Anderson-Darling Test=include|Shapiro-Wilk Test of Normality=include|Kolmogorov-Smirnov Test for Normality=include|Kolmogorov-Smirnov Test=include|Lilliefors Test=include|Kolmogorov-Smirnov Test for Uniform distribution=exclude|Kolmogorov-Smirnov Test for Gamma distribution=exclude|Kolmogorov-Smirnov Test for Exponential distribution=exclude
321,Correlation Analysis,easy,14B,V0,1,0,0,1,1,0,4,1,Pearson Correlation Coefficient|Spearman Correlation Coefficient|Kendall Correlation Coefficient|Partial Correlation Coefficient,Partial Correlation Coefficient,,,,1.0,0,0,0,4,0,0,4,0,narrative_only,
322,Variance Test,hard,14B,V0,1,1,1,1,0,0,2,2,Mood Variance Test|Levene Test,Mood Variance Test|Levene Test,0.5,0.5,,0.0,4,4,0,2,2,0,0,2,fully_labeled,Mood Variance Test=include|Levene Test=include|Bartlett Test=include|F-Test for Variance=include
323,Variance Test,hard,14B,V0,1,1,1,1,0,0,2,2,Mood Variance Test|Levene Test,Mood Variance Test|Levene Test,,,,1.0,0,0,0,2,0,0,2,0,narrative_only,
324,Correlation Analysis,hard,14B,V0,1,0,0,1,1,0,3,1,Pearson Correlation Coefficient|Spearman Correlation Coefficient|Kendall Correlation Coefficient,Kendall Correlation Coefficient,0.75,0.25,,0.0,4,4,0,3,1,0,0,3,fully_labeled,Pearson Correlation Coefficient=include|Spearman Correlation Coefficient=include|Kendall Correlation Coefficient=include|Partial Correlation Coefficient=include
325,Variance Test,hard,14B,V0,1,1,1,1,0,0,2,2,Mood Variance Test|Levene Test,Mood Variance Test|Levene Test,0.5,0.5,,0.0,4,4,0,2,2,0,0,2,fully_labeled,Mood Variance Test=include|Levene Test=include|Bartlett Test=include|F-Test for Variance=include
326,Variance Test,hard,14B,V0,1,1,1,1,0,0,2,2,Mood Variance Test|Levene Test,Mood Variance Test|Levene Test,,,,1.0,0,0,0,2,0,0,2,0,narrative_only,
327,Distribution Compliance Test,hard,14B,V0,1,0,0,1,1,0,4,3,Anderson-Darling Test|Shapiro-Wilk Test of Normality|Kolmogorov-Smirnov Test for Normality|Lilliefors Test,Anderson-Darling Test|Kolmogorov-Smirnov Test for Normality|Lilliefors Test,0.6666666666666666,0.0,1.0,0.25,3,2,1,4,0,1,1,2,partially_labeled,Anderson-Darling Test=exclude|Shapiro-Wilk Test of Normality=include|Lilliefors Test=include
328,Variance Test,hard,14B,V0,1,1,1,1,0,0,2,2,Mood Variance Test|Levene Test,Mood Variance Test|Levene Test,,,,1.0,0,0,0,2,0,0,2,0,narrative_only,
329,Distribution Compliance Test,hard,14B,V0,1,0,0,1,1,1,11,3,Anderson-Darling Test|Lilliefors Test|Kolmogorov-Smirnov Test for Uniform distribution|Kolmogorov-Smirnov Test for Gamma distribution|Kolmogorov-Smirnov Test for Exponential distribution|Median|Mode|Range|Quartile|Skewness|Kurtosis,Anderson-Darling Test|Kolmogorov-Smirnov Test for Normality|Lilliefors Test,1.0,0.0,0.0,0.0,14,11,3,11,0,0,0,14,partially_labeled,Anderson-Darling Test=include|Shapiro-Wilk Test of Normality=exclude|Kolmogorov-Smirnov Test for Normality=exclude|Kolmogorov-Smirnov Test=exclude|Lilliefors Test=include|Kolmogorov-Smirnov Test for Uniform distribution=include|Kolmogorov-Smirnov Test for Gamma distribution=include|Kolmogorov-Smirnov Test for Exponential distribution=include|Median=include|Mode=include|Range=include|Quartile=include|Skewness=include|Kurtosis=include
330,Distribution Compliance Test,hard,14B,V0,1,0,0,1,1,0,4,3,Anderson-Darling Test|Shapiro-Wilk Test of Normality|Kolmogorov-Smirnov Test for Normality|Lilliefors Test,Anderson-Darling Test|Kolmogorov-Smirnov Test for Normality|Lilliefors Test,0.875,0.2,0.0,0.0,8,5,3,4,1,0,0,7,fully_labeled,Anderson-Darling Test=include|Shapiro-Wilk Test of Normality=include|Kolmogorov-Smirnov Test for Normality=include|Kolmogorov-Smirnov Test=include|Lilliefors Test=include|Kolmogorov-Smirnov Test for Uniform distribution=exclude|Kolmogorov-Smirnov Test for Gamma distribution=exclude|Kolmogorov-Smirnov Test for Exponential distribution=exclude
331,Variance Test,hard,14B,V0,1,1,1,1,0,0,2,2,Mood Variance Test|Levene Test,Mood Variance Test|Levene Test,0.5,0.5,,0.0,4,4,0,2,2,0,0,2,fully_labeled,Mood Variance Test=include|Levene Test=include|Bartlett Test=include|F-Test for Variance=include
332,Variance Test,hard,14B,V0,1,1,1,1,0,0,2,2,Mood Variance Test|Levene Test,Mood Variance Test|Levene Test,1.0,0.0,0.0,0.0,4,2,2,2,0,0,0,4,fully_labeled,Mood Variance Test=include|Levene Test=include|Bartlett Test=exclude|F-Test for Variance=exclude
333,Variance Test,hard,14B,V0,1,1,1,1,0,0,2,2,Mood Variance Test|Levene Test,Mood Variance Test|Levene Test,,,,1.0,0,0,0,2,0,0,2,0,narrative_only,
334,Contingency Table Test,hard,14B,V0,1,0,0,1,1,1,1,1,Chi-square Independence Test,Fisher Exact Test,0.5,0.5,,0.0,2,2,0,1,1,0,0,1,partially_labeled,Chi-square Independence Test=include|Fisher Exact Test=include
335,Variance Test,hard,14B,V0,1,1,1,1,0,0,2,2,Mood Variance Test|Levene Test,Mood Variance Test|Levene Test,1.0,0.0,0.0,0.5,4,1,3,2,0,0,1,4,partially_labeled,Mood Variance Test=include|Median=exclude|Bartlett Test=exclude|F-Test for Variance=exclude
336,Contingency Table Test,hard,14B,V0,1,1,1,1,0,0,1,1,Chi-square Independence Test,Chi-square Independence Test,1.0,0.0,0.0,0.0,3,1,2,1,0,0,0,3,fully_labeled,Fisher Exact Test=exclude|Mantel-Haenszel Test=exclude|Chi-square Independence Test=include
337,Distribution Compliance Test,hard,14B,V0,1,0,0,1,1,0,4,3,Anderson-Darling Test|Shapiro-Wilk Test of Normality|Kolmogorov-Smirnov Test for Normality|Lilliefors Test,Anderson-Darling Test|Shapiro-Wilk Test of Normality|Kolmogorov-Smirnov Test for Normality,0.5,0.3333333333333333,1.0,0.25,4,3,1,4,1,1,1,2,partially_labeled,Anderson-Darling Test=exclude|Shapiro-Wilk Test of Normality=include|Kolmogorov-Smirnov Test for Normality=include|Kolmogorov-Smirnov Test=include
338,Distribution Compliance Test,easy,14B,V0,1,1,1,1,0,0,1,1,Kolmogorov-Smirnov Test,Kolmogorov-Smirnov Test,0.5,0.5,,0.0,2,2,0,1,1,0,0,1,partially_labeled,Anderson-Darling Test=include|Kolmogorov-Smirnov Test=include
339,Contingency Table Test,easy,14B,V0,1,0,0,1,0,1,1,2,Chi-square Independence Test,Chi-square Independence Test|Fisher Exact Test,1.0,0.0,0.0,0.0,3,1,2,1,0,0,0,3,partially_labeled,Chi-square Independence Test=include|Mantel-Haenszel Test=exclude|Fisher Exact Test=exclude
340,Distribution Compliance Test,hard,14B,V0,1,0,0,1,1,0,4,3,Anderson-Darling Test|Shapiro-Wilk Test of Normality|Kolmogorov-Smirnov Test for Normality|Lilliefors Test,Anderson-Darling Test|Kolmogorov-Smirnov Test for Normality|Lilliefors Test,0.8,0.2,,0.0,5,5,0,4,1,0,0,4,partially_labeled,Anderson-Darling Test=include|Shapiro-Wilk Test of Normality=include|Kolmogorov-Smirnov Test for Normality=include|Kolmogorov-Smirnov Test=include|Lilliefors Test=include
341,Distribution Compliance Test,hard,14B,V0,1,0,0,1,1,0,4,3,Anderson-Darling Test|Shapiro-Wilk Test of Normality|Kolmogorov-Smirnov Test for Normality|Lilliefors Test,Anderson-Darling Test|Kolmogorov-Smirnov Test for Normality|Lilliefors Test,0.8,0.2,,0.0,5,5,0,4,1,0,0,4,fully_labeled,Anderson-Darling Test=include|Shapiro-Wilk Test of Normality=include|Kolmogorov-Smirnov Test for Normality=include|Kolmogorov-Smirnov Test=include|Lilliefors Test=include
342,Contingency Table Test,hard,14B,V0,1,0,0,1,1,0,2,1,Chi-square Independence Test|Fisher Exact Test,Chi-square Independence Test,,,,1.0,0,0,0,2,0,0,2,0,narrative_only,
343,Variance Test,hard,14B,V0,1,1,1,1,0,0,2,2,Mood Variance Test|Levene Test,Mood Variance Test|Levene Test,0.5,0.5,,0.0,4,4,0,2,2,0,0,2,fully_labeled,Mood Variance Test=include|Levene Test=include|Bartlett Test=include|F-Test for Variance=include
344,Distribution Compliance Test,hard,14B,V0,1,0,0,1,1,0,4,3,Anderson-Darling Test|Shapiro-Wilk Test of Normality|Kolmogorov-Smirnov Test for Normality|Lilliefors Test,Anderson-Darling Test|Shapiro-Wilk Test of Normality|Kolmogorov-Smirnov Test for Normality,0.7777777777777778,0.3333333333333333,0.0,0.0,9,6,3,4,2,0,0,7,fully_labeled,Anderson-Darling Test=include|Shapiro-Wilk Test of Normality=include|Kolmogorov-Smirnov Test for Normality=include|Kolmogorov-Smirnov Test=include|Lilliefors Test=include|Mean=include|Kolmogorov-Smirnov Test for Uniform distribution=exclude|Kolmogorov-Smirnov Test for Gamma distribution=exclude|Kolmogorov-Smirnov Test for Exponential distribution=exclude
345,Contingency Table Test,hard,14B,V0,1,1,1,1,0,0,1,1,Chi-square Independence Test,Chi-square Independence Test,0.5,0.5,,0.0,2,2,0,1,1,0,0,1,partially_labeled,Chi-square Independence Test=include|Fisher Exact Test=include
346,Variance Test,hard,14B,V0,1,1,1,1,0,0,2,2,Mood Variance Test|Levene Test,Mood Variance Test|Levene Test,1.0,0.0,,0.0,2,2,0,2,0,0,0,2,partially_labeled,Mood Variance Test=include|Levene Test=include
347,Distribution Compliance Test,hard,14B,V0,1,0,0,1,1,0,4,3,Anderson-Darling Test|Shapiro-Wilk Test of Normality|Kolmogorov-Smirnov Test for Normality|Lilliefors Test,Anderson-Darling Test|Kolmogorov-Smirnov Test for Normality|Lilliefors Test,0.8,0.2,,0.0,5,5,0,4,1,0,0,4,partially_labeled,Anderson-Darling Test=include|Shapiro-Wilk Test of Normality=include|Kolmogorov-Smirnov Test for Normality=include|Kolmogorov-Smirnov Test=include|Lilliefors Test=include
348,Distribution Compliance Test,hard,14B,V0,1,0,0,1,1,0,4,3,Anderson-Darling Test|Shapiro-Wilk Test of Normality|Kolmogorov-Smirnov Test for Normality|Lilliefors Test,Anderson-Darling Test|Kolmogorov-Smirnov Test for Normality|Lilliefors Test,0.6666666666666666,0.3333333333333333,,0.0,6,6,0,4,2,0,0,4,partially_labeled,Anderson-Darling Test=include|Shapiro-Wilk Test of Normality=include|Kolmogorov-Smirnov Test for Normality=include|Kolmogorov-Smirnov Test=include|Lilliefors Test=include|Mean=include
349,Distribution Compliance Test,hard,14B,V0,1,0,0,1,1,0,4,3,Anderson-Darling Test|Shapiro-Wilk Test of Normality|Kolmogorov-Smirnov Test for Normality|Lilliefors Test,Anderson-Darling Test|Kolmogorov-Smirnov Test for Normality|Lilliefors Test,0.8,0.2,,0.0,5,5,0,4,1,0,0,4,partially_labeled,Anderson-Darling Test=include|Shapiro-Wilk Test of Normality=include|Kolmogorov-Smirnov Test for Normality=include|Kolmogorov-Smirnov Test=include|Lilliefors Test=include
350,Variance Test,easy,14B,V0,1,0,0,1,0,1,2,4,Mood Variance Test|Levene Test,Mood Variance Test|Levene Test|Bartlett Test|F-Test for Variance,,,,1.0,0,0,0,2,0,0,2,0,narrative_only,
351,Contingency Table Test,hard,14B,V0,1,0,0,1,1,0,2,1,Chi-square Independence Test|Fisher Exact Test,Fisher Exact Test,,,,1.0,0,0,0,2,0,0,2,0,narrative_only,
352,Descriptive Statistics,easy,14B,V0,1,0,0,1,1,1,1,1,Standard Deviation,Range,0.0,1.0,,1.0,4,4,0,1,4,0,1,0,partially_labeled,Mood Variance Test=include|Levene Test=include|Bartlett Test=include|F-Test for Variance=include
353,Contingency Table Test,hard,14B,V0,1,1,1,1,0,0,1,1,Chi-square Independence Test,Chi-square Independence Test,,,,1.0,0,0,0,1,0,0,1,0,narrative_only,
354,Variance Test,hard,14B,V0,1,1,1,1,0,0,2,2,Mood Variance Test|Levene Test,Mood Variance Test|Levene Test,,,,1.0,0,0,0,2,0,0,2,0,narrative_only,
355,Correlation Analysis,easy,14B,V0,1,1,1,1,0,0,3,3,Pearson Correlation Coefficient|Spearman Correlation Coefficient|Kendall Correlation Coefficient,Pearson Correlation Coefficient|Spearman Correlation Coefficient|Kendall Correlation Coefficient,,,,1.0,0,0,0,3,0,0,3,0,narrative_only,
356,Distribution Compliance Test,easy,14B,V0,1,1,1,1,0,0,1,1,Kolmogorov-Smirnov Test,Kolmogorov-Smirnov Test,1.0,0.0,,0.0,1,1,0,1,0,0,0,1,partially_labeled,Kolmogorov-Smirnov Test=include
357,Correlation Analysis,easy,14B,V0,1,1,1,1,0,0,3,3,Pearson Correlation Coefficient|Spearman Correlation Coefficient|Kendall Correlation Coefficient,Pearson Correlation Coefficient|Spearman Correlation Coefficient|Kendall Correlation Coefficient,,,,1.0,0,0,0,3,0,0,3,0,narrative_only,
358,Distribution Compliance Test,easy,14B,V0,1,1,1,1,0,0,1,1,Kolmogorov-Smirnov Test,Kolmogorov-Smirnov Test,1.0,0.0,,0.0,1,1,0,1,0,0,0,1,partially_labeled,Kolmogorov-Smirnov Test=include
359,Variance Test,hard,14B,V0,1,1,1,1,0,0,2,2,Mood Variance Test|Levene Test,Mood Variance Test|Levene Test,1.0,0.0,0.0,0.0,4,2,2,2,0,0,0,4,fully_labeled,Mood Variance Test=include|Levene Test=include|Bartlett Test=exclude|F-Test for Variance=exclude
360,Contingency Table Test,easy,14B,V0,1,0,0,1,0,1,1,2,Chi-square Independence Test,Chi-square Independence Test|Fisher Exact Test,0.5,0.5,,0.0,2,2,0,1,1,0,0,1,partially_labeled,Chi-square Independence Test=include|Fisher Exact Test=include
361,Correlation Analysis,easy,14B,V0,1,1,1,1,0,0,3,3,Pearson Correlation Coefficient|Spearman Correlation Coefficient|Kendall Correlation Coefficient,Pearson Correlation Coefficient|Spearman Correlation Coefficient|Kendall Correlation Coefficient,,,,1.0,0,0,0,3,0,0,3,0,narrative_only,
362,Distribution Compliance Test,hard,14B,V0,1,0,0,1,1,0,4,3,Anderson-Darling Test|Shapiro-Wilk Test of Normality|Kolmogorov-Smirnov Test for Normality|Lilliefors Test,Anderson-Darling Test|Kolmogorov-Smirnov Test for Normality|Lilliefors Test,0.875,0.2,0.0,0.0,8,5,3,4,1,0,0,7,fully_labeled,Anderson-Darling Test=include|Shapiro-Wilk Test of Normality=include|Kolmogorov-Smirnov Test for Normality=include|Kolmogorov-Smirnov Test=include|Lilliefors Test=include|Kolmogorov-Smirnov Test for Uniform distribution=exclude|Kolmogorov-Smirnov Test for Gamma distribution=exclude|Kolmogorov-Smirnov Test for Exponential distribution=exclude
363,Variance Test,hard,14B,V0,1,1,1,1,0,0,2,2,Mood Variance Test|Levene Test,Mood Variance Test|Levene Test,1.0,0.0,0.0,0.0,4,2,2,2,0,0,0,4,fully_labeled,Mood Variance Test=include|Levene Test=include|Bartlett Test=exclude|F-Test for Variance=exclude
364,Variance Test,hard,14B,V0,1,1,1,1,0,0,2,2,Mood Variance Test|Levene Test,Mood Variance Test|Levene Test,,,,1.0,0,0,0,2,0,0,2,0,narrative_only,
365,Contingency Table Test,easy,14B,V0,1,1,1,1,0,0,2,2,Chi-square Independence Test|Fisher Exact Test,Chi-square Independence Test|Fisher Exact Test,1.0,0.0,,0.0,2,2,0,2,0,0,0,2,partially_labeled,Chi-square Independence Test=include|Fisher Exact Test=include
366,Correlation Analysis,easy,14B,V0,1,0,0,1,0,1,2,3,Spearman Correlation Coefficient|Kendall Correlation Coefficient,Pearson Correlation Coefficient|Spearman Correlation Coefficient|Kendall Correlation Coefficient,,,,1.0,0,0,0,2,0,0,2,0,narrative_only,
367,Distribution Compliance Test,hard,14B,V0,1,0,0,1,1,0,4,3,Anderson-Darling Test|Shapiro-Wilk Test of Normality|Kolmogorov-Smirnov Test for Normality|Lilliefors Test,Anderson-Darling Test|Shapiro-Wilk Test of Normality|Kolmogorov-Smirnov Test for Normality,0.8,0.2,,0.0,5,5,0,4,1,0,0,4,partially_labeled,Anderson-Darling Test=include|Shapiro-Wilk Test of Normality=include|Kolmogorov-Smirnov Test for Normality=include|Kolmogorov-Smirnov Test=include|Lilliefors Test=include
368,Distribution Compliance Test,hard,14B,V0,1,0,0,1,1,0,4,3,Anderson-Darling Test|Shapiro-Wilk Test of Normality|Kolmogorov-Smirnov Test for Normality|Lilliefors Test,Anderson-Darling Test|Kolmogorov-Smirnov Test for Normality|Lilliefors Test,0.8,0.2,,0.0,5,5,0,4,1,0,0,4,partially_labeled,Anderson-Darling Test=include|Shapiro-Wilk Test of Normality=include|Kolmogorov-Smirnov Test for Normality=include|Kolmogorov-Smirnov Test=include|Lilliefors Test=include
369,Variance Test,hard,14B,V0,1,1,1,1,0,0,2,2,Mood Variance Test|Levene Test,Mood Variance Test|Levene Test,,,,1.0,0,0,0,2,0,0,2,0,narrative_only,
370,Contingency Table Test,easy,14B,V0,1,1,1,1,0,0,2,2,Chi-square Independence Test|Fisher Exact Test,Chi-square Independence Test|Fisher Exact Test,1.0,0.0,,0.0,2,2,0,2,0,0,0,2,partially_labeled,Chi-square Independence Test=include|Fisher Exact Test=include
371,Distribution Compliance Test,hard,14B,V0,1,0,0,1,1,0,4,3,Anderson-Darling Test|Shapiro-Wilk Test of Normality|Kolmogorov-Smirnov Test for Normality|Lilliefors Test,Anderson-Darling Test|Shapiro-Wilk Test of Normality|Kolmogorov-Smirnov Test for Normality,0.8,0.2,,0.0,5,5,0,4,1,0,0,4,partially_labeled,Anderson-Darling Test=include|Shapiro-Wilk Test of Normality=include|Kolmogorov-Smirnov Test for Normality=include|Lilliefors Test=include|Kolmogorov-Smirnov Test=include
372,Distribution Compliance Test,hard,14B,V0,1,0,0,1,1,0,4,3,Anderson-Darling Test|Shapiro-Wilk Test of Normality|Kolmogorov-Smirnov Test for Normality|Lilliefors Test,Anderson-Darling Test|Kolmogorov-Smirnov Test for Normality|Lilliefors Test,0.875,0.2,0.0,0.0,8,5,3,4,1,0,0,7,fully_labeled,Anderson-Darling Test=include|Shapiro-Wilk Test of Normality=include|Kolmogorov-Smirnov Test for Normality=include|Kolmogorov-Smirnov Test=include|Lilliefors Test=include|Kolmogorov-Smirnov Test for Uniform distribution=exclude|Kolmogorov-Smirnov Test for Gamma distribution=exclude|Kolmogorov-Smirnov Test for Exponential distribution=exclude
373,Descriptive Statistics,easy,14B,V0,1,0,0,1,1,1,5,1,Anderson-Darling Test|Kolmogorov-Smirnov Test|Kolmogorov-Smirnov Test for Uniform distribution|Kolmogorov-Smirnov Test for Gamma distribution|Kolmogorov-Smirnov Test for Exponential distribution,Kurtosis,0.75,,0.25,0.8,4,0,4,5,0,1,4,3,partially_labeled,Shapiro-Wilk Test of Normality=exclude|Kolmogorov-Smirnov Test for Normality=exclude|Kolmogorov-Smirnov Test=exclude|Lilliefors Test=exclude
374,Contingency Table Test,easy,14B,V0,1,0,0,1,0,1,1,2,Chi-square Independence Test,Chi-square Independence Test|Fisher Exact Test,,,,1.0,0,0,0,1,0,0,1,0,narrative_only,
375,Distribution Compliance Test,hard,14B,V0,1,0,0,1,1,0,4,3,Anderson-Darling Test|Shapiro-Wilk Test of Normality|Kolmogorov-Smirnov Test for Normality|Lilliefors Test,Anderson-Darling Test|Kolmogorov-Smirnov Test for Normality|Lilliefors Test,0.875,0.2,0.0,0.0,8,5,3,4,1,0,0,7,fully_labeled,Anderson-Darling Test=include|Shapiro-Wilk Test of Normality=include|Kolmogorov-Smirnov Test for Normality=include|Kolmogorov-Smirnov Test=include|Lilliefors Test=include|Kolmogorov-Smirnov Test for Uniform distribution=exclude|Kolmogorov-Smirnov Test for Gamma distribution=exclude|Kolmogorov-Smirnov Test for Exponential distribution=exclude
376,Distribution Compliance Test,easy,14B,V0,1,0,0,1,1,1,4,1,Mood Variance Test|Levene Test|Bartlett Test|F-Test for Variance,Kolmogorov-Smirnov Test,,,,1.0,0,0,0,4,0,0,4,0,narrative_only,
377,Variance Test,hard,14B,V0,1,0,1,0,0,0,2,2,Mood Variance Test|Levene Test,Mood Variance Test|Levene Test,,,,1.0,0,0,0,2,0,0,2,0,narrative_only,
378,Distribution Compliance Test,easy,14B,V0,1,0,0,1,1,0,2,1,Anderson-Darling Test|Kolmogorov-Smirnov Test,Kolmogorov-Smirnov Test,0.75,0.0,0.3333333333333333,0.0,4,1,3,2,0,1,0,3,partially_labeled,Anderson-Darling Test=include|Shapiro-Wilk Test of Normality=exclude|Kolmogorov-Smirnov Test for Normality=exclude|Kolmogorov-Smirnov Test=exclude
379,Contingency Table Test,hard,14B,V0,1,1,1,1,0,0,1,1,Chi-square Independence Test,Chi-square Independence Test,0.5,0.5,,0.0,2,2,0,1,1,0,0,1,partially_labeled,Chi-square Independence Test=include|Fisher Exact Test=include
380,Distribution Compliance Test,hard,14B,V0,1,0,0,1,1,0,4,3,Anderson-Darling Test|Shapiro-Wilk Test of Normality|Kolmogorov-Smirnov Test for Normality|Lilliefors Test,Anderson-Darling Test|Kolmogorov-Smirnov Test for Normality|Lilliefors Test,0.875,0.2,0.0,0.0,8,5,3,4,1,0,0,7,fully_labeled,Anderson-Darling Test=include|Shapiro-Wilk Test of Normality=include|Kolmogorov-Smirnov Test for Normality=include|Kolmogorov-Smirnov Test=include|Lilliefors Test=include|Kolmogorov-Smirnov Test for Uniform distribution=exclude|Kolmogorov-Smirnov Test for Gamma distribution=exclude|Kolmogorov-Smirnov Test for Exponential distribution=exclude
381,Distribution Compliance Test,hard,14B,V0,1,0,0,1,1,0,4,3,Anderson-Darling Test|Shapiro-Wilk Test of Normality|Kolmogorov-Smirnov Test for Normality|Lilliefors Test,Anderson-Darling Test|Kolmogorov-Smirnov Test for Normality|Lilliefors Test,0.8,0.2,,0.0,5,5,0,4,1,0,0,4,fully_labeled,Anderson-Darling Test=include|Shapiro-Wilk Test of Normality=include|Kolmogorov-Smirnov Test for Normality=include|Kolmogorov-Smirnov Test=include|Lilliefors Test=include
382,Distribution Compliance Test,hard,14B,V0,1,0,0,1,1,0,4,3,Anderson-Darling Test|Shapiro-Wilk Test of Normality|Kolmogorov-Smirnov Test for Normality|Lilliefors Test,Anderson-Darling Test|Kolmogorov-Smirnov Test for Normality|Lilliefors Test,0.875,0.2,0.0,0.0,8,5,3,4,1,0,0,7,fully_labeled,Anderson-Darling Test=include|Shapiro-Wilk Test of Normality=include|Kolmogorov-Smirnov Test for Normality=include|Kolmogorov-Smirnov Test=include|Lilliefors Test=include|Kolmogorov-Smirnov Test for Uniform distribution=exclude|Kolmogorov-Smirnov Test for Gamma distribution=exclude|Kolmogorov-Smirnov Test for Exponential distribution=exclude
383,Variance Test,hard,14B,V0,1,1,1,1,0,0,2,2,Mood Variance Test|Levene Test,Mood Variance Test|Levene Test,0.5,0.5,,0.0,4,4,0,2,2,0,0,2,fully_labeled,Mood Variance Test=include|Levene Test=include|Bartlett Test=include|F-Test for Variance=include
384,Variance Test,hard,14B,V0,1,1,1,1,0,0,2,2,Mood Variance Test|Levene Test,Mood Variance Test|Levene Test,,,,1.0,0,0,0,2,0,0,2,0,narrative_only,
385,Contingency Table Test,hard,14B,V0,1,1,1,1,0,0,1,1,Chi-square Independence Test,Chi-square Independence Test,0.6666666666666666,0.5,0.0,0.0,3,2,1,1,1,0,0,2,fully_labeled,Chi-square Independence Test=include|Fisher Exact Test=include|Mantel-Haenszel Test=exclude
386,Variance Test,hard,14B,V0,1,1,1,1,0,0,2,2,Mood Variance Test|Levene Test,Mood Variance Test|Levene Test,,,,1.0,0,0,0,2,0,0,2,0,narrative_only,
387,Contingency Table Test,hard,14B,V0,1,1,1,1,0,0,1,1,Chi-square Independence Test,Chi-square Independence Test,0.6666666666666666,0.5,0.0,0.0,3,2,1,1,1,0,0,2,fully_labeled,Chi-square Independence Test=include|Fisher Exact Test=include|Mantel-Haenszel Test=exclude
388,Correlation Analysis,easy,14B,V0,1,0,0,1,0,1,2,3,Spearman Correlation Coefficient|Kendall Correlation Coefficient,Pearson Correlation Coefficient|Spearman Correlation Coefficient|Kendall Correlation Coefficient,1.0,,0.0,1.0,1,0,1,2,0,0,2,1,partially_labeled,Median=exclude
389,Distribution Compliance Test,hard,14B,V0,1,0,0,1,1,0,4,3,Anderson-Darling Test|Shapiro-Wilk Test of Normality|Kolmogorov-Smirnov Test for Normality|Lilliefors Test,Anderson-Darling Test|Shapiro-Wilk Test of Normality|Kolmogorov-Smirnov Test for Normality,0.8571428571428571,0.3333333333333333,0.0,0.5,7,3,4,4,1,0,2,6,partially_labeled,Anderson-Darling Test=include|Mode=include|Shapiro-Wilk Test of Normality=include|Kolmogorov-Smirnov Test=exclude|Kolmogorov-Smirnov Test for Uniform distribution=exclude|Kolmogorov-Smirnov Test for Gamma distribution=exclude|Kolmogorov-Smirnov Test for Exponential distribution=exclude
390,Contingency Table Test,easy,14B,V0,1,0,0,1,0,1,1,2,Chi-square Independence Test,Chi-square Independence Test|Fisher Exact Test,0.5,0.5,,0.0,2,2,0,1,1,0,0,1,partially_labeled,Chi-square Independence Test=include|Fisher Exact Test=include
391,Distribution Compliance Test,hard,14B,V0,1,0,0,1,1,0,4,3,Anderson-Darling Test|Shapiro-Wilk Test of Normality|Kolmogorov-Smirnov Test for Normality|Lilliefors Test,Anderson-Darling Test|Kolmogorov-Smirnov Test for Normality|Lilliefors Test,0.8,0.2,,0.0,5,5,0,4,1,0,0,4,partially_labeled,Anderson-Darling Test=include|Shapiro-Wilk Test of Normality=include|Kolmogorov-Smirnov Test for Normality=include|Kolmogorov-Smirnov Test=include|Lilliefors Test=include
392,Contingency Table Test,easy,14B,V0,1,0,0,1,0,1,1,2,Chi-square Independence Test,Chi-square Independence Test|Fisher Exact Test,0.5,0.5,,0.0,2,2,0,1,1,0,0,1,partially_labeled,Chi-square Independence Test=include|Fisher Exact Test=include
393,Distribution Compliance Test,hard,14B,V0,1,0,0,1,1,0,4,3,Anderson-Darling Test|Shapiro-Wilk Test of Normality|Kolmogorov-Smirnov Test for Normality|Lilliefors Test,Anderson-Darling Test|Shapiro-Wilk Test of Normality|Kolmogorov-Smirnov Test for Normality,0.6666666666666666,0.3333333333333333,,0.0,6,6,0,4,2,0,0,4,partially_labeled,Anderson-Darling Test=include|Shapiro-Wilk Test of Normality=include|Kolmogorov-Smirnov Test for Normality=include|Kolmogorov-Smirnov Test=include|Lilliefors Test=include|Mean=include
394,Distribution Compliance Test,hard,14B,V0,1,0,0,1,1,0,4,3,Anderson-Darling Test|Shapiro-Wilk Test of Normality|Kolmogorov-Smirnov Test for Normality|Lilliefors Test,Anderson-Darling Test|Kolmogorov-Smirnov Test for Normality|Lilliefors Test,0.875,0.2,0.0,0.0,8,5,3,4,1,0,0,7,fully_labeled,Anderson-Darling Test=include|Shapiro-Wilk Test of Normality=include|Kolmogorov-Smirnov Test for Normality=include|Kolmogorov-Smirnov Test=include|Lilliefors Test=include|Kolmogorov-Smirnov Test for Uniform distribution=exclude|Kolmogorov-Smirnov Test for Gamma distribution=exclude|Kolmogorov-Smirnov Test for Exponential distribution=exclude
395,Distribution Compliance Test,hard,14B,V0,1,0,0,1,1,0,4,3,Anderson-Darling Test|Shapiro-Wilk Test of Normality|Kolmogorov-Smirnov Test for Normality|Lilliefors Test,Anderson-Darling Test|Shapiro-Wilk Test of Normality|Kolmogorov-Smirnov Test for Normality,0.8,0.2,,0.0,5,5,0,4,1,0,0,4,partially_labeled,Anderson-Darling Test=include|Shapiro-Wilk Test of Normality=include|Kolmogorov-Smirnov Test for Normality=include|Kolmogorov-Smirnov Test=include|Lilliefors Test=include
396,Distribution Compliance Test,hard,14B,V0,1,0,0,1,1,0,4,3,Anderson-Darling Test|Shapiro-Wilk Test of Normality|Kolmogorov-Smirnov Test for Normality|Lilliefors Test,Anderson-Darling Test|Kolmogorov-Smirnov Test for Normality|Lilliefors Test,0.75,0.25,,0.25,4,4,0,4,1,0,1,3,partially_labeled,Anderson-Darling Test=include|Shapiro-Wilk Test of Normality=include|Kolmogorov-Smirnov Test for Normality=include|Kolmogorov-Smirnov Test=include
397,Variance Test,hard,14B,V0,1,0,0,1,1,0,4,2,Mood Variance Test|Levene Test|Bartlett Test|F-Test for Variance,Mood Variance Test|Levene Test,1.0,0.0,,0.0,4,4,0,4,0,0,0,4,fully_labeled,Mood Variance Test=include|Levene Test=include|Bartlett Test=include|F-Test for Variance=include
