row_id,task,difficulty,model,variant,valid,overall_correct,methods_correct,columns_correct,over_selection,under_selection,n_pred_methods,n_gt_methods,pred_methods,gt_methods,ssc,drop_rate,add_rate_in,add_rate_out,n_summary,n_summary_applicable,n_summary_notapplicable,n_final_methods,n_dropped,n_added_in,n_added_out,n_consistent,label_clarity_auto,verdicts
0,Variance Test,hard,14B,V2,1,0,0,1,1,0,4,2,Mood Variance Test|Levene Test|Bartlett Test|F-Test for Variance,Mood Variance Test|Levene Test,1.0,0.0,,0.0,4,4,0,4,0,0,0,4,fully_labeled,Mood Variance Test=include|Levene Test=include|Bartlett Test=include|F-Test for Variance=include
1,Variance Test,easy,14B,V2,1,1,1,1,0,0,4,4,Mood Variance Test|Levene Test|Bartlett Test|F-Test for Variance,Mood Variance Test|Levene Test|Bartlett Test|F-Test for Variance,1.0,0.0,,0.0,4,4,0,4,0,0,0,4,fully_labeled,Mood Variance Test=include|Levene Test=include|Bartlett Test=include|F-Test for Variance=include
2,Distribution Compliance Test,easy,14B,V2,1,1,1,1,0,0,1,1,Kolmogorov-Smirnov Test,Kolmogorov-Smirnov Test,1.0,0.0,0.0,0.0,8,1,7,1,0,0,0,8,fully_labeled,Anderson-Darling Test=exclude|Shapiro-Wilk Test of Normality=exclude|Kolmogorov-Smirnov Test for Normality=exclude|Kolmogorov-Smirnov Test=include|Lilliefors Test=exclude|Kolmogorov-Smirnov Test for Uniform distribution=exclude|Kolmogorov-Smirnov Test for Gamma distribution=exclude|Kolmogorov-Smirnov Test for Exponential distribution=exclude
3,Distribution Compliance Test,hard,14B,V2,1,0,0,1,1,0,4,3,Anderson-Darling Test|Shapiro-Wilk Test of Normality|Kolmogorov-Smirnov Test for Normality|Lilliefors Test,Anderson-Darling Test|Kolmogorov-Smirnov Test for Normality|Lilliefors Test,1.0,0.0,0.0,0.0,8,4,4,4,0,0,0,8,fully_labeled,Anderson-Darling Test=include|Shapiro-Wilk Test of Normality=include|Kolmogorov-Smirnov Test for Normality=include|Kolmogorov-Smirnov Test=exclude|Lilliefors Test=include|Kolmogorov-Smirnov Test for Uniform distribution=exclude|Kolmogorov-Smirnov Test for Gamma distribution=exclude|Kolmogorov-Smirnov Test for Exponential distribution=exclude
4,Distribution Compliance Test,hard,14B,V2,1,0,0,1,1,0,4,3,Anderson-Darling Test|Shapiro-Wilk Test of Normality|Kolmogorov-Smirnov Test for Normality|Lilliefors Test,Anderson-Darling Test|Shapiro-Wilk Test of Normality|Kolmogorov-Smirnov Test for Normality,0.8,0.2,,0.0,5,5,0,4,1,0,0,4,fully_labeled,Anderson-Darling Test=include|Shapiro-Wilk Test of Normality=include|Kolmogorov-Smirnov Test for Normality=include|Kolmogorov-Smirnov Test=include|Lilliefors Test=include
5,Descriptive Statistics,easy,14B,V2,1,0,0,1,1,1,3,1,Levene Test|Bartlett Test|F-Test for Variance,Range,1.0,0.0,0.0,0.0,4,3,1,3,0,0,0,4,fully_labeled,Mood Variance Test=exclude|Levene Test=include|Bartlett Test=include|F-Test for Variance=include
6,Variance Test,hard,14B,V2,1,0,0,1,1,0,4,2,Mood Variance Test|Levene Test|Bartlett Test|F-Test for Variance,Mood Variance Test|Levene Test,1.0,0.0,,0.0,4,4,0,4,0,0,0,4,fully_labeled,Mood Variance Test=include|Levene Test=include|Bartlett Test=include|F-Test for Variance=include
7,Contingency Table Test,hard,14B,V2,1,0,0,1,1,0,2,1,Chi-square Independence Test|Fisher Exact Test,Chi-square Independence Test,1.0,0.0,0.0,0.0,3,2,1,2,0,0,0,3,fully_labeled,Chi-square Independence Test=include|Fisher Exact Test=include|Mantel-Haenszel Test=exclude
8,Variance Test,hard,14B,V2,1,0,0,1,1,0,4,2,Mood Variance Test|Levene Test|Bartlett Test|F-Test for Variance,Mood Variance Test|Levene Test,1.0,0.0,,0.0,4,4,0,4,0,0,0,4,fully_labeled,Mood Variance Test=include|Levene Test=include|Bartlett Test=include|F-Test for Variance=include
9,Distribution Compliance Test,hard,14B,V2,1,0,0,1,1,0,4,3,Anderson-Darling Test|Shapiro-Wilk Test of Normality|Kolmogorov-Smirnov Test for Normality|Lilliefors Test,Anderson-Darling Test|Kolmogorov-Smirnov Test for Normality|Lilliefors Test,1.0,0.0,0.0,0.0,8,4,4,4,0,0,0,8,fully_labeled,Anderson-Darling Test=include|Shapiro-Wilk Test of Normality=include|Kolmogorov-Smirnov Test for Normality=include|Kolmogorov-Smirnov Test=exclude|Lilliefors Test=include|Kolmogorov-Smirnov Test for Uniform distribution=exclude|Kolmogorov-Smirnov Test for Gamma distribution=exclude|Kolmogorov-Smirnov Test for Exponential distribution=exclude
10,Correlation Analysis,easy,14B,V2,1,1,1,1,0,0,3,3,Pearson Correlation Coefficient|Spearman Correlation Coefficient|Kendall Correlation Coefficient,Pearson Correlation Coefficient|Spearman Correlation Coefficient|Kendall Correlation Coefficient,1.0,0.0,0.0,0.0,4,3,1,3,0,0,0,4,fully_labeled,Pearson Correlation Coefficient=include|Spearman Correlation Coefficient=include|Kendall Correlation Coefficient=include|Partial Correlation Coefficient=exclude
11,Variance Test,hard,14B,V2,1,0,0,1,1,0,4,2,Mood Variance Test|Levene Test|Bartlett Test|F-Test for Variance,Mood Variance Test|Levene Test,1.0,0.0,,0.0,4,4,0,4,0,0,0,4,fully_labeled,Mood Variance Test=include|Levene Test=include|Bartlett Test=include|F-Test for Variance=include
12,Distribution Compliance Test,easy,14B,V2,1,1,1,1,0,0,1,1,Kolmogorov-Smirnov Test,Kolmogorov-Smirnov Test,1.0,0.0,0.0,0.0,8,1,7,1,0,0,0,8,fully_labeled,Anderson-Darling Test=exclude|Shapiro-Wilk Test of Normality=exclude|Kolmogorov-Smirnov Test=include|Kolmogorov-Smirnov Test for Normality=exclude|Lilliefors Test=exclude|Kolmogorov-Smirnov Test for Uniform distribution=exclude|Kolmogorov-Smirnov Test for Gamma distribution=exclude|Kolmogorov-Smirnov Test for Exponential distribution=exclude
13,Contingency Table Test,hard,14B,V2,1,0,0,1,1,0,2,1,Chi-square Independence Test|Fisher Exact Test,Chi-square Independence Test,1.0,0.0,0.0,0.0,3,2,1,2,0,0,0,3,fully_labeled,Chi-square Independence Test=include|Fisher Exact Test=include|Mantel-Haenszel Test=exclude
14,Contingency Table Test,easy,14B,V2,1,1,1,1,0,0,2,2,Chi-square Independence Test|Fisher Exact Test,Chi-square Independence Test|Fisher Exact Test,1.0,0.0,0.0,0.0,3,2,1,2,0,0,0,3,fully_labeled,Chi-square Independence Test=include|Mantel-Haenszel Test=exclude|Fisher Exact Test=include
15,Contingency Table Test,hard,14B,V2,1,0,0,1,1,0,2,1,Chi-square Independence Test|Fisher Exact Test,Chi-square Independence Test,1.0,0.0,0.0,0.0,3,2,1,2,0,0,0,3,fully_labeled,Chi-square Independence Test=include|Fisher Exact Test=include|Mantel-Haenszel Test=exclude
16,Contingency Table Test,hard,14B,V2,1,0,0,1,1,0,2,1,Chi-square Independence Test|Fisher Exact Test,Chi-square Independence Test,1.0,0.0,0.0,0.0,3,2,1,2,0,0,0,3,fully_labeled,Chi-square Independence Test=include|Fisher Exact Test=include|Mantel-Haenszel Test=exclude
17,Distribution Compliance Test,easy,14B,V2,1,0,0,1,1,0,2,1,Anderson-Darling Test|Kolmogorov-Smirnov Test,Kolmogorov-Smirnov Test,1.0,0.0,0.0,0.0,8,2,6,2,0,0,0,8,fully_labeled,Anderson-Darling Test=include|Shapiro-Wilk Test of Normality=exclude|Kolmogorov-Smirnov Test for Normality=exclude|Kolmogorov-Smirnov Test=include|Lilliefors Test=exclude|Kolmogorov-Smirnov Test for Uniform distribution=exclude|Kolmogorov-Smirnov Test for Gamma distribution=exclude|Kolmogorov-Smirnov Test for Exponential distribution=exclude
18,Variance Test,hard,14B,V2,1,0,1,0,0,0,2,2,Mood Variance Test|Levene Test,Mood Variance Test|Levene Test,1.0,0.0,0.0,0.0,5,2,3,2,0,0,0,5,fully_labeled,Mood Variance Test=include|Levene Test=include|Median=exclude|Bartlett Test=exclude|F-Test for Variance=exclude
19,Variance Test,hard,14B,V2,1,0,0,1,1,0,4,2,Mood Variance Test|Levene Test|Bartlett Test|F-Test for Variance,Mood Variance Test|Levene Test,1.0,0.0,,0.0,4,4,0,4,0,0,0,4,fully_labeled,Mood Variance Test=include|Levene Test=include|Bartlett Test=include|F-Test for Variance=include
20,Variance Test,hard,14B,V2,1,1,1,1,0,0,2,2,Mood Variance Test|Levene Test,Mood Variance Test|Levene Test,1.0,0.0,0.0,0.0,4,2,2,2,0,0,0,4,fully_labeled,Mood Variance Test=include|Levene Test=include|Bartlett Test=exclude|F-Test for Variance=exclude
21,Distribution Compliance Test,easy,14B,V2,1,1,1,1,0,0,1,1,Kolmogorov-Smirnov Test,Kolmogorov-Smirnov Test,1.0,0.0,0.0,0.0,8,1,7,1,0,0,0,8,fully_labeled,Anderson-Darling Test=exclude|Shapiro-Wilk Test of Normality=exclude|Kolmogorov-Smirnov Test for Normality=exclude|Kolmogorov-Smirnov Test=include|Lilliefors Test=exclude|Kolmogorov-Smirnov Test for Uniform distribution=exclude|Kolmogorov-Smirnov Test for Gamma distribution=exclude|Kolmogorov-Smirnov Test for Exponential distribution=exclude
22,Variance Test,easy,14B,V2,1,1,1,1,0,0,4,4,Mood Variance Test|Levene Test|Bartlett Test|F-Test for Variance,Mood Variance Test|Levene Test|Bartlett Test|F-Test for Variance,1.0,0.0,,0.0,4,4,0,4,0,0,0,4,fully_labeled,Mood Variance Test=include|Levene Test=include|Bartlett Test=include|F-Test for Variance=include
23,Correlation Analysis,hard,14B,V2,1,0,0,1,1,0,3,1,Pearson Correlation Coefficient|Spearman Correlation Coefficient|Kendall Correlation Coefficient,Kendall Correlation Coefficient,1.0,0.0,0.0,0.0,4,3,1,3,0,0,0,4,fully_labeled,Pearson Correlation Coefficient=include|Spearman Correlation Coefficient=include|Kendall Correlation Coefficient=include|Partial Correlation Coefficient=exclude
24,Variance Test,hard,14B,V2,1,0,0,1,1,0,4,2,Mood Variance Test|Levene Test|Bartlett Test|F-Test for Variance,Mood Variance Test|Levene Test,1.0,0.0,,0.0,4,4,0,4,0,0,0,4,fully_labeled,Mood Variance Test=include|Levene Test=include|Bartlett Test=include|F-Test for Variance=include
25,Correlation Analysis,easy,14B,V2,1,0,0,1,0,1,2,3,Spearman Correlation Coefficient|Kendall Correlation Coefficient,Pearson Correlation Coefficient|Spearman Correlation Coefficient|Kendall Correlation Coefficient,1.0,0.0,0.0,0.0,4,2,2,2,0,0,0,4,fully_labeled,Pearson Correlation Coefficient=exclude|Spearman Correlation Coefficient=include|Kendall Correlation Coefficient=include|Partial Correlation Coefficient=exclude
26,Contingency Table Test,easy,14B,V2,1,1,1,1,0,0,2,2,Chi-square Independence Test|Fisher Exact Test,Chi-square Independence Test|Fisher Exact Test,1.0,0.0,0.0,0.0,3,2,1,2,0,0,0,3,fully_labeled,Chi-square Independence Test=include|Fisher Exact Test=include|Mantel-Haenszel Test=exclude
27,Variance Test,easy,14B,V2,1,0,0,1,0,1,2,4,Mood Variance Test|Levene Test,Mood Variance Test|Levene Test|Bartlett Test|F-Test for Variance,1.0,0.0,0.0,0.0,4,2,2,2,0,0,0,4,fully_labeled,Mood Variance Test=include|Levene Test=include|Bartlett Test=exclude|F-Test for Variance=exclude
28,Variance Test,hard,14B,V2,1,0,0,1,1,0,4,2,Mood Variance Test|Levene Test|Bartlett Test|F-Test for Variance,Mood Variance Test|Levene Test,1.0,0.0,,0.0,4,4,0,4,0,0,0,4,fully_labeled,Mood Variance Test=include|Levene Test=include|Bartlett Test=include|F-Test for Variance=include
29,Distribution Compliance Test,easy,14B,V2,1,0,0,1,1,1,4,1,Mood Variance Test|Levene Test|Bartlett Test|F-Test for Variance,Kolmogorov-Smirnov Test,1.0,0.0,,0.0,4,4,0,4,0,0,0,4,fully_labeled,Mood Variance Test=include|Levene Test=include|Bartlett Test=include|F-Test for Variance=include
30,Variance Test,hard,14B,V2,1,1,1,1,0,0,2,2,Mood Variance Test|Levene Test,Mood Variance Test|Levene Test,1.0,0.0,0.0,0.0,4,2,2,2,0,0,0,4,fully_labeled,Mood Variance Test=include|Levene Test=include|Bartlett Test=exclude|F-Test for Variance=exclude
31,Contingency Table Test,hard,14B,V2,1,0,0,1,1,0,2,1,Chi-square Independence Test|Fisher Exact Test,Fisher Exact Test,1.0,0.0,0.0,0.0,3,2,1,2,0,0,0,3,fully_labeled,Chi-square Independence Test=include|Fisher Exact Test=include|Mantel-Haenszel Test=exclude
32,Variance Test,hard,14B,V2,1,0,0,1,1,0,4,2,Mood Variance Test|Levene Test|Bartlett Test|F-Test for Variance,Mood Variance Test|Levene Test,1.0,0.0,,0.0,4,4,0,4,0,0,0,4,fully_labeled,Mood Variance Test=include|Levene Test=include|Bartlett Test=include|F-Test for Variance=include
33,Distribution Compliance Test,hard,14B,V2,1,0,0,1,1,1,3,3,Anderson-Darling Test|Shapiro-Wilk Test of Normality|Lilliefors Test,Anderson-Darling Test|Kolmogorov-Smirnov Test for Normality|Lilliefors Test,0.875,0.25,0.0,0.0,8,4,4,3,1,0,0,7,fully_labeled,Anderson-Darling Test=include|Shapiro-Wilk Test of Normality=include|Kolmogorov-Smirnov Test for Normality=include|Kolmogorov-Smirnov Test=exclude|Lilliefors Test=include|Kolmogorov-Smirnov Test for Uniform distribution=exclude|Kolmogorov-Smirnov Test for Gamma distribution=exclude|Kolmogorov-Smirnov Test for Exponential distribution=exclude
34,Distribution Compliance Test,hard,14B,V2,1,0,0,1,1,0,4,3,Anderson-Darling Test|Shapiro-Wilk Test of Normality|Kolmogorov-Smirnov Test for Normality|Lilliefors Test,Anderson-Darling Test|Kolmogorov-Smirnov Test for Normality|Lilliefors Test,1.0,0.0,0.0,0.0,8,4,4,4,0,0,0,8,fully_labeled,Anderson-Darling Test=include|Shapiro-Wilk Test of Normality=include|Kolmogorov-Smirnov Test for Normality=include|Kolmogorov-Smirnov Test=exclude|Lilliefors Test=include|Kolmogorov-Smirnov Test for Uniform distribution=exclude|Kolmogorov-Smirnov Test for Gamma distribution=exclude|Kolmogorov-Smirnov Test for Exponential distribution=exclude
35,Variance Test,hard,14B,V2,1,0,0,1,0,1,1,2,Levene Test,Mood Variance Test|Levene Test,1.0,0.0,0.0,0.0,5,1,4,1,0,0,0,5,fully_labeled,Mood Variance Test=exclude|Levene Test=include|Median=exclude|Bartlett Test=exclude|F-Test for Variance=exclude
36,Variance Test,hard,14B,V2,1,1,1,1,0,0,2,2,Mood Variance Test|Levene Test,Mood Variance Test|Levene Test,1.0,0.0,0.0,0.0,4,2,2,2,0,0,0,4,fully_labeled,Mood Variance Test=include|Levene Test=include|Bartlett Test=exclude|F-Test for Variance=exclude
37,Distribution Compliance Test,hard,14B,V2,1,0,0,1,1,0,4,3,Anderson-Darling Test|Shapiro-Wilk Test of Normality|Kolmogorov-Smirnov Test for Normality|Lilliefors Test,Anderson-Darling Test|Shapiro-Wilk Test of Normality|Kolmogorov-Smirnov Test for Normality,1.0,0.0,0.0,0.0,8,4,4,4,0,0,0,8,fully_labeled,Anderson-Darling Test=include|Shapiro-Wilk Test of Normality=include|Kolmogorov-Smirnov Test for Normality=include|Kolmogorov-Smirnov Test=exclude|Lilliefors Test=include|Kolmogorov-Smirnov Test for Uniform distribution=exclude|Kolmogorov-Smirnov Test for Gamma distribution=exclude|Kolmogorov-Smirnov Test for Exponential distribution=exclude
38,Variance Test,hard,14B,V2,1,0,0,1,1,0,4,2,Mood Variance Test|Levene Test|Bartlett Test|F-Test for Variance,Mood Variance Test|Levene Test,1.0,0.0,,0.0,4,4,0,4,0,0,0,4,fully_labeled,Mood Variance Test=include|Levene Test=include|Bartlett Test=include|F-Test for Variance=include
39,Distribution Compliance Test,hard,14B,V2,1,0,0,1,1,0,4,3,Anderson-Darling Test|Shapiro-Wilk Test of Normality|Kolmogorov-Smirnov Test for Normality|Lilliefors Test,Anderson-Darling Test|Kolmogorov-Smirnov Test for Normality|Lilliefors Test,0.8888888888888888,0.2,0.0,0.0,9,5,4,4,1,0,0,8,fully_labeled,Anderson-Darling Test=include|Shapiro-Wilk Test of Normality=include|Kolmogorov-Smirnov Test for Normality=include|Kolmogorov-Smirnov Test=exclude|Lilliefors Test=include|Mean=include|Kolmogorov-Smirnov Test for Uniform distribution=exclude|Kolmogorov-Smirnov Test for Gamma distribution=exclude|Kolmogorov-Smirnov Test for Exponential distribution=exclude
40,Variance Test,hard,14B,V2,1,0,0,1,1,0,4,2,Mood Variance Test|Levene Test|Bartlett Test|F-Test for Variance,Mood Variance Test|Levene Test,1.0,0.0,,0.0,4,4,0,4,0,0,0,4,fully_labeled,Mood Variance Test=include|Levene Test=include|Bartlett Test=include|F-Test for Variance=include
41,Variance Test,hard,14B,V2,1,1,1,1,0,0,2,2,Mood Variance Test|Levene Test,Mood Variance Test|Levene Test,1.0,0.0,0.0,0.0,4,2,2,2,0,0,0,4,fully_labeled,Mood Variance Test=include|Levene Test=include|Bartlett Test=exclude|F-Test for Variance=exclude
42,Descriptive Statistics,easy,14B,V2,1,1,1,1,0,0,1,1,Skewness,Skewness,1.0,0.0,0.0,0.0,8,1,7,1,0,0,0,8,fully_labeled,Mean=exclude|Skewness=include|Median=exclude|Mode=exclude|Range=exclude|Quartile=exclude|Standard Deviation=exclude|Kurtosis=exclude
43,Distribution Compliance Test,hard,14B,V2,1,0,0,1,1,1,3,3,Shapiro-Wilk Test of Normality|Kolmogorov-Smirnov Test for Normality|Lilliefors Test,Anderson-Darling Test|Shapiro-Wilk Test of Normality|Kolmogorov-Smirnov Test for Normality,0.6,0.4,,0.0,5,5,0,3,2,0,0,3,fully_labeled,Shapiro-Wilk Test of Normality=include|Kolmogorov-Smirnov Test for Normality=include|Kolmogorov-Smirnov Test=include|Lilliefors Test=include|Mean=include
44,Distribution Compliance Test,hard,14B,V2,1,0,0,1,1,0,4,3,Anderson-Darling Test|Shapiro-Wilk Test of Normality|Lilliefors Test|Kolmogorov-Smirnov Test for Normality,Anderson-Darling Test|Kolmogorov-Smirnov Test for Normality|Lilliefors Test,0.8888888888888888,0.2,0.0,0.0,9,5,4,4,1,0,0,8,fully_labeled,Mean=include|Anderson-Darling Test=include|Shapiro-Wilk Test of Normality=include|Kolmogorov-Smirnov Test for Normality=include|Kolmogorov-Smirnov Test=exclude|Lilliefors Test=include|Kolmogorov-Smirnov Test for Uniform distribution=exclude|Kolmogorov-Smirnov Test for Gamma distribution=exclude|Kolmogorov-Smirnov Test for Exponential distribution=exclude
45,Variance Test,hard,14B,V2,1,0,0,1,1,0,4,2,Mood Variance Test|Levene Test|Bartlett Test|F-Test for Variance,Mood Variance Test|Levene Test,1.0,0.0,,0.0,4,4,0,4,0,0,0,4,fully_labeled,Mood Variance Test=include|Levene Test=include|Bartlett Test=include|F-Test for Variance=include
46,Distribution Compliance Test,hard,14B,V2,1,0,0,1,1,0,4,3,Anderson-Darling Test|Shapiro-Wilk Test of Normality|Kolmogorov-Smirnov Test for Normality|Lilliefors Test,Anderson-Darling Test|Kolmogorov-Smirnov Test for Normality|Lilliefors Test,0.8888888888888888,0.2,0.0,0.0,9,5,4,4,1,0,0,8,fully_labeled,Anderson-Darling Test=include|Shapiro-Wilk Test of Normality=include|Kolmogorov-Smirnov Test for Normality=include|Kolmogorov-Smirnov Test=exclude|Lilliefors Test=include|Mean=include|Kolmogorov-Smirnov Test for Uniform distribution=exclude|Kolmogorov-Smirnov Test for Gamma distribution=exclude|Kolmogorov-Smirnov Test for Exponential distribution=exclude
47,Distribution Compliance Test,easy,14B,V2,1,0,0,1,1,1,1,1,Pearson Correlation Coefficient,Kolmogorov-Smirnov Test,1.0,0.0,,0.0,1,1,0,1,0,0,0,1,partially_labeled,Pearson Correlation Coefficient=include
48,Descriptive Statistics,easy,14B,V2,1,0,0,1,1,0,4,1,Skewness|Shapiro-Wilk Test of Normality|Anderson-Darling Test|Kolmogorov-Smirnov Test for Normality,Skewness,0.8,0.2,,0.0,5,5,0,4,1,0,0,4,fully_labeled,Skewness=include|Shapiro-Wilk Test of Normality=include|Anderson-Darling Test=include|Kolmogorov-Smirnov Test for Normality=include|Kolmogorov-Smirnov Test=include
49,Variance Test,easy,14B,V2,1,1,1,1,0,0,4,4,Mood Variance Test|Levene Test|Bartlett Test|F-Test for Variance,Mood Variance Test|Levene Test|Bartlett Test|F-Test for Variance,1.0,0.0,,0.0,4,4,0,4,0,0,0,4,fully_labeled,Mood Variance Test=include|Levene Test=include|Bartlett Test=include|F-Test for Variance=include
50,Variance Test,easy,14B,V2,1,0,0,1,1,1,3,4,Pearson Correlation Coefficient|Spearman Correlation Coefficient|Kendall Correlation Coefficient,Mood Variance Test|Levene Test|Bartlett Test|F-Test for Variance,1.0,0.0,0.0,0.0,4,3,1,3,0,0,0,4,fully_labeled,Pearson Correlation Coefficient=include|Spearman Correlation Coefficient=include|Kendall Correlation Coefficient=include|Partial Correlation Coefficient=exclude
51,Correlation Analysis,easy,14B,V2,1,1,1,1,0,0,3,3,Pearson Correlation Coefficient|Spearman Correlation Coefficient|Kendall Correlation Coefficient,Pearson Correlation Coefficient|Spearman Correlation Coefficient|Kendall Correlation Coefficient,1.0,0.0,0.0,0.0,4,3,1,3,0,0,0,4,fully_labeled,Pearson Correlation Coefficient=include|Spearman Correlation Coefficient=include|Kendall Correlation Coefficient=include|Partial Correlation Coefficient=exclude
52,Distribution Compliance Test,easy,14B,V2,1,1,1,1,0,0,1,1,Kolmogorov-Smirnov Test,Kolmogorov-Smirnov Test,1.0,0.0,0.0,0.0,8,1,7,1,0,0,0,8,fully_labeled,Anderson-Darling Test=exclude|Shapiro-Wilk Test of Normality=exclude|Kolmogorov-Smirnov Test for Normality=exclude|Kolmogorov-Smirnov Test=include|Lilliefors Test=exclude|Kolmogorov-Smirnov Test for Uniform distribution=exclude|Kolmogorov-Smirnov Test for Gamma distribution=exclude|Kolmogorov-Smirnov Test for Exponential distribution=exclude
53,Variance Test,hard,14B,V2,1,0,0,1,1,0,4,2,Mood Variance Test|Levene Test|Bartlett Test|F-Test for Variance,Mood Variance Test|Levene Test,1.0,0.0,,0.0,4,4,0,4,0,0,0,4,fully_labeled,Mood Variance Test=include|Levene Test=include|Bartlett Test=include|F-Test for Variance=include
54,Distribution Compliance Test,hard,14B,V2,1,0,0,1,1,0,4,3,Anderson-Darling Test|Shapiro-Wilk Test of Normality|Kolmogorov-Smirnov Test for Normality|Lilliefors Test,Anderson-Darling Test|Kolmogorov-Smirnov Test for Normality|Lilliefors Test,0.7777777777777778,0.3333333333333333,0.0,0.0,9,6,3,4,2,0,0,7,fully_labeled,Anderson-Darling Test=include|Shapiro-Wilk Test of Normality=include|Kolmogorov-Smirnov Test for Normality=include|Kolmogorov-Smirnov Test=include|Lilliefors Test=include|Mean=include|Kolmogorov-Smirnov Test for Uniform distribution=exclude|Kolmogorov-Smirnov Test for Gamma distribution=exclude|Kolmogorov-Smirnov Test for Exponential distribution=exclude
55,Distribution Compliance Test,hard,14B,V2,1,0,0,1,1,1,3,3,Anderson-Darling Test|Shapiro-Wilk Test of Normality|Lilliefors Test,Anderson-Darling Test|Kolmogorov-Smirnov Test for Normality|Lilliefors Test,0.875,0.25,0.0,0.0,8,4,4,3,1,0,0,7,fully_labeled,Anderson-Darling Test=include|Shapiro-Wilk Test of Normality=include|Kolmogorov-Smirnov Test for Normality=include|Kolmogorov-Smirnov Test=exclude|Lilliefors Test=include|Kolmogorov-Smirnov Test for Uniform distribution=exclude|Kolmogorov-Smirnov Test for Gamma distribution=exclude|Kolmogorov-Smirnov Test for Exponential distribution=exclude
56,Distribution Compliance Test,easy,14B,V2,1,1,1,1,0,0,1,1,Kolmogorov-Smirnov Test,Kolmogorov-Smirnov Test,1.0,0.0,0.0,0.0,8,1,7,1,0,0,0,8,fully_labeled,Anderson-Darling Test=exclude|Shapiro-Wilk Test of Normality=exclude|Kolmogorov-Smirnov Test for Normality=exclude|Kolmogorov-Smirnov Test=include|Lilliefors Test=exclude|Kolmogorov-Smirnov Test for Uniform distribution=exclude|Kolmogorov-Smirnov Test for Gamma distribution=exclude|Kolmogorov-Smirnov Test for Exponential distribution=exclude
57,Variance Test,hard,14B,V2,1,0,0,1,1,0,4,2,Mood Variance Test|Levene Test|Bartlett Test|F-Test for Variance,Mood Variance Test|Levene Test,1.0,0.0,,0.0,4,4,0,4,0,0,0,4,fully_labeled,Mood Variance Test=include|Levene Test=include|Bartlett Test=include|F-Test for Variance=include
58,Correlation Analysis,hard,14B,V2,1,0,0,1,1,1,2,1,Pearson Correlation Coefficient|Spearman Correlation Coefficient,Kendall Correlation Coefficient,1.0,0.0,0.0,0.0,4,2,2,2,0,0,0,4,fully_labeled,Pearson Correlation Coefficient=include|Spearman Correlation Coefficient=include|Kendall Correlation Coefficient=exclude|Partial Correlation Coefficient=exclude
59,Distribution Compliance Test,hard,14B,V2,1,1,1,1,0,0,3,3,Anderson-Darling Test|Shapiro-Wilk Test of Normality|Kolmogorov-Smirnov Test for Normality,Anderson-Darling Test|Shapiro-Wilk Test of Normality|Kolmogorov-Smirnov Test for Normality,0.7777777777777778,0.4,0.0,0.0,9,5,4,3,2,0,0,7,fully_labeled,Anderson-Darling Test=include|Mode=include|Shapiro-Wilk Test of Normality=include|Kolmogorov-Smirnov Test for Normality=include|Kolmogorov-Smirnov Test=exclude|Lilliefors Test=include|Kolmogorov-Smirnov Test for Uniform distribution=exclude|Kolmogorov-Smirnov Test for Gamma distribution=exclude|Kolmogorov-Smirnov Test for Exponential distribution=exclude
60,Distribution Compliance Test,easy,14B,V2,1,1,1,1,0,0,1,1,Kolmogorov-Smirnov Test,Kolmogorov-Smirnov Test,1.0,0.0,0.0,0.0,8,1,7,1,0,0,0,8,fully_labeled,Kolmogorov-Smirnov Test=include|Anderson-Darling Test=exclude|Shapiro-Wilk Test of Normality=exclude|Lilliefors Test=exclude|Kolmogorov-Smirnov Test for Normality=exclude|Kolmogorov-Smirnov Test for Uniform distribution=exclude|Kolmogorov-Smirnov Test for Gamma distribution=exclude|Kolmogorov-Smirnov Test for Exponential distribution=exclude
61,Distribution Compliance Test,hard,14B,V2,1,0,0,1,1,1,2,3,Shapiro-Wilk Test of Normality|Lilliefors Test,Anderson-Darling Test|Shapiro-Wilk Test of Normality|Kolmogorov-Smirnov Test for Normality,1.0,0.0,0.0,0.0,8,2,6,2,0,0,0,8,fully_labeled,Anderson-Darling Test=exclude|Shapiro-Wilk Test of Normality=include|Kolmogorov-Smirnov Test for Normality=exclude|Kolmogorov-Smirnov Test=exclude|Lilliefors Test=include|Kolmogorov-Smirnov Test for Uniform distribution=exclude|Kolmogorov-Smirnov Test for Gamma distribution=exclude|Kolmogorov-Smirnov Test for Exponential distribution=exclude
62,Contingency Table Test,easy,14B,V2,1,1,1,1,0,0,2,2,Chi-square Independence Test|Fisher Exact Test,Chi-square Independence Test|Fisher Exact Test,1.0,0.0,0.0,0.0,3,2,1,2,0,0,0,3,fully_labeled,Chi-square Independence Test=include|Fisher Exact Test=include|Mantel-Haenszel Test=exclude
63,Distribution Compliance Test,hard,14B,V2,1,0,0,1,1,0,4,3,Anderson-Darling Test|Shapiro-Wilk Test of Normality|Kolmogorov-Smirnov Test for Normality|Lilliefors Test,Anderson-Darling Test|Kolmogorov-Smirnov Test for Normality|Lilliefors Test,0.7777777777777778,0.3333333333333333,0.0,0.0,9,6,3,4,2,0,0,7,fully_labeled,Anderson-Darling Test=include|Shapiro-Wilk Test of Normality=include|Kolmogorov-Smirnov Test for Normality=include|Kolmogorov-Smirnov Test=include|Lilliefors Test=include|Mean=include|Kolmogorov-Smirnov Test for Uniform distribution=exclude|Kolmogorov-Smirnov Test for Gamma distribution=exclude|Kolmogorov-Smirnov Test for Exponential distribution=exclude
64,Distribution Compliance Test,hard,14B,V2,1,0,0,1,1,0,4,3,Anderson-Darling Test|Shapiro-Wilk Test of Normality|Kolmogorov-Smirnov Test for Normality|Lilliefors Test,Anderson-Darling Test|Kolmogorov-Smirnov Test for Normality|Lilliefors Test,0.8888888888888888,0.2,0.0,0.0,9,5,4,4,1,0,0,8,fully_labeled,Anderson-Darling Test=include|Shapiro-Wilk Test of Normality=include|Kolmogorov-Smirnov Test for Normality=include|Kolmogorov-Smirnov Test=exclude|Lilliefors Test=include|Mean=include|Kolmogorov-Smirnov Test for Uniform distribution=exclude|Kolmogorov-Smirnov Test for Gamma distribution=exclude|Kolmogorov-Smirnov Test for Exponential distribution=exclude
65,Variance Test,easy,14B,V2,1,1,1,1,0,0,4,4,Mood Variance Test|Levene Test|Bartlett Test|F-Test for Variance,Mood Variance Test|Levene Test|Bartlett Test|F-Test for Variance,1.0,0.0,,0.0,4,4,0,4,0,0,0,4,fully_labeled,Mood Variance Test=include|Levene Test=include|Bartlett Test=include|F-Test for Variance=include
66,Distribution Compliance Test,hard,14B,V2,1,0,0,1,1,1,3,3,Anderson-Darling Test|Shapiro-Wilk Test of Normality|Lilliefors Test,Anderson-Darling Test|Kolmogorov-Smirnov Test for Normality|Lilliefors Test,0.875,0.25,0.0,0.0,8,4,4,3,1,0,0,7,fully_labeled,Anderson-Darling Test=include|Shapiro-Wilk Test of Normality=include|Kolmogorov-Smirnov Test for Normality=include|Kolmogorov-Smirnov Test=exclude|Lilliefors Test=include|Kolmogorov-Smirnov Test for Uniform distribution=exclude|Kolmogorov-Smirnov Test for Gamma distribution=exclude|Kolmogorov-Smirnov Test for Exponential distribution=exclude
67,Variance Test,hard,14B,V2,1,0,0,1,1,0,4,2,Mood Variance Test|Levene Test|Bartlett Test|F-Test for Variance,Mood Variance Test|Levene Test,1.0,0.0,,0.0,4,4,0,4,0,0,0,4,fully_labeled,Mood Variance Test=include|Levene Test=include|Bartlett Test=include|F-Test for Variance=include
68,Distribution Compliance Test,hard,14B,V2,1,0,0,1,1,0,4,3,Anderson-Darling Test|Shapiro-Wilk Test of Normality|Kolmogorov-Smirnov Test for Normality|Lilliefors Test,Anderson-Darling Test|Kolmogorov-Smirnov Test for Normality|Lilliefors Test,0.8888888888888888,0.2,0.0,0.0,9,5,4,4,1,0,0,8,fully_labeled,Anderson-Darling Test=include|Shapiro-Wilk Test of Normality=include|Kolmogorov-Smirnov Test for Normality=include|Kolmogorov-Smirnov Test=exclude|Lilliefors Test=include|Mean=include|Kolmogorov-Smirnov Test for Uniform distribution=exclude|Kolmogorov-Smirnov Test for Gamma distribution=exclude|Kolmogorov-Smirnov Test for Exponential distribution=exclude
69,Distribution Compliance Test,hard,14B,V2,1,0,0,1,1,0,4,3,Anderson-Darling Test|Shapiro-Wilk Test of Normality|Kolmogorov-Smirnov Test for Normality|Lilliefors Test,Anderson-Darling Test|Kolmogorov-Smirnov Test for Normality|Lilliefors Test,0.8888888888888888,0.2,0.0,0.0,9,5,4,4,1,0,0,8,fully_labeled,Anderson-Darling Test=include|Shapiro-Wilk Test of Normality=include|Kolmogorov-Smirnov Test for Normality=include|Kolmogorov-Smirnov Test=exclude|Lilliefors Test=include|Mean=include|Kolmogorov-Smirnov Test for Uniform distribution=exclude|Kolmogorov-Smirnov Test for Gamma distribution=exclude|Kolmogorov-Smirnov Test for Exponential distribution=exclude
70,Variance Test,hard,14B,V2,1,0,0,1,1,0,4,2,Mood Variance Test|Levene Test|Bartlett Test|F-Test for Variance,Mood Variance Test|Levene Test,1.0,0.0,,0.0,4,4,0,4,0,0,0,4,fully_labeled,Mood Variance Test=include|Levene Test=include|Bartlett Test=include|F-Test for Variance=include
71,Distribution Compliance Test,hard,14B,V2,1,0,0,1,1,0,4,3,Anderson-Darling Test|Shapiro-Wilk Test of Normality|Kolmogorov-Smirnov Test for Normality|Lilliefors Test,Anderson-Darling Test|Kolmogorov-Smirnov Test for Normality|Lilliefors Test,0.8888888888888888,0.2,0.0,0.0,9,5,4,4,1,0,0,8,fully_labeled,Anderson-Darling Test=include|Shapiro-Wilk Test of Normality=include|Kolmogorov-Smirnov Test for Normality=include|Kolmogorov-Smirnov Test=exclude|Lilliefors Test=include|Mean=include|Kolmogorov-Smirnov Test for Uniform distribution=exclude|Kolmogorov-Smirnov Test for Gamma distribution=exclude|Kolmogorov-Smirnov Test for Exponential distribution=exclude
72,Variance Test,easy,14B,V2,1,1,1,1,0,0,4,4,Mood Variance Test|Levene Test|Bartlett Test|F-Test for Variance,Mood Variance Test|Levene Test|Bartlett Test|F-Test for Variance,1.0,0.0,,0.0,4,4,0,4,0,0,0,4,fully_labeled,Mood Variance Test=include|Levene Test=include|Bartlett Test=include|F-Test for Variance=include
73,Correlation Analysis,easy,14B,V2,1,1,1,1,0,0,3,3,Pearson Correlation Coefficient|Spearman Correlation Coefficient|Kendall Correlation Coefficient,Pearson Correlation Coefficient|Spearman Correlation Coefficient|Kendall Correlation Coefficient,1.0,0.0,0.0,0.0,4,3,1,3,0,0,0,4,fully_labeled,Pearson Correlation Coefficient=include|Spearman Correlation Coefficient=include|Kendall Correlation Coefficient=include|Partial Correlation Coefficient=exclude
74,Contingency Table Test,hard,14B,V2,1,0,0,1,1,0,2,1,Chi-square Independence Test|Fisher Exact Test,Chi-square Independence Test,1.0,0.0,0.0,0.0,3,2,1,2,0,0,0,3,fully_labeled,Chi-square Independence Test=include|Fisher Exact Test=include|Mantel-Haenszel Test=exclude
75,Contingency Table Test,easy,14B,V2,1,0,0,1,1,1,1,1,Chi-square Independence Test,Mantel-Haenszel Test,1.0,0.0,0.0,0.0,2,1,1,1,0,0,0,2,fully_labeled,Chi-square Independence Test=include|Fisher Exact Test=exclude
76,Contingency Table Test,easy,14B,V2,1,0,0,1,1,0,2,1,Chi-square Independence Test|Mantel-Haenszel Test,Mantel-Haenszel Test,1.0,0.0,0.0,0.0,3,2,1,2,0,0,0,3,fully_labeled,Chi-square Independence Test=include|Fisher Exact Test=exclude|Mantel-Haenszel Test=include
77,Distribution Compliance Test,easy,14B,V2,1,0,0,1,1,1,1,1,Kolmogorov-Smirnov Test for two samples,Kolmogorov-Smirnov Test,0.875,,0.125,0.0,8,0,8,1,0,1,0,7,fully_labeled,Anderson-Darling Test=exclude|Shapiro-Wilk Test of Normality=exclude|Kolmogorov-Smirnov Test for Normality=exclude|Kolmogorov-Smirnov Test=exclude|Lilliefors Test=exclude|Kolmogorov-Smirnov Test for Uniform distribution=exclude|Kolmogorov-Smirnov Test for Gamma distribution=exclude|Kolmogorov-Smirnov Test for Exponential distribution=exclude
78,Contingency Table Test,easy,14B,V2,1,1,1,1,0,0,2,2,Chi-square Independence Test|Fisher Exact Test,Chi-square Independence Test|Fisher Exact Test,1.0,0.0,0.0,0.0,3,2,1,2,0,0,0,3,fully_labeled,Chi-square Independence Test=include|Fisher Exact Test=include|Mantel-Haenszel Test=exclude
79,Distribution Compliance Test,easy,14B,V2,1,1,1,1,0,0,1,1,Kolmogorov-Smirnov Test,Kolmogorov-Smirnov Test,1.0,0.0,0.0,0.0,8,1,7,1,0,0,0,8,fully_labeled,Anderson-Darling Test=exclude|Shapiro-Wilk Test of Normality=exclude|Kolmogorov-Smirnov Test for Normality=exclude|Kolmogorov-Smirnov Test=include|Lilliefors Test=exclude|Kolmogorov-Smirnov Test for Uniform distribution=exclude|Kolmogorov-Smirnov Test for Gamma distribution=exclude|Kolmogorov-Smirnov Test for Exponential distribution=exclude
80,Distribution Compliance Test,hard,14B,V2,1,0,0,1,1,1,1,3,Kolmogorov-Smirnov Test for Uniform distribution,Anderson-Darling Test|Kolmogorov-Smirnov Test for Normality|Lilliefors Test,1.0,0.0,0.0,0.0,8,1,7,1,0,0,0,8,fully_labeled,Anderson-Darling Test=exclude|Shapiro-Wilk Test of Normality=exclude|Kolmogorov-Smirnov Test for Normality=exclude|Kolmogorov-Smirnov Test=exclude|Lilliefors Test=exclude|Kolmogorov-Smirnov Test for Uniform distribution=include|Kolmogorov-Smirnov Test for Gamma distribution=exclude|Kolmogorov-Smirnov Test for Exponential distribution=exclude
81,Contingency Table Test,hard,14B,V2,1,0,0,1,1,0,2,1,Chi-square Independence Test|Fisher Exact Test,Chi-square Independence Test,1.0,0.0,0.0,0.0,3,2,1,2,0,0,0,3,fully_labeled,Chi-square Independence Test=include|Fisher Exact Test=include|Mantel-Haenszel Test=exclude
82,Variance Test,hard,14B,V2,1,0,0,1,1,0,4,2,Mood Variance Test|Levene Test|Bartlett Test|F-Test for Variance,Mood Variance Test|Levene Test,1.0,0.0,,0.0,4,4,0,4,0,0,0,4,fully_labeled,Mood Variance Test=include|Levene Test=include|Bartlett Test=include|F-Test for Variance=include
83,Contingency Table Test,easy,14B,V2,1,1,1,1,0,0,2,2,Chi-square Independence Test|Fisher Exact Test,Chi-square Independence Test|Fisher Exact Test,1.0,0.0,0.0,0.0,3,2,1,2,0,0,0,3,fully_labeled,Chi-square Independence Test=include|Fisher Exact Test=include|Mantel-Haenszel Test=exclude
84,Variance Test,hard,14B,V2,1,0,0,0,1,0,4,2,Mood Variance Test|Levene Test|Bartlett Test|F-Test for Variance,Mood Variance Test|Levene Test,1.0,0.0,,0.0,4,4,0,4,0,0,0,4,fully_labeled,Mood Variance Test=include|Levene Test=include|Bartlett Test=include|F-Test for Variance=include
85,Contingency Table Test,hard,14B,V2,1,0,0,1,1,0,2,1,Chi-square Independence Test|Fisher Exact Test,Chi-square Independence Test,1.0,0.0,0.0,0.0,3,2,1,2,0,0,0,3,fully_labeled,Chi-square Independence Test=include|Fisher Exact Test=include|Mantel-Haenszel Test=exclude
86,Variance Test,hard,14B,V2,1,0,0,1,1,0,4,2,Mood Variance Test|Levene Test|Bartlett Test|F-Test for Variance,Mood Variance Test|Levene Test,1.0,0.0,,0.0,4,4,0,4,0,0,0,4,fully_labeled,Mood Variance Test=include|Levene Test=include|Bartlett Test=include|F-Test for Variance=include
87,Distribution Compliance Test,hard,14B,V2,1,0,0,1,1,0,4,3,Anderson-Darling Test|Shapiro-Wilk Test of Normality|Kolmogorov-Smirnov Test for Normality|Lilliefors Test,Anderson-Darling Test|Kolmogorov-Smirnov Test for Normality|Lilliefors Test,0.8888888888888888,0.2,0.0,0.0,9,5,4,4,1,0,0,8,fully_labeled,Anderson-Darling Test=include|Shapiro-Wilk Test of Normality=include|Kolmogorov-Smirnov Test for Normality=include|Kolmogorov-Smirnov Test=exclude|Lilliefors Test=include|Mean=include|Kolmogorov-Smirnov Test for Uniform distribution=exclude|Kolmogorov-Smirnov Test for Gamma distribution=exclude|Kolmogorov-Smirnov Test for Exponential distribution=exclude
88,Correlation Analysis,easy,14B,V2,1,1,1,1,0,0,3,3,Pearson Correlation Coefficient|Spearman Correlation Coefficient|Kendall Correlation Coefficient,Pearson Correlation Coefficient|Spearman Correlation Coefficient|Kendall Correlation Coefficient,1.0,0.0,0.0,0.0,4,3,1,3,0,0,0,4,fully_labeled,Pearson Correlation Coefficient=include|Spearman Correlation Coefficient=include|Kendall Correlation Coefficient=include|Partial Correlation Coefficient=exclude
89,Correlation Analysis,easy,14B,V2,1,0,0,1,1,0,4,1,Pearson Correlation Coefficient|Spearman Correlation Coefficient|Kendall Correlation Coefficient|Partial Correlation Coefficient,Partial Correlation Coefficient,1.0,0.0,,0.0,4,4,0,4,0,0,0,4,fully_labeled,Pearson Correlation Coefficient=include|Spearman Correlation Coefficient=include|Kendall Correlation Coefficient=include|Partial Correlation Coefficient=include
90,Correlation Analysis,easy,14B,V2,1,1,1,1,0,0,3,3,Pearson Correlation Coefficient|Spearman Correlation Coefficient|Kendall Correlation Coefficient,Pearson Correlation Coefficient|Spearman Correlation Coefficient|Kendall Correlation Coefficient,1.0,0.0,0.0,0.0,4,3,1,3,0,0,0,4,fully_labeled,Pearson Correlation Coefficient=include|Spearman Correlation Coefficient=include|Kendall Correlation Coefficient=include|Partial Correlation Coefficient=exclude
91,Contingency Table Test,hard,14B,V2,1,0,0,1,1,0,2,1,Chi-square Independence Test|Fisher Exact Test,Chi-square Independence Test,1.0,0.0,0.0,0.0,3,2,1,2,0,0,0,3,fully_labeled,Chi-square Independence Test=include|Fisher Exact Test=include|Mantel-Haenszel Test=exclude
92,Contingency Table Test,hard,14B,V2,1,0,0,1,1,0,2,1,Chi-square Independence Test|Fisher Exact Test,Chi-square Independence Test,1.0,0.0,0.0,0.0,3,2,1,2,0,0,0,3,fully_labeled,Chi-square Independence Test=include|Fisher Exact Test=include|Mantel-Haenszel Test=exclude
93,Variance Test,hard,14B,V2,1,0,0,1,1,0,4,2,Mood Variance Test|Levene Test|Bartlett Test|F-Test for Variance,Mood Variance Test|Levene Test,1.0,0.0,,0.0,4,4,0,4,0,0,0,4,fully_labeled,Mood Variance Test=include|Levene Test=include|Bartlett Test=include|F-Test for Variance=include
94,Contingency Table Test,hard,14B,V2,1,0,0,1,1,0,2,1,Chi-square Independence Test|Fisher Exact Test,Chi-square Independence Test,1.0,0.0,0.0,0.0,3,2,1,2,0,0,0,3,fully_labeled,Chi-square Independence Test=include|Fisher Exact Test=include|Mantel-Haenszel Test=exclude
95,Contingency Table Test,hard,14B,V2,1,0,0,1,1,0,2,1,Chi-square Independence Test|Fisher Exact Test,Chi-square Independence Test,1.0,0.0,0.0,0.0,3,2,1,2,0,0,0,3,fully_labeled,Chi-square Independence Test=include|Fisher Exact Test=include|Mantel-Haenszel Test=exclude
96,Variance Test,hard,14B,V2,1,0,0,1,1,0,4,2,Mood Variance Test|Levene Test|Bartlett Test|F-Test for Variance,Mood Variance Test|Levene Test,1.0,0.0,,0.0,4,4,0,4,0,0,0,4,fully_labeled,Mood Variance Test=include|Levene Test=include|Bartlett Test=include|F-Test for Variance=include
97,Contingency Table Test,hard,14B,V2,1,0,0,1,1,0,2,1,Chi-square Independence Test|Fisher Exact Test,Chi-square Independence Test,1.0,0.0,0.0,0.0,3,2,1,2,0,0,0,3,fully_labeled,Chi-square Independence Test=include|Fisher Exact Test=include|Mantel-Haenszel Test=exclude
98,Distribution Compliance Test,hard,14B,V2,1,0,0,1,1,1,3,3,Anderson-Darling Test|Shapiro-Wilk Test of Normality|Lilliefors Test,Anderson-Darling Test|Kolmogorov-Smirnov Test for Normality|Lilliefors Test,0.875,0.25,0.0,0.0,8,4,4,3,1,0,0,7,fully_labeled,Anderson-Darling Test=include|Shapiro-Wilk Test of Normality=include|Kolmogorov-Smirnov Test for Normality=include|Kolmogorov-Smirnov Test=exclude|Lilliefors Test=include|Kolmogorov-Smirnov Test for Uniform distribution=exclude|Kolmogorov-Smirnov Test for Gamma distribution=exclude|Kolmogorov-Smirnov Test for Exponential distribution=exclude
99,Correlation Analysis,hard,14B,V2,1,0,0,1,1,0,3,1,Pearson Correlation Coefficient|Spearman Correlation Coefficient|Kendall Correlation Coefficient,Kendall Correlation Coefficient,1.0,0.0,0.0,0.0,4,3,1,3,0,0,0,4,fully_labeled,Pearson Correlation Coefficient=include|Spearman Correlation Coefficient=include|Kendall Correlation Coefficient=include|Partial Correlation Coefficient=exclude
100,Distribution Compliance Test,hard,14B,V2,1,0,0,1,1,1,3,3,Anderson-Darling Test|Shapiro-Wilk Test of Normality|Lilliefors Test,Anderson-Darling Test|Kolmogorov-Smirnov Test for Normality|Lilliefors Test,0.875,0.25,0.0,0.0,8,4,4,3,1,0,0,7,fully_labeled,Anderson-Darling Test=include|Shapiro-Wilk Test of Normality=include|Kolmogorov-Smirnov Test for Normality=include|Kolmogorov-Smirnov Test=exclude|Lilliefors Test=include|Kolmogorov-Smirnov Test for Uniform distribution=exclude|Kolmogorov-Smirnov Test for Gamma distribution=exclude|Kolmogorov-Smirnov Test for Exponential distribution=exclude
101,Contingency Table Test,hard,14B,V2,1,0,0,1,1,0,2,1,Chi-square Independence Test|Fisher Exact Test,Chi-square Independence Test,1.0,0.0,0.0,0.0,3,2,1,2,0,0,0,3,fully_labeled,Chi-square Independence Test=include|Fisher Exact Test=include|Mantel-Haenszel Test=exclude
102,Distribution Compliance Test,easy,14B,V2,1,1,1,1,0,0,1,1,Kolmogorov-Smirnov Test,Kolmogorov-Smirnov Test,1.0,0.0,0.0,0.0,2,1,1,1,0,0,0,2,fully_labeled,Kolmogorov-Smirnov Test=include|Kolmogorov-Smirnov Test for Normality=exclude
103,Distribution Compliance Test,easy,14B,V2,1,0,0,1,1,0,2,1,Anderson-Darling Test|Kolmogorov-Smirnov Test,Kolmogorov-Smirnov Test,1.0,0.0,0.0,0.0,8,2,6,2,0,0,0,8,partially_labeled,Anderson-Darling Test=include|Shapiro-Wilk Test of Normality=exclude|Kolmogorov-Smirnov Test=include|Lilliefors Test=exclude|Kolmogorov-Smirnov Test for Normality=exclude|Kolmogorov-Smirnov Test for Uniform distribution=exclude|Kolmogorov-Smirnov Test for Gamma distribution=exclude|Kolmogorov-Smirnov Test for Exponential distribution=exclude
104,Contingency Table Test,hard,14B,V2,1,0,0,1,1,0,2,1,Chi-square Independence Test|Fisher Exact Test,Chi-square Independence Test,1.0,0.0,0.0,0.0,3,2,1,2,0,0,0,3,fully_labeled,Chi-square Independence Test=include|Fisher Exact Test=include|Mantel-Haenszel Test=exclude
105,Variance Test,hard,14B,V2,1,0,0,1,1,0,4,2,Mood Variance Test|Levene Test|Bartlett Test|F-Test for Variance,Mood Variance Test|Levene Test,1.0,0.0,,0.0,4,4,0,4,0,0,0,4,fully_labeled,Mood Variance Test=include|Levene Test=include|Bartlett Test=include|F-Test for Variance=include
106,Distribution Compliance Test,hard,14B,V2,1,0,0,1,1,1,3,3,Anderson-Darling Test|Shapiro-Wilk Test of Normality|Lilliefors Test,Anderson-Darling Test|Kolmogorov-Smirnov Test for Normality|Lilliefors Test,0.875,0.25,0.0,0.0,8,4,4,3,1,0,0,7,fully_labeled,Anderson-Darling Test=include|Shapiro-Wilk Test of Normality=include|Kolmogorov-Smirnov Test for Normality=include|Kolmogorov-Smirnov Test=exclude|Lilliefors Test=include|Kolmogorov-Smirnov Test for Uniform distribution=exclude|Kolmogorov-Smirnov Test for Gamma distribution=exclude|Kolmogorov-Smirnov Test for Exponential distribution=exclude
107,Variance Test,hard,14B,V2,1,1,1,1,0,0,2,2,Mood Variance Test|Levene Test,Mood Variance Test|Levene Test,1.0,0.0,0.0,0.0,4,2,2,2,0,0,0,4,fully_labeled,Mood Variance Test=include|Levene Test=include|Bartlett Test=exclude|F-Test for Variance=exclude
108,Contingency Table Test,hard,14B,V2,1,0,0,1,1,0,2,1,Chi-square Independence Test|Fisher Exact Test,Chi-square Independence Test,1.0,0.0,0.0,0.0,3,2,1,2,0,0,0,3,fully_labeled,Chi-square Independence Test=include|Fisher Exact Test=include|Mantel-Haenszel Test=exclude
109,Distribution Compliance Test,easy,14B,V2,1,1,1,1,0,0,1,1,Kolmogorov-Smirnov Test,Kolmogorov-Smirnov Test,1.0,0.0,0.0,0.0,8,1,7,1,0,0,0,8,fully_labeled,Anderson-Darling Test=exclude|Shapiro-Wilk Test of Normality=exclude|Kolmogorov-Smirnov Test for Normality=exclude|Kolmogorov-Smirnov Test=include|Lilliefors Test=exclude|Kolmogorov-Smirnov Test for Uniform distribution=exclude|Kolmogorov-Smirnov Test for Gamma distribution=exclude|Kolmogorov-Smirnov Test for Exponential distribution=exclude
110,Variance Test,hard,14B,V2,1,0,0,1,1,0,4,2,Mood Variance Test|Levene Test|Bartlett Test|F-Test for Variance,Mood Variance Test|Levene Test,1.0,0.0,,0.0,4,4,0,4,0,0,0,4,fully_labeled,Mood Variance Test=include|Levene Test=include|Bartlett Test=include|F-Test for Variance=include
111,Contingency Table Test,hard,14B,V2,1,0,0,1,1,0,2,1,Chi-square Independence Test|Fisher Exact Test,Chi-square Independence Test,1.0,0.0,0.0,0.0,3,2,1,2,0,0,0,3,fully_labeled,Chi-square Independence Test=include|Fisher Exact Test=include|Mantel-Haenszel Test=exclude
112,Variance Test,hard,14B,V2,1,0,0,1,1,0,4,2,Mood Variance Test|Levene Test|Bartlett Test|F-Test for Variance,Mood Variance Test|Levene Test,1.0,0.0,,0.0,4,4,0,4,0,0,0,4,fully_labeled,Mood Variance Test=include|Levene Test=include|Bartlett Test=include|F-Test for Variance=include
113,Variance Test,hard,14B,V2,1,0,0,1,1,0,4,2,Mood Variance Test|Levene Test|Bartlett Test|F-Test for Variance,Mood Variance Test|Levene Test,1.0,0.0,,0.0,4,4,0,4,0,0,0,4,fully_labeled,Mood Variance Test=include|Levene Test=include|Bartlett Test=include|F-Test for Variance=include
114,Distribution Compliance Test,hard,14B,V2,1,0,0,1,1,0,4,3,Anderson-Darling Test|Shapiro-Wilk Test of Normality|Kolmogorov-Smirnov Test for Normality|Lilliefors Test,Anderson-Darling Test|Kolmogorov-Smirnov Test for Normality|Lilliefors Test,1.0,0.0,0.0,0.0,8,4,4,4,0,0,0,8,fully_labeled,Anderson-Darling Test=include|Shapiro-Wilk Test of Normality=include|Kolmogorov-Smirnov Test for Normality=include|Kolmogorov-Smirnov Test=exclude|Lilliefors Test=include|Kolmogorov-Smirnov Test for Uniform distribution=exclude|Kolmogorov-Smirnov Test for Gamma distribution=exclude|Kolmogorov-Smirnov Test for Exponential distribution=exclude
115,Distribution Compliance Test,hard,14B,V2,1,0,0,1,1,0,4,3,Anderson-Darling Test|Shapiro-Wilk Test of Normality|Kolmogorov-Smirnov Test for Normality|Lilliefors Test,Anderson-Darling Test|Kolmogorov-Smirnov Test for Normality|Lilliefors Test,1.0,0.0,0.0,0.0,8,4,4,4,0,0,0,8,fully_labeled,Anderson-Darling Test=include|Shapiro-Wilk Test of Normality=include|Kolmogorov-Smirnov Test for Normality=include|Kolmogorov-Smirnov Test=exclude|Lilliefors Test=include|Kolmogorov-Smirnov Test for Uniform distribution=exclude|Kolmogorov-Smirnov Test for Gamma distribution=exclude|Kolmogorov-Smirnov Test for Exponential distribution=exclude
116,Distribution Compliance Test,easy,14B,V2,1,1,1,1,0,0,1,1,Kolmogorov-Smirnov Test,Kolmogorov-Smirnov Test,1.0,0.0,0.0,0.0,8,1,7,1,0,0,0,8,fully_labeled,Anderson-Darling Test=exclude|Shapiro-Wilk Test of Normality=exclude|Kolmogorov-Smirnov Test for Normality=exclude|Kolmogorov-Smirnov Test=include|Lilliefors Test=exclude|Kolmogorov-Smirnov Test for Uniform distribution=exclude|Kolmogorov-Smirnov Test for Gamma distribution=exclude|Kolmogorov-Smirnov Test for Exponential distribution=exclude
117,Variance Test,hard,14B,V2,1,0,0,1,1,0,4,2,Mood Variance Test|Levene Test|Bartlett Test|F-Test for Variance,Mood Variance Test|Levene Test,1.0,0.0,,0.0,4,4,0,4,0,0,0,4,fully_labeled,Mood Variance Test=include|Levene Test=include|Bartlett Test=include|F-Test for Variance=include
118,Distribution Compliance Test,hard,14B,V2,1,0,0,1,1,0,4,3,Anderson-Darling Test|Shapiro-Wilk Test of Normality|Kolmogorov-Smirnov Test for Normality|Lilliefors Test,Anderson-Darling Test|Kolmogorov-Smirnov Test for Normality|Lilliefors Test,1.0,0.0,0.0,0.0,8,4,4,4,0,0,0,8,fully_labeled,Anderson-Darling Test=include|Shapiro-Wilk Test of Normality=include|Kolmogorov-Smirnov Test for Normality=include|Kolmogorov-Smirnov Test=exclude|Lilliefors Test=include|Kolmogorov-Smirnov Test for Uniform distribution=exclude|Kolmogorov-Smirnov Test for Gamma distribution=exclude|Kolmogorov-Smirnov Test for Exponential distribution=exclude
119,Distribution Compliance Test,hard,14B,V2,1,0,0,1,1,1,3,3,Anderson-Darling Test|Shapiro-Wilk Test of Normality|Lilliefors Test,Anderson-Darling Test|Kolmogorov-Smirnov Test for Normality|Lilliefors Test,0.875,0.25,0.0,0.0,8,4,4,3,1,0,0,7,fully_labeled,Anderson-Darling Test=include|Shapiro-Wilk Test of Normality=include|Kolmogorov-Smirnov Test for Normality=include|Kolmogorov-Smirnov Test=exclude|Lilliefors Test=include|Kolmogorov-Smirnov Test for Uniform distribution=exclude|Kolmogorov-Smirnov Test for Gamma distribution=exclude|Kolmogorov-Smirnov Test for Exponential distribution=exclude
120,Contingency Table Test,easy,14B,V2,1,0,0,1,1,0,2,1,Chi-square Independence Test|Mantel-Haenszel Test,Mantel-Haenszel Test,1.0,0.0,0.0,0.0,3,2,1,2,0,0,0,3,fully_labeled,Chi-square Independence Test=include|Fisher Exact Test=exclude|Mantel-Haenszel Test=include
121,Distribution Compliance Test,hard,14B,V2,1,0,0,1,1,0,4,3,Anderson-Darling Test|Shapiro-Wilk Test of Normality|Kolmogorov-Smirnov Test for Normality|Lilliefors Test,Anderson-Darling Test|Kolmogorov-Smirnov Test for Normality|Lilliefors Test,1.0,0.0,0.0,0.0,8,4,4,4,0,0,0,8,fully_labeled,Anderson-Darling Test=include|Shapiro-Wilk Test of Normality=include|Kolmogorov-Smirnov Test for Normality=include|Kolmogorov-Smirnov Test=exclude|Lilliefors Test=include|Kolmogorov-Smirnov Test for Uniform distribution=exclude|Kolmogorov-Smirnov Test for Gamma distribution=exclude|Kolmogorov-Smirnov Test for Exponential distribution=exclude
122,Contingency Table Test,hard,14B,V2,1,0,0,1,1,0,2,1,Chi-square Independence Test|Fisher Exact Test,Chi-square Independence Test,1.0,0.0,0.0,0.0,3,2,1,2,0,0,0,3,fully_labeled,Chi-square Independence Test=include|Fisher Exact Test=include|Mantel-Haenszel Test=exclude
123,Contingency Table Test,hard,14B,V2,1,0,0,1,1,0,2,1,Chi-square Independence Test|Fisher Exact Test,Chi-square Independence Test,1.0,0.0,0.0,0.0,3,2,1,2,0,0,0,3,fully_labeled,Chi-square Independence Test=include|Fisher Exact Test=include|Mantel-Haenszel Test=exclude
124,Contingency Table Test,hard,14B,V2,1,0,0,1,1,0,2,1,Chi-square Independence Test|Fisher Exact Test,Chi-square Independence Test,1.0,0.0,0.0,0.0,3,2,1,2,0,0,0,3,fully_labeled,Chi-square Independence Test=include|Fisher Exact Test=include|Mantel-Haenszel Test=exclude
125,Distribution Compliance Test,easy,14B,V2,1,0,0,1,1,1,3,1,Anderson-Darling Test|Shapiro-Wilk Test of Normality|Lilliefors Test,Kolmogorov-Smirnov Test,0.875,0.25,0.0,0.0,8,4,4,3,1,0,0,7,fully_labeled,Anderson-Darling Test=include|Shapiro-Wilk Test of Normality=include|Kolmogorov-Smirnov Test for Normality=include|Kolmogorov-Smirnov Test=exclude|Lilliefors Test=include|Kolmogorov-Smirnov Test for Uniform distribution=exclude|Kolmogorov-Smirnov Test for Gamma distribution=exclude|Kolmogorov-Smirnov Test for Exponential distribution=exclude
126,Distribution Compliance Test,hard,14B,V2,1,0,0,1,1,0,4,3,Anderson-Darling Test|Shapiro-Wilk Test of Normality|Lilliefors Test|Kolmogorov-Smirnov Test for Normality,Anderson-Darling Test|Kolmogorov-Smirnov Test for Normality|Lilliefors Test,1.0,0.0,0.0,0.0,8,4,4,4,0,0,0,8,fully_labeled,Anderson-Darling Test=include|Shapiro-Wilk Test of Normality=include|Kolmogorov-Smirnov Test for Normality=include|Kolmogorov-Smirnov Test=exclude|Lilliefors Test=include|Kolmogorov-Smirnov Test for Uniform distribution=exclude|Kolmogorov-Smirnov Test for Gamma distribution=exclude|Kolmogorov-Smirnov Test for Exponential distribution=exclude
127,Variance Test,hard,14B,V2,1,0,0,1,1,0,4,2,Mood Variance Test|Levene Test|Bartlett Test|F-Test for Variance,Mood Variance Test|Levene Test,1.0,0.0,,0.0,4,4,0,4,0,0,0,4,fully_labeled,Mood Variance Test=include|Levene Test=include|Bartlett Test=include|F-Test for Variance=include
128,Contingency Table Test,hard,14B,V2,1,0,0,1,1,0,2,1,Chi-square Independence Test|Fisher Exact Test,Chi-square Independence Test,1.0,0.0,0.0,0.0,3,2,1,2,0,0,0,3,fully_labeled,Chi-square Independence Test=include|Fisher Exact Test=include|Mantel-Haenszel Test=exclude
129,Distribution Compliance Test,hard,14B,V2,1,0,0,1,1,1,3,3,Anderson-Darling Test|Shapiro-Wilk Test of Normality|Lilliefors Test,Anderson-Darling Test|Kolmogorov-Smirnov Test for Normality|Lilliefors Test,0.7777777777777778,0.4,0.0,0.0,9,5,4,3,2,0,0,7,fully_labeled,Anderson-Darling Test=include|Shapiro-Wilk Test of Normality=include|Kolmogorov-Smirnov Test for Normality=include|Kolmogorov-Smirnov Test=exclude|Mode=include|Lilliefors Test=include|Kolmogorov-Smirnov Test for Uniform distribution=exclude|Kolmogorov-Smirnov Test for Gamma distribution=exclude|Kolmogorov-Smirnov Test for Exponential distribution=exclude
130,Contingency Table Test,easy,14B,V2,1,1,1,1,0,0,2,2,Chi-square Independence Test|Fisher Exact Test,Chi-square Independence Test|Fisher Exact Test,1.0,0.0,0.0,0.0,3,2,1,2,0,0,0,3,fully_labeled,Chi-square Independence Test=include|Fisher Exact Test=include|Mantel-Haenszel Test=exclude
131,Distribution Compliance Test,hard,14B,V2,1,0,0,1,1,1,3,3,Anderson-Darling Test|Shapiro-Wilk Test of Normality|Lilliefors Test,Anderson-Darling Test|Kolmogorov-Smirnov Test for Normality|Lilliefors Test,0.875,0.25,0.0,0.0,8,4,4,3,1,0,0,7,fully_labeled,Anderson-Darling Test=include|Shapiro-Wilk Test of Normality=include|Kolmogorov-Smirnov Test for Normality=include|Kolmogorov-Smirnov Test=exclude|Lilliefors Test=include|Kolmogorov-Smirnov Test for Uniform distribution=exclude|Kolmogorov-Smirnov Test for Gamma distribution=exclude|Kolmogorov-Smirnov Test for Exponential distribution=exclude
132,Variance Test,hard,14B,V2,1,0,0,1,1,0,3,2,Mood Variance Test|Levene Test|Bartlett Test,Mood Variance Test|Levene Test,1.0,0.0,0.0,0.0,4,3,1,3,0,0,0,4,fully_labeled,Mood Variance Test=include|Levene Test=include|Bartlett Test=include|F-Test for Variance=exclude
133,Distribution Compliance Test,hard,14B,V2,1,0,0,1,1,1,3,3,Anderson-Darling Test|Shapiro-Wilk Test of Normality|Lilliefors Test,Anderson-Darling Test|Kolmogorov-Smirnov Test for Normality|Lilliefors Test,0.875,0.25,0.0,0.0,8,4,4,3,1,0,0,7,fully_labeled,Anderson-Darling Test=include|Shapiro-Wilk Test of Normality=include|Kolmogorov-Smirnov Test for Normality=include|Kolmogorov-Smirnov Test=exclude|Lilliefors Test=include|Kolmogorov-Smirnov Test for Uniform distribution=exclude|Kolmogorov-Smirnov Test for Gamma distribution=exclude|Kolmogorov-Smirnov Test for Exponential distribution=exclude
134,Distribution Compliance Test,hard,14B,V2,1,0,0,1,1,0,4,3,Anderson-Darling Test|Shapiro-Wilk Test of Normality|Kolmogorov-Smirnov Test for Normality|Lilliefors Test,Anderson-Darling Test|Kolmogorov-Smirnov Test for Normality|Lilliefors Test,0.8888888888888888,0.2,0.0,0.0,9,5,4,4,1,0,0,8,fully_labeled,Anderson-Darling Test=include|Shapiro-Wilk Test of Normality=include|Kolmogorov-Smirnov Test for Normality=include|Kolmogorov-Smirnov Test=exclude|Lilliefors Test=include|Mean=include|Kolmogorov-Smirnov Test for Uniform distribution=exclude|Kolmogorov-Smirnov Test for Gamma distribution=exclude|Kolmogorov-Smirnov Test for Exponential distribution=exclude
135,Distribution Compliance Test,hard,14B,V2,1,0,0,1,1,0,4,3,Anderson-Darling Test|Shapiro-Wilk Test of Normality|Kolmogorov-Smirnov Test for Normality|Lilliefors Test,Anderson-Darling Test|Kolmogorov-Smirnov Test for Normality|Lilliefors Test,1.0,0.0,0.0,0.0,8,4,4,4,0,0,0,8,fully_labeled,Anderson-Darling Test=include|Shapiro-Wilk Test of Normality=include|Kolmogorov-Smirnov Test for Normality=include|Kolmogorov-Smirnov Test=exclude|Lilliefors Test=include|Kolmogorov-Smirnov Test for Uniform distribution=exclude|Kolmogorov-Smirnov Test for Gamma distribution=exclude|Kolmogorov-Smirnov Test for Exponential distribution=exclude
136,Distribution Compliance Test,hard,14B,V2,1,0,0,1,1,0,4,3,Anderson-Darling Test|Shapiro-Wilk Test of Normality|Kolmogorov-Smirnov Test for Normality|Lilliefors Test,Anderson-Darling Test|Kolmogorov-Smirnov Test for Normality|Lilliefors Test,1.0,0.0,0.0,0.0,8,4,4,4,0,0,0,8,fully_labeled,Anderson-Darling Test=include|Shapiro-Wilk Test of Normality=include|Kolmogorov-Smirnov Test for Normality=include|Kolmogorov-Smirnov Test=exclude|Lilliefors Test=include|Kolmogorov-Smirnov Test for Uniform distribution=exclude|Kolmogorov-Smirnov Test for Gamma distribution=exclude|Kolmogorov-Smirnov Test for Exponential distribution=exclude
137,Variance Test,hard,14B,V2,1,0,0,1,1,0,4,2,Mood Variance Test|Levene Test|Bartlett Test|F-Test for Variance,Mood Variance Test|Levene Test,1.0,0.0,,0.0,4,4,0,4,0,0,0,4,fully_labeled,Mood Variance Test=include|Levene Test=include|Bartlett Test=include|F-Test for Variance=include
138,Variance Test,hard,14B,V2,1,0,0,1,1,0,4,2,Mood Variance Test|Levene Test|Bartlett Test|F-Test for Variance,Mood Variance Test|Levene Test,1.0,0.0,,0.0,4,4,0,4,0,0,0,4,fully_labeled,Mood Variance Test=include|Levene Test=include|Bartlett Test=include|F-Test for Variance=include
139,Contingency Table Test,hard,14B,V2,1,0,0,1,1,0,2,1,Chi-square Independence Test|Fisher Exact Test,Chi-square Independence Test,1.0,0.0,0.0,0.0,3,2,1,2,0,0,0,3,fully_labeled,Chi-square Independence Test=include|Fisher Exact Test=include|Mantel-Haenszel Test=exclude
140,Distribution Compliance Test,hard,14B,V2,1,0,0,1,1,0,4,3,Anderson-Darling Test|Shapiro-Wilk Test of Normality|Kolmogorov-Smirnov Test for Normality|Lilliefors Test,Anderson-Darling Test|Kolmogorov-Smirnov Test for Normality|Lilliefors Test,1.0,0.0,0.0,0.0,8,4,4,4,0,0,0,8,fully_labeled,Anderson-Darling Test=include|Shapiro-Wilk Test of Normality=include|Kolmogorov-Smirnov Test for Normality=include|Kolmogorov-Smirnov Test=exclude|Lilliefors Test=include|Kolmogorov-Smirnov Test for Uniform distribution=exclude|Kolmogorov-Smirnov Test for Gamma distribution=exclude|Kolmogorov-Smirnov Test for Exponential distribution=exclude
141,Distribution Compliance Test,hard,14B,V2,1,0,0,1,1,1,3,3,Anderson-Darling Test|Shapiro-Wilk Test of Normality|Lilliefors Test,Anderson-Darling Test|Shapiro-Wilk Test of Normality|Kolmogorov-Smirnov Test for Normality,0.7777777777777778,0.4,0.0,0.0,9,5,4,3,2,0,0,7,fully_labeled,Anderson-Darling Test=include|Mode=include|Shapiro-Wilk Test of Normality=include|Kolmogorov-Smirnov Test for Normality=include|Kolmogorov-Smirnov Test=exclude|Lilliefors Test=include|Kolmogorov-Smirnov Test for Uniform distribution=exclude|Kolmogorov-Smirnov Test for Gamma distribution=exclude|Kolmogorov-Smirnov Test for Exponential distribution=exclude
142,Variance Test,hard,14B,V2,1,1,1,1,0,0,2,2,Mood Variance Test|Levene Test,Mood Variance Test|Levene Test,1.0,0.0,0.0,0.0,4,2,2,2,0,0,0,4,fully_labeled,Mood Variance Test=include|Levene Test=include|Bartlett Test=exclude|F-Test for Variance=exclude
143,Distribution Compliance Test,hard,14B,V2,1,0,0,1,1,0,4,3,Anderson-Darling Test|Shapiro-Wilk Test of Normality|Kolmogorov-Smirnov Test for Normality|Lilliefors Test,Anderson-Darling Test|Kolmogorov-Smirnov Test for Normality|Lilliefors Test,0.6666666666666666,0.3333333333333333,,0.0,6,6,0,4,2,0,0,4,fully_labeled,Anderson-Darling Test=include|Shapiro-Wilk Test of Normality=include|Kolmogorov-Smirnov Test for Normality=include|Kolmogorov-Smirnov Test=include|Mode=include|Lilliefors Test=include
144,Distribution Compliance Test,hard,14B,V2,1,0,0,1,1,0,4,3,Anderson-Darling Test|Shapiro-Wilk Test of Normality|Kolmogorov-Smirnov Test for Normality|Lilliefors Test,Anderson-Darling Test|Kolmogorov-Smirnov Test for Normality|Lilliefors Test,0.8888888888888888,0.2,0.0,0.0,9,5,4,4,1,0,0,8,fully_labeled,Anderson-Darling Test=include|Shapiro-Wilk Test of Normality=include|Kolmogorov-Smirnov Test for Normality=include|Kolmogorov-Smirnov Test=exclude|Lilliefors Test=include|Mean=include|Kolmogorov-Smirnov Test for Uniform distribution=exclude|Kolmogorov-Smirnov Test for Gamma distribution=exclude|Kolmogorov-Smirnov Test for Exponential distribution=exclude
145,Contingency Table Test,hard,14B,V2,1,0,0,1,1,0,2,1,Chi-square Independence Test|Fisher Exact Test,Chi-square Independence Test,1.0,0.0,0.0,0.0,3,2,1,2,0,0,0,3,fully_labeled,Chi-square Independence Test=include|Fisher Exact Test=include|Mantel-Haenszel Test=exclude
146,Correlation Analysis,easy,14B,V2,1,1,1,1,0,0,1,1,Partial Correlation Coefficient,Partial Correlation Coefficient,1.0,0.0,0.0,0.0,4,1,3,1,0,0,0,4,fully_labeled,Pearson Correlation Coefficient=exclude|Spearman Correlation Coefficient=exclude|Kendall Correlation Coefficient=exclude|Partial Correlation Coefficient=include
147,Distribution Compliance Test,hard,14B,V2,1,0,0,1,1,1,3,3,Anderson-Darling Test|Shapiro-Wilk Test of Normality|Lilliefors Test,Anderson-Darling Test|Shapiro-Wilk Test of Normality|Kolmogorov-Smirnov Test for Normality,0.875,0.25,0.0,0.0,8,4,4,3,1,0,0,7,fully_labeled,Anderson-Darling Test=include|Shapiro-Wilk Test of Normality=include|Kolmogorov-Smirnov Test for Normality=include|Kolmogorov-Smirnov Test=exclude|Lilliefors Test=include|Kolmogorov-Smirnov Test for Uniform distribution=exclude|Kolmogorov-Smirnov Test for Gamma distribution=exclude|Kolmogorov-Smirnov Test for Exponential distribution=exclude
148,Contingency Table Test,hard,14B,V2,1,0,0,1,1,0,2,1,Chi-square Independence Test|Fisher Exact Test,Chi-square Independence Test,1.0,0.0,0.0,0.0,3,2,1,2,0,0,0,3,fully_labeled,Chi-square Independence Test=include|Fisher Exact Test=include|Mantel-Haenszel Test=exclude
149,Distribution Compliance Test,hard,14B,V2,1,0,0,1,1,0,4,3,Anderson-Darling Test|Shapiro-Wilk Test of Normality|Kolmogorov-Smirnov Test for Normality|Lilliefors Test,Anderson-Darling Test|Kolmogorov-Smirnov Test for Normality|Lilliefors Test,0.8888888888888888,0.2,0.0,0.0,9,5,4,4,1,0,0,8,fully_labeled,Anderson-Darling Test=include|Shapiro-Wilk Test of Normality=include|Kolmogorov-Smirnov Test for Normality=include|Kolmogorov-Smirnov Test=exclude|Lilliefors Test=include|Mean=include|Kolmogorov-Smirnov Test for Uniform distribution=exclude|Kolmogorov-Smirnov Test for Gamma distribution=exclude|Kolmogorov-Smirnov Test for Exponential distribution=exclude
150,Distribution Compliance Test,hard,14B,V2,1,0,0,1,1,1,3,3,Anderson-Darling Test|Shapiro-Wilk Test of Normality|Lilliefors Test,Anderson-Darling Test|Kolmogorov-Smirnov Test for Normality|Lilliefors Test,0.875,0.25,0.0,0.0,8,4,4,3,1,0,0,7,fully_labeled,Anderson-Darling Test=include|Shapiro-Wilk Test of Normality=include|Kolmogorov-Smirnov Test for Normality=include|Kolmogorov-Smirnov Test=exclude|Lilliefors Test=include|Kolmogorov-Smirnov Test for Uniform distribution=exclude|Kolmogorov-Smirnov Test for Gamma distribution=exclude|Kolmogorov-Smirnov Test for Exponential distribution=exclude
151,Variance Test,hard,14B,V2,1,0,0,1,1,0,4,2,Mood Variance Test|Levene Test|Bartlett Test|F-Test for Variance,Mood Variance Test|Levene Test,1.0,0.0,,0.0,4,4,0,4,0,0,0,4,fully_labeled,Mood Variance Test=include|Levene Test=include|Bartlett Test=include|F-Test for Variance=include
152,Variance Test,hard,14B,V2,1,0,0,1,1,0,4,2,Mood Variance Test|Levene Test|Bartlett Test|F-Test for Variance,Mood Variance Test|Levene Test,1.0,0.0,,0.0,4,4,0,4,0,0,0,4,fully_labeled,Mood Variance Test=include|Levene Test=include|Bartlett Test=include|F-Test for Variance=include
153,Distribution Compliance Test,hard,14B,V2,1,0,0,1,1,0,4,3,Anderson-Darling Test|Shapiro-Wilk Test of Normality|Kolmogorov-Smirnov Test for Normality|Lilliefors Test,Anderson-Darling Test|Kolmogorov-Smirnov Test for Normality|Lilliefors Test,1.0,0.0,0.0,0.0,8,4,4,4,0,0,0,8,fully_labeled,Anderson-Darling Test=include|Shapiro-Wilk Test of Normality=include|Kolmogorov-Smirnov Test for Normality=include|Kolmogorov-Smirnov Test=exclude|Lilliefors Test=include|Kolmogorov-Smirnov Test for Uniform distribution=exclude|Kolmogorov-Smirnov Test for Gamma distribution=exclude|Kolmogorov-Smirnov Test for Exponential distribution=exclude
154,Variance Test,hard,14B,V2,1,0,0,1,1,0,4,2,Mood Variance Test|Levene Test|Bartlett Test|F-Test for Variance,Mood Variance Test|Levene Test,1.0,0.0,,0.0,4,4,0,4,0,0,0,4,fully_labeled,Mood Variance Test=include|Levene Test=include|Bartlett Test=include|F-Test for Variance=include
155,Variance Test,hard,14B,V2,1,1,1,1,0,0,2,2,Mood Variance Test|Levene Test,Mood Variance Test|Levene Test,1.0,0.0,0.0,0.0,4,2,2,2,0,0,0,4,fully_labeled,Mood Variance Test=include|Levene Test=include|Bartlett Test=exclude|F-Test for Variance=exclude
156,Distribution Compliance Test,hard,14B,V2,1,0,0,1,1,0,4,3,Anderson-Darling Test|Shapiro-Wilk Test of Normality|Kolmogorov-Smirnov Test for Normality|Lilliefors Test,Anderson-Darling Test|Kolmogorov-Smirnov Test for Normality|Lilliefors Test,0.8888888888888888,0.2,0.0,0.0,9,5,4,4,1,0,0,8,fully_labeled,Anderson-Darling Test=include|Shapiro-Wilk Test of Normality=include|Kolmogorov-Smirnov Test for Normality=include|Kolmogorov-Smirnov Test=exclude|Lilliefors Test=include|Mean=include|Kolmogorov-Smirnov Test for Uniform distribution=exclude|Kolmogorov-Smirnov Test for Gamma distribution=exclude|Kolmogorov-Smirnov Test for Exponential distribution=exclude
157,Correlation Analysis,hard,14B,V2,1,0,0,1,1,0,3,1,Pearson Correlation Coefficient|Spearman Correlation Coefficient|Kendall Correlation Coefficient,Kendall Correlation Coefficient,1.0,0.0,0.0,0.0,4,3,1,3,0,0,0,4,fully_labeled,Pearson Correlation Coefficient=include|Spearman Correlation Coefficient=include|Kendall Correlation Coefficient=include|Partial Correlation Coefficient=exclude
158,Distribution Compliance Test,hard,14B,V2,1,0,0,1,1,1,7,3,Median|Range|Quartile|Skewness|Kurtosis|Mood Variance Test|Levene Test,Anderson-Darling Test|Kolmogorov-Smirnov Test for Normality|Lilliefors Test,1.0,0.0,0.0,0.0,11,7,4,7,0,0,0,11,fully_labeled,Mean=exclude|Median=include|Range=include|Quartile=include|Standard Deviation=exclude|Skewness=include|Kurtosis=include|Mood Variance Test=include|Levene Test=include|Bartlett Test=exclude|F-Test for Variance=exclude
159,Contingency Table Test,hard,14B,V2,1,0,0,0,1,0,2,1,Chi-square Independence Test|Fisher Exact Test,Chi-square Independence Test,1.0,0.0,0.0,0.0,3,2,1,2,0,0,0,3,fully_labeled,Chi-square Independence Test=include|Fisher Exact Test=include|Mantel-Haenszel Test=exclude
160,Distribution Compliance Test,hard,14B,V2,1,0,0,1,1,0,4,3,Anderson-Darling Test|Shapiro-Wilk Test of Normality|Kolmogorov-Smirnov Test for Normality|Lilliefors Test,Anderson-Darling Test|Kolmogorov-Smirnov Test for Normality|Lilliefors Test,1.0,0.0,0.0,0.0,8,4,4,4,0,0,0,8,fully_labeled,Anderson-Darling Test=include|Shapiro-Wilk Test of Normality=include|Kolmogorov-Smirnov Test for Normality=include|Kolmogorov-Smirnov Test=exclude|Lilliefors Test=include|Kolmogorov-Smirnov Test for Uniform distribution=exclude|Kolmogorov-Smirnov Test for Gamma distribution=exclude|Kolmogorov-Smirnov Test for Exponential distribution=exclude
161,Variance Test,hard,14B,V2,1,1,1,1,0,0,2,2,Mood Variance Test|Levene Test,Mood Variance Test|Levene Test,1.0,0.0,0.0,0.0,4,2,2,2,0,0,0,4,fully_labeled,Mood Variance Test=include|Levene Test=include|Bartlett Test=exclude|F-Test for Variance=exclude
162,Distribution Compliance Test,hard,14B,V2,1,0,0,1,1,1,3,3,Anderson-Darling Test|Shapiro-Wilk Test of Normality|Lilliefors Test,Anderson-Darling Test|Kolmogorov-Smirnov Test for Normality|Lilliefors Test,0.875,0.25,0.0,0.0,8,4,4,3,1,0,0,7,fully_labeled,Anderson-Darling Test=include|Shapiro-Wilk Test of Normality=include|Kolmogorov-Smirnov Test for Normality=include|Kolmogorov-Smirnov Test=exclude|Lilliefors Test=include|Kolmogorov-Smirnov Test for Uniform distribution=exclude|Kolmogorov-Smirnov Test for Gamma distribution=exclude|Kolmogorov-Smirnov Test for Exponential distribution=exclude
163,Distribution Compliance Test,hard,14B,V2,1,0,0,1,1,1,3,3,Anderson-Darling Test|Shapiro-Wilk Test of Normality|Lilliefors Test,Anderson-Darling Test|Shapiro-Wilk Test of Normality|Kolmogorov-Smirnov Test for Normality,0.875,0.25,0.0,0.0,8,4,4,3,1,0,0,7,fully_labeled,Anderson-Darling Test=include|Shapiro-Wilk Test of Normality=include|Kolmogorov-Smirnov Test for Normality=include|Kolmogorov-Smirnov Test=exclude|Lilliefors Test=include|Kolmogorov-Smirnov Test for Uniform distribution=exclude|Kolmogorov-Smirnov Test for Gamma distribution=exclude|Kolmogorov-Smirnov Test for Exponential distribution=exclude
164,Variance Test,hard,14B,V2,1,0,0,1,1,0,4,2,Mood Variance Test|Levene Test|Bartlett Test|F-Test for Variance,Mood Variance Test|Levene Test,1.0,0.0,,0.0,4,4,0,4,0,0,0,4,fully_labeled,Mood Variance Test=include|Levene Test=include|Bartlett Test=include|F-Test for Variance=include
165,Distribution Compliance Test,hard,14B,V2,1,0,0,1,1,0,4,3,Anderson-Darling Test|Shapiro-Wilk Test of Normality|Kolmogorov-Smirnov Test for Normality|Lilliefors Test,Anderson-Darling Test|Kolmogorov-Smirnov Test for Normality|Lilliefors Test,0.8888888888888888,0.2,0.0,0.0,9,5,4,4,1,0,0,8,fully_labeled,Anderson-Darling Test=include|Shapiro-Wilk Test of Normality=include|Kolmogorov-Smirnov Test for Normality=include|Kolmogorov-Smirnov Test=exclude|Lilliefors Test=include|Mean=include|Kolmogorov-Smirnov Test for Uniform distribution=exclude|Kolmogorov-Smirnov Test for Gamma distribution=exclude|Kolmogorov-Smirnov Test for Exponential distribution=exclude
166,Contingency Table Test,hard,14B,V2,1,0,0,1,1,0,2,1,Chi-square Independence Test|Fisher Exact Test,Chi-square Independence Test,1.0,0.0,0.0,0.0,3,2,1,2,0,0,0,3,fully_labeled,Chi-square Independence Test=include|Fisher Exact Test=include|Mantel-Haenszel Test=exclude
167,Distribution Compliance Test,hard,14B,V2,1,0,0,1,1,1,3,3,Anderson-Darling Test|Shapiro-Wilk Test of Normality|Lilliefors Test,Anderson-Darling Test|Kolmogorov-Smirnov Test for Normality|Lilliefors Test,0.875,0.25,0.0,0.0,8,4,4,3,1,0,0,7,fully_labeled,Anderson-Darling Test=include|Shapiro-Wilk Test of Normality=include|Kolmogorov-Smirnov Test for Normality=include|Kolmogorov-Smirnov Test=exclude|Lilliefors Test=include|Kolmogorov-Smirnov Test for Uniform distribution=exclude|Kolmogorov-Smirnov Test for Gamma distribution=exclude|Kolmogorov-Smirnov Test for Exponential distribution=exclude
168,Distribution Compliance Test,easy,14B,V2,1,1,1,1,0,0,1,1,Kolmogorov-Smirnov Test,Kolmogorov-Smirnov Test,1.0,0.0,0.0,0.0,8,1,7,1,0,0,0,8,fully_labeled,Anderson-Darling Test=exclude|Shapiro-Wilk Test of Normality=exclude|Kolmogorov-Smirnov Test for Normality=exclude|Kolmogorov-Smirnov Test=include|Lilliefors Test=exclude|Kolmogorov-Smirnov Test for Uniform distribution=exclude|Kolmogorov-Smirnov Test for Gamma distribution=exclude|Kolmogorov-Smirnov Test for Exponential distribution=exclude
169,Distribution Compliance Test,easy,14B,V2,1,1,1,1,0,0,1,1,Kolmogorov-Smirnov Test,Kolmogorov-Smirnov Test,1.0,0.0,0.0,0.0,8,1,7,1,0,0,0,8,fully_labeled,Anderson-Darling Test=exclude|Shapiro-Wilk Test of Normality=exclude|Kolmogorov-Smirnov Test for Normality=exclude|Kolmogorov-Smirnov Test=include|Lilliefors Test=exclude|Kolmogorov-Smirnov Test for Uniform distribution=exclude|Kolmogorov-Smirnov Test for Gamma distribution=exclude|Kolmogorov-Smirnov Test for Exponential distribution=exclude
170,Variance Test,hard,14B,V2,1,0,0,1,1,0,4,2,Mood Variance Test|Levene Test|Bartlett Test|F-Test for Variance,Mood Variance Test|Levene Test,1.0,0.0,,0.0,4,4,0,4,0,0,0,4,fully_labeled,Mood Variance Test=include|Levene Test=include|Bartlett Test=include|F-Test for Variance=include
171,Contingency Table Test,hard,14B,V2,1,0,0,1,1,0,2,1,Chi-square Independence Test|Fisher Exact Test,Chi-square Independence Test,1.0,0.0,0.0,0.0,3,2,1,2,0,0,0,3,fully_labeled,Chi-square Independence Test=include|Fisher Exact Test=include|Mantel-Haenszel Test=exclude
172,Distribution Compliance Test,hard,14B,V2,1,0,0,1,1,0,4,3,Anderson-Darling Test|Shapiro-Wilk Test of Normality|Kolmogorov-Smirnov Test for Normality|Lilliefors Test,Anderson-Darling Test|Kolmogorov-Smirnov Test for Normality|Lilliefors Test,0.8888888888888888,0.2,0.0,0.0,9,5,4,4,1,0,0,8,fully_labeled,Anderson-Darling Test=include|Shapiro-Wilk Test of Normality=include|Kolmogorov-Smirnov Test for Normality=include|Kolmogorov-Smirnov Test=exclude|Lilliefors Test=include|Mean=include|Kolmogorov-Smirnov Test for Uniform distribution=exclude|Kolmogorov-Smirnov Test for Gamma distribution=exclude|Kolmogorov-Smirnov Test for Exponential distribution=exclude
173,Correlation Analysis,easy,14B,V2,1,1,1,1,0,0,3,3,Pearson Correlation Coefficient|Spearman Correlation Coefficient|Kendall Correlation Coefficient,Pearson Correlation Coefficient|Spearman Correlation Coefficient|Kendall Correlation Coefficient,1.0,0.0,0.0,0.0,4,3,1,3,0,0,0,4,fully_labeled,Pearson Correlation Coefficient=include|Spearman Correlation Coefficient=include|Kendall Correlation Coefficient=include|Partial Correlation Coefficient=exclude
174,Contingency Table Test,easy,14B,V2,1,1,1,1,0,0,2,2,Chi-square Independence Test|Fisher Exact Test,Chi-square Independence Test|Fisher Exact Test,1.0,0.0,0.0,0.0,3,2,1,2,0,0,0,3,fully_labeled,Chi-square Independence Test=include|Fisher Exact Test=include|Mantel-Haenszel Test=exclude
175,Variance Test,hard,14B,V2,1,0,0,1,1,0,4,2,Mood Variance Test|Levene Test|Bartlett Test|F-Test for Variance,Mood Variance Test|Levene Test,1.0,0.0,,0.0,4,4,0,4,0,0,0,4,fully_labeled,Mood Variance Test=include|Levene Test=include|Bartlett Test=include|F-Test for Variance=include
176,Contingency Table Test,easy,14B,V2,1,1,1,1,0,0,2,2,Chi-square Independence Test|Fisher Exact Test,Chi-square Independence Test|Fisher Exact Test,1.0,0.0,0.0,0.0,3,2,1,2,0,0,0,3,fully_labeled,Chi-square Independence Test=include|Fisher Exact Test=include|Mantel-Haenszel Test=exclude
177,Variance Test,hard,14B,V2,1,0,0,1,1,0,4,2,Mood Variance Test|Levene Test|Bartlett Test|F-Test for Variance,Mood Variance Test|Levene Test,1.0,0.0,,0.0,4,4,0,4,0,0,0,4,fully_labeled,Mood Variance Test=include|Levene Test=include|Bartlett Test=include|F-Test for Variance=include
178,Contingency Table Test,hard,14B,V2,1,0,0,1,1,0,2,1,Chi-square Independence Test|Fisher Exact Test,Chi-square Independence Test,1.0,0.0,0.0,0.0,3,2,1,2,0,0,0,3,fully_labeled,Chi-square Independence Test=include|Fisher Exact Test=include|Mantel-Haenszel Test=exclude
179,Distribution Compliance Test,easy,14B,V2,1,0,0,1,0,1,0,1,,Kolmogorov-Smirnov Test,1.0,,0.0,,8,0,8,0,0,0,0,8,partially_labeled,Kolmogorov-Smirnov Test=exclude|Anderson-Darling Test=exclude|Shapiro-Wilk Test of Normality=exclude|Kolmogorov-Smirnov Test for Normality=exclude|Lilliefors Test=exclude|Kolmogorov-Smirnov Test for Uniform distribution=exclude|Kolmogorov-Smirnov Test for Gamma distribution=exclude|Kolmogorov-Smirnov Test for Exponential distribution=exclude
180,Distribution Compliance Test,easy,14B,V2,1,1,1,1,0,0,1,1,Kolmogorov-Smirnov Test,Kolmogorov-Smirnov Test,1.0,0.0,0.0,0.0,8,1,7,1,0,0,0,8,fully_labeled,Anderson-Darling Test=exclude|Shapiro-Wilk Test of Normality=exclude|Kolmogorov-Smirnov Test for Normality=exclude|Kolmogorov-Smirnov Test=include|Lilliefors Test=exclude|Kolmogorov-Smirnov Test for Uniform distribution=exclude|Kolmogorov-Smirnov Test for Gamma distribution=exclude|Kolmogorov-Smirnov Test for Exponential distribution=exclude
181,Distribution Compliance Test,easy,14B,V2,1,1,1,1,0,0,1,1,Kolmogorov-Smirnov Test,Kolmogorov-Smirnov Test,1.0,0.0,0.0,0.0,27,1,26,1,0,0,0,27,fully_labeled,Kolmogorov-Smirnov Test=include|Anderson-Darling Test=exclude|Shapiro-Wilk Test of Normality=exclude|Lilliefors Test=exclude|Kolmogorov-Smirnov Test for Normality=exclude|Kolmogorov-Smirnov Test for Uniform distribution=exclude|Kolmogorov-Smirnov Test for Gamma distribution=exclude|Kolmogorov-Smirnov Test for Exponential distribution=exclude|Chi-square Independence Test=exclude|Fisher Exact Test=exclude|Mantel-Haenszel Test=exclude|Mean=exclude|Median=exclude|Mode=exclude|Range=exclude|Quartile=exclude|Standard Deviation=exclude|Skewness=exclude|Kurtosis=exclude|Mood Variance Test=exclude|Levene Test=exclude|Bartlett Test=exclude|F-Test for Variance=exclude|Pearson Correlation Coefficient=exclude|Spearman Correlation Coefficient=exclude|Kendall Correlation Coefficient=exclude|Partial Correlation Coefficient=exclude
182,Correlation Analysis,easy,14B,V2,1,0,0,1,0,1,2,3,Spearman Correlation Coefficient|Kendall Correlation Coefficient,Pearson Correlation Coefficient|Spearman Correlation Coefficient|Kendall Correlation Coefficient,1.0,0.0,0.0,0.0,4,2,2,2,0,0,0,4,fully_labeled,Pearson Correlation Coefficient=exclude|Spearman Correlation Coefficient=include|Kendall Correlation Coefficient=include|Partial Correlation Coefficient=exclude
183,Correlation Analysis,hard,14B,V2,1,0,0,1,1,0,3,1,Pearson Correlation Coefficient|Spearman Correlation Coefficient|Kendall Correlation Coefficient,Kendall Correlation Coefficient,1.0,0.0,0.0,0.0,4,3,1,3,0,0,0,4,fully_labeled,Pearson Correlation Coefficient=include|Spearman Correlation Coefficient=include|Kendall Correlation Coefficient=include|Partial Correlation Coefficient=exclude
184,Variance Test,easy,14B,V2,1,1,1,1,0,0,4,4,Mood Variance Test|Levene Test|Bartlett Test|F-Test for Variance,Mood Variance Test|Levene Test|Bartlett Test|F-Test for Variance,1.0,0.0,,0.0,4,4,0,4,0,0,0,4,partially_labeled,Mood Variance Test=include|Levene Test=include|Bartlett Test=include|F-Test for Variance=include
185,Distribution Compliance Test,hard,14B,V2,1,0,0,1,1,0,4,3,Anderson-Darling Test|Shapiro-Wilk Test of Normality|Kolmogorov-Smirnov Test for Normality|Lilliefors Test,Anderson-Darling Test|Kolmogorov-Smirnov Test for Normality|Lilliefors Test,0.8888888888888888,0.2,0.0,0.0,9,5,4,4,1,0,0,8,fully_labeled,Anderson-Darling Test=include|Shapiro-Wilk Test of Normality=include|Kolmogorov-Smirnov Test for Normality=include|Kolmogorov-Smirnov Test=exclude|Lilliefors Test=include|Mean=include|Kolmogorov-Smirnov Test for Uniform distribution=exclude|Kolmogorov-Smirnov Test for Gamma distribution=exclude|Kolmogorov-Smirnov Test for Exponential distribution=exclude
186,Contingency Table Test,hard,14B,V2,1,0,0,1,1,0,2,1,Chi-square Independence Test|Fisher Exact Test,Chi-square Independence Test,1.0,0.0,0.0,0.0,3,2,1,2,0,0,0,3,fully_labeled,Chi-square Independence Test=include|Fisher Exact Test=include|Mantel-Haenszel Test=exclude
187,Contingency Table Test,hard,14B,V2,1,0,0,1,1,0,2,1,Chi-square Independence Test|Fisher Exact Test,Chi-square Independence Test,1.0,0.0,0.0,0.0,3,2,1,2,0,0,0,3,fully_labeled,Chi-square Independence Test=include|Fisher Exact Test=include|Mantel-Haenszel Test=exclude
188,Contingency Table Test,easy,14B,V2,1,1,1,1,0,0,2,2,Chi-square Independence Test|Fisher Exact Test,Chi-square Independence Test|Fisher Exact Test,1.0,0.0,0.0,0.0,3,2,1,2,0,0,0,3,fully_labeled,Chi-square Independence Test=include|Fisher Exact Test=include|Mantel-Haenszel Test=exclude
189,Variance Test,hard,14B,V2,1,0,0,1,1,0,4,2,Mood Variance Test|Levene Test|Bartlett Test|F-Test for Variance,Mood Variance Test|Levene Test,1.0,0.0,,0.0,4,4,0,4,0,0,0,4,fully_labeled,Mood Variance Test=include|Levene Test=include|Bartlett Test=include|F-Test for Variance=include
190,Variance Test,hard,14B,V2,1,0,0,1,1,0,4,2,Mood Variance Test|Levene Test|Bartlett Test|F-Test for Variance,Mood Variance Test|Levene Test,1.0,0.0,,0.0,4,4,0,4,0,0,0,4,fully_labeled,Mood Variance Test=include|Levene Test=include|Bartlett Test=include|F-Test for Variance=include
191,Variance Test,hard,14B,V2,1,1,1,1,0,0,2,2,Mood Variance Test|Levene Test,Mood Variance Test|Levene Test,1.0,0.0,0.0,0.0,4,2,2,2,0,0,0,4,fully_labeled,Mood Variance Test=include|Levene Test=include|Bartlett Test=exclude|F-Test for Variance=exclude
192,Correlation Analysis,easy,14B,V2,1,1,1,1,0,0,3,3,Pearson Correlation Coefficient|Spearman Correlation Coefficient|Kendall Correlation Coefficient,Pearson Correlation Coefficient|Spearman Correlation Coefficient|Kendall Correlation Coefficient,1.0,0.0,0.0,0.0,4,3,1,3,0,0,0,4,fully_labeled,Pearson Correlation Coefficient=include|Spearman Correlation Coefficient=include|Kendall Correlation Coefficient=include|Partial Correlation Coefficient=exclude
193,Variance Test,hard,14B,V2,1,0,0,1,1,0,4,2,Mood Variance Test|Levene Test|Bartlett Test|F-Test for Variance,Mood Variance Test|Levene Test,1.0,0.0,,0.0,4,4,0,4,0,0,0,4,fully_labeled,Mood Variance Test=include|Levene Test=include|Bartlett Test=include|F-Test for Variance=include
194,Contingency Table Test,hard,14B,V2,1,0,0,1,1,0,2,1,Chi-square Independence Test|Fisher Exact Test,Chi-square Independence Test,1.0,0.0,0.0,0.0,3,2,1,2,0,0,0,3,fully_labeled,Chi-square Independence Test=include|Fisher Exact Test=include|Mantel-Haenszel Test=exclude
195,Distribution Compliance Test,easy,14B,V2,1,1,1,1,0,0,1,1,Kolmogorov-Smirnov Test,Kolmogorov-Smirnov Test,1.0,0.0,,0.0,1,1,0,1,0,0,0,1,partially_labeled,Kolmogorov-Smirnov Test=include
196,Contingency Table Test,hard,14B,V2,1,0,0,1,1,0,2,1,Chi-square Independence Test|Fisher Exact Test,Chi-square Independence Test,1.0,0.0,0.0,0.0,3,2,1,2,0,0,0,3,fully_labeled,Chi-square Independence Test=include|Fisher Exact Test=include|Mantel-Haenszel Test=exclude
197,Variance Test,easy,14B,V2,1,1,1,1,0,0,4,4,Mood Variance Test|Levene Test|Bartlett Test|F-Test for Variance,Mood Variance Test|Levene Test|Bartlett Test|F-Test for Variance,1.0,0.0,,0.0,4,4,0,4,0,0,0,4,fully_labeled,Mood Variance Test=include|Levene Test=include|Bartlett Test=include|F-Test for Variance=include
198,Variance Test,hard,14B,V2,1,0,0,0,1,0,4,2,Mood Variance Test|Levene Test|Bartlett Test|F-Test for Variance,Mood Variance Test|Levene Test,1.0,0.0,,0.0,4,4,0,4,0,0,0,4,fully_labeled,Mood Variance Test=include|Levene Test=include|Bartlett Test=include|F-Test for Variance=include
199,Distribution Compliance Test,hard,14B,V2,1,0,0,1,1,1,3,3,Anderson-Darling Test|Shapiro-Wilk Test of Normality|Lilliefors Test,Anderson-Darling Test|Kolmogorov-Smirnov Test for Normality|Lilliefors Test,0.7777777777777778,0.4,0.0,0.0,9,5,4,3,2,0,0,7,fully_labeled,Anderson-Darling Test=include|Shapiro-Wilk Test of Normality=include|Kolmogorov-Smirnov Test for Normality=include|Kolmogorov-Smirnov Test=exclude|Lilliefors Test=include|Mean=include|Kolmogorov-Smirnov Test for Uniform distribution=exclude|Kolmogorov-Smirnov Test for Gamma distribution=exclude|Kolmogorov-Smirnov Test for Exponential distribution=exclude
200,Variance Test,hard,14B,V2,1,0,0,1,1,0,4,2,Mood Variance Test|Levene Test|Bartlett Test|F-Test for Variance,Mood Variance Test|Levene Test,1.0,0.0,,0.0,4,4,0,4,0,0,0,4,fully_labeled,Mood Variance Test=include|Levene Test=include|Bartlett Test=include|F-Test for Variance=include
201,Variance Test,hard,14B,V2,1,0,0,1,1,0,4,2,Mood Variance Test|Levene Test|Bartlett Test|F-Test for Variance,Mood Variance Test|Levene Test,1.0,0.0,,0.0,4,4,0,4,0,0,0,4,fully_labeled,Mood Variance Test=include|Levene Test=include|Bartlett Test=include|F-Test for Variance=include
202,Distribution Compliance Test,easy,14B,V2,1,1,1,1,0,0,1,1,Kolmogorov-Smirnov Test,Kolmogorov-Smirnov Test,1.0,0.0,0.0,0.0,2,1,1,1,0,0,0,2,fully_labeled,Kolmogorov-Smirnov Test=include|Kolmogorov-Smirnov Test for Normality=exclude
203,Variance Test,hard,14B,V2,1,0,0,1,1,0,4,2,Mood Variance Test|Levene Test|Bartlett Test|F-Test for Variance,Mood Variance Test|Levene Test,1.0,0.0,,0.0,4,4,0,4,0,0,0,4,fully_labeled,Mood Variance Test=include|Levene Test=include|Bartlett Test=include|F-Test for Variance=include
204,Correlation Analysis,hard,14B,V2,1,0,0,1,1,0,3,1,Pearson Correlation Coefficient|Spearman Correlation Coefficient|Kendall Correlation Coefficient,Kendall Correlation Coefficient,1.0,0.0,0.0,0.0,4,3,1,3,0,0,0,4,fully_labeled,Pearson Correlation Coefficient=include|Spearman Correlation Coefficient=include|Kendall Correlation Coefficient=include|Partial Correlation Coefficient=exclude
205,Distribution Compliance Test,easy,14B,V2,1,1,1,1,0,0,1,1,Kolmogorov-Smirnov Test,Kolmogorov-Smirnov Test,1.0,0.0,0.0,0.0,8,1,7,1,0,0,0,8,fully_labeled,Anderson-Darling Test=exclude|Shapiro-Wilk Test of Normality=exclude|Kolmogorov-Smirnov Test for Normality=exclude|Kolmogorov-Smirnov Test=include|Lilliefors Test=exclude|Kolmogorov-Smirnov Test for Uniform distribution=exclude|Kolmogorov-Smirnov Test for Gamma distribution=exclude|Kolmogorov-Smirnov Test for Exponential distribution=exclude
206,Variance Test,hard,14B,V2,1,0,0,1,1,0,4,2,Mood Variance Test|Levene Test|Bartlett Test|F-Test for Variance,Mood Variance Test|Levene Test,1.0,0.0,,0.0,4,4,0,4,0,0,0,4,fully_labeled,Mood Variance Test=include|Levene Test=include|Bartlett Test=include|F-Test for Variance=include
207,Variance Test,hard,14B,V2,1,0,0,1,1,0,4,2,Mood Variance Test|Levene Test|Bartlett Test|F-Test for Variance,Mood Variance Test|Levene Test,1.0,0.0,,0.0,4,4,0,4,0,0,0,4,fully_labeled,Mood Variance Test=include|Levene Test=include|Bartlett Test=include|F-Test for Variance=include
208,Distribution Compliance Test,hard,14B,V2,1,0,0,1,1,0,4,3,Anderson-Darling Test|Shapiro-Wilk Test of Normality|Kolmogorov-Smirnov Test for Normality|Lilliefors Test,Anderson-Darling Test|Kolmogorov-Smirnov Test for Normality|Lilliefors Test,1.0,0.0,0.0,0.0,8,4,4,4,0,0,0,8,fully_labeled,Anderson-Darling Test=include|Shapiro-Wilk Test of Normality=include|Kolmogorov-Smirnov Test for Normality=include|Kolmogorov-Smirnov Test=exclude|Lilliefors Test=include|Kolmogorov-Smirnov Test for Uniform distribution=exclude|Kolmogorov-Smirnov Test for Gamma distribution=exclude|Kolmogorov-Smirnov Test for Exponential distribution=exclude
209,Variance Test,easy,14B,V2,1,1,1,1,0,0,4,4,Mood Variance Test|Levene Test|Bartlett Test|F-Test for Variance,Mood Variance Test|Levene Test|Bartlett Test|F-Test for Variance,1.0,0.0,,0.0,4,4,0,4,0,0,0,4,fully_labeled,Mood Variance Test=include|Levene Test=include|Bartlett Test=include|F-Test for Variance=include
210,Distribution Compliance Test,hard,14B,V2,1,0,0,1,1,1,3,3,Anderson-Darling Test|Shapiro-Wilk Test of Normality|Lilliefors Test,Anderson-Darling Test|Kolmogorov-Smirnov Test for Normality|Lilliefors Test,0.875,0.25,0.0,0.0,8,4,4,3,1,0,0,7,fully_labeled,Anderson-Darling Test=include|Shapiro-Wilk Test of Normality=include|Kolmogorov-Smirnov Test for Normality=include|Kolmogorov-Smirnov Test=exclude|Lilliefors Test=include|Kolmogorov-Smirnov Test for Uniform distribution=exclude|Kolmogorov-Smirnov Test for Gamma distribution=exclude|Kolmogorov-Smirnov Test for Exponential distribution=exclude
211,Variance Test,hard,14B,V2,1,0,0,1,1,0,4,2,Mood Variance Test|Levene Test|Bartlett Test|F-Test for Variance,Mood Variance Test|Levene Test,1.0,0.0,,0.0,4,4,0,4,0,0,0,4,fully_labeled,Mood Variance Test=include|Levene Test=include|Bartlett Test=include|F-Test for Variance=include
212,Contingency Table Test,hard,14B,V2,1,0,0,1,1,0,2,1,Chi-square Independence Test|Fisher Exact Test,Fisher Exact Test,1.0,0.0,0.0,0.0,3,2,1,2,0,0,0,3,fully_labeled,Chi-square Independence Test=include|Fisher Exact Test=include|Mantel-Haenszel Test=exclude
213,Distribution Compliance Test,hard,14B,V2,1,0,0,1,1,0,4,3,Anderson-Darling Test|Shapiro-Wilk Test of Normality|Kolmogorov-Smirnov Test for Normality|Lilliefors Test,Anderson-Darling Test|Kolmogorov-Smirnov Test for Normality|Lilliefors Test,0.8888888888888888,0.2,0.0,0.0,9,5,4,4,1,0,0,8,fully_labeled,Anderson-Darling Test=include|Shapiro-Wilk Test of Normality=include|Kolmogorov-Smirnov Test for Normality=include|Kolmogorov-Smirnov Test=exclude|Lilliefors Test=include|Mean=include|Kolmogorov-Smirnov Test for Uniform distribution=exclude|Kolmogorov-Smirnov Test for Gamma distribution=exclude|Kolmogorov-Smirnov Test for Exponential distribution=exclude
214,Distribution Compliance Test,hard,14B,V2,1,0,0,1,1,0,4,3,Anderson-Darling Test|Shapiro-Wilk Test of Normality|Kolmogorov-Smirnov Test for Normality|Lilliefors Test,Anderson-Darling Test|Kolmogorov-Smirnov Test for Normality|Lilliefors Test,0.8888888888888888,0.2,0.0,0.0,9,5,4,4,1,0,0,8,fully_labeled,Anderson-Darling Test=include|Shapiro-Wilk Test of Normality=include|Kolmogorov-Smirnov Test for Normality=include|Kolmogorov-Smirnov Test=exclude|Lilliefors Test=include|Mean=include|Kolmogorov-Smirnov Test for Uniform distribution=exclude|Kolmogorov-Smirnov Test for Gamma distribution=exclude|Kolmogorov-Smirnov Test for Exponential distribution=exclude
215,Variance Test,hard,14B,V2,1,1,1,1,0,0,2,2,Mood Variance Test|Levene Test,Mood Variance Test|Levene Test,1.0,0.0,0.0,0.0,4,2,2,2,0,0,0,4,fully_labeled,Mood Variance Test=include|Levene Test=include|Bartlett Test=exclude|F-Test for Variance=exclude
216,Variance Test,hard,14B,V2,1,0,0,1,1,0,4,2,Mood Variance Test|Levene Test|Bartlett Test|F-Test for Variance,Mood Variance Test|Levene Test,1.0,0.0,,0.0,4,4,0,4,0,0,0,4,fully_labeled,Mood Variance Test=include|Levene Test=include|Bartlett Test=include|F-Test for Variance=include
217,Distribution Compliance Test,hard,14B,V2,1,0,0,1,1,1,3,3,Anderson-Darling Test|Shapiro-Wilk Test of Normality|Kolmogorov-Smirnov Test for Normality,Anderson-Darling Test|Kolmogorov-Smirnov Test for Normality|Lilliefors Test,0.875,0.25,0.0,0.0,8,4,4,3,1,0,0,7,fully_labeled,Anderson-Darling Test=include|Shapiro-Wilk Test of Normality=include|Kolmogorov-Smirnov Test for Normality=include|Kolmogorov-Smirnov Test=exclude|Lilliefors Test=include|Kolmogorov-Smirnov Test for Uniform distribution=exclude|Kolmogorov-Smirnov Test for Gamma distribution=exclude|Kolmogorov-Smirnov Test for Exponential distribution=exclude
218,Distribution Compliance Test,hard,14B,V2,1,0,0,1,1,1,3,3,Anderson-Darling Test|Shapiro-Wilk Test of Normality|Lilliefors Test,Anderson-Darling Test|Kolmogorov-Smirnov Test for Normality|Lilliefors Test,0.7777777777777778,0.4,0.0,0.0,9,5,4,3,2,0,0,7,fully_labeled,Anderson-Darling Test=include|Shapiro-Wilk Test of Normality=include|Kolmogorov-Smirnov Test for Normality=include|Kolmogorov-Smirnov Test=exclude|Lilliefors Test=include|Mean=include|Kolmogorov-Smirnov Test for Uniform distribution=exclude|Kolmogorov-Smirnov Test for Gamma distribution=exclude|Kolmogorov-Smirnov Test for Exponential distribution=exclude
219,Distribution Compliance Test,hard,14B,V2,1,0,0,1,1,1,3,3,Anderson-Darling Test|Shapiro-Wilk Test of Normality|Lilliefors Test,Anderson-Darling Test|Shapiro-Wilk Test of Normality|Kolmogorov-Smirnov Test for Normality,0.875,0.25,0.0,0.0,8,4,4,3,1,0,0,7,fully_labeled,Anderson-Darling Test=include|Shapiro-Wilk Test of Normality=include|Kolmogorov-Smirnov Test for Normality=include|Kolmogorov-Smirnov Test=exclude|Lilliefors Test=include|Kolmogorov-Smirnov Test for Uniform distribution=exclude|Kolmogorov-Smirnov Test for Gamma distribution=exclude|Kolmogorov-Smirnov Test for Exponential distribution=exclude
220,Variance Test,hard,14B,V2,1,1,1,1,0,0,2,2,Mood Variance Test|Levene Test,Mood Variance Test|Levene Test,1.0,0.0,0.0,0.0,4,2,2,2,0,0,0,4,fully_labeled,Mood Variance Test=include|Levene Test=include|Bartlett Test=exclude|F-Test for Variance=exclude
221,Correlation Analysis,easy,14B,V2,1,1,1,1,0,0,3,3,Pearson Correlation Coefficient|Spearman Correlation Coefficient|Kendall Correlation Coefficient,Pearson Correlation Coefficient|Spearman Correlation Coefficient|Kendall Correlation Coefficient,1.0,0.0,0.0,0.0,4,3,1,3,0,0,0,4,fully_labeled,Pearson Correlation Coefficient=include|Spearman Correlation Coefficient=include|Kendall Correlation Coefficient=include|Partial Correlation Coefficient=exclude
222,Distribution Compliance Test,hard,14B,V2,1,0,0,1,1,1,3,3,Anderson-Darling Test|Shapiro-Wilk Test of Normality|Lilliefors Test,Anderson-Darling Test|Kolmogorov-Smirnov Test for Normality|Lilliefors Test,0.875,0.25,0.0,0.0,8,4,4,3,1,0,0,7,fully_labeled,Anderson-Darling Test=include|Shapiro-Wilk Test of Normality=include|Kolmogorov-Smirnov Test for Normality=include|Kolmogorov-Smirnov Test=exclude|Lilliefors Test=include|Kolmogorov-Smirnov Test for Uniform distribution=exclude|Kolmogorov-Smirnov Test for Gamma distribution=exclude|Kolmogorov-Smirnov Test for Exponential distribution=exclude
223,Distribution Compliance Test,hard,14B,V2,1,0,0,1,1,0,4,3,Anderson-Darling Test|Shapiro-Wilk Test of Normality|Kolmogorov-Smirnov Test for Normality|Lilliefors Test,Anderson-Darling Test|Kolmogorov-Smirnov Test for Normality|Lilliefors Test,1.0,0.0,0.0,0.0,8,4,4,4,0,0,0,8,fully_labeled,Anderson-Darling Test=include|Shapiro-Wilk Test of Normality=include|Kolmogorov-Smirnov Test for Normality=include|Kolmogorov-Smirnov Test=exclude|Lilliefors Test=include|Kolmogorov-Smirnov Test for Uniform distribution=exclude|Kolmogorov-Smirnov Test for Gamma distribution=exclude|Kolmogorov-Smirnov Test for Exponential distribution=exclude
224,Contingency Table Test,hard,14B,V2,1,0,0,1,1,0,2,1,Chi-square Independence Test|Fisher Exact Test,Chi-square Independence Test,1.0,0.0,0.0,0.0,3,2,1,2,0,0,0,3,fully_labeled,Chi-square Independence Test=include|Fisher Exact Test=include|Mantel-Haenszel Test=exclude
225,Contingency Table Test,hard,14B,V2,1,0,0,1,1,0,2,1,Chi-square Independence Test|Fisher Exact Test,Chi-square Independence Test,1.0,0.0,0.0,0.0,3,2,1,2,0,0,0,3,fully_labeled,Chi-square Independence Test=include|Fisher Exact Test=include|Mantel-Haenszel Test=exclude
226,Distribution Compliance Test,hard,14B,V2,1,0,0,1,1,0,4,3,Anderson-Darling Test|Shapiro-Wilk Test of Normality|Kolmogorov-Smirnov Test for Normality|Lilliefors Test,Anderson-Darling Test|Kolmogorov-Smirnov Test for Normality|Lilliefors Test,1.0,0.0,0.0,0.0,8,4,4,4,0,0,0,8,fully_labeled,Anderson-Darling Test=include|Shapiro-Wilk Test of Normality=include|Kolmogorov-Smirnov Test for Normality=include|Kolmogorov-Smirnov Test=exclude|Lilliefors Test=include|Kolmogorov-Smirnov Test for Uniform distribution=exclude|Kolmogorov-Smirnov Test for Gamma distribution=exclude|Kolmogorov-Smirnov Test for Exponential distribution=exclude
227,Correlation Analysis,easy,14B,V2,1,1,1,1,0,0,3,3,Pearson Correlation Coefficient|Spearman Correlation Coefficient|Kendall Correlation Coefficient,Pearson Correlation Coefficient|Spearman Correlation Coefficient|Kendall Correlation Coefficient,1.0,0.0,0.0,0.0,4,3,1,3,0,0,0,4,fully_labeled,Pearson Correlation Coefficient=include|Spearman Correlation Coefficient=include|Kendall Correlation Coefficient=include|Partial Correlation Coefficient=exclude
228,Distribution Compliance Test,hard,14B,V2,1,0,0,1,0,1,0,3,,Anderson-Darling Test|Shapiro-Wilk Test of Normality|Kolmogorov-Smirnov Test for Normality,1.0,,0.0,,8,0,8,0,0,0,0,8,fully_labeled,Anderson-Darling Test=exclude|Shapiro-Wilk Test of Normality=exclude|Kolmogorov-Smirnov Test for Normality=exclude|Kolmogorov-Smirnov Test=exclude|Lilliefors Test=exclude|Kolmogorov-Smirnov Test for Uniform distribution=exclude|Kolmogorov-Smirnov Test for Gamma distribution=exclude|Kolmogorov-Smirnov Test for Exponential distribution=exclude
229,Contingency Table Test,easy,14B,V2,1,1,1,1,0,0,2,2,Chi-square Independence Test|Fisher Exact Test,Chi-square Independence Test|Fisher Exact Test,1.0,0.0,0.0,0.0,3,2,1,2,0,0,0,3,fully_labeled,Chi-square Independence Test=include|Fisher Exact Test=include|Mantel-Haenszel Test=exclude
230,Variance Test,hard,14B,V2,1,0,0,1,1,0,4,2,Mood Variance Test|Levene Test|Bartlett Test|F-Test for Variance,Mood Variance Test|Levene Test,1.0,0.0,,0.0,4,4,0,4,0,0,0,4,fully_labeled,Mood Variance Test=include|Levene Test=include|Bartlett Test=include|F-Test for Variance=include
231,Distribution Compliance Test,hard,14B,V2,1,0,0,1,1,1,6,3,Mean|Median|Standard Deviation|Skewness|Kurtosis|Anderson-Darling Test,Anderson-Darling Test|Kolmogorov-Smirnov Test for Normality|Lilliefors Test,1.0,0.0,0.0,0.0,13,6,7,6,0,0,0,13,fully_labeled,Mean=include|Median=include|Standard Deviation=include|Skewness=include|Kurtosis=include|Anderson-Darling Test=include|Shapiro-Wilk Test of Normality=exclude|Kolmogorov-Smirnov Test for Normality=exclude|Kolmogorov-Smirnov Test=exclude|Lilliefors Test=exclude|Kolmogorov-Smirnov Test for Uniform distribution=exclude|Kolmogorov-Smirnov Test for Gamma distribution=exclude|Kolmogorov-Smirnov Test for Exponential distribution=exclude
232,Contingency Table Test,hard,14B,V2,1,0,0,1,1,0,2,1,Chi-square Independence Test|Fisher Exact Test,Chi-square Independence Test,1.0,0.0,0.0,0.0,3,2,1,2,0,0,0,3,fully_labeled,Chi-square Independence Test=include|Fisher Exact Test=include|Mantel-Haenszel Test=exclude
233,Contingency Table Test,hard,14B,V2,1,0,0,1,1,0,2,1,Chi-square Independence Test|Fisher Exact Test,Chi-square Independence Test,1.0,0.0,0.0,0.0,3,2,1,2,0,0,0,3,fully_labeled,Chi-square Independence Test=include|Fisher Exact Test=include|Mantel-Haenszel Test=exclude
234,Variance Test,hard,14B,V2,1,0,0,1,1,0,4,2,Mood Variance Test|Levene Test|Bartlett Test|F-Test for Variance,Mood Variance Test|Levene Test,1.0,0.0,,0.0,4,4,0,4,0,0,0,4,fully_labeled,Mood Variance Test=include|Levene Test=include|Bartlett Test=include|F-Test for Variance=include
235,Variance Test,hard,14B,V2,1,0,0,1,1,0,4,2,Mood Variance Test|Levene Test|Bartlett Test|F-Test for Variance,Mood Variance Test|Levene Test,1.0,0.0,,0.0,4,4,0,4,0,0,0,4,fully_labeled,Mood Variance Test=include|Levene Test=include|Bartlett Test=include|F-Test for Variance=include
236,Distribution Compliance Test,hard,14B,V2,1,0,0,1,1,0,4,3,Anderson-Darling Test|Shapiro-Wilk Test of Normality|Kolmogorov-Smirnov Test for Normality|Lilliefors Test,Anderson-Darling Test|Kolmogorov-Smirnov Test for Normality|Lilliefors Test,0.8888888888888888,0.2,0.0,0.0,9,5,4,4,1,0,0,8,fully_labeled,Anderson-Darling Test=include|Shapiro-Wilk Test of Normality=include|Kolmogorov-Smirnov Test for Normality=include|Kolmogorov-Smirnov Test=exclude|Lilliefors Test=include|Mean=include|Kolmogorov-Smirnov Test for Uniform distribution=exclude|Kolmogorov-Smirnov Test for Gamma distribution=exclude|Kolmogorov-Smirnov Test for Exponential distribution=exclude
237,Variance Test,hard,14B,V2,1,0,0,1,1,0,4,2,Mood Variance Test|Levene Test|Bartlett Test|F-Test for Variance,Mood Variance Test|Levene Test,1.0,0.0,,0.0,4,4,0,4,0,0,0,4,fully_labeled,Mood Variance Test=include|Levene Test=include|Bartlett Test=include|F-Test for Variance=include
238,Variance Test,hard,14B,V2,1,0,0,1,1,0,4,2,Mood Variance Test|Levene Test|Bartlett Test|F-Test for Variance,Mood Variance Test|Levene Test,1.0,0.0,,0.0,4,4,0,4,0,0,0,4,fully_labeled,Mood Variance Test=include|Levene Test=include|Bartlett Test=include|F-Test for Variance=include
239,Variance Test,hard,14B,V2,1,0,0,1,1,0,4,2,Mood Variance Test|Levene Test|Bartlett Test|F-Test for Variance,Mood Variance Test|Levene Test,1.0,0.0,,0.0,4,4,0,4,0,0,0,4,fully_labeled,Mood Variance Test=include|Levene Test=include|Bartlett Test=include|F-Test for Variance=include
240,Distribution Compliance Test,hard,14B,V2,1,0,0,1,1,1,3,3,Anderson-Darling Test|Shapiro-Wilk Test of Normality|Lilliefors Test,Anderson-Darling Test|Kolmogorov-Smirnov Test for Normality|Lilliefors Test,0.875,0.25,0.0,0.0,8,4,4,3,1,0,0,7,fully_labeled,Anderson-Darling Test=include|Shapiro-Wilk Test of Normality=include|Kolmogorov-Smirnov Test for Normality=include|Kolmogorov-Smirnov Test=exclude|Lilliefors Test=include|Kolmogorov-Smirnov Test for Uniform distribution=exclude|Kolmogorov-Smirnov Test for Gamma distribution=exclude|Kolmogorov-Smirnov Test for Exponential distribution=exclude
241,Distribution Compliance Test,hard,14B,V2,1,0,0,1,1,1,3,3,Anderson-Darling Test|Shapiro-Wilk Test of Normality|Lilliefors Test,Anderson-Darling Test|Kolmogorov-Smirnov Test for Normality|Lilliefors Test,0.875,0.25,0.0,0.0,8,4,4,3,1,0,0,7,fully_labeled,Anderson-Darling Test=include|Shapiro-Wilk Test of Normality=include|Kolmogorov-Smirnov Test for Normality=include|Kolmogorov-Smirnov Test=exclude|Lilliefors Test=include|Kolmogorov-Smirnov Test for Uniform distribution=exclude|Kolmogorov-Smirnov Test for Gamma distribution=exclude|Kolmogorov-Smirnov Test for Exponential distribution=exclude
242,Correlation Analysis,hard,14B,V2,1,0,0,1,1,1,2,1,Pearson Correlation Coefficient|Spearman Correlation Coefficient,Kendall Correlation Coefficient,1.0,0.0,0.0,0.0,4,2,2,2,0,0,0,4,fully_labeled,Pearson Correlation Coefficient=include|Spearman Correlation Coefficient=include|Kendall Correlation Coefficient=exclude|Partial Correlation Coefficient=exclude
243,Variance Test,hard,14B,V2,1,0,0,1,1,0,4,2,Mood Variance Test|Levene Test|Bartlett Test|F-Test for Variance,Mood Variance Test|Levene Test,1.0,0.0,,0.0,4,4,0,4,0,0,0,4,fully_labeled,Mood Variance Test=include|Levene Test=include|Bartlett Test=include|F-Test for Variance=include
244,Contingency Table Test,hard,14B,V2,1,0,0,1,1,0,2,1,Chi-square Independence Test|Fisher Exact Test,Chi-square Independence Test,1.0,0.0,0.0,0.0,3,2,1,2,0,0,0,3,fully_labeled,Chi-square Independence Test=include|Fisher Exact Test=include|Mantel-Haenszel Test=exclude
245,Variance Test,hard,14B,V2,1,0,0,1,1,0,4,2,Mood Variance Test|Levene Test|Bartlett Test|F-Test for Variance,Mood Variance Test|Levene Test,1.0,0.0,,0.0,4,4,0,4,0,0,0,4,fully_labeled,Mood Variance Test=include|Levene Test=include|Bartlett Test=include|F-Test for Variance=include
246,Distribution Compliance Test,hard,14B,V2,1,0,0,1,1,0,4,3,Anderson-Darling Test|Shapiro-Wilk Test of Normality|Kolmogorov-Smirnov Test for Normality|Lilliefors Test,Anderson-Darling Test|Kolmogorov-Smirnov Test for Normality|Lilliefors Test,1.0,0.0,0.0,0.0,8,4,4,4,0,0,0,8,fully_labeled,Anderson-Darling Test=include|Shapiro-Wilk Test of Normality=include|Kolmogorov-Smirnov Test for Normality=include|Kolmogorov-Smirnov Test=exclude|Lilliefors Test=include|Kolmogorov-Smirnov Test for Uniform distribution=exclude|Kolmogorov-Smirnov Test for Gamma distribution=exclude|Kolmogorov-Smirnov Test for Exponential distribution=exclude
247,Distribution Compliance Test,easy,14B,V2,1,0,0,1,1,0,2,1,Anderson-Darling Test|Kolmogorov-Smirnov Test,Kolmogorov-Smirnov Test,1.0,0.0,0.0,0.0,9,2,7,2,0,0,0,9,fully_labeled,Anderson-Darling Test=include|Kolmogorov-Smirnov Test=include|Shapiro-Wilk Test of Normality=exclude|Kolmogorov-Smirnov Test for Normality=exclude|Lilliefors Test=exclude|Mean=exclude|Kolmogorov-Smirnov Test for Uniform distribution=exclude|Kolmogorov-Smirnov Test for Gamma distribution=exclude|Kolmogorov-Smirnov Test for Exponential distribution=exclude
248,Variance Test,hard,14B,V2,1,0,0,1,1,0,4,2,Mood Variance Test|Levene Test|Bartlett Test|F-Test for Variance,Mood Variance Test|Levene Test,1.0,0.0,,0.0,4,4,0,4,0,0,0,4,fully_labeled,Mood Variance Test=include|Levene Test=include|Bartlett Test=include|F-Test for Variance=include
249,Correlation Analysis,hard,14B,V2,1,0,0,1,1,0,3,1,Pearson Correlation Coefficient|Spearman Correlation Coefficient|Kendall Correlation Coefficient,Kendall Correlation Coefficient,1.0,0.0,0.0,0.0,4,3,1,3,0,0,0,4,fully_labeled,Pearson Correlation Coefficient=include|Spearman Correlation Coefficient=include|Kendall Correlation Coefficient=include|Partial Correlation Coefficient=exclude
250,Contingency Table Test,hard,14B,V2,1,0,0,1,1,1,1,1,Chi-square Independence Test,Fisher Exact Test,1.0,0.0,0.0,0.0,3,1,2,1,0,0,0,3,fully_labeled,Mantel-Haenszel Test=exclude|Chi-square Independence Test=include|Fisher Exact Test=exclude
251,Variance Test,hard,14B,V2,1,0,0,1,1,0,4,2,Mood Variance Test|Levene Test|Bartlett Test|F-Test for Variance,Mood Variance Test|Levene Test,1.0,0.0,,0.0,4,4,0,4,0,0,0,4,fully_labeled,Mood Variance Test=include|Levene Test=include|Bartlett Test=include|F-Test for Variance=include
252,Distribution Compliance Test,hard,14B,V2,1,0,0,1,1,0,4,3,Anderson-Darling Test|Shapiro-Wilk Test of Normality|Kolmogorov-Smirnov Test for Normality|Lilliefors Test,Anderson-Darling Test|Kolmogorov-Smirnov Test for Normality|Lilliefors Test,1.0,0.0,0.0,0.0,8,4,4,4,0,0,0,8,fully_labeled,Anderson-Darling Test=include|Shapiro-Wilk Test of Normality=include|Kolmogorov-Smirnov Test for Normality=include|Kolmogorov-Smirnov Test=exclude|Lilliefors Test=include|Kolmogorov-Smirnov Test for Uniform distribution=exclude|Kolmogorov-Smirnov Test for Gamma distribution=exclude|Kolmogorov-Smirnov Test for Exponential distribution=exclude
253,Distribution Compliance Test,hard,14B,V2,1,0,0,1,1,0,4,3,Anderson-Darling Test|Shapiro-Wilk Test of Normality|Kolmogorov-Smirnov Test for Normality|Lilliefors Test,Anderson-Darling Test|Kolmogorov-Smirnov Test for Normality|Lilliefors Test,0.8888888888888888,0.2,0.0,0.0,9,5,4,4,1,0,0,8,fully_labeled,Anderson-Darling Test=include|Shapiro-Wilk Test of Normality=include|Kolmogorov-Smirnov Test for Normality=include|Kolmogorov-Smirnov Test=exclude|Lilliefors Test=include|Mean=include|Kolmogorov-Smirnov Test for Uniform distribution=exclude|Kolmogorov-Smirnov Test for Gamma distribution=exclude|Kolmogorov-Smirnov Test for Exponential distribution=exclude
254,Distribution Compliance Test,easy,14B,V2,1,1,1,1,0,0,1,1,Kolmogorov-Smirnov Test,Kolmogorov-Smirnov Test,1.0,0.0,0.0,0.0,8,1,7,1,0,0,0,8,fully_labeled,Kolmogorov-Smirnov Test=include|Anderson-Darling Test=exclude|Shapiro-Wilk Test of Normality=exclude|Kolmogorov-Smirnov Test for Normality=exclude|Lilliefors Test=exclude|Kolmogorov-Smirnov Test for Uniform distribution=exclude|Kolmogorov-Smirnov Test for Gamma distribution=exclude|Kolmogorov-Smirnov Test for Exponential distribution=exclude
255,Descriptive Statistics,easy,14B,V2,1,0,0,1,1,0,6,1,Quartile|Skewness|Kurtosis|Anderson-Darling Test|Shapiro-Wilk Test of Normality|Kolmogorov-Smirnov Test for Normality,Quartile,0.9333333333333333,0.14285714285714285,0.0,0.0,15,7,8,6,1,0,0,14,fully_labeled,Mean=exclude|Quartile=include|Median=exclude|Mode=exclude|Range=exclude|Standard Deviation=exclude|Skewness=include|Kurtosis=include|Anderson-Darling Test=include|Shapiro-Wilk Test of Normality=include|Kolmogorov-Smirnov Test for Normality=include|Kolmogorov-Smirnov Test=include|Kolmogorov-Smirnov Test for Uniform distribution=exclude|Kolmogorov-Smirnov Test for Gamma distribution=exclude|Kolmogorov-Smirnov Test for Exponential distribution=exclude
256,Correlation Analysis,easy,14B,V2,1,0,0,1,0,1,1,3,Pearson Correlation Coefficient,Pearson Correlation Coefficient|Spearman Correlation Coefficient|Kendall Correlation Coefficient,1.0,0.0,0.0,0.0,4,1,3,1,0,0,0,4,fully_labeled,Pearson Correlation Coefficient=include|Spearman Correlation Coefficient=exclude|Kendall Correlation Coefficient=exclude|Partial Correlation Coefficient=exclude
257,Contingency Table Test,easy,14B,V2,1,1,1,1,0,0,2,2,Chi-square Independence Test|Fisher Exact Test,Chi-square Independence Test|Fisher Exact Test,1.0,0.0,0.0,0.0,3,2,1,2,0,0,0,3,fully_labeled,Chi-square Independence Test=include|Fisher Exact Test=include|Mantel-Haenszel Test=exclude
258,Contingency Table Test,hard,14B,V2,1,0,0,1,1,0,2,1,Chi-square Independence Test|Fisher Exact Test,Chi-square Independence Test,1.0,0.0,0.0,0.0,3,2,1,2,0,0,0,3,fully_labeled,Chi-square Independence Test=include|Fisher Exact Test=include|Mantel-Haenszel Test=exclude
259,Distribution Compliance Test,hard,14B,V2,1,0,0,1,1,0,4,3,Anderson-Darling Test|Shapiro-Wilk Test of Normality|Kolmogorov-Smirnov Test for Normality|Lilliefors Test,Anderson-Darling Test|Kolmogorov-Smirnov Test for Normality|Lilliefors Test,0.7777777777777778,0.3333333333333333,0.0,0.0,9,6,3,4,2,0,0,7,fully_labeled,Anderson-Darling Test=include|Shapiro-Wilk Test of Normality=include|Kolmogorov-Smirnov Test for Normality=include|Kolmogorov-Smirnov Test=include|Lilliefors Test=include|Mean=include|Kolmogorov-Smirnov Test for Uniform distribution=exclude|Kolmogorov-Smirnov Test for Gamma distribution=exclude|Kolmogorov-Smirnov Test for Exponential distribution=exclude
260,Distribution Compliance Test,hard,14B,V2,1,0,0,1,0,1,0,3,,Anderson-Darling Test|Kolmogorov-Smirnov Test for Normality|Lilliefors Test,1.0,,0.0,,8,0,8,0,0,0,0,8,fully_labeled,Anderson-Darling Test=exclude|Shapiro-Wilk Test of Normality=exclude|Kolmogorov-Smirnov Test for Normality=exclude|Kolmogorov-Smirnov Test=exclude|Lilliefors Test=exclude|Kolmogorov-Smirnov Test for Uniform distribution=exclude|Kolmogorov-Smirnov Test for Gamma distribution=exclude|Kolmogorov-Smirnov Test for Exponential distribution=exclude
261,Distribution Compliance Test,hard,14B,V2,1,0,0,1,1,0,4,3,Anderson-Darling Test|Shapiro-Wilk Test of Normality|Kolmogorov-Smirnov Test for Normality|Lilliefors Test,Anderson-Darling Test|Shapiro-Wilk Test of Normality|Kolmogorov-Smirnov Test for Normality,0.8,0.2,,0.0,5,5,0,4,1,0,0,4,fully_labeled,Anderson-Darling Test=include|Shapiro-Wilk Test of Normality=include|Kolmogorov-Smirnov Test for Normality=include|Kolmogorov-Smirnov Test=include|Lilliefors Test=include
262,Variance Test,hard,14B,V2,1,0,0,1,1,0,4,2,Mood Variance Test|Levene Test|Bartlett Test|F-Test for Variance,Mood Variance Test|Levene Test,1.0,0.0,,0.0,4,4,0,4,0,0,0,4,fully_labeled,Mood Variance Test=include|Levene Test=include|Bartlett Test=include|F-Test for Variance=include
263,Distribution Compliance Test,hard,14B,V2,1,0,0,1,1,1,3,3,Anderson-Darling Test|Shapiro-Wilk Test of Normality|Lilliefors Test,Anderson-Darling Test|Kolmogorov-Smirnov Test for Normality|Lilliefors Test,0.875,0.25,0.0,0.0,8,4,4,3,1,0,0,7,fully_labeled,Anderson-Darling Test=include|Shapiro-Wilk Test of Normality=include|Kolmogorov-Smirnov Test for Normality=include|Kolmogorov-Smirnov Test=exclude|Lilliefors Test=include|Kolmogorov-Smirnov Test for Uniform distribution=exclude|Kolmogorov-Smirnov Test for Gamma distribution=exclude|Kolmogorov-Smirnov Test for Exponential distribution=exclude
264,Contingency Table Test,hard,14B,V2,1,0,0,1,1,0,2,1,Chi-square Independence Test|Fisher Exact Test,Chi-square Independence Test,1.0,0.0,0.0,0.0,3,2,1,2,0,0,0,3,fully_labeled,Chi-square Independence Test=include|Fisher Exact Test=include|Mantel-Haenszel Test=exclude
265,Descriptive Statistics,easy,14B,V2,1,0,0,1,1,0,2,1,Quartile|Range,Quartile,1.0,0.0,0.0,0.0,8,2,6,2,0,0,0,8,fully_labeled,Mean=exclude|Quartile=include|Median=exclude|Mode=exclude|Range=include|Standard Deviation=exclude|Skewness=exclude|Kurtosis=exclude
266,Variance Test,hard,14B,V2,1,0,0,1,1,0,4,2,Mood Variance Test|Levene Test|Bartlett Test|F-Test for Variance,Mood Variance Test|Levene Test,1.0,0.0,,0.0,4,4,0,4,0,0,0,4,fully_labeled,Mood Variance Test=include|Levene Test=include|Bartlett Test=include|F-Test for Variance=include
267,Contingency Table Test,hard,14B,V2,1,0,0,1,1,0,2,1,Chi-square Independence Test|Fisher Exact Test,Chi-square Independence Test,1.0,0.0,0.0,0.0,3,2,1,2,0,0,0,3,fully_labeled,Chi-square Independence Test=include|Fisher Exact Test=include|Mantel-Haenszel Test=exclude
268,Variance Test,hard,14B,V2,1,1,1,1,0,0,2,2,Mood Variance Test|Levene Test,Mood Variance Test|Levene Test,1.0,0.0,0.0,0.0,4,2,2,2,0,0,0,4,fully_labeled,Mood Variance Test=include|Levene Test=include|Bartlett Test=exclude|F-Test for Variance=exclude
269,Distribution Compliance Test,hard,14B,V2,1,0,0,1,1,1,3,3,Anderson-Darling Test|Shapiro-Wilk Test of Normality|Lilliefors Test,Anderson-Darling Test|Kolmogorov-Smirnov Test for Normality|Lilliefors Test,0.875,0.25,0.0,0.0,8,4,4,3,1,0,0,7,fully_labeled,Anderson-Darling Test=include|Shapiro-Wilk Test of Normality=include|Kolmogorov-Smirnov Test for Normality=include|Kolmogorov-Smirnov Test=exclude|Lilliefors Test=include|Kolmogorov-Smirnov Test for Uniform distribution=exclude|Kolmogorov-Smirnov Test for Gamma distribution=exclude|Kolmogorov-Smirnov Test for Exponential distribution=exclude
270,Variance Test,hard,14B,V2,1,0,0,1,1,0,4,2,Mood Variance Test|Levene Test|Bartlett Test|F-Test for Variance,Mood Variance Test|Levene Test,1.0,0.0,,0.0,4,4,0,4,0,0,0,4,fully_labeled,Mood Variance Test=include|Levene Test=include|Bartlett Test=include|F-Test for Variance=include
271,Distribution Compliance Test,hard,14B,V2,1,0,0,1,1,1,3,3,Anderson-Darling Test|Shapiro-Wilk Test of Normality|Lilliefors Test,Anderson-Darling Test|Shapiro-Wilk Test of Normality|Kolmogorov-Smirnov Test for Normality,0.875,0.25,0.0,0.0,8,4,4,3,1,0,0,7,fully_labeled,Anderson-Darling Test=include|Shapiro-Wilk Test of Normality=include|Kolmogorov-Smirnov Test for Normality=include|Kolmogorov-Smirnov Test=exclude|Lilliefors Test=include|Kolmogorov-Smirnov Test for Uniform distribution=exclude|Kolmogorov-Smirnov Test for Gamma distribution=exclude|Kolmogorov-Smirnov Test for Exponential distribution=exclude
272,Distribution Compliance Test,hard,14B,V2,1,0,0,1,1,0,4,3,Anderson-Darling Test|Shapiro-Wilk Test of Normality|Kolmogorov-Smirnov Test for Normality|Lilliefors Test,Anderson-Darling Test|Shapiro-Wilk Test of Normality|Kolmogorov-Smirnov Test for Normality,1.0,0.0,0.0,0.0,8,4,4,4,0,0,0,8,fully_labeled,Anderson-Darling Test=include|Shapiro-Wilk Test of Normality=include|Kolmogorov-Smirnov Test for Normality=include|Kolmogorov-Smirnov Test=exclude|Lilliefors Test=include|Kolmogorov-Smirnov Test for Uniform distribution=exclude|Kolmogorov-Smirnov Test for Gamma distribution=exclude|Kolmogorov-Smirnov Test for Exponential distribution=exclude
273,Variance Test,hard,14B,V2,1,1,1,1,0,0,2,2,Mood Variance Test|Levene Test,Mood Variance Test|Levene Test,1.0,0.0,0.0,0.0,4,2,2,2,0,0,0,4,fully_labeled,Mood Variance Test=include|Levene Test=include|Bartlett Test=exclude|F-Test for Variance=exclude
274,Distribution Compliance Test,hard,14B,V2,1,0,0,1,1,0,4,3,Anderson-Darling Test|Shapiro-Wilk Test of Normality|Kolmogorov-Smirnov Test for Normality|Lilliefors Test,Anderson-Darling Test|Kolmogorov-Smirnov Test for Normality|Lilliefors Test,1.0,0.0,0.0,0.0,8,4,4,4,0,0,0,8,fully_labeled,Anderson-Darling Test=include|Shapiro-Wilk Test of Normality=include|Kolmogorov-Smirnov Test for Normality=include|Kolmogorov-Smirnov Test=exclude|Lilliefors Test=include|Kolmogorov-Smirnov Test for Uniform distribution=exclude|Kolmogorov-Smirnov Test for Gamma distribution=exclude|Kolmogorov-Smirnov Test for Exponential distribution=exclude
275,Descriptive Statistics,easy,14B,V2,1,1,1,1,0,0,1,1,Skewness,Skewness,1.0,0.0,,0.0,1,1,0,1,0,0,0,1,partially_labeled,Skewness=include
276,Contingency Table Test,hard,14B,V2,1,0,0,1,1,0,2,1,Chi-square Independence Test|Fisher Exact Test,Chi-square Independence Test,1.0,0.0,0.0,0.0,3,2,1,2,0,0,0,3,fully_labeled,Chi-square Independence Test=include|Fisher Exact Test=include|Mantel-Haenszel Test=exclude
277,Correlation Analysis,hard,14B,V2,1,0,0,1,1,0,3,1,Pearson Correlation Coefficient|Spearman Correlation Coefficient|Kendall Correlation Coefficient,Kendall Correlation Coefficient,1.0,0.0,0.0,0.0,4,3,1,3,0,0,0,4,fully_labeled,Pearson Correlation Coefficient=include|Spearman Correlation Coefficient=include|Kendall Correlation Coefficient=include|Partial Correlation Coefficient=exclude
278,Variance Test,hard,14B,V2,1,1,1,1,0,0,2,2,Mood Variance Test|Levene Test,Mood Variance Test|Levene Test,1.0,0.0,0.0,0.0,4,2,2,2,0,0,0,4,fully_labeled,Mood Variance Test=include|Levene Test=include|Bartlett Test=exclude|F-Test for Variance=exclude
279,Distribution Compliance Test,hard,14B,V2,1,0,0,1,1,0,4,3,Anderson-Darling Test|Shapiro-Wilk Test of Normality|Kolmogorov-Smirnov Test for Normality|Lilliefors Test,Anderson-Darling Test|Kolmogorov-Smirnov Test for Normality|Lilliefors Test,1.0,0.0,0.0,0.0,8,4,4,4,0,0,0,8,fully_labeled,Anderson-Darling Test=include|Shapiro-Wilk Test of Normality=include|Kolmogorov-Smirnov Test for Normality=include|Kolmogorov-Smirnov Test=exclude|Lilliefors Test=include|Kolmogorov-Smirnov Test for Uniform distribution=exclude|Kolmogorov-Smirnov Test for Gamma distribution=exclude|Kolmogorov-Smirnov Test for Exponential distribution=exclude
280,Distribution Compliance Test,hard,14B,V2,1,0,0,1,1,0,4,3,Anderson-Darling Test|Shapiro-Wilk Test of Normality|Kolmogorov-Smirnov Test for Normality|Lilliefors Test,Anderson-Darling Test|Kolmogorov-Smirnov Test for Normality|Lilliefors Test,1.0,0.0,0.0,0.0,8,4,4,4,0,0,0,8,fully_labeled,Anderson-Darling Test=include|Shapiro-Wilk Test of Normality=include|Kolmogorov-Smirnov Test for Normality=include|Kolmogorov-Smirnov Test=exclude|Lilliefors Test=include|Kolmogorov-Smirnov Test for Uniform distribution=exclude|Kolmogorov-Smirnov Test for Gamma distribution=exclude|Kolmogorov-Smirnov Test for Exponential distribution=exclude
281,Contingency Table Test,hard,14B,V2,1,0,0,1,1,0,2,1,Chi-square Independence Test|Fisher Exact Test,Chi-square Independence Test,1.0,0.0,0.0,0.0,3,2,1,2,0,0,0,3,fully_labeled,Chi-square Independence Test=include|Fisher Exact Test=include|Mantel-Haenszel Test=exclude
282,Contingency Table Test,hard,14B,V2,1,0,0,1,1,0,2,1,Chi-square Independence Test|Fisher Exact Test,Chi-square Independence Test,1.0,0.0,0.0,0.0,3,2,1,2,0,0,0,3,fully_labeled,Chi-square Independence Test=include|Fisher Exact Test=include|Mantel-Haenszel Test=exclude
283,Distribution Compliance Test,hard,14B,V2,1,0,0,1,1,1,3,3,Anderson-Darling Test|Shapiro-Wilk Test of Normality|Lilliefors Test,Anderson-Darling Test|Kolmogorov-Smirnov Test for Normality|Lilliefors Test,0.875,0.25,0.0,0.0,8,4,4,3,1,0,0,7,fully_labeled,Anderson-Darling Test=include|Shapiro-Wilk Test of Normality=include|Kolmogorov-Smirnov Test for Normality=include|Kolmogorov-Smirnov Test=exclude|Lilliefors Test=include|Kolmogorov-Smirnov Test for Uniform distribution=exclude|Kolmogorov-Smirnov Test for Gamma distribution=exclude|Kolmogorov-Smirnov Test for Exponential distribution=exclude
284,Contingency Table Test,hard,14B,V2,1,0,0,1,1,0,2,1,Chi-square Independence Test|Fisher Exact Test,Chi-square Independence Test,1.0,0.0,0.0,0.0,3,2,1,2,0,0,0,3,fully_labeled,Chi-square Independence Test=include|Fisher Exact Test=include|Mantel-Haenszel Test=exclude
285,Distribution Compliance Test,hard,14B,V2,1,0,0,1,1,0,4,3,Anderson-Darling Test|Shapiro-Wilk Test of Normality|Kolmogorov-Smirnov Test for Normality|Lilliefors Test,Anderson-Darling Test|Kolmogorov-Smirnov Test for Normality|Lilliefors Test,1.0,0.0,0.0,0.0,8,4,4,4,0,0,0,8,fully_labeled,Anderson-Darling Test=include|Shapiro-Wilk Test of Normality=include|Kolmogorov-Smirnov Test for Normality=include|Kolmogorov-Smirnov Test=exclude|Lilliefors Test=include|Kolmogorov-Smirnov Test for Uniform distribution=exclude|Kolmogorov-Smirnov Test for Gamma distribution=exclude|Kolmogorov-Smirnov Test for Exponential distribution=exclude
286,Variance Test,hard,14B,V2,1,1,1,1,0,0,2,2,Mood Variance Test|Levene Test,Mood Variance Test|Levene Test,1.0,0.0,0.0,0.0,4,2,2,2,0,0,0,4,fully_labeled,Mood Variance Test=include|Levene Test=include|Bartlett Test=exclude|F-Test for Variance=exclude
287,Variance Test,hard,14B,V2,1,1,1,1,0,0,2,2,Mood Variance Test|Levene Test,Mood Variance Test|Levene Test,1.0,0.0,0.0,0.0,4,2,2,2,0,0,0,4,fully_labeled,Mood Variance Test=include|Levene Test=include|Bartlett Test=exclude|F-Test for Variance=exclude
288,Correlation Analysis,hard,14B,V2,1,0,0,1,1,0,3,1,Pearson Correlation Coefficient|Spearman Correlation Coefficient|Kendall Correlation Coefficient,Kendall Correlation Coefficient,1.0,0.0,0.0,0.0,4,3,1,3,0,0,0,4,fully_labeled,Pearson Correlation Coefficient=include|Spearman Correlation Coefficient=include|Kendall Correlation Coefficient=include|Partial Correlation Coefficient=exclude
289,Contingency Table Test,easy,14B,V2,1,0,0,0,0,1,1,2,Chi-square Independence Test,Chi-square Independence Test|Fisher Exact Test,1.0,0.0,0.0,0.0,27,1,26,1,0,0,0,27,fully_labeled,Chi-square Independence Test=include|Pearson Correlation Coefficient=exclude|Spearman Correlation Coefficient=exclude|Kendall Correlation Coefficient=exclude|Partial Correlation Coefficient=exclude|Anderson-Darling Test=exclude|Shapiro-Wilk Test of Normality=exclude|Kolmogorov-Smirnov Test for Normality=exclude|Kolmogorov-Smirnov Test=exclude|Lilliefors Test=exclude|Kolmogorov-Smirnov Test for Uniform distribution=exclude|Kolmogorov-Smirnov Test for Gamma distribution=exclude|Kolmogorov-Smirnov Test for Exponential distribution=exclude|Fisher Exact Test=exclude|Mantel-Haenszel Test=exclude|Mean=exclude|Median=exclude|Mode=exclude|Range=exclude|Quartile=exclude|Standard Deviation=exclude|Skewness=exclude|Kurtosis=exclude|Mood Variance Test=exclude|Levene Test=exclude|Bartlett Test=exclude|F-Test for Variance=exclude
290,Variance Test,hard,14B,V2,1,0,0,1,1,0,4,2,Mood Variance Test|Levene Test|Bartlett Test|F-Test for Variance,Mood Variance Test|Levene Test,1.0,0.0,,0.0,4,4,0,4,0,0,0,4,fully_labeled,Mood Variance Test=include|Levene Test=include|Bartlett Test=include|F-Test for Variance=include
291,Correlation Analysis,hard,14B,V2,1,0,0,1,1,0,3,1,Pearson Correlation Coefficient|Spearman Correlation Coefficient|Kendall Correlation Coefficient,Kendall Correlation Coefficient,1.0,0.0,0.0,0.0,4,3,1,3,0,0,0,4,fully_labeled,Pearson Correlation Coefficient=include|Spearman Correlation Coefficient=include|Kendall Correlation Coefficient=include|Partial Correlation Coefficient=exclude
292,Variance Test,hard,14B,V2,1,0,0,1,1,0,4,2,Mood Variance Test|Levene Test|Bartlett Test|F-Test for Variance,Mood Variance Test|Levene Test,1.0,0.0,,0.0,4,4,0,4,0,0,0,4,fully_labeled,Mood Variance Test=include|Levene Test=include|Bartlett Test=include|F-Test for Variance=include
293,Correlation Analysis,easy,14B,V2,1,1,1,1,0,0,1,1,Partial Correlation Coefficient,Partial Correlation Coefficient,1.0,0.0,0.0,0.0,4,1,3,1,0,0,0,4,fully_labeled,Pearson Correlation Coefficient=exclude|Spearman Correlation Coefficient=exclude|Kendall Correlation Coefficient=exclude|Partial Correlation Coefficient=include
294,Variance Test,hard,14B,V2,1,0,0,1,1,0,4,2,Mood Variance Test|Levene Test|Bartlett Test|F-Test for Variance,Mood Variance Test|Levene Test,1.0,0.0,,0.0,4,4,0,4,0,0,0,4,fully_labeled,Mood Variance Test=include|Levene Test=include|Bartlett Test=include|F-Test for Variance=include
295,Variance Test,hard,14B,V2,1,0,0,1,1,0,4,2,Mood Variance Test|Levene Test|Bartlett Test|F-Test for Variance,Mood Variance Test|Levene Test,1.0,0.0,,0.0,4,4,0,4,0,0,0,4,fully_labeled,Mood Variance Test=include|Levene Test=include|Bartlett Test=include|F-Test for Variance=include
296,Contingency Table Test,hard,14B,V2,1,0,0,1,1,0,2,1,Chi-square Independence Test|Fisher Exact Test,Chi-square Independence Test,1.0,0.0,0.0,0.0,3,2,1,2,0,0,0,3,fully_labeled,Chi-square Independence Test=include|Fisher Exact Test=include|Mantel-Haenszel Test=exclude
297,Distribution Compliance Test,hard,14B,V2,1,0,0,1,1,0,4,3,Anderson-Darling Test|Shapiro-Wilk Test of Normality|Kolmogorov-Smirnov Test for Normality|Lilliefors Test,Anderson-Darling Test|Kolmogorov-Smirnov Test for Normality|Lilliefors Test,1.0,0.0,0.0,0.0,8,4,4,4,0,0,0,8,fully_labeled,Anderson-Darling Test=include|Shapiro-Wilk Test of Normality=include|Kolmogorov-Smirnov Test for Normality=include|Kolmogorov-Smirnov Test=exclude|Lilliefors Test=include|Kolmogorov-Smirnov Test for Uniform distribution=exclude|Kolmogorov-Smirnov Test for Gamma distribution=exclude|Kolmogorov-Smirnov Test for Exponential distribution=exclude
298,Variance Test,easy,14B,V2,1,1,1,1,0,0,4,4,Mood Variance Test|Levene Test|Bartlett Test|F-Test for Variance,Mood Variance Test|Levene Test|Bartlett Test|F-Test for Variance,1.0,0.0,,0.0,4,4,0,4,0,0,0,4,fully_labeled,Mood Variance Test=include|Levene Test=include|Bartlett Test=include|F-Test for Variance=include
299,Contingency Table Test,hard,14B,V2,1,0,0,1,1,0,2,1,Chi-square Independence Test|Fisher Exact Test,Chi-square Independence Test,1.0,0.0,0.0,0.0,3,2,1,2,0,0,0,3,fully_labeled,Chi-square Independence Test=include|Fisher Exact Test=include|Mantel-Haenszel Test=exclude
300,Distribution Compliance Test,hard,14B,V2,1,0,0,1,1,0,4,3,Anderson-Darling Test|Shapiro-Wilk Test of Normality|Kolmogorov-Smirnov Test for Normality|Lilliefors Test,Anderson-Darling Test|Shapiro-Wilk Test of Normality|Kolmogorov-Smirnov Test for Normality,1.0,0.0,0.0,0.0,8,4,4,4,0,0,0,8,fully_labeled,Anderson-Darling Test=include|Shapiro-Wilk Test of Normality=include|Kolmogorov-Smirnov Test for Normality=include|Kolmogorov-Smirnov Test=exclude|Lilliefors Test=include|Kolmogorov-Smirnov Test for Uniform distribution=exclude|Kolmogorov-Smirnov Test for Gamma distribution=exclude|Kolmogorov-Smirnov Test for Exponential distribution=exclude
301,Distribution Compliance Test,hard,14B,V2,1,0,0,1,1,0,4,3,Anderson-Darling Test|Shapiro-Wilk Test of Normality|Kolmogorov-Smirnov Test for Normality|Lilliefors Test,Anderson-Darling Test|Kolmogorov-Smirnov Test for Normality|Lilliefors Test,1.0,0.0,0.0,0.0,8,4,4,4,0,0,0,8,fully_labeled,Anderson-Darling Test=include|Shapiro-Wilk Test of Normality=include|Kolmogorov-Smirnov Test for Normality=include|Kolmogorov-Smirnov Test=exclude|Lilliefors Test=include|Kolmogorov-Smirnov Test for Uniform distribution=exclude|Kolmogorov-Smirnov Test for Gamma distribution=exclude|Kolmogorov-Smirnov Test for Exponential distribution=exclude
302,Variance Test,hard,14B,V2,1,1,1,1,0,0,2,2,Mood Variance Test|Levene Test,Mood Variance Test|Levene Test,1.0,0.0,0.0,0.0,4,2,2,2,0,0,0,4,fully_labeled,Mood Variance Test=include|Levene Test=include|Bartlett Test=exclude|F-Test for Variance=exclude
303,Distribution Compliance Test,easy,14B,V2,1,0,0,1,1,0,2,1,Anderson-Darling Test|Kolmogorov-Smirnov Test,Kolmogorov-Smirnov Test,1.0,0.0,0.0,0.0,8,2,6,2,0,0,0,8,fully_labeled,Anderson-Darling Test=include|Shapiro-Wilk Test of Normality=exclude|Kolmogorov-Smirnov Test for Normality=exclude|Kolmogorov-Smirnov Test=include|Lilliefors Test=exclude|Kolmogorov-Smirnov Test for Uniform distribution=exclude|Kolmogorov-Smirnov Test for Gamma distribution=exclude|Kolmogorov-Smirnov Test for Exponential distribution=exclude
304,Correlation Analysis,easy,14B,V2,1,0,0,1,1,1,3,1,Pearson Correlation Coefficient|Spearman Correlation Coefficient|Kendall Correlation Coefficient,Partial Correlation Coefficient,1.0,0.0,0.0,0.0,4,3,1,3,0,0,0,4,fully_labeled,Pearson Correlation Coefficient=include|Spearman Correlation Coefficient=include|Kendall Correlation Coefficient=include|Partial Correlation Coefficient=exclude
305,Variance Test,hard,14B,V2,1,0,0,1,1,0,4,2,Mood Variance Test|Levene Test|Bartlett Test|F-Test for Variance,Mood Variance Test|Levene Test,1.0,0.0,,0.0,4,4,0,4,0,0,0,4,fully_labeled,Mood Variance Test=include|Levene Test=include|Bartlett Test=include|F-Test for Variance=include
306,Contingency Table Test,easy,14B,V2,1,1,1,1,0,0,2,2,Chi-square Independence Test|Fisher Exact Test,Chi-square Independence Test|Fisher Exact Test,1.0,0.0,0.0,0.0,3,2,1,2,0,0,0,3,fully_labeled,Chi-square Independence Test=include|Fisher Exact Test=include|Mantel-Haenszel Test=exclude
307,Variance Test,hard,14B,V2,1,1,1,1,0,0,2,2,Mood Variance Test|Levene Test,Mood Variance Test|Levene Test,1.0,0.0,0.0,0.0,4,2,2,2,0,0,0,4,fully_labeled,Mood Variance Test=include|Levene Test=include|Bartlett Test=exclude|F-Test for Variance=exclude
308,Variance Test,easy,14B,V2,1,1,1,1,0,0,4,4,Mood Variance Test|Levene Test|Bartlett Test|F-Test for Variance,Mood Variance Test|Levene Test|Bartlett Test|F-Test for Variance,1.0,0.0,,0.0,4,4,0,4,0,0,0,4,fully_labeled,Mood Variance Test=include|Levene Test=include|Bartlett Test=include|F-Test for Variance=include
309,Distribution Compliance Test,hard,14B,V2,1,0,0,1,1,1,3,3,Anderson-Darling Test|Shapiro-Wilk Test of Normality|Kolmogorov-Smirnov Test for Normality,Anderson-Darling Test|Kolmogorov-Smirnov Test for Normality|Lilliefors Test,0.875,0.25,0.0,0.0,8,4,4,3,1,0,0,7,fully_labeled,Anderson-Darling Test=include|Shapiro-Wilk Test of Normality=include|Kolmogorov-Smirnov Test for Normality=include|Kolmogorov-Smirnov Test=exclude|Lilliefors Test=include|Kolmogorov-Smirnov Test for Uniform distribution=exclude|Kolmogorov-Smirnov Test for Gamma distribution=exclude|Kolmogorov-Smirnov Test for Exponential distribution=exclude
310,Distribution Compliance Test,easy,14B,V2,1,0,0,1,1,0,2,1,Anderson-Darling Test|Kolmogorov-Smirnov Test,Kolmogorov-Smirnov Test,1.0,0.0,0.0,0.0,8,2,6,2,0,0,0,8,fully_labeled,Anderson-Darling Test=include|Shapiro-Wilk Test of Normality=exclude|Kolmogorov-Smirnov Test for Normality=exclude|Kolmogorov-Smirnov Test=include|Lilliefors Test=exclude|Kolmogorov-Smirnov Test for Uniform distribution=exclude|Kolmogorov-Smirnov Test for Gamma distribution=exclude|Kolmogorov-Smirnov Test for Exponential distribution=exclude
311,Variance Test,hard,14B,V2,1,0,0,1,1,0,4,2,Mood Variance Test|Levene Test|Bartlett Test|F-Test for Variance,Mood Variance Test|Levene Test,1.0,0.0,,0.0,4,4,0,4,0,0,0,4,fully_labeled,Mood Variance Test=include|Levene Test=include|Bartlett Test=include|F-Test for Variance=include
312,Variance Test,hard,14B,V2,1,0,0,1,1,0,4,2,Mood Variance Test|Levene Test|Bartlett Test|F-Test for Variance,Mood Variance Test|Levene Test,1.0,0.0,,0.0,4,4,0,4,0,0,0,4,fully_labeled,Mood Variance Test=include|Levene Test=include|Bartlett Test=include|F-Test for Variance=include
313,Distribution Compliance Test,hard,14B,V2,1,0,0,1,1,1,3,3,Anderson-Darling Test|Shapiro-Wilk Test of Normality|Lilliefors Test,Anderson-Darling Test|Kolmogorov-Smirnov Test for Normality|Lilliefors Test,0.875,0.25,0.0,0.0,8,4,4,3,1,0,0,7,fully_labeled,Anderson-Darling Test=include|Shapiro-Wilk Test of Normality=include|Kolmogorov-Smirnov Test for Normality=include|Kolmogorov-Smirnov Test=exclude|Lilliefors Test=include|Kolmogorov-Smirnov Test for Uniform distribution=exclude|Kolmogorov-Smirnov Test for Gamma distribution=exclude|Kolmogorov-Smirnov Test for Exponential distribution=exclude
314,Contingency Table Test,hard,14B,V2,1,0,0,1,1,0,2,1,Chi-square Independence Test|Fisher Exact Test,Fisher Exact Test,1.0,0.0,0.0,0.0,3,2,1,2,0,0,0,3,fully_labeled,Chi-square Independence Test=include|Fisher Exact Test=include|Mantel-Haenszel Test=exclude
315,Distribution Compliance Test,easy,14B,V2,1,0,0,1,1,1,4,1,Mood Variance Test|Levene Test|Bartlett Test|F-Test for Variance,Kolmogorov-Smirnov Test,1.0,0.0,,0.0,4,4,0,4,0,0,0,4,fully_labeled,Mood Variance Test=include|Levene Test=include|Bartlett Test=include|F-Test for Variance=include
316,Variance Test,hard,14B,V2,1,1,1,1,0,0,2,2,Mood Variance Test|Levene Test,Mood Variance Test|Levene Test,1.0,0.0,0.0,0.0,4,2,2,2,0,0,0,4,fully_labeled,Mood Variance Test=include|Levene Test=include|Bartlett Test=exclude|F-Test for Variance=exclude
317,Descriptive Statistics,easy,14B,V2,1,1,1,1,0,0,1,1,Standard Deviation,Standard Deviation,1.0,,0.0,1.0,4,0,4,1,0,0,1,4,fully_labeled,Mood Variance Test=exclude|Levene Test=exclude|Bartlett Test=exclude|F-Test for Variance=exclude
318,Distribution Compliance Test,hard,14B,V2,1,0,0,1,1,0,4,3,Anderson-Darling Test|Shapiro-Wilk Test of Normality|Kolmogorov-Smirnov Test for Normality|Lilliefors Test,Anderson-Darling Test|Kolmogorov-Smirnov Test for Normality|Lilliefors Test,1.0,0.0,0.0,0.0,8,4,4,4,0,0,0,8,fully_labeled,Anderson-Darling Test=include|Shapiro-Wilk Test of Normality=include|Kolmogorov-Smirnov Test for Normality=include|Kolmogorov-Smirnov Test=exclude|Lilliefors Test=include|Kolmogorov-Smirnov Test for Uniform distribution=exclude|Kolmogorov-Smirnov Test for Gamma distribution=exclude|Kolmogorov-Smirnov Test for Exponential distribution=exclude
319,Correlation Analysis,easy,14B,V2,1,1,1,1,0,0,3,3,Pearson Correlation Coefficient|Spearman Correlation Coefficient|Kendall Correlation Coefficient,Pearson Correlation Coefficient|Spearman Correlation Coefficient|Kendall Correlation Coefficient,1.0,0.0,0.0,0.0,4,3,1,3,0,0,0,4,fully_labeled,Pearson Correlation Coefficient=include|Spearman Correlation Coefficient=include|Kendall Correlation Coefficient=include|Partial Correlation Coefficient=exclude
320,Distribution Compliance Test,hard,14B,V2,1,0,0,1,1,0,4,3,Anderson-Darling Test|Shapiro-Wilk Test of Normality|Kolmogorov-Smirnov Test for Normality|Lilliefors Test,Anderson-Darling Test|Kolmogorov-Smirnov Test for Normality|Lilliefors Test,1.0,0.0,0.0,0.0,8,4,4,4,0,0,0,8,fully_labeled,Anderson-Darling Test=include|Shapiro-Wilk Test of Normality=include|Kolmogorov-Smirnov Test for Normality=include|Kolmogorov-Smirnov Test=exclude|Lilliefors Test=include|Kolmogorov-Smirnov Test for Uniform distribution=exclude|Kolmogorov-Smirnov Test for Gamma distribution=exclude|Kolmogorov-Smirnov Test for Exponential distribution=exclude
321,Correlation Analysis,easy,14B,V2,1,1,1,1,0,0,1,1,Partial Correlation Coefficient,Partial Correlation Coefficient,1.0,0.0,0.0,0.0,4,1,3,1,0,0,0,4,fully_labeled,Pearson Correlation Coefficient=exclude|Spearman Correlation Coefficient=exclude|Kendall Correlation Coefficient=exclude|Partial Correlation Coefficient=include
322,Variance Test,hard,14B,V2,1,1,1,1,0,0,2,2,Mood Variance Test|Levene Test,Mood Variance Test|Levene Test,1.0,0.0,0.0,0.0,4,2,2,2,0,0,0,4,fully_labeled,Mood Variance Test=include|Levene Test=include|Bartlett Test=exclude|F-Test for Variance=exclude
323,Variance Test,hard,14B,V2,1,0,0,1,1,0,4,2,Mood Variance Test|Levene Test|Bartlett Test|F-Test for Variance,Mood Variance Test|Levene Test,1.0,0.0,,0.0,4,4,0,4,0,0,0,4,fully_labeled,Mood Variance Test=include|Levene Test=include|Bartlett Test=include|F-Test for Variance=include
324,Correlation Analysis,hard,14B,V2,1,0,0,1,1,0,3,1,Pearson Correlation Coefficient|Spearman Correlation Coefficient|Kendall Correlation Coefficient,Kendall Correlation Coefficient,1.0,0.0,0.0,0.0,4,3,1,3,0,0,0,4,fully_labeled,Pearson Correlation Coefficient=include|Spearman Correlation Coefficient=include|Kendall Correlation Coefficient=include|Partial Correlation Coefficient=exclude
325,Variance Test,hard,14B,V2,1,1,1,1,0,0,2,2,Mood Variance Test|Levene Test,Mood Variance Test|Levene Test,1.0,0.0,0.0,0.0,4,2,2,2,0,0,0,4,fully_labeled,Mood Variance Test=include|Levene Test=include|Bartlett Test=exclude|F-Test for Variance=exclude
326,Variance Test,hard,14B,V2,1,1,1,1,0,0,2,2,Mood Variance Test|Levene Test,Mood Variance Test|Levene Test,1.0,0.0,0.0,0.0,4,2,2,2,0,0,0,4,fully_labeled,Mood Variance Test=include|Levene Test=include|Bartlett Test=exclude|F-Test for Variance=exclude
327,Distribution Compliance Test,hard,14B,V2,1,0,0,1,1,0,4,3,Anderson-Darling Test|Shapiro-Wilk Test of Normality|Lilliefors Test|Kolmogorov-Smirnov Test for Normality,Anderson-Darling Test|Kolmogorov-Smirnov Test for Normality|Lilliefors Test,1.0,0.0,0.0,0.0,8,4,4,4,0,0,0,8,fully_labeled,Anderson-Darling Test=include|Shapiro-Wilk Test of Normality=include|Kolmogorov-Smirnov Test for Normality=include|Kolmogorov-Smirnov Test=exclude|Lilliefors Test=include|Kolmogorov-Smirnov Test for Uniform distribution=exclude|Kolmogorov-Smirnov Test for Gamma distribution=exclude|Kolmogorov-Smirnov Test for Exponential distribution=exclude
328,Variance Test,hard,14B,V2,1,0,0,1,1,0,4,2,Mood Variance Test|Levene Test|Bartlett Test|F-Test for Variance,Mood Variance Test|Levene Test,1.0,0.0,,0.0,4,4,0,4,0,0,0,4,fully_labeled,Mood Variance Test=include|Levene Test=include|Bartlett Test=include|F-Test for Variance=include
329,Distribution Compliance Test,hard,14B,V2,1,0,0,1,0,1,2,3,Anderson-Darling Test|Lilliefors Test,Anderson-Darling Test|Kolmogorov-Smirnov Test for Normality|Lilliefors Test,1.0,0.0,0.0,0.0,8,2,6,2,0,0,0,8,fully_labeled,Anderson-Darling Test=include|Shapiro-Wilk Test of Normality=exclude|Kolmogorov-Smirnov Test for Normality=exclude|Kolmogorov-Smirnov Test=exclude|Lilliefors Test=include|Kolmogorov-Smirnov Test for Uniform distribution=exclude|Kolmogorov-Smirnov Test for Gamma distribution=exclude|Kolmogorov-Smirnov Test for Exponential distribution=exclude
330,Distribution Compliance Test,hard,14B,V2,1,0,0,1,1,1,3,3,Anderson-Darling Test|Shapiro-Wilk Test of Normality|Lilliefors Test,Anderson-Darling Test|Kolmogorov-Smirnov Test for Normality|Lilliefors Test,0.7777777777777778,0.4,0.0,0.0,9,5,4,3,2,0,0,7,fully_labeled,Anderson-Darling Test=include|Shapiro-Wilk Test of Normality=include|Kolmogorov-Smirnov Test for Normality=include|Kolmogorov-Smirnov Test=exclude|Lilliefors Test=include|Mean=include|Kolmogorov-Smirnov Test for Uniform distribution=exclude|Kolmogorov-Smirnov Test for Gamma distribution=exclude|Kolmogorov-Smirnov Test for Exponential distribution=exclude
331,Variance Test,hard,14B,V2,1,0,0,1,1,0,4,2,Mood Variance Test|Levene Test|Bartlett Test|F-Test for Variance,Mood Variance Test|Levene Test,1.0,0.0,,0.0,4,4,0,4,0,0,0,4,fully_labeled,Mood Variance Test=include|Levene Test=include|Bartlett Test=include|F-Test for Variance=include
332,Variance Test,hard,14B,V2,1,0,0,1,1,0,4,2,Mood Variance Test|Levene Test|Bartlett Test|F-Test for Variance,Mood Variance Test|Levene Test,1.0,0.0,,0.0,4,4,0,4,0,0,0,4,fully_labeled,Mood Variance Test=include|Levene Test=include|Bartlett Test=include|F-Test for Variance=include
333,Variance Test,hard,14B,V2,1,0,0,1,1,0,4,2,Mood Variance Test|Levene Test|Bartlett Test|F-Test for Variance,Mood Variance Test|Levene Test,1.0,0.0,,0.0,4,4,0,4,0,0,0,4,fully_labeled,Mood Variance Test=include|Levene Test=include|Bartlett Test=include|F-Test for Variance=include
334,Contingency Table Test,hard,14B,V2,1,0,0,1,1,0,2,1,Chi-square Independence Test|Fisher Exact Test,Fisher Exact Test,1.0,0.0,,0.0,2,2,0,2,0,0,0,2,fully_labeled,Chi-square Independence Test=include|Fisher Exact Test=include
335,Variance Test,hard,14B,V2,1,1,1,1,0,0,2,2,Mood Variance Test|Levene Test,Mood Variance Test|Levene Test,1.0,0.0,0.0,0.0,5,2,3,2,0,0,0,5,fully_labeled,Mood Variance Test=include|Levene Test=include|Median=exclude|Bartlett Test=exclude|F-Test for Variance=exclude
336,Contingency Table Test,hard,14B,V2,1,0,0,1,1,0,2,1,Chi-square Independence Test|Fisher Exact Test,Chi-square Independence Test,1.0,0.0,0.0,0.0,3,2,1,2,0,0,0,3,fully_labeled,Chi-square Independence Test=include|Fisher Exact Test=include|Mantel-Haenszel Test=exclude
337,Distribution Compliance Test,hard,14B,V2,1,0,0,1,1,0,4,3,Anderson-Darling Test|Shapiro-Wilk Test of Normality|Kolmogorov-Smirnov Test for Normality|Lilliefors Test,Anderson-Darling Test|Shapiro-Wilk Test of Normality|Kolmogorov-Smirnov Test for Normality,0.8888888888888888,0.2,0.0,0.0,9,5,4,4,1,0,0,8,fully_labeled,Anderson-Darling Test=include|Shapiro-Wilk Test of Normality=include|Kolmogorov-Smirnov Test for Normality=include|Kolmogorov-Smirnov Test=exclude|Lilliefors Test=include|Mean=include|Kolmogorov-Smirnov Test for Uniform distribution=exclude|Kolmogorov-Smirnov Test for Gamma distribution=exclude|Kolmogorov-Smirnov Test for Exponential distribution=exclude
338,Distribution Compliance Test,easy,14B,V2,1,1,1,1,0,0,1,1,Kolmogorov-Smirnov Test,Kolmogorov-Smirnov Test,1.0,0.0,0.0,0.0,8,1,7,1,0,0,0,8,fully_labeled,Anderson-Darling Test=exclude|Shapiro-Wilk Test of Normality=exclude|Kolmogorov-Smirnov Test for Normality=exclude|Kolmogorov-Smirnov Test=include|Lilliefors Test=exclude|Kolmogorov-Smirnov Test for Uniform distribution=exclude|Kolmogorov-Smirnov Test for Gamma distribution=exclude|Kolmogorov-Smirnov Test for Exponential distribution=exclude
339,Contingency Table Test,easy,14B,V2,1,1,1,1,0,0,2,2,Chi-square Independence Test|Fisher Exact Test,Chi-square Independence Test|Fisher Exact Test,1.0,0.0,0.0,0.0,3,2,1,2,0,0,0,3,fully_labeled,Chi-square Independence Test=include|Fisher Exact Test=include|Mantel-Haenszel Test=exclude
340,Distribution Compliance Test,hard,14B,V2,1,0,0,1,1,1,3,3,Anderson-Darling Test|Shapiro-Wilk Test of Normality|Lilliefors Test,Anderson-Darling Test|Kolmogorov-Smirnov Test for Normality|Lilliefors Test,0.875,0.25,0.0,0.0,8,4,4,3,1,0,0,7,fully_labeled,Anderson-Darling Test=include|Shapiro-Wilk Test of Normality=include|Kolmogorov-Smirnov Test for Normality=include|Kolmogorov-Smirnov Test=exclude|Lilliefors Test=include|Kolmogorov-Smirnov Test for Uniform distribution=exclude|Kolmogorov-Smirnov Test for Gamma distribution=exclude|Kolmogorov-Smirnov Test for Exponential distribution=exclude
341,Distribution Compliance Test,hard,14B,V2,1,0,0,1,1,1,3,3,Anderson-Darling Test|Shapiro-Wilk Test of Normality|Lilliefors Test,Anderson-Darling Test|Kolmogorov-Smirnov Test for Normality|Lilliefors Test,0.7777777777777778,0.4,0.0,0.0,9,5,4,3,2,0,0,7,fully_labeled,Anderson-Darling Test=include|Shapiro-Wilk Test of Normality=include|Kolmogorov-Smirnov Test for Normality=include|Kolmogorov-Smirnov Test=exclude|Lilliefors Test=include|Mean=include|Kolmogorov-Smirnov Test for Uniform distribution=exclude|Kolmogorov-Smirnov Test for Gamma distribution=exclude|Kolmogorov-Smirnov Test for Exponential distribution=exclude
342,Contingency Table Test,hard,14B,V2,1,0,0,1,1,0,2,1,Chi-square Independence Test|Fisher Exact Test,Chi-square Independence Test,1.0,0.0,0.0,0.0,3,2,1,2,0,0,0,3,fully_labeled,Chi-square Independence Test=include|Fisher Exact Test=include|Mantel-Haenszel Test=exclude
343,Variance Test,hard,14B,V2,1,0,0,1,1,0,4,2,Mood Variance Test|Levene Test|Bartlett Test|F-Test for Variance,Mood Variance Test|Levene Test,1.0,0.0,,0.0,4,4,0,4,0,0,0,4,fully_labeled,Mood Variance Test=include|Levene Test=include|Bartlett Test=include|F-Test for Variance=include
344,Distribution Compliance Test,hard,14B,V2,1,0,0,1,1,0,4,3,Anderson-Darling Test|Shapiro-Wilk Test of Normality|Kolmogorov-Smirnov Test for Normality|Lilliefors Test,Anderson-Darling Test|Shapiro-Wilk Test of Normality|Kolmogorov-Smirnov Test for Normality,0.8888888888888888,0.2,0.0,0.0,9,5,4,4,1,0,0,8,fully_labeled,Anderson-Darling Test=include|Shapiro-Wilk Test of Normality=include|Kolmogorov-Smirnov Test for Normality=include|Kolmogorov-Smirnov Test=exclude|Lilliefors Test=include|Mean=include|Kolmogorov-Smirnov Test for Uniform distribution=exclude|Kolmogorov-Smirnov Test for Gamma distribution=exclude|Kolmogorov-Smirnov Test for Exponential distribution=exclude
345,Contingency Table Test,hard,14B,V2,1,0,0,1,1,0,2,1,Chi-square Independence Test|Fisher Exact Test,Chi-square Independence Test,1.0,0.0,0.0,0.0,3,2,1,2,0,0,0,3,fully_labeled,Chi-square Independence Test=include|Fisher Exact Test=include|Mantel-Haenszel Test=exclude
346,Variance Test,hard,14B,V2,1,0,0,1,1,0,4,2,Mood Variance Test|Levene Test|Bartlett Test|F-Test for Variance,Mood Variance Test|Levene Test,1.0,0.0,,0.0,4,4,0,4,0,0,0,4,fully_labeled,Mood Variance Test=include|Levene Test=include|Bartlett Test=include|F-Test for Variance=include
347,Distribution Compliance Test,hard,14B,V2,1,0,0,1,1,0,4,3,Anderson-Darling Test|Shapiro-Wilk Test of Normality|Kolmogorov-Smirnov Test for Normality|Lilliefors Test,Anderson-Darling Test|Kolmogorov-Smirnov Test for Normality|Lilliefors Test,1.0,0.0,0.0,0.0,8,4,4,4,0,0,0,8,fully_labeled,Anderson-Darling Test=include|Shapiro-Wilk Test of Normality=include|Kolmogorov-Smirnov Test for Normality=include|Kolmogorov-Smirnov Test=exclude|Lilliefors Test=include|Kolmogorov-Smirnov Test for Uniform distribution=exclude|Kolmogorov-Smirnov Test for Gamma distribution=exclude|Kolmogorov-Smirnov Test for Exponential distribution=exclude
348,Distribution Compliance Test,hard,14B,V2,1,0,0,1,1,0,4,3,Anderson-Darling Test|Shapiro-Wilk Test of Normality|Kolmogorov-Smirnov Test for Normality|Lilliefors Test,Anderson-Darling Test|Kolmogorov-Smirnov Test for Normality|Lilliefors Test,1.0,0.0,0.0,0.0,8,4,4,4,0,0,0,8,fully_labeled,Anderson-Darling Test=include|Shapiro-Wilk Test of Normality=include|Kolmogorov-Smirnov Test for Normality=include|Kolmogorov-Smirnov Test=exclude|Lilliefors Test=include|Kolmogorov-Smirnov Test for Uniform distribution=exclude|Kolmogorov-Smirnov Test for Gamma distribution=exclude|Kolmogorov-Smirnov Test for Exponential distribution=exclude
349,Distribution Compliance Test,hard,14B,V2,1,0,0,1,1,1,3,3,Anderson-Darling Test|Shapiro-Wilk Test of Normality|Lilliefors Test,Anderson-Darling Test|Kolmogorov-Smirnov Test for Normality|Lilliefors Test,0.875,0.25,0.0,0.0,8,4,4,3,1,0,0,7,fully_labeled,Anderson-Darling Test=include|Shapiro-Wilk Test of Normality=include|Kolmogorov-Smirnov Test for Normality=include|Kolmogorov-Smirnov Test=exclude|Lilliefors Test=include|Kolmogorov-Smirnov Test for Uniform distribution=exclude|Kolmogorov-Smirnov Test for Gamma distribution=exclude|Kolmogorov-Smirnov Test for Exponential distribution=exclude
350,Variance Test,easy,14B,V2,1,1,1,1,0,0,4,4,Mood Variance Test|Levene Test|Bartlett Test|F-Test for Variance,Mood Variance Test|Levene Test|Bartlett Test|F-Test for Variance,1.0,0.0,,0.0,4,4,0,4,0,0,0,4,fully_labeled,Mood Variance Test=include|Levene Test=include|Bartlett Test=include|F-Test for Variance=include
351,Contingency Table Test,hard,14B,V2,1,0,0,1,1,0,2,1,Chi-square Independence Test|Fisher Exact Test,Fisher Exact Test,1.0,0.0,0.0,0.0,3,2,1,2,0,0,0,3,fully_labeled,Chi-square Independence Test=include|Fisher Exact Test=include|Mantel-Haenszel Test=exclude
352,Descriptive Statistics,easy,14B,V2,1,0,0,1,1,1,2,1,Mood Variance Test|Levene Test,Range,1.0,0.0,0.0,0.0,4,2,2,2,0,0,0,4,fully_labeled,Mood Variance Test=include|Levene Test=include|Bartlett Test=exclude|F-Test for Variance=exclude
353,Contingency Table Test,hard,14B,V2,1,0,0,1,1,0,2,1,Chi-square Independence Test|Fisher Exact Test,Chi-square Independence Test,1.0,0.0,0.0,0.0,3,2,1,2,0,0,0,3,fully_labeled,Chi-square Independence Test=include|Fisher Exact Test=include|Mantel-Haenszel Test=exclude
354,Variance Test,hard,14B,V2,1,0,0,1,1,0,4,2,Mood Variance Test|Levene Test|Bartlett Test|F-Test for Variance,Mood Variance Test|Levene Test,1.0,0.0,,0.0,4,4,0,4,0,0,0,4,fully_labeled,Mood Variance Test=include|Levene Test=include|Bartlett Test=include|F-Test for Variance=include
355,Correlation Analysis,easy,14B,V2,1,1,1,1,0,0,3,3,Pearson Correlation Coefficient|Spearman Correlation Coefficient|Kendall Correlation Coefficient,Pearson Correlation Coefficient|Spearman Correlation Coefficient|Kendall Correlation Coefficient,1.0,0.0,0.0,0.0,4,3,1,3,0,0,0,4,fully_labeled,Pearson Correlation Coefficient=include|Spearman Correlation Coefficient=include|Kendall Correlation Coefficient=include|Partial Correlation Coefficient=exclude
356,Distribution Compliance Test,easy,14B,V2,1,0,0,1,1,1,1,1,Kolmogorov-Smirnov Test for two samples,Kolmogorov-Smirnov Test,0.875,,0.125,0.0,8,0,8,1,0,1,0,7,fully_labeled,Anderson-Darling Test=exclude|Shapiro-Wilk Test of Normality=exclude|Kolmogorov-Smirnov Test for Normality=exclude|Kolmogorov-Smirnov Test=exclude|Lilliefors Test=exclude|Kolmogorov-Smirnov Test for Uniform distribution=exclude|Kolmogorov-Smirnov Test for Gamma distribution=exclude|Kolmogorov-Smirnov Test for Exponential distribution=exclude
357,Correlation Analysis,easy,14B,V2,1,1,1,1,0,0,3,3,Pearson Correlation Coefficient|Spearman Correlation Coefficient|Kendall Correlation Coefficient,Pearson Correlation Coefficient|Spearman Correlation Coefficient|Kendall Correlation Coefficient,1.0,0.0,0.0,0.0,4,3,1,3,0,0,0,4,fully_labeled,Pearson Correlation Coefficient=include|Spearman Correlation Coefficient=include|Kendall Correlation Coefficient=include|Partial Correlation Coefficient=exclude
358,Distribution Compliance Test,easy,14B,V2,1,0,0,1,1,1,3,1,Pearson Correlation Coefficient|Spearman Correlation Coefficient|Kendall Correlation Coefficient,Kolmogorov-Smirnov Test,1.0,0.0,0.0,0.0,4,3,1,3,0,0,0,4,fully_labeled,Pearson Correlation Coefficient=include|Spearman Correlation Coefficient=include|Kendall Correlation Coefficient=include|Partial Correlation Coefficient=exclude
359,Variance Test,hard,14B,V2,1,1,1,1,0,0,2,2,Mood Variance Test|Levene Test,Mood Variance Test|Levene Test,1.0,0.0,0.0,0.0,4,2,2,2,0,0,0,4,partially_labeled,Mood Variance Test=include|Levene Test=include|Bartlett Test=exclude|F-Test for Variance=exclude
360,Contingency Table Test,easy,14B,V2,1,1,1,1,0,0,2,2,Chi-square Independence Test|Fisher Exact Test,Chi-square Independence Test|Fisher Exact Test,1.0,0.0,0.0,0.0,3,2,1,2,0,0,0,3,fully_labeled,Chi-square Independence Test=include|Fisher Exact Test=include|Mantel-Haenszel Test=exclude
361,Correlation Analysis,easy,14B,V2,1,0,0,1,0,1,1,3,Pearson Correlation Coefficient,Pearson Correlation Coefficient|Spearman Correlation Coefficient|Kendall Correlation Coefficient,1.0,0.0,0.0,0.0,4,1,3,1,0,0,0,4,fully_labeled,Pearson Correlation Coefficient=include|Spearman Correlation Coefficient=exclude|Kendall Correlation Coefficient=exclude|Partial Correlation Coefficient=exclude
362,Distribution Compliance Test,hard,14B,V2,1,0,0,1,1,0,4,3,Anderson-Darling Test|Shapiro-Wilk Test of Normality|Kolmogorov-Smirnov Test for Normality|Lilliefors Test,Anderson-Darling Test|Kolmogorov-Smirnov Test for Normality|Lilliefors Test,1.0,0.0,0.0,0.0,8,4,4,4,0,0,0,8,fully_labeled,Anderson-Darling Test=include|Shapiro-Wilk Test of Normality=include|Kolmogorov-Smirnov Test for Normality=include|Kolmogorov-Smirnov Test=exclude|Lilliefors Test=include|Kolmogorov-Smirnov Test for Uniform distribution=exclude|Kolmogorov-Smirnov Test for Gamma distribution=exclude|Kolmogorov-Smirnov Test for Exponential distribution=exclude
363,Variance Test,hard,14B,V2,1,0,0,1,1,0,4,2,Mood Variance Test|Levene Test|Bartlett Test|F-Test for Variance,Mood Variance Test|Levene Test,1.0,0.0,,0.0,4,4,0,4,0,0,0,4,fully_labeled,Mood Variance Test=include|Levene Test=include|Bartlett Test=include|F-Test for Variance=include
364,Variance Test,hard,14B,V2,1,0,0,1,1,0,4,2,Mood Variance Test|Levene Test|Bartlett Test|F-Test for Variance,Mood Variance Test|Levene Test,1.0,0.0,,0.0,4,4,0,4,0,0,0,4,fully_labeled,Mood Variance Test=include|Levene Test=include|Bartlett Test=include|F-Test for Variance=include
365,Contingency Table Test,easy,14B,V2,1,1,1,1,0,0,2,2,Chi-square Independence Test|Fisher Exact Test,Chi-square Independence Test|Fisher Exact Test,1.0,0.0,0.0,0.0,3,2,1,2,0,0,0,3,fully_labeled,Chi-square Independence Test=include|Fisher Exact Test=include|Mantel-Haenszel Test=exclude
366,Correlation Analysis,easy,14B,V2,1,0,0,1,0,1,1,3,Pearson Correlation Coefficient,Pearson Correlation Coefficient|Spearman Correlation Coefficient|Kendall Correlation Coefficient,1.0,0.0,0.0,0.0,4,1,3,1,0,0,0,4,fully_labeled,Pearson Correlation Coefficient=include|Spearman Correlation Coefficient=exclude|Kendall Correlation Coefficient=exclude|Partial Correlation Coefficient=exclude
367,Distribution Compliance Test,hard,14B,V2,1,0,0,1,1,0,4,3,Anderson-Darling Test|Shapiro-Wilk Test of Normality|Kolmogorov-Smirnov Test for Normality|Lilliefors Test,Anderson-Darling Test|Shapiro-Wilk Test of Normality|Kolmogorov-Smirnov Test for Normality,1.0,0.0,0.0,0.0,8,4,4,4,0,0,0,8,fully_labeled,Anderson-Darling Test=include|Shapiro-Wilk Test of Normality=include|Kolmogorov-Smirnov Test for Normality=include|Kolmogorov-Smirnov Test=exclude|Lilliefors Test=include|Kolmogorov-Smirnov Test for Uniform distribution=exclude|Kolmogorov-Smirnov Test for Gamma distribution=exclude|Kolmogorov-Smirnov Test for Exponential distribution=exclude
368,Distribution Compliance Test,hard,14B,V2,1,0,0,1,1,1,3,3,Anderson-Darling Test|Shapiro-Wilk Test of Normality|Lilliefors Test,Anderson-Darling Test|Kolmogorov-Smirnov Test for Normality|Lilliefors Test,0.9629629629629629,0.25,0.0,0.0,27,4,23,3,1,0,0,26,fully_labeled,Anderson-Darling Test=include|Shapiro-Wilk Test of Normality=include|Kolmogorov-Smirnov Test for Normality=include|Kolmogorov-Smirnov Test=exclude|Lilliefors Test=include|Kolmogorov-Smirnov Test for Uniform distribution=exclude|Kolmogorov-Smirnov Test for Gamma distribution=exclude|Kolmogorov-Smirnov Test for Exponential distribution=exclude|Mood Variance Test=exclude|Levene Test=exclude|Bartlett Test=exclude|F-Test for Variance=exclude|Pearson Correlation Coefficient=exclude|Spearman Correlation Coefficient=exclude|Kendall Correlation Coefficient=exclude|Partial Correlation Coefficient=exclude|Chi-square Independence Test=exclude|Fisher Exact Test=exclude|Mantel-Haenszel Test=exclude|Mean=exclude|Median=exclude|Mode=exclude|Range=exclude|Quartile=exclude|Standard Deviation=exclude|Skewness=exclude|Kurtosis=exclude
369,Variance Test,hard,14B,V2,1,0,0,1,1,0,4,2,Mood Variance Test|Levene Test|Bartlett Test|F-Test for Variance,Mood Variance Test|Levene Test,1.0,0.0,,0.0,4,4,0,4,0,0,0,4,fully_labeled,Mood Variance Test=include|Levene Test=include|Bartlett Test=include|F-Test for Variance=include
370,Contingency Table Test,easy,14B,V2,1,1,1,1,0,0,2,2,Chi-square Independence Test|Fisher Exact Test,Chi-square Independence Test|Fisher Exact Test,1.0,0.0,0.0,0.0,3,2,1,2,0,0,0,3,fully_labeled,Chi-square Independence Test=include|Fisher Exact Test=include|Mantel-Haenszel Test=exclude
371,Distribution Compliance Test,hard,14B,V2,1,0,0,1,1,0,4,3,Anderson-Darling Test|Shapiro-Wilk Test of Normality|Kolmogorov-Smirnov Test for Normality|Lilliefors Test,Anderson-Darling Test|Shapiro-Wilk Test of Normality|Kolmogorov-Smirnov Test for Normality,1.0,0.0,0.0,0.0,8,4,4,4,0,0,0,8,fully_labeled,Anderson-Darling Test=include|Shapiro-Wilk Test of Normality=include|Kolmogorov-Smirnov Test for Normality=include|Kolmogorov-Smirnov Test=exclude|Lilliefors Test=include|Kolmogorov-Smirnov Test for Uniform distribution=exclude|Kolmogorov-Smirnov Test for Gamma distribution=exclude|Kolmogorov-Smirnov Test for Exponential distribution=exclude
372,Distribution Compliance Test,hard,14B,V2,1,0,0,1,1,1,3,3,Anderson-Darling Test|Shapiro-Wilk Test of Normality|Lilliefors Test,Anderson-Darling Test|Kolmogorov-Smirnov Test for Normality|Lilliefors Test,0.9629629629629629,0.25,0.0,0.0,27,4,23,3,1,0,0,26,fully_labeled,Anderson-Darling Test=include|Shapiro-Wilk Test of Normality=include|Kolmogorov-Smirnov Test for Normality=include|Kolmogorov-Smirnov Test=exclude|Lilliefors Test=include|Kolmogorov-Smirnov Test for Uniform distribution=exclude|Kolmogorov-Smirnov Test for Gamma distribution=exclude|Kolmogorov-Smirnov Test for Exponential distribution=exclude|Mood Variance Test=exclude|Levene Test=exclude|Bartlett Test=exclude|F-Test for Variance=exclude|Pearson Correlation Coefficient=exclude|Spearman Correlation Coefficient=exclude|Kendall Correlation Coefficient=exclude|Partial Correlation Coefficient=exclude|Chi-square Independence Test=exclude|Fisher Exact Test=exclude|Mantel-Haenszel Test=exclude|Mean=exclude|Median=exclude|Mode=exclude|Range=exclude|Quartile=exclude|Standard Deviation=exclude|Skewness=exclude|Kurtosis=exclude
373,Descriptive Statistics,easy,14B,V2,1,0,0,1,1,1,3,1,Anderson-Darling Test|Shapiro-Wilk Test of Normality|Lilliefors Test,Kurtosis,0.875,0.25,0.0,0.0,8,4,4,3,1,0,0,7,fully_labeled,Anderson-Darling Test=include|Shapiro-Wilk Test of Normality=include|Kolmogorov-Smirnov Test for Normality=include|Kolmogorov-Smirnov Test=exclude|Lilliefors Test=include|Kolmogorov-Smirnov Test for Uniform distribution=exclude|Kolmogorov-Smirnov Test for Gamma distribution=exclude|Kolmogorov-Smirnov Test for Exponential distribution=exclude
374,Contingency Table Test,easy,14B,V2,1,1,1,1,0,0,2,2,Chi-square Independence Test|Fisher Exact Test,Chi-square Independence Test|Fisher Exact Test,1.0,0.0,0.0,0.0,3,2,1,2,0,0,0,3,fully_labeled,Chi-square Independence Test=include|Fisher Exact Test=include|Mantel-Haenszel Test=exclude
375,Distribution Compliance Test,hard,14B,V2,1,0,0,1,0,1,0,3,,Anderson-Darling Test|Kolmogorov-Smirnov Test for Normality|Lilliefors Test,1.0,,0.0,,8,0,8,0,0,0,0,8,partially_labeled,Anderson-Darling Test=exclude|Shapiro-Wilk Test of Normality=exclude|Kolmogorov-Smirnov Test for Normality=exclude|Kolmogorov-Smirnov Test=exclude|Lilliefors Test=exclude|Kolmogorov-Smirnov Test for Uniform distribution=exclude|Kolmogorov-Smirnov Test for Gamma distribution=exclude|Kolmogorov-Smirnov Test for Exponential distribution=exclude
376,Distribution Compliance Test,easy,14B,V2,1,0,0,1,1,0,2,1,Anderson-Darling Test|Kolmogorov-Smirnov Test,Kolmogorov-Smirnov Test,0.875,0.0,0.14285714285714285,0.0,8,1,7,2,0,1,0,7,fully_labeled,Anderson-Darling Test=include|Shapiro-Wilk Test of Normality=exclude|Kolmogorov-Smirnov Test for Normality=exclude|Kolmogorov-Smirnov Test=exclude|Lilliefors Test=exclude|Kolmogorov-Smirnov Test for Uniform distribution=exclude|Kolmogorov-Smirnov Test for Gamma distribution=exclude|Kolmogorov-Smirnov Test for Exponential distribution=exclude
377,Variance Test,hard,14B,V2,1,0,0,1,1,0,4,2,Mood Variance Test|Levene Test|Bartlett Test|F-Test for Variance,Mood Variance Test|Levene Test,1.0,0.0,,0.0,4,4,0,4,0,0,0,4,fully_labeled,Mood Variance Test=include|Levene Test=include|Bartlett Test=include|F-Test for Variance=include
378,Distribution Compliance Test,easy,14B,V2,1,0,0,1,1,0,2,1,Kolmogorov-Smirnov Test|Anderson-Darling Test,Kolmogorov-Smirnov Test,1.0,0.0,,0.0,2,2,0,2,0,0,0,2,fully_labeled,Kolmogorov-Smirnov Test=include|Anderson-Darling Test=include
379,Contingency Table Test,hard,14B,V2,1,0,0,1,1,0,2,1,Chi-square Independence Test|Fisher Exact Test,Chi-square Independence Test,1.0,0.0,0.0,0.0,3,2,1,2,0,0,0,3,fully_labeled,Chi-square Independence Test=include|Fisher Exact Test=include|Mantel-Haenszel Test=exclude
380,Distribution Compliance Test,hard,14B,V2,1,0,0,1,1,0,4,3,Anderson-Darling Test|Shapiro-Wilk Test of Normality|Kolmogorov-Smirnov Test for Normality|Lilliefors Test,Anderson-Darling Test|Kolmogorov-Smirnov Test for Normality|Lilliefors Test,1.0,0.0,0.0,0.0,8,4,4,4,0,0,0,8,fully_labeled,Anderson-Darling Test=include|Shapiro-Wilk Test of Normality=include|Kolmogorov-Smirnov Test for Normality=include|Kolmogorov-Smirnov Test=exclude|Lilliefors Test=include|Kolmogorov-Smirnov Test for Uniform distribution=exclude|Kolmogorov-Smirnov Test for Gamma distribution=exclude|Kolmogorov-Smirnov Test for Exponential distribution=exclude
381,Distribution Compliance Test,hard,14B,V2,1,0,0,1,1,1,3,3,Anderson-Darling Test|Shapiro-Wilk Test of Normality|Lilliefors Test,Anderson-Darling Test|Kolmogorov-Smirnov Test for Normality|Lilliefors Test,0.875,0.25,0.0,0.0,8,4,4,3,1,0,0,7,fully_labeled,Anderson-Darling Test=include|Shapiro-Wilk Test of Normality=include|Kolmogorov-Smirnov Test for Normality=include|Kolmogorov-Smirnov Test=exclude|Lilliefors Test=include|Kolmogorov-Smirnov Test for Uniform distribution=exclude|Kolmogorov-Smirnov Test for Gamma distribution=exclude|Kolmogorov-Smirnov Test for Exponential distribution=exclude
382,Distribution Compliance Test,hard,14B,V2,1,0,0,1,1,0,4,3,Anderson-Darling Test|Shapiro-Wilk Test of Normality|Kolmogorov-Smirnov Test for Normality|Lilliefors Test,Anderson-Darling Test|Kolmogorov-Smirnov Test for Normality|Lilliefors Test,1.0,0.0,0.0,0.0,8,4,4,4,0,0,0,8,fully_labeled,Anderson-Darling Test=include|Shapiro-Wilk Test of Normality=include|Kolmogorov-Smirnov Test for Normality=include|Kolmogorov-Smirnov Test=exclude|Lilliefors Test=include|Kolmogorov-Smirnov Test for Uniform distribution=exclude|Kolmogorov-Smirnov Test for Gamma distribution=exclude|Kolmogorov-Smirnov Test for Exponential distribution=exclude
383,Variance Test,hard,14B,V2,1,0,0,1,1,0,4,2,Mood Variance Test|Levene Test|Bartlett Test|F-Test for Variance,Mood Variance Test|Levene Test,1.0,0.0,,0.0,4,4,0,4,0,0,0,4,fully_labeled,Mood Variance Test=include|Levene Test=include|Bartlett Test=include|F-Test for Variance=include
384,Variance Test,hard,14B,V2,1,0,0,1,1,0,4,2,Mood Variance Test|Levene Test|Bartlett Test|F-Test for Variance,Mood Variance Test|Levene Test,1.0,0.0,,0.0,4,4,0,4,0,0,0,4,fully_labeled,Mood Variance Test=include|Levene Test=include|Bartlett Test=include|F-Test for Variance=include
385,Contingency Table Test,hard,14B,V2,1,0,0,1,1,0,2,1,Chi-square Independence Test|Fisher Exact Test,Chi-square Independence Test,1.0,0.0,0.0,0.0,3,2,1,2,0,0,0,3,fully_labeled,Chi-square Independence Test=include|Fisher Exact Test=include|Mantel-Haenszel Test=exclude
386,Variance Test,hard,14B,V2,1,0,0,1,1,0,4,2,Mood Variance Test|Levene Test|Bartlett Test|F-Test for Variance,Mood Variance Test|Levene Test,1.0,0.0,,0.0,4,4,0,4,0,0,0,4,fully_labeled,Mood Variance Test=include|Levene Test=include|Bartlett Test=include|F-Test for Variance=include
387,Contingency Table Test,hard,14B,V2,1,0,0,1,1,0,2,1,Chi-square Independence Test|Fisher Exact Test,Chi-square Independence Test,1.0,0.0,0.0,0.0,3,2,1,2,0,0,0,3,fully_labeled,Chi-square Independence Test=include|Fisher Exact Test=include|Mantel-Haenszel Test=exclude
388,Correlation Analysis,easy,14B,V2,1,0,0,1,0,1,1,3,Spearman Correlation Coefficient,Pearson Correlation Coefficient|Spearman Correlation Coefficient|Kendall Correlation Coefficient,1.0,0.0,0.0,0.0,5,1,4,1,0,0,0,5,fully_labeled,Pearson Correlation Coefficient=exclude|Median=exclude|Spearman Correlation Coefficient=include|Kendall Correlation Coefficient=exclude|Partial Correlation Coefficient=exclude
389,Distribution Compliance Test,hard,14B,V2,1,0,0,1,1,0,4,3,Anderson-Darling Test|Shapiro-Wilk Test of Normality|Kolmogorov-Smirnov Test for Normality|Lilliefors Test,Anderson-Darling Test|Shapiro-Wilk Test of Normality|Kolmogorov-Smirnov Test for Normality,0.875,0.2,0.0,0.0,8,5,3,4,1,0,0,7,fully_labeled,Anderson-Darling Test=include|Shapiro-Wilk Test of Normality=include|Kolmogorov-Smirnov Test for Normality=include|Kolmogorov-Smirnov Test=include|Lilliefors Test=include|Kolmogorov-Smirnov Test for Uniform distribution=exclude|Kolmogorov-Smirnov Test for Gamma distribution=exclude|Kolmogorov-Smirnov Test for Exponential distribution=exclude
390,Contingency Table Test,easy,14B,V2,1,1,1,1,0,0,2,2,Chi-square Independence Test|Fisher Exact Test,Chi-square Independence Test|Fisher Exact Test,1.0,0.0,0.0,0.0,3,2,1,2,0,0,0,3,fully_labeled,Chi-square Independence Test=include|Fisher Exact Test=include|Mantel-Haenszel Test=exclude
391,Distribution Compliance Test,hard,14B,V2,1,0,0,1,1,0,4,3,Anderson-Darling Test|Shapiro-Wilk Test of Normality|Kolmogorov-Smirnov Test for Normality|Lilliefors Test,Anderson-Darling Test|Kolmogorov-Smirnov Test for Normality|Lilliefors Test,1.0,0.0,0.0,0.0,8,4,4,4,0,0,0,8,fully_labeled,Anderson-Darling Test=include|Shapiro-Wilk Test of Normality=include|Kolmogorov-Smirnov Test for Normality=include|Kolmogorov-Smirnov Test=exclude|Lilliefors Test=include|Kolmogorov-Smirnov Test for Uniform distribution=exclude|Kolmogorov-Smirnov Test for Gamma distribution=exclude|Kolmogorov-Smirnov Test for Exponential distribution=exclude
392,Contingency Table Test,easy,14B,V2,1,1,1,1,0,0,2,2,Chi-square Independence Test|Fisher Exact Test,Chi-square Independence Test|Fisher Exact Test,1.0,0.0,0.0,0.0,3,2,1,2,0,0,0,3,fully_labeled,Chi-square Independence Test=include|Fisher Exact Test=include|Mantel-Haenszel Test=exclude
393,Distribution Compliance Test,hard,14B,V2,1,0,0,1,1,0,4,3,Anderson-Darling Test|Shapiro-Wilk Test of Normality|Kolmogorov-Smirnov Test for Normality|Lilliefors Test,Anderson-Darling Test|Shapiro-Wilk Test of Normality|Kolmogorov-Smirnov Test for Normality,0.8888888888888888,0.2,0.0,0.0,9,5,4,4,1,0,0,8,fully_labeled,Anderson-Darling Test=include|Shapiro-Wilk Test of Normality=include|Kolmogorov-Smirnov Test for Normality=include|Kolmogorov-Smirnov Test=exclude|Lilliefors Test=include|Mean=include|Kolmogorov-Smirnov Test for Uniform distribution=exclude|Kolmogorov-Smirnov Test for Gamma distribution=exclude|Kolmogorov-Smirnov Test for Exponential distribution=exclude
394,Distribution Compliance Test,hard,14B,V2,1,0,0,1,1,0,4,3,Anderson-Darling Test|Shapiro-Wilk Test of Normality|Kolmogorov-Smirnov Test for Normality|Lilliefors Test,Anderson-Darling Test|Kolmogorov-Smirnov Test for Normality|Lilliefors Test,1.0,0.0,0.0,0.0,8,4,4,4,0,0,0,8,fully_labeled,Anderson-Darling Test=include|Shapiro-Wilk Test of Normality=include|Kolmogorov-Smirnov Test for Normality=include|Kolmogorov-Smirnov Test=exclude|Lilliefors Test=include|Kolmogorov-Smirnov Test for Uniform distribution=exclude|Kolmogorov-Smirnov Test for Gamma distribution=exclude|Kolmogorov-Smirnov Test for Exponential distribution=exclude
395,Distribution Compliance Test,hard,14B,V2,1,0,0,1,1,0,4,3,Anderson-Darling Test|Shapiro-Wilk Test of Normality|Kolmogorov-Smirnov Test for Normality|Lilliefors Test,Anderson-Darling Test|Shapiro-Wilk Test of Normality|Kolmogorov-Smirnov Test for Normality,0.7777777777777778,0.3333333333333333,0.0,0.0,9,6,3,4,2,0,0,7,fully_labeled,Anderson-Darling Test=include|Shapiro-Wilk Test of Normality=include|Kolmogorov-Smirnov Test for Normality=include|Kolmogorov-Smirnov Test=include|Lilliefors Test=include|Mean=include|Kolmogorov-Smirnov Test for Uniform distribution=exclude|Kolmogorov-Smirnov Test for Gamma distribution=exclude|Kolmogorov-Smirnov Test for Exponential distribution=exclude
396,Distribution Compliance Test,hard,14B,V2,1,0,0,1,1,0,4,3,Anderson-Darling Test|Shapiro-Wilk Test of Normality|Kolmogorov-Smirnov Test for Normality|Lilliefors Test,Anderson-Darling Test|Kolmogorov-Smirnov Test for Normality|Lilliefors Test,1.0,0.0,0.0,0.0,8,4,4,4,0,0,0,8,fully_labeled,Anderson-Darling Test=include|Shapiro-Wilk Test of Normality=include|Kolmogorov-Smirnov Test for Normality=include|Kolmogorov-Smirnov Test=exclude|Lilliefors Test=include|Kolmogorov-Smirnov Test for Uniform distribution=exclude|Kolmogorov-Smirnov Test for Gamma distribution=exclude|Kolmogorov-Smirnov Test for Exponential distribution=exclude
397,Variance Test,hard,14B,V2,1,0,0,1,1,0,4,2,Mood Variance Test|Levene Test|Bartlett Test|F-Test for Variance,Mood Variance Test|Levene Test,1.0,0.0,,0.0,4,4,0,4,0,0,0,4,fully_labeled,Mood Variance Test=include|Levene Test=include|Bartlett Test=include|F-Test for Variance=include
