row_id,task,difficulty,model,variant,valid,overall_correct,methods_correct,columns_correct,over_selection,under_selection,n_pred_methods,n_gt_methods,pred_methods,gt_methods,ssc,drop_rate,add_rate_in,add_rate_out,n_summary,n_summary_applicable,n_summary_notapplicable,n_final_methods,n_dropped,n_added_in,n_added_out,n_consistent,label_clarity_auto,verdicts
0,Variance Test,hard,72B,V2,1,1,1,1,0,0,2,2,Mood Variance Test|Levene Test,Mood Variance Test|Levene Test,1.0,0.0,0.0,0.0,4,2,2,2,0,0,0,4,fully_labeled,Mood Variance Test=include|Levene Test=include|Bartlett Test=exclude|F-Test for Variance=exclude
1,Variance Test,easy,72B,V2,1,0,0,1,0,1,2,4,Bartlett Test|F-Test for Variance,Mood Variance Test|Levene Test|Bartlett Test|F-Test for Variance,1.0,0.0,0.0,0.0,4,2,2,2,0,0,0,4,fully_labeled,Mood Variance Test=exclude|Levene Test=exclude|Bartlett Test=include|F-Test for Variance=include
2,Distribution Compliance Test,easy,72B,V2,1,1,1,1,0,0,1,1,Kolmogorov-Smirnov Test,Kolmogorov-Smirnov Test,1.0,0.0,0.0,0.0,8,1,7,1,0,0,0,8,fully_labeled,Anderson-Darling Test=exclude|Shapiro-Wilk Test of Normality=exclude|Kolmogorov-Smirnov Test for Normality=exclude|Kolmogorov-Smirnov Test=include|Lilliefors Test=exclude|Kolmogorov-Smirnov Test for Uniform distribution=exclude|Kolmogorov-Smirnov Test for Gamma distribution=exclude|Kolmogorov-Smirnov Test for Exponential distribution=exclude
3,Distribution Compliance Test,hard,72B,V2,1,0,0,1,1,0,4,3,Anderson-Darling Test|Shapiro-Wilk Test of Normality|Kolmogorov-Smirnov Test for Normality|Lilliefors Test,Anderson-Darling Test|Kolmogorov-Smirnov Test for Normality|Lilliefors Test,1.0,0.0,0.0,0.0,8,4,4,4,0,0,0,8,fully_labeled,Anderson-Darling Test=include|Shapiro-Wilk Test of Normality=include|Kolmogorov-Smirnov Test for Normality=include|Kolmogorov-Smirnov Test=exclude|Lilliefors Test=include|Kolmogorov-Smirnov Test for Uniform distribution=exclude|Kolmogorov-Smirnov Test for Gamma distribution=exclude|Kolmogorov-Smirnov Test for Exponential distribution=exclude
4,Distribution Compliance Test,hard,72B,V2,1,0,0,1,1,1,3,3,Shapiro-Wilk Test of Normality|Kolmogorov-Smirnov Test for Normality|Lilliefors Test,Anderson-Darling Test|Shapiro-Wilk Test of Normality|Kolmogorov-Smirnov Test for Normality,0.8,0.25,0.0,0.0,5,4,1,3,1,0,0,4,fully_labeled,Anderson-Darling Test=exclude|Shapiro-Wilk Test of Normality=include|Kolmogorov-Smirnov Test for Normality=include|Kolmogorov-Smirnov Test=include|Lilliefors Test=include
5,Descriptive Statistics,easy,72B,V2,1,0,0,1,1,0,3,1,Range|Quartile|Standard Deviation,Range,1.0,0.0,0.0,0.0,8,3,5,3,0,0,0,8,fully_labeled,Mean=exclude|Median=exclude|Mode=exclude|Range=include|Quartile=include|Standard Deviation=include|Skewness=exclude|Kurtosis=exclude
6,Variance Test,hard,72B,V2,1,1,1,1,0,0,2,2,Mood Variance Test|Levene Test,Mood Variance Test|Levene Test,1.0,0.0,0.0,0.0,4,2,2,2,0,0,0,4,fully_labeled,Mood Variance Test=include|Levene Test=include|Bartlett Test=exclude|F-Test for Variance=exclude
7,Contingency Table Test,hard,72B,V2,1,0,0,1,1,0,2,1,Chi-square Independence Test|Fisher Exact Test,Chi-square Independence Test,1.0,0.0,0.0,0.0,3,2,1,2,0,0,0,3,fully_labeled,Chi-square Independence Test=include|Fisher Exact Test=include|Mantel-Haenszel Test=exclude
8,Variance Test,hard,72B,V2,1,1,1,1,0,0,2,2,Mood Variance Test|Levene Test,Mood Variance Test|Levene Test,1.0,0.0,0.0,0.0,4,2,2,2,0,0,0,4,fully_labeled,Mood Variance Test=include|Levene Test=include|Bartlett Test=exclude|F-Test for Variance=exclude
9,Distribution Compliance Test,hard,72B,V2,1,0,0,1,1,1,3,3,Anderson-Darling Test|Shapiro-Wilk Test of Normality|Lilliefors Test,Anderson-Darling Test|Kolmogorov-Smirnov Test for Normality|Lilliefors Test,1.0,0.0,0.0,0.0,5,3,2,3,0,0,0,5,fully_labeled,Anderson-Darling Test=include|Shapiro-Wilk Test of Normality=include|Kolmogorov-Smirnov Test for Normality=exclude|Kolmogorov-Smirnov Test=exclude|Lilliefors Test=include
10,Correlation Analysis,easy,72B,V2,1,0,0,1,0,1,2,3,Spearman Correlation Coefficient|Kendall Correlation Coefficient,Pearson Correlation Coefficient|Spearman Correlation Coefficient|Kendall Correlation Coefficient,1.0,0.0,0.0,0.0,4,2,2,2,0,0,0,4,fully_labeled,Pearson Correlation Coefficient=exclude|Spearman Correlation Coefficient=include|Kendall Correlation Coefficient=include|Partial Correlation Coefficient=exclude
11,Variance Test,hard,72B,V2,1,1,1,1,0,0,2,2,Mood Variance Test|Levene Test,Mood Variance Test|Levene Test,1.0,0.0,0.0,0.0,4,2,2,2,0,0,0,4,fully_labeled,Mood Variance Test=include|Levene Test=include|Bartlett Test=exclude|F-Test for Variance=exclude
12,Distribution Compliance Test,easy,72B,V2,1,1,1,1,0,0,1,1,Kolmogorov-Smirnov Test,Kolmogorov-Smirnov Test,1.0,0.0,0.0,0.0,8,1,7,1,0,0,0,8,fully_labeled,Anderson-Darling Test=exclude|Shapiro-Wilk Test of Normality=exclude|Kolmogorov-Smirnov Test for Normality=exclude|Kolmogorov-Smirnov Test=include|Lilliefors Test=exclude|Kolmogorov-Smirnov Test for Uniform distribution=exclude|Kolmogorov-Smirnov Test for Gamma distribution=exclude|Kolmogorov-Smirnov Test for Exponential distribution=exclude
13,Contingency Table Test,hard,72B,V2,1,0,0,1,1,0,2,1,Chi-square Independence Test|Fisher Exact Test,Chi-square Independence Test,1.0,0.0,0.0,0.0,3,2,1,2,0,0,0,3,fully_labeled,Chi-square Independence Test=include|Fisher Exact Test=include|Mantel-Haenszel Test=exclude
14,Contingency Table Test,easy,72B,V2,1,0,1,0,0,0,2,2,Chi-square Independence Test|Fisher Exact Test,Chi-square Independence Test|Fisher Exact Test,1.0,0.0,0.0,0.0,3,2,1,2,0,0,0,3,fully_labeled,Chi-square Independence Test=include|Fisher Exact Test=include|Mantel-Haenszel Test=exclude
15,Contingency Table Test,hard,72B,V2,1,0,0,1,1,0,2,1,Chi-square Independence Test|Fisher Exact Test,Chi-square Independence Test,1.0,0.0,0.0,0.0,3,2,1,2,0,0,0,3,fully_labeled,Chi-square Independence Test=include|Fisher Exact Test=include|Mantel-Haenszel Test=exclude
16,Contingency Table Test,hard,72B,V2,1,0,0,1,1,0,2,1,Chi-square Independence Test|Fisher Exact Test,Chi-square Independence Test,1.0,0.0,0.0,0.0,3,2,1,2,0,0,0,3,fully_labeled,Chi-square Independence Test=include|Fisher Exact Test=include|Mantel-Haenszel Test=exclude
17,Distribution Compliance Test,easy,72B,V2,1,1,1,1,0,0,1,1,Kolmogorov-Smirnov Test,Kolmogorov-Smirnov Test,1.0,0.0,0.0,0.0,8,1,7,1,0,0,0,8,fully_labeled,Anderson-Darling Test=exclude|Shapiro-Wilk Test of Normality=exclude|Kolmogorov-Smirnov Test for Normality=exclude|Kolmogorov-Smirnov Test=include|Lilliefors Test=exclude|Kolmogorov-Smirnov Test for Uniform distribution=exclude|Kolmogorov-Smirnov Test for Gamma distribution=exclude|Kolmogorov-Smirnov Test for Exponential distribution=exclude
18,Variance Test,hard,72B,V2,1,1,1,1,0,0,2,2,Mood Variance Test|Levene Test,Mood Variance Test|Levene Test,1.0,0.0,0.0,0.0,4,2,2,2,0,0,0,4,partially_labeled,Mood Variance Test=include|Levene Test=include|Bartlett Test=exclude|F-Test for Variance=exclude
19,Variance Test,hard,72B,V2,1,0,0,1,0,1,1,2,Levene Test,Mood Variance Test|Levene Test,1.0,0.0,0.0,0.0,4,1,3,1,0,0,0,4,fully_labeled,Mood Variance Test=exclude|Levene Test=include|Bartlett Test=exclude|F-Test for Variance=exclude
20,Variance Test,hard,72B,V2,1,1,1,1,0,0,2,2,Mood Variance Test|Levene Test,Mood Variance Test|Levene Test,1.0,0.0,0.0,0.0,4,2,2,2,0,0,0,4,fully_labeled,Mood Variance Test=include|Levene Test=include|Bartlett Test=exclude|F-Test for Variance=exclude
21,Distribution Compliance Test,easy,72B,V2,1,1,1,1,0,0,1,1,Kolmogorov-Smirnov Test,Kolmogorov-Smirnov Test,1.0,0.0,0.0,0.0,8,1,7,1,0,0,0,8,fully_labeled,Anderson-Darling Test=exclude|Shapiro-Wilk Test of Normality=exclude|Kolmogorov-Smirnov Test for Normality=exclude|Kolmogorov-Smirnov Test=include|Lilliefors Test=exclude|Kolmogorov-Smirnov Test for Uniform distribution=exclude|Kolmogorov-Smirnov Test for Gamma distribution=exclude|Kolmogorov-Smirnov Test for Exponential distribution=exclude
22,Variance Test,easy,72B,V2,1,0,0,1,0,1,3,4,Levene Test|Bartlett Test|F-Test for Variance,Mood Variance Test|Levene Test|Bartlett Test|F-Test for Variance,1.0,0.0,0.0,0.0,4,3,1,3,0,0,0,4,fully_labeled,Mood Variance Test=exclude|Levene Test=include|Bartlett Test=include|F-Test for Variance=include
23,Correlation Analysis,hard,72B,V2,1,0,0,1,1,1,1,1,Pearson Correlation Coefficient,Kendall Correlation Coefficient,1.0,0.0,0.0,0.0,4,1,3,1,0,0,0,4,fully_labeled,Pearson Correlation Coefficient=include|Spearman Correlation Coefficient=exclude|Kendall Correlation Coefficient=exclude|Partial Correlation Coefficient=exclude
24,Variance Test,hard,72B,V2,1,1,1,1,0,0,2,2,Mood Variance Test|Levene Test,Mood Variance Test|Levene Test,1.0,0.0,0.0,0.0,4,2,2,2,0,0,0,4,fully_labeled,Mood Variance Test=include|Levene Test=include|Bartlett Test=exclude|F-Test for Variance=exclude
25,Correlation Analysis,easy,72B,V2,1,0,0,1,0,1,2,3,Spearman Correlation Coefficient|Kendall Correlation Coefficient,Pearson Correlation Coefficient|Spearman Correlation Coefficient|Kendall Correlation Coefficient,1.0,0.0,0.0,0.0,4,2,2,2,0,0,0,4,fully_labeled,Pearson Correlation Coefficient=exclude|Spearman Correlation Coefficient=include|Kendall Correlation Coefficient=include|Partial Correlation Coefficient=exclude
26,Contingency Table Test,easy,72B,V2,1,1,1,1,0,0,2,2,Chi-square Independence Test|Fisher Exact Test,Chi-square Independence Test|Fisher Exact Test,1.0,0.0,0.0,0.0,3,2,1,2,0,0,0,3,fully_labeled,Chi-square Independence Test=include|Fisher Exact Test=include|Mantel-Haenszel Test=exclude
27,Variance Test,easy,72B,V2,1,0,0,1,0,1,3,4,Levene Test|Bartlett Test|F-Test for Variance,Mood Variance Test|Levene Test|Bartlett Test|F-Test for Variance,1.0,0.0,0.0,0.0,4,3,1,3,0,0,0,4,fully_labeled,Mood Variance Test=exclude|Levene Test=include|Bartlett Test=include|F-Test for Variance=include
28,Variance Test,hard,72B,V2,1,1,1,1,0,0,2,2,Mood Variance Test|Levene Test,Mood Variance Test|Levene Test,1.0,0.0,0.0,0.0,4,2,2,2,0,0,0,4,fully_labeled,Mood Variance Test=include|Levene Test=include|Bartlett Test=exclude|F-Test for Variance=exclude
29,Distribution Compliance Test,easy,72B,V2,1,1,1,1,0,0,1,1,Kolmogorov-Smirnov Test,Kolmogorov-Smirnov Test,1.0,0.0,0.0,0.0,8,1,7,1,0,0,0,8,fully_labeled,Anderson-Darling Test=exclude|Shapiro-Wilk Test of Normality=exclude|Kolmogorov-Smirnov Test for Normality=exclude|Kolmogorov-Smirnov Test=include|Lilliefors Test=exclude|Kolmogorov-Smirnov Test for Uniform distribution=exclude|Kolmogorov-Smirnov Test for Gamma distribution=exclude|Kolmogorov-Smirnov Test for Exponential distribution=exclude
30,Variance Test,hard,72B,V2,1,1,1,1,0,0,2,2,Mood Variance Test|Levene Test,Mood Variance Test|Levene Test,1.0,0.0,0.0,0.0,4,2,2,2,0,0,0,4,fully_labeled,Mood Variance Test=include|Levene Test=include|Bartlett Test=exclude|F-Test for Variance=exclude
31,Contingency Table Test,hard,72B,V2,1,0,0,1,1,0,2,1,Chi-square Independence Test|Fisher Exact Test,Fisher Exact Test,1.0,0.0,0.0,0.0,3,2,1,2,0,0,0,3,fully_labeled,Chi-square Independence Test=include|Fisher Exact Test=include|Mantel-Haenszel Test=exclude
32,Variance Test,hard,72B,V2,1,1,1,1,0,0,2,2,Mood Variance Test|Levene Test,Mood Variance Test|Levene Test,1.0,0.0,0.0,0.0,4,2,2,2,0,0,0,4,fully_labeled,Mood Variance Test=include|Levene Test=include|Bartlett Test=exclude|F-Test for Variance=exclude
33,Distribution Compliance Test,hard,72B,V2,1,0,0,1,1,1,3,3,Shapiro-Wilk Test of Normality|Kolmogorov-Smirnov Test for Normality|Lilliefors Test,Anderson-Darling Test|Kolmogorov-Smirnov Test for Normality|Lilliefors Test,1.0,0.0,0.0,0.0,8,3,5,3,0,0,0,8,fully_labeled,Anderson-Darling Test=exclude|Shapiro-Wilk Test of Normality=include|Kolmogorov-Smirnov Test for Normality=include|Kolmogorov-Smirnov Test=exclude|Lilliefors Test=include|Kolmogorov-Smirnov Test for Uniform distribution=exclude|Kolmogorov-Smirnov Test for Gamma distribution=exclude|Kolmogorov-Smirnov Test for Exponential distribution=exclude
34,Distribution Compliance Test,hard,72B,V2,1,0,0,1,1,0,4,3,Anderson-Darling Test|Shapiro-Wilk Test of Normality|Kolmogorov-Smirnov Test for Normality|Lilliefors Test,Anderson-Darling Test|Kolmogorov-Smirnov Test for Normality|Lilliefors Test,0.8888888888888888,0.2,0.0,0.0,9,5,4,4,1,0,0,8,fully_labeled,Anderson-Darling Test=include|Shapiro-Wilk Test of Normality=include|Mode=include|Kolmogorov-Smirnov Test for Normality=include|Kolmogorov-Smirnov Test=exclude|Lilliefors Test=include|Kolmogorov-Smirnov Test for Uniform distribution=exclude|Kolmogorov-Smirnov Test for Gamma distribution=exclude|Kolmogorov-Smirnov Test for Exponential distribution=exclude
35,Variance Test,hard,72B,V2,1,0,0,1,1,1,1,2,Kolmogorov-Smirnov Test,Mood Variance Test|Levene Test,1.0,0.0,0.0,0.0,8,1,7,1,0,0,0,8,partially_labeled,Anderson-Darling Test=exclude|Shapiro-Wilk Test of Normality=exclude|Kolmogorov-Smirnov Test for Normality=exclude|Kolmogorov-Smirnov Test=include|Lilliefors Test=exclude|Kolmogorov-Smirnov Test for Uniform distribution=exclude|Kolmogorov-Smirnov Test for Gamma distribution=exclude|Kolmogorov-Smirnov Test for Exponential distribution=exclude
36,Variance Test,hard,72B,V2,1,1,1,1,0,0,2,2,Mood Variance Test|Levene Test,Mood Variance Test|Levene Test,1.0,0.0,0.0,0.0,4,2,2,2,0,0,0,4,fully_labeled,Mood Variance Test=include|Levene Test=include|Bartlett Test=exclude|F-Test for Variance=exclude
37,Distribution Compliance Test,hard,72B,V2,1,0,0,1,1,0,4,3,Anderson-Darling Test|Shapiro-Wilk Test of Normality|Kolmogorov-Smirnov Test for Normality|Lilliefors Test,Anderson-Darling Test|Shapiro-Wilk Test of Normality|Kolmogorov-Smirnov Test for Normality,0.8888888888888888,0.2,0.0,0.0,9,5,4,4,1,0,0,8,fully_labeled,Anderson-Darling Test=include|Shapiro-Wilk Test of Normality=include|Kolmogorov-Smirnov Test for Normality=include|Kolmogorov-Smirnov Test=exclude|Lilliefors Test=include|Skewness=include|Kolmogorov-Smirnov Test for Uniform distribution=exclude|Kolmogorov-Smirnov Test for Gamma distribution=exclude|Kolmogorov-Smirnov Test for Exponential distribution=exclude
38,Variance Test,hard,72B,V2,1,1,1,1,0,0,2,2,Mood Variance Test|Levene Test,Mood Variance Test|Levene Test,1.0,0.0,0.0,0.0,4,2,2,2,0,0,0,4,fully_labeled,Mood Variance Test=include|Levene Test=include|Bartlett Test=exclude|F-Test for Variance=exclude
39,Distribution Compliance Test,hard,72B,V2,1,0,0,1,1,0,4,3,Anderson-Darling Test|Shapiro-Wilk Test of Normality|Kolmogorov-Smirnov Test for Normality|Lilliefors Test,Anderson-Darling Test|Kolmogorov-Smirnov Test for Normality|Lilliefors Test,0.6666666666666666,0.3333333333333333,,0.0,6,6,0,4,2,0,0,4,fully_labeled,Anderson-Darling Test=include|Shapiro-Wilk Test of Normality=include|Kolmogorov-Smirnov Test for Normality=include|Kolmogorov-Smirnov Test=include|Lilliefors Test=include|Mode=include
40,Variance Test,hard,72B,V2,1,1,1,1,0,0,2,2,Mood Variance Test|Levene Test,Mood Variance Test|Levene Test,1.0,0.0,0.0,0.0,4,2,2,2,0,0,0,4,fully_labeled,Mood Variance Test=include|Levene Test=include|Bartlett Test=exclude|F-Test for Variance=exclude
41,Variance Test,hard,72B,V2,1,1,1,1,0,0,2,2,Mood Variance Test|Levene Test,Mood Variance Test|Levene Test,1.0,0.0,0.0,0.0,4,2,2,2,0,0,0,4,fully_labeled,Mood Variance Test=include|Levene Test=include|Bartlett Test=exclude|F-Test for Variance=exclude
42,Descriptive Statistics,easy,72B,V2,1,0,0,1,1,0,6,1,Mean|Median|Mode|Quartile|Standard Deviation|Skewness,Skewness,1.0,0.0,0.0,0.0,8,6,2,6,0,0,0,8,fully_labeled,Mean=include|Skewness=include|Median=include|Mode=include|Range=exclude|Quartile=include|Standard Deviation=include|Kurtosis=exclude
43,Distribution Compliance Test,hard,72B,V2,1,0,0,1,1,0,4,3,Anderson-Darling Test|Shapiro-Wilk Test of Normality|Kolmogorov-Smirnov Test for Normality|Lilliefors Test,Anderson-Darling Test|Shapiro-Wilk Test of Normality|Kolmogorov-Smirnov Test for Normality,1.0,0.0,0.0,0.0,8,4,4,4,0,0,0,8,fully_labeled,Anderson-Darling Test=include|Shapiro-Wilk Test of Normality=include|Kolmogorov-Smirnov Test for Normality=include|Kolmogorov-Smirnov Test=exclude|Lilliefors Test=include|Kolmogorov-Smirnov Test for Uniform distribution=exclude|Kolmogorov-Smirnov Test for Gamma distribution=exclude|Kolmogorov-Smirnov Test for Exponential distribution=exclude
44,Distribution Compliance Test,hard,72B,V2,1,0,0,1,0,1,0,3,,Anderson-Darling Test|Kolmogorov-Smirnov Test for Normality|Lilliefors Test,1.0,,0.0,,5,0,5,0,0,0,0,5,fully_labeled,Anderson-Darling Test=exclude|Shapiro-Wilk Test of Normality=exclude|Kolmogorov-Smirnov Test for Normality=exclude|Kolmogorov-Smirnov Test=exclude|Lilliefors Test=exclude
45,Variance Test,hard,72B,V2,1,1,1,1,0,0,2,2,Mood Variance Test|Levene Test,Mood Variance Test|Levene Test,1.0,0.0,0.0,0.0,4,2,2,2,0,0,0,4,fully_labeled,Mood Variance Test=include|Levene Test=include|Bartlett Test=exclude|F-Test for Variance=exclude
46,Distribution Compliance Test,hard,72B,V2,1,0,0,1,1,0,4,3,Anderson-Darling Test|Shapiro-Wilk Test of Normality|Kolmogorov-Smirnov Test for Normality|Lilliefors Test,Anderson-Darling Test|Kolmogorov-Smirnov Test for Normality|Lilliefors Test,0.6666666666666666,0.3333333333333333,,0.0,6,6,0,4,2,0,0,4,fully_labeled,Anderson-Darling Test=include|Shapiro-Wilk Test of Normality=include|Mode=include|Kolmogorov-Smirnov Test for Normality=include|Kolmogorov-Smirnov Test=include|Lilliefors Test=include
47,Distribution Compliance Test,easy,72B,V2,1,1,1,1,0,0,1,1,Kolmogorov-Smirnov Test,Kolmogorov-Smirnov Test,1.0,0.0,0.0,0.0,8,1,7,1,0,0,0,8,fully_labeled,Anderson-Darling Test=exclude|Shapiro-Wilk Test of Normality=exclude|Kolmogorov-Smirnov Test for Normality=exclude|Kolmogorov-Smirnov Test=include|Lilliefors Test=exclude|Kolmogorov-Smirnov Test for Uniform distribution=exclude|Kolmogorov-Smirnov Test for Gamma distribution=exclude|Kolmogorov-Smirnov Test for Exponential distribution=exclude
48,Descriptive Statistics,easy,72B,V2,1,0,0,1,1,0,6,1,Skewness|Kurtosis|Anderson-Darling Test|Shapiro-Wilk Test of Normality|Kolmogorov-Smirnov Test for Normality|Lilliefors Test,Skewness,0.9230769230769231,0.14285714285714285,0.0,0.0,13,7,6,6,1,0,0,12,fully_labeled,Mean=exclude|Skewness=include|Median=exclude|Mode=exclude|Range=exclude|Quartile=exclude|Standard Deviation=exclude|Kurtosis=include|Anderson-Darling Test=include|Shapiro-Wilk Test of Normality=include|Kolmogorov-Smirnov Test for Normality=include|Kolmogorov-Smirnov Test=include|Lilliefors Test=include
49,Variance Test,easy,72B,V2,1,0,0,1,0,1,3,4,Levene Test|Bartlett Test|F-Test for Variance,Mood Variance Test|Levene Test|Bartlett Test|F-Test for Variance,1.0,0.0,0.0,0.0,4,3,1,3,0,0,0,4,fully_labeled,Mood Variance Test=exclude|Levene Test=include|Bartlett Test=include|F-Test for Variance=include
50,Variance Test,easy,72B,V2,1,0,0,1,1,1,6,4,Mean|Median|Standard Deviation|Shapiro-Wilk Test of Normality|Levene Test|F-Test for Variance,Mood Variance Test|Levene Test|Bartlett Test|F-Test for Variance,1.0,0.0,,0.0,6,6,0,6,0,0,0,6,fully_labeled,Mean=include|Median=include|Standard Deviation=include|Shapiro-Wilk Test of Normality=include|Levene Test=include|F-Test for Variance=include
51,Correlation Analysis,easy,72B,V2,1,1,1,1,0,0,3,3,Pearson Correlation Coefficient|Spearman Correlation Coefficient|Kendall Correlation Coefficient,Pearson Correlation Coefficient|Spearman Correlation Coefficient|Kendall Correlation Coefficient,1.0,0.0,0.0,0.0,4,3,1,3,0,0,0,4,fully_labeled,Pearson Correlation Coefficient=include|Spearman Correlation Coefficient=include|Kendall Correlation Coefficient=include|Partial Correlation Coefficient=exclude
52,Distribution Compliance Test,easy,72B,V2,1,1,1,1,0,0,1,1,Kolmogorov-Smirnov Test,Kolmogorov-Smirnov Test,1.0,0.0,0.0,0.0,8,1,7,1,0,0,0,8,fully_labeled,Anderson-Darling Test=exclude|Shapiro-Wilk Test of Normality=exclude|Kolmogorov-Smirnov Test for Normality=exclude|Kolmogorov-Smirnov Test=include|Lilliefors Test=exclude|Kolmogorov-Smirnov Test for Uniform distribution=exclude|Kolmogorov-Smirnov Test for Gamma distribution=exclude|Kolmogorov-Smirnov Test for Exponential distribution=exclude
53,Variance Test,hard,72B,V2,1,0,0,1,0,1,1,2,Levene Test,Mood Variance Test|Levene Test,1.0,0.0,0.0,0.0,4,1,3,1,0,0,0,4,fully_labeled,Mood Variance Test=exclude|Levene Test=include|Bartlett Test=exclude|F-Test for Variance=exclude
54,Distribution Compliance Test,hard,72B,V2,1,0,0,1,1,0,4,3,Anderson-Darling Test|Shapiro-Wilk Test of Normality|Kolmogorov-Smirnov Test for Normality|Lilliefors Test,Anderson-Darling Test|Kolmogorov-Smirnov Test for Normality|Lilliefors Test,0.8,0.2,,0.0,5,5,0,4,1,0,0,4,fully_labeled,Anderson-Darling Test=include|Shapiro-Wilk Test of Normality=include|Kolmogorov-Smirnov Test for Normality=include|Kolmogorov-Smirnov Test=include|Lilliefors Test=include
55,Distribution Compliance Test,hard,72B,V2,1,0,0,1,1,0,4,3,Anderson-Darling Test|Shapiro-Wilk Test of Normality|Kolmogorov-Smirnov Test for Normality|Lilliefors Test,Anderson-Darling Test|Kolmogorov-Smirnov Test for Normality|Lilliefors Test,1.0,0.0,0.0,0.0,8,4,4,4,0,0,0,8,fully_labeled,Anderson-Darling Test=include|Shapiro-Wilk Test of Normality=include|Kolmogorov-Smirnov Test for Normality=include|Kolmogorov-Smirnov Test=exclude|Lilliefors Test=include|Kolmogorov-Smirnov Test for Uniform distribution=exclude|Kolmogorov-Smirnov Test for Gamma distribution=exclude|Kolmogorov-Smirnov Test for Exponential distribution=exclude
56,Distribution Compliance Test,easy,72B,V2,1,0,0,1,1,0,4,1,Mood Variance Test|Levene Test|Anderson-Darling Test|Kolmogorov-Smirnov Test,Kolmogorov-Smirnov Test,1.0,0.0,0.0,0.0,11,4,7,4,0,0,0,11,fully_labeled,Mood Variance Test=include|Levene Test=include|Bartlett Test=exclude|F-Test for Variance=exclude|Anderson-Darling Test=include|Shapiro-Wilk Test of Normality=exclude|Kolmogorov-Smirnov Test for Normality=exclude|Kolmogorov-Smirnov Test=include|Kolmogorov-Smirnov Test for Uniform distribution=exclude|Kolmogorov-Smirnov Test for Gamma distribution=exclude|Kolmogorov-Smirnov Test for Exponential distribution=exclude
57,Variance Test,hard,72B,V2,1,1,1,1,0,0,2,2,Mood Variance Test|Levene Test,Mood Variance Test|Levene Test,1.0,0.0,0.0,0.0,4,2,2,2,0,0,0,4,fully_labeled,Mood Variance Test=include|Levene Test=include|Bartlett Test=exclude|F-Test for Variance=exclude
58,Correlation Analysis,hard,72B,V2,1,0,0,1,1,1,1,1,Pearson Correlation Coefficient,Kendall Correlation Coefficient,1.0,0.0,0.0,0.0,4,1,3,1,0,0,0,4,fully_labeled,Pearson Correlation Coefficient=include|Spearman Correlation Coefficient=exclude|Kendall Correlation Coefficient=exclude|Partial Correlation Coefficient=exclude
59,Distribution Compliance Test,hard,72B,V2,1,0,0,1,0,1,2,3,Anderson-Darling Test|Shapiro-Wilk Test of Normality,Anderson-Darling Test|Shapiro-Wilk Test of Normality|Kolmogorov-Smirnov Test for Normality,1.0,0.0,0.0,0.0,5,2,3,2,0,0,0,5,fully_labeled,Anderson-Darling Test=include|Shapiro-Wilk Test of Normality=include|Kolmogorov-Smirnov Test for Normality=exclude|Kolmogorov-Smirnov Test=exclude|Lilliefors Test=exclude
60,Distribution Compliance Test,easy,72B,V2,1,1,1,1,0,0,1,1,Kolmogorov-Smirnov Test,Kolmogorov-Smirnov Test,1.0,0.0,0.0,0.0,8,1,7,1,0,0,0,8,fully_labeled,Anderson-Darling Test=exclude|Shapiro-Wilk Test of Normality=exclude|Kolmogorov-Smirnov Test for Normality=exclude|Kolmogorov-Smirnov Test=include|Lilliefors Test=exclude|Kolmogorov-Smirnov Test for Uniform distribution=exclude|Kolmogorov-Smirnov Test for Gamma distribution=exclude|Kolmogorov-Smirnov Test for Exponential distribution=exclude
61,Distribution Compliance Test,hard,72B,V2,1,0,0,1,1,0,4,3,Anderson-Darling Test|Shapiro-Wilk Test of Normality|Kolmogorov-Smirnov Test for Normality|Lilliefors Test,Anderson-Darling Test|Shapiro-Wilk Test of Normality|Kolmogorov-Smirnov Test for Normality,1.0,0.0,0.0,0.0,8,4,4,4,0,0,0,8,fully_labeled,Anderson-Darling Test=include|Shapiro-Wilk Test of Normality=include|Kolmogorov-Smirnov Test for Normality=include|Kolmogorov-Smirnov Test=exclude|Lilliefors Test=include|Kolmogorov-Smirnov Test for Uniform distribution=exclude|Kolmogorov-Smirnov Test for Gamma distribution=exclude|Kolmogorov-Smirnov Test for Exponential distribution=exclude
62,Contingency Table Test,easy,72B,V2,1,1,1,1,0,0,2,2,Chi-square Independence Test|Fisher Exact Test,Chi-square Independence Test|Fisher Exact Test,1.0,0.0,0.0,0.0,3,2,1,2,0,0,0,3,fully_labeled,Chi-square Independence Test=include|Fisher Exact Test=include|Mantel-Haenszel Test=exclude
63,Distribution Compliance Test,hard,72B,V2,1,0,0,1,1,0,4,3,Anderson-Darling Test|Shapiro-Wilk Test of Normality|Kolmogorov-Smirnov Test for Normality|Lilliefors Test,Anderson-Darling Test|Kolmogorov-Smirnov Test for Normality|Lilliefors Test,1.0,0.0,0.0,0.0,8,4,4,4,0,0,0,8,fully_labeled,Anderson-Darling Test=include|Shapiro-Wilk Test of Normality=include|Kolmogorov-Smirnov Test for Normality=include|Kolmogorov-Smirnov Test=exclude|Lilliefors Test=include|Kolmogorov-Smirnov Test for Uniform distribution=exclude|Kolmogorov-Smirnov Test for Gamma distribution=exclude|Kolmogorov-Smirnov Test for Exponential distribution=exclude
64,Distribution Compliance Test,hard,72B,V2,1,0,0,1,1,0,4,3,Anderson-Darling Test|Shapiro-Wilk Test of Normality|Kolmogorov-Smirnov Test for Normality|Lilliefors Test,Anderson-Darling Test|Kolmogorov-Smirnov Test for Normality|Lilliefors Test,0.8,0.2,,0.0,5,5,0,4,1,0,0,4,fully_labeled,Anderson-Darling Test=include|Shapiro-Wilk Test of Normality=include|Kolmogorov-Smirnov Test for Normality=include|Kolmogorov-Smirnov Test=include|Lilliefors Test=include
65,Variance Test,easy,72B,V2,1,0,0,1,0,1,2,4,Mood Variance Test|Levene Test,Mood Variance Test|Levene Test|Bartlett Test|F-Test for Variance,1.0,0.0,0.0,0.0,4,2,2,2,0,0,0,4,fully_labeled,Mood Variance Test=include|Levene Test=include|Bartlett Test=exclude|F-Test for Variance=exclude
66,Distribution Compliance Test,hard,72B,V2,1,0,0,1,1,0,4,3,Anderson-Darling Test|Shapiro-Wilk Test of Normality|Kolmogorov-Smirnov Test for Normality|Lilliefors Test,Anderson-Darling Test|Kolmogorov-Smirnov Test for Normality|Lilliefors Test,1.0,0.0,0.0,0.0,8,4,4,4,0,0,0,8,fully_labeled,Anderson-Darling Test=include|Shapiro-Wilk Test of Normality=include|Kolmogorov-Smirnov Test for Normality=include|Kolmogorov-Smirnov Test=exclude|Lilliefors Test=include|Kolmogorov-Smirnov Test for Uniform distribution=exclude|Kolmogorov-Smirnov Test for Gamma distribution=exclude|Kolmogorov-Smirnov Test for Exponential distribution=exclude
67,Variance Test,hard,72B,V2,1,1,1,1,0,0,2,2,Mood Variance Test|Levene Test,Mood Variance Test|Levene Test,1.0,0.0,0.0,0.0,4,2,2,2,0,0,0,4,fully_labeled,Mood Variance Test=include|Levene Test=include|Bartlett Test=exclude|F-Test for Variance=exclude
68,Distribution Compliance Test,hard,72B,V2,1,0,0,1,1,0,4,3,Anderson-Darling Test|Shapiro-Wilk Test of Normality|Kolmogorov-Smirnov Test for Normality|Lilliefors Test,Anderson-Darling Test|Kolmogorov-Smirnov Test for Normality|Lilliefors Test,1.0,0.0,0.0,0.0,8,4,4,4,0,0,0,8,fully_labeled,Anderson-Darling Test=include|Shapiro-Wilk Test of Normality=include|Kolmogorov-Smirnov Test for Normality=include|Kolmogorov-Smirnov Test=exclude|Lilliefors Test=include|Kolmogorov-Smirnov Test for Uniform distribution=exclude|Kolmogorov-Smirnov Test for Gamma distribution=exclude|Kolmogorov-Smirnov Test for Exponential distribution=exclude
69,Distribution Compliance Test,hard,72B,V2,1,0,0,1,1,0,4,3,Anderson-Darling Test|Shapiro-Wilk Test of Normality|Kolmogorov-Smirnov Test for Normality|Lilliefors Test,Anderson-Darling Test|Kolmogorov-Smirnov Test for Normality|Lilliefors Test,0.8888888888888888,0.2,0.0,0.0,9,5,4,4,1,0,0,8,fully_labeled,Anderson-Darling Test=include|Shapiro-Wilk Test of Normality=include|Mode=include|Kolmogorov-Smirnov Test for Normality=include|Kolmogorov-Smirnov Test=exclude|Lilliefors Test=include|Kolmogorov-Smirnov Test for Uniform distribution=exclude|Kolmogorov-Smirnov Test for Gamma distribution=exclude|Kolmogorov-Smirnov Test for Exponential distribution=exclude
70,Variance Test,hard,72B,V2,1,1,1,1,0,0,2,2,Mood Variance Test|Levene Test,Mood Variance Test|Levene Test,1.0,0.0,0.0,0.0,4,2,2,2,0,0,0,4,fully_labeled,Mood Variance Test=include|Levene Test=include|Bartlett Test=exclude|F-Test for Variance=exclude
71,Distribution Compliance Test,hard,72B,V2,1,0,0,1,1,0,4,3,Anderson-Darling Test|Shapiro-Wilk Test of Normality|Kolmogorov-Smirnov Test for Normality|Lilliefors Test,Anderson-Darling Test|Kolmogorov-Smirnov Test for Normality|Lilliefors Test,0.8888888888888888,0.2,0.0,0.0,9,5,4,4,1,0,0,8,fully_labeled,Anderson-Darling Test=include|Shapiro-Wilk Test of Normality=include|Mode=include|Kolmogorov-Smirnov Test for Normality=include|Kolmogorov-Smirnov Test=exclude|Lilliefors Test=include|Kolmogorov-Smirnov Test for Uniform distribution=exclude|Kolmogorov-Smirnov Test for Gamma distribution=exclude|Kolmogorov-Smirnov Test for Exponential distribution=exclude
72,Variance Test,easy,72B,V2,1,0,0,1,0,1,3,4,Levene Test|Bartlett Test|F-Test for Variance,Mood Variance Test|Levene Test|Bartlett Test|F-Test for Variance,1.0,0.0,0.0,0.0,4,3,1,3,0,0,0,4,fully_labeled,Mood Variance Test=exclude|Levene Test=include|Bartlett Test=include|F-Test for Variance=include
73,Correlation Analysis,easy,72B,V2,1,0,0,1,0,1,2,3,Spearman Correlation Coefficient|Kendall Correlation Coefficient,Pearson Correlation Coefficient|Spearman Correlation Coefficient|Kendall Correlation Coefficient,1.0,0.0,0.0,0.0,4,2,2,2,0,0,0,4,fully_labeled,Pearson Correlation Coefficient=exclude|Spearman Correlation Coefficient=include|Kendall Correlation Coefficient=include|Partial Correlation Coefficient=exclude
74,Contingency Table Test,hard,72B,V2,1,0,0,1,1,0,2,1,Chi-square Independence Test|Fisher Exact Test,Chi-square Independence Test,1.0,0.0,0.0,0.0,3,2,1,2,0,0,0,3,fully_labeled,Chi-square Independence Test=include|Fisher Exact Test=include|Mantel-Haenszel Test=exclude
75,Contingency Table Test,easy,72B,V2,1,0,0,1,1,0,3,1,Chi-square Independence Test|Fisher Exact Test|Mantel-Haenszel Test,Mantel-Haenszel Test,1.0,0.0,,0.0,3,3,0,3,0,0,0,3,fully_labeled,Chi-square Independence Test=include|Fisher Exact Test=include|Mantel-Haenszel Test=include
76,Contingency Table Test,easy,72B,V2,1,0,0,1,1,0,3,1,Chi-square Independence Test|Fisher Exact Test|Mantel-Haenszel Test,Mantel-Haenszel Test,1.0,0.0,,0.0,3,3,0,3,0,0,0,3,fully_labeled,Chi-square Independence Test=include|Fisher Exact Test=include|Mantel-Haenszel Test=include
77,Distribution Compliance Test,easy,72B,V2,1,1,1,1,0,0,1,1,Kolmogorov-Smirnov Test,Kolmogorov-Smirnov Test,1.0,0.0,0.0,0.0,8,1,7,1,0,0,0,8,fully_labeled,Anderson-Darling Test=exclude|Shapiro-Wilk Test of Normality=exclude|Kolmogorov-Smirnov Test for Normality=exclude|Kolmogorov-Smirnov Test=include|Lilliefors Test=exclude|Kolmogorov-Smirnov Test for Uniform distribution=exclude|Kolmogorov-Smirnov Test for Gamma distribution=exclude|Kolmogorov-Smirnov Test for Exponential distribution=exclude
78,Contingency Table Test,easy,72B,V2,1,1,1,1,0,0,2,2,Chi-square Independence Test|Fisher Exact Test,Chi-square Independence Test|Fisher Exact Test,1.0,0.0,0.0,0.0,3,2,1,2,0,0,0,3,fully_labeled,Chi-square Independence Test=include|Fisher Exact Test=include|Mantel-Haenszel Test=exclude
79,Distribution Compliance Test,easy,72B,V2,1,0,0,1,1,1,3,1,Pearson Correlation Coefficient|Spearman Correlation Coefficient|Kendall Correlation Coefficient,Kolmogorov-Smirnov Test,1.0,0.0,0.0,0.0,4,3,1,3,0,0,0,4,fully_labeled,Pearson Correlation Coefficient=include|Spearman Correlation Coefficient=include|Kendall Correlation Coefficient=include|Partial Correlation Coefficient=exclude
80,Distribution Compliance Test,hard,72B,V2,1,0,0,1,0,1,0,3,,Anderson-Darling Test|Kolmogorov-Smirnov Test for Normality|Lilliefors Test,1.0,,0.0,,8,0,8,0,0,0,0,8,fully_labeled,Anderson-Darling Test=exclude|Shapiro-Wilk Test of Normality=exclude|Kolmogorov-Smirnov Test for Normality=exclude|Kolmogorov-Smirnov Test=exclude|Lilliefors Test=exclude|Kolmogorov-Smirnov Test for Uniform distribution=exclude|Kolmogorov-Smirnov Test for Gamma distribution=exclude|Kolmogorov-Smirnov Test for Exponential distribution=exclude
81,Contingency Table Test,hard,72B,V2,1,0,0,1,1,0,2,1,Chi-square Independence Test|Fisher Exact Test,Chi-square Independence Test,1.0,0.0,0.0,0.0,3,2,1,2,0,0,0,3,fully_labeled,Chi-square Independence Test=include|Fisher Exact Test=include|Mantel-Haenszel Test=exclude
82,Variance Test,hard,72B,V2,1,1,1,1,0,0,2,2,Mood Variance Test|Levene Test,Mood Variance Test|Levene Test,1.0,0.0,0.0,0.0,4,2,2,2,0,0,0,4,fully_labeled,Mood Variance Test=include|Levene Test=include|Bartlett Test=exclude|F-Test for Variance=exclude
83,Contingency Table Test,easy,72B,V2,1,1,1,1,0,0,2,2,Chi-square Independence Test|Fisher Exact Test,Chi-square Independence Test|Fisher Exact Test,1.0,0.0,0.0,0.0,3,2,1,2,0,0,0,3,fully_labeled,Chi-square Independence Test=include|Fisher Exact Test=include|Mantel-Haenszel Test=exclude
84,Variance Test,hard,72B,V2,1,1,1,1,0,0,2,2,Mood Variance Test|Levene Test,Mood Variance Test|Levene Test,1.0,0.0,0.0,0.0,4,2,2,2,0,0,0,4,fully_labeled,Mood Variance Test=include|Levene Test=include|Bartlett Test=exclude|F-Test for Variance=exclude
85,Contingency Table Test,hard,72B,V2,1,0,0,1,1,0,2,1,Chi-square Independence Test|Fisher Exact Test,Chi-square Independence Test,1.0,0.0,0.0,0.0,3,2,1,2,0,0,0,3,fully_labeled,Chi-square Independence Test=include|Fisher Exact Test=include|Mantel-Haenszel Test=exclude
86,Variance Test,hard,72B,V2,1,0,0,1,0,1,1,2,Levene Test,Mood Variance Test|Levene Test,1.0,0.0,0.0,0.0,4,1,3,1,0,0,0,4,fully_labeled,Mood Variance Test=exclude|Levene Test=include|Bartlett Test=exclude|F-Test for Variance=exclude
87,Distribution Compliance Test,hard,72B,V2,1,0,0,1,1,0,4,3,Anderson-Darling Test|Shapiro-Wilk Test of Normality|Kolmogorov-Smirnov Test for Normality|Lilliefors Test,Anderson-Darling Test|Kolmogorov-Smirnov Test for Normality|Lilliefors Test,0.8888888888888888,0.2,0.0,0.0,9,5,4,4,1,0,0,8,fully_labeled,Anderson-Darling Test=include|Shapiro-Wilk Test of Normality=include|Mode=include|Kolmogorov-Smirnov Test for Normality=include|Kolmogorov-Smirnov Test=exclude|Lilliefors Test=include|Kolmogorov-Smirnov Test for Uniform distribution=exclude|Kolmogorov-Smirnov Test for Gamma distribution=exclude|Kolmogorov-Smirnov Test for Exponential distribution=exclude
88,Correlation Analysis,easy,72B,V2,1,0,0,1,0,1,2,3,Spearman Correlation Coefficient|Kendall Correlation Coefficient,Pearson Correlation Coefficient|Spearman Correlation Coefficient|Kendall Correlation Coefficient,1.0,0.0,0.0,0.0,4,2,2,2,0,0,0,4,fully_labeled,Pearson Correlation Coefficient=exclude|Spearman Correlation Coefficient=include|Kendall Correlation Coefficient=include|Partial Correlation Coefficient=exclude
89,Correlation Analysis,easy,72B,V2,1,1,1,1,0,0,1,1,Partial Correlation Coefficient,Partial Correlation Coefficient,1.0,0.0,0.0,0.0,4,1,3,1,0,0,0,4,fully_labeled,Partial Correlation Coefficient=include|Pearson Correlation Coefficient=exclude|Spearman Correlation Coefficient=exclude|Kendall Correlation Coefficient=exclude
90,Correlation Analysis,easy,72B,V2,1,0,0,1,0,1,2,3,Spearman Correlation Coefficient|Kendall Correlation Coefficient,Pearson Correlation Coefficient|Spearman Correlation Coefficient|Kendall Correlation Coefficient,1.0,0.0,0.0,0.0,4,2,2,2,0,0,0,4,fully_labeled,Pearson Correlation Coefficient=exclude|Spearman Correlation Coefficient=include|Kendall Correlation Coefficient=include|Partial Correlation Coefficient=exclude
91,Contingency Table Test,hard,72B,V2,1,0,0,1,1,0,2,1,Chi-square Independence Test|Fisher Exact Test,Chi-square Independence Test,1.0,0.0,0.0,0.0,3,2,1,2,0,0,0,3,fully_labeled,Chi-square Independence Test=include|Fisher Exact Test=include|Mantel-Haenszel Test=exclude
92,Contingency Table Test,hard,72B,V2,1,0,0,1,1,0,2,1,Chi-square Independence Test|Fisher Exact Test,Chi-square Independence Test,1.0,0.0,0.0,0.0,3,2,1,2,0,0,0,3,fully_labeled,Chi-square Independence Test=include|Fisher Exact Test=include|Mantel-Haenszel Test=exclude
93,Variance Test,hard,72B,V2,1,1,1,1,0,0,2,2,Mood Variance Test|Levene Test,Mood Variance Test|Levene Test,1.0,0.0,0.0,0.0,4,2,2,2,0,0,0,4,fully_labeled,Mood Variance Test=include|Levene Test=include|Bartlett Test=exclude|F-Test for Variance=exclude
94,Contingency Table Test,hard,72B,V2,1,0,0,1,1,0,2,1,Chi-square Independence Test|Fisher Exact Test,Chi-square Independence Test,1.0,0.0,0.0,0.0,3,2,1,2,0,0,0,3,fully_labeled,Chi-square Independence Test=include|Fisher Exact Test=include|Mantel-Haenszel Test=exclude
95,Contingency Table Test,hard,72B,V2,1,0,0,1,1,0,2,1,Chi-square Independence Test|Fisher Exact Test,Chi-square Independence Test,1.0,0.0,0.0,0.0,3,2,1,2,0,0,0,3,fully_labeled,Chi-square Independence Test=include|Fisher Exact Test=include|Mantel-Haenszel Test=exclude
96,Variance Test,hard,72B,V2,1,1,1,1,0,0,2,2,Mood Variance Test|Levene Test,Mood Variance Test|Levene Test,1.0,0.0,0.0,0.0,4,2,2,2,0,0,0,4,partially_labeled,Mood Variance Test=include|Levene Test=include|Bartlett Test=exclude|F-Test for Variance=exclude
97,Contingency Table Test,hard,72B,V2,1,0,0,1,1,0,2,1,Chi-square Independence Test|Fisher Exact Test,Chi-square Independence Test,1.0,0.0,0.0,0.0,3,2,1,2,0,0,0,3,fully_labeled,Chi-square Independence Test=include|Fisher Exact Test=include|Mantel-Haenszel Test=exclude
98,Distribution Compliance Test,hard,72B,V2,1,0,0,1,1,0,4,3,Anderson-Darling Test|Shapiro-Wilk Test of Normality|Kolmogorov-Smirnov Test for Normality|Lilliefors Test,Anderson-Darling Test|Kolmogorov-Smirnov Test for Normality|Lilliefors Test,1.0,0.0,0.0,0.0,8,4,4,4,0,0,0,8,fully_labeled,Anderson-Darling Test=include|Shapiro-Wilk Test of Normality=include|Kolmogorov-Smirnov Test for Normality=include|Kolmogorov-Smirnov Test=exclude|Lilliefors Test=include|Kolmogorov-Smirnov Test for Uniform distribution=exclude|Kolmogorov-Smirnov Test for Gamma distribution=exclude|Kolmogorov-Smirnov Test for Exponential distribution=exclude
99,Correlation Analysis,hard,72B,V2,1,0,0,1,1,1,1,1,Pearson Correlation Coefficient,Kendall Correlation Coefficient,1.0,0.0,0.0,0.0,4,1,3,1,0,0,0,4,fully_labeled,Pearson Correlation Coefficient=include|Spearman Correlation Coefficient=exclude|Kendall Correlation Coefficient=exclude|Partial Correlation Coefficient=exclude
100,Distribution Compliance Test,hard,72B,V2,1,0,0,1,1,0,4,3,Anderson-Darling Test|Shapiro-Wilk Test of Normality|Kolmogorov-Smirnov Test for Normality|Lilliefors Test,Anderson-Darling Test|Kolmogorov-Smirnov Test for Normality|Lilliefors Test,1.0,0.0,0.0,0.0,8,4,4,4,0,0,0,8,fully_labeled,Anderson-Darling Test=include|Shapiro-Wilk Test of Normality=include|Kolmogorov-Smirnov Test for Normality=include|Kolmogorov-Smirnov Test=exclude|Lilliefors Test=include|Kolmogorov-Smirnov Test for Uniform distribution=exclude|Kolmogorov-Smirnov Test for Gamma distribution=exclude|Kolmogorov-Smirnov Test for Exponential distribution=exclude
101,Contingency Table Test,hard,72B,V2,1,0,0,1,1,0,2,1,Chi-square Independence Test|Fisher Exact Test,Chi-square Independence Test,1.0,0.0,0.0,0.0,3,2,1,2,0,0,0,3,fully_labeled,Chi-square Independence Test=include|Fisher Exact Test=include|Mantel-Haenszel Test=exclude
102,Distribution Compliance Test,easy,72B,V2,1,1,1,1,0,0,1,1,Kolmogorov-Smirnov Test,Kolmogorov-Smirnov Test,1.0,0.0,0.0,0.0,8,1,7,1,0,0,0,8,fully_labeled,Anderson-Darling Test=exclude|Shapiro-Wilk Test of Normality=exclude|Kolmogorov-Smirnov Test for Normality=exclude|Kolmogorov-Smirnov Test=include|Lilliefors Test=exclude|Kolmogorov-Smirnov Test for Uniform distribution=exclude|Kolmogorov-Smirnov Test for Gamma distribution=exclude|Kolmogorov-Smirnov Test for Exponential distribution=exclude
103,Distribution Compliance Test,easy,72B,V2,1,1,1,1,0,0,1,1,Kolmogorov-Smirnov Test,Kolmogorov-Smirnov Test,1.0,0.0,0.0,0.0,8,1,7,1,0,0,0,8,partially_labeled,Anderson-Darling Test=exclude|Shapiro-Wilk Test of Normality=exclude|Kolmogorov-Smirnov Test for Normality=exclude|Kolmogorov-Smirnov Test=include|Lilliefors Test=exclude|Kolmogorov-Smirnov Test for Uniform distribution=exclude|Kolmogorov-Smirnov Test for Gamma distribution=exclude|Kolmogorov-Smirnov Test for Exponential distribution=exclude
104,Contingency Table Test,hard,72B,V2,1,0,0,1,1,0,2,1,Chi-square Independence Test|Fisher Exact Test,Chi-square Independence Test,1.0,0.0,0.0,0.0,3,2,1,2,0,0,0,3,fully_labeled,Chi-square Independence Test=include|Fisher Exact Test=include|Mantel-Haenszel Test=exclude
105,Variance Test,hard,72B,V2,1,1,1,1,0,0,2,2,Mood Variance Test|Levene Test,Mood Variance Test|Levene Test,1.0,0.0,0.0,0.0,4,2,2,2,0,0,0,4,fully_labeled,Mood Variance Test=include|Levene Test=include|Bartlett Test=exclude|F-Test for Variance=exclude
106,Distribution Compliance Test,hard,72B,V2,1,0,0,1,1,0,4,3,Anderson-Darling Test|Shapiro-Wilk Test of Normality|Kolmogorov-Smirnov Test for Normality|Lilliefors Test,Anderson-Darling Test|Kolmogorov-Smirnov Test for Normality|Lilliefors Test,1.0,0.0,0.0,0.0,8,4,4,4,0,0,0,8,fully_labeled,Anderson-Darling Test=include|Shapiro-Wilk Test of Normality=include|Kolmogorov-Smirnov Test for Normality=include|Kolmogorov-Smirnov Test=exclude|Lilliefors Test=include|Kolmogorov-Smirnov Test for Uniform distribution=exclude|Kolmogorov-Smirnov Test for Gamma distribution=exclude|Kolmogorov-Smirnov Test for Exponential distribution=exclude
107,Variance Test,hard,72B,V2,1,1,1,1,0,0,2,2,Mood Variance Test|Levene Test,Mood Variance Test|Levene Test,1.0,0.0,0.0,0.0,4,2,2,2,0,0,0,4,fully_labeled,Mood Variance Test=include|Levene Test=include|Bartlett Test=exclude|F-Test for Variance=exclude
108,Contingency Table Test,hard,72B,V2,1,0,0,1,1,0,2,1,Chi-square Independence Test|Fisher Exact Test,Chi-square Independence Test,1.0,0.0,0.0,0.0,3,2,1,2,0,0,0,3,fully_labeled,Chi-square Independence Test=include|Fisher Exact Test=include|Mantel-Haenszel Test=exclude
109,Distribution Compliance Test,easy,72B,V2,1,1,1,1,0,0,1,1,Kolmogorov-Smirnov Test,Kolmogorov-Smirnov Test,1.0,0.0,0.0,0.0,8,1,7,1,0,0,0,8,fully_labeled,Anderson-Darling Test=exclude|Shapiro-Wilk Test of Normality=exclude|Kolmogorov-Smirnov Test for Normality=exclude|Kolmogorov-Smirnov Test=include|Lilliefors Test=exclude|Kolmogorov-Smirnov Test for Uniform distribution=exclude|Kolmogorov-Smirnov Test for Gamma distribution=exclude|Kolmogorov-Smirnov Test for Exponential distribution=exclude
110,Variance Test,hard,72B,V2,1,1,1,1,0,0,2,2,Mood Variance Test|Levene Test,Mood Variance Test|Levene Test,1.0,0.0,0.0,0.0,4,2,2,2,0,0,0,4,fully_labeled,Mood Variance Test=include|Levene Test=include|Bartlett Test=exclude|F-Test for Variance=exclude
111,Contingency Table Test,hard,72B,V2,1,0,0,1,1,0,2,1,Chi-square Independence Test|Fisher Exact Test,Chi-square Independence Test,1.0,0.0,0.0,0.0,3,2,1,2,0,0,0,3,fully_labeled,Chi-square Independence Test=include|Fisher Exact Test=include|Mantel-Haenszel Test=exclude
112,Variance Test,hard,72B,V2,1,1,1,1,0,0,2,2,Mood Variance Test|Levene Test,Mood Variance Test|Levene Test,1.0,0.0,0.0,0.0,4,2,2,2,0,0,0,4,fully_labeled,Mood Variance Test=include|Levene Test=include|Bartlett Test=exclude|F-Test for Variance=exclude
113,Variance Test,hard,72B,V2,1,1,1,1,0,0,2,2,Mood Variance Test|Levene Test,Mood Variance Test|Levene Test,1.0,0.0,0.0,0.0,4,2,2,2,0,0,0,4,fully_labeled,Mood Variance Test=include|Levene Test=include|Bartlett Test=exclude|F-Test for Variance=exclude
114,Distribution Compliance Test,hard,72B,V2,1,0,0,1,1,0,4,3,Anderson-Darling Test|Shapiro-Wilk Test of Normality|Kolmogorov-Smirnov Test for Normality|Lilliefors Test,Anderson-Darling Test|Kolmogorov-Smirnov Test for Normality|Lilliefors Test,1.0,0.0,0.0,0.0,5,4,1,4,0,0,0,5,fully_labeled,Anderson-Darling Test=include|Shapiro-Wilk Test of Normality=include|Kolmogorov-Smirnov Test for Normality=include|Kolmogorov-Smirnov Test=exclude|Lilliefors Test=include
115,Distribution Compliance Test,hard,72B,V2,1,0,0,1,1,0,4,3,Anderson-Darling Test|Shapiro-Wilk Test of Normality|Kolmogorov-Smirnov Test for Normality|Lilliefors Test,Anderson-Darling Test|Kolmogorov-Smirnov Test for Normality|Lilliefors Test,0.6666666666666666,0.3333333333333333,,0.0,6,6,0,4,2,0,0,4,fully_labeled,Anderson-Darling Test=include|Shapiro-Wilk Test of Normality=include|Mode=include|Kolmogorov-Smirnov Test for Normality=include|Kolmogorov-Smirnov Test=include|Lilliefors Test=include
116,Distribution Compliance Test,easy,72B,V2,1,1,1,1,0,0,1,1,Kolmogorov-Smirnov Test,Kolmogorov-Smirnov Test,1.0,0.0,0.0,0.0,8,1,7,1,0,0,0,8,fully_labeled,Anderson-Darling Test=exclude|Shapiro-Wilk Test of Normality=exclude|Kolmogorov-Smirnov Test for Normality=exclude|Kolmogorov-Smirnov Test=include|Lilliefors Test=exclude|Kolmogorov-Smirnov Test for Uniform distribution=exclude|Kolmogorov-Smirnov Test for Gamma distribution=exclude|Kolmogorov-Smirnov Test for Exponential distribution=exclude
117,Variance Test,hard,72B,V2,1,1,1,1,0,0,2,2,Mood Variance Test|Levene Test,Mood Variance Test|Levene Test,1.0,0.0,0.0,0.0,4,2,2,2,0,0,0,4,fully_labeled,Mood Variance Test=include|Levene Test=include|Bartlett Test=exclude|F-Test for Variance=exclude
118,Distribution Compliance Test,hard,72B,V2,1,0,0,1,1,0,4,3,Anderson-Darling Test|Shapiro-Wilk Test of Normality|Kolmogorov-Smirnov Test for Normality|Lilliefors Test,Anderson-Darling Test|Kolmogorov-Smirnov Test for Normality|Lilliefors Test,0.8,0.2,,0.0,5,5,0,4,1,0,0,4,fully_labeled,Anderson-Darling Test=include|Shapiro-Wilk Test of Normality=include|Kolmogorov-Smirnov Test for Normality=include|Kolmogorov-Smirnov Test=include|Lilliefors Test=include
119,Distribution Compliance Test,hard,72B,V2,1,0,0,1,1,0,4,3,Anderson-Darling Test|Shapiro-Wilk Test of Normality|Kolmogorov-Smirnov Test for Normality|Lilliefors Test,Anderson-Darling Test|Kolmogorov-Smirnov Test for Normality|Lilliefors Test,0.8,0.2,,0.0,5,5,0,4,1,0,0,4,fully_labeled,Anderson-Darling Test=include|Shapiro-Wilk Test of Normality=include|Kolmogorov-Smirnov Test for Normality=include|Kolmogorov-Smirnov Test=include|Lilliefors Test=include
120,Contingency Table Test,easy,72B,V2,1,0,0,1,1,0,3,1,Chi-square Independence Test|Fisher Exact Test|Mantel-Haenszel Test,Mantel-Haenszel Test,1.0,0.0,,0.0,3,3,0,3,0,0,0,3,fully_labeled,Chi-square Independence Test=include|Fisher Exact Test=include|Mantel-Haenszel Test=include
121,Distribution Compliance Test,hard,72B,V2,1,0,0,1,1,0,4,3,Anderson-Darling Test|Shapiro-Wilk Test of Normality|Kolmogorov-Smirnov Test for Normality|Lilliefors Test,Anderson-Darling Test|Kolmogorov-Smirnov Test for Normality|Lilliefors Test,1.0,0.0,0.0,0.0,8,4,4,4,0,0,0,8,fully_labeled,Anderson-Darling Test=include|Shapiro-Wilk Test of Normality=include|Kolmogorov-Smirnov Test for Normality=include|Kolmogorov-Smirnov Test=exclude|Lilliefors Test=include|Kolmogorov-Smirnov Test for Uniform distribution=exclude|Kolmogorov-Smirnov Test for Gamma distribution=exclude|Kolmogorov-Smirnov Test for Exponential distribution=exclude
122,Contingency Table Test,hard,72B,V2,1,0,0,1,1,0,2,1,Chi-square Independence Test|Fisher Exact Test,Chi-square Independence Test,1.0,0.0,0.0,0.0,3,2,1,2,0,0,0,3,fully_labeled,Chi-square Independence Test=include|Fisher Exact Test=include|Mantel-Haenszel Test=exclude
123,Contingency Table Test,hard,72B,V2,1,0,0,1,1,0,2,1,Chi-square Independence Test|Fisher Exact Test,Chi-square Independence Test,1.0,0.0,0.0,0.0,3,2,1,2,0,0,0,3,fully_labeled,Chi-square Independence Test=include|Fisher Exact Test=include|Mantel-Haenszel Test=exclude
124,Contingency Table Test,hard,72B,V2,1,0,0,1,1,0,2,1,Chi-square Independence Test|Fisher Exact Test,Chi-square Independence Test,1.0,0.0,0.0,0.0,3,2,1,2,0,0,0,3,fully_labeled,Chi-square Independence Test=include|Fisher Exact Test=include|Mantel-Haenszel Test=exclude
125,Distribution Compliance Test,easy,72B,V2,1,0,0,1,1,0,4,1,Levene Test|Bartlett Test|F-Test for Variance|Kolmogorov-Smirnov Test,Kolmogorov-Smirnov Test,1.0,0.0,0.0,0.0,12,4,8,4,0,0,0,12,fully_labeled,Mood Variance Test=exclude|Levene Test=include|Bartlett Test=include|F-Test for Variance=include|Anderson-Darling Test=exclude|Shapiro-Wilk Test of Normality=exclude|Kolmogorov-Smirnov Test for Normality=exclude|Kolmogorov-Smirnov Test=include|Lilliefors Test=exclude|Kolmogorov-Smirnov Test for Uniform distribution=exclude|Kolmogorov-Smirnov Test for Gamma distribution=exclude|Kolmogorov-Smirnov Test for Exponential distribution=exclude
126,Distribution Compliance Test,hard,72B,V2,1,0,0,1,1,0,4,3,Anderson-Darling Test|Shapiro-Wilk Test of Normality|Kolmogorov-Smirnov Test for Normality|Lilliefors Test,Anderson-Darling Test|Kolmogorov-Smirnov Test for Normality|Lilliefors Test,0.8,0.2,,0.0,5,5,0,4,1,0,0,4,fully_labeled,Anderson-Darling Test=include|Shapiro-Wilk Test of Normality=include|Kolmogorov-Smirnov Test for Normality=include|Kolmogorov-Smirnov Test=include|Lilliefors Test=include
127,Variance Test,hard,72B,V2,1,0,0,1,0,1,1,2,Levene Test,Mood Variance Test|Levene Test,1.0,0.0,0.0,0.0,4,1,3,1,0,0,0,4,fully_labeled,Mood Variance Test=exclude|Levene Test=include|Bartlett Test=exclude|F-Test for Variance=exclude
128,Contingency Table Test,hard,72B,V2,1,0,0,1,1,0,2,1,Chi-square Independence Test|Fisher Exact Test,Chi-square Independence Test,1.0,0.0,0.0,0.0,3,2,1,2,0,0,0,3,fully_labeled,Chi-square Independence Test=include|Fisher Exact Test=include|Mantel-Haenszel Test=exclude
129,Distribution Compliance Test,hard,72B,V2,1,0,0,1,1,0,4,3,Anderson-Darling Test|Shapiro-Wilk Test of Normality|Kolmogorov-Smirnov Test for Normality|Lilliefors Test,Anderson-Darling Test|Kolmogorov-Smirnov Test for Normality|Lilliefors Test,1.0,0.0,0.0,0.0,8,4,4,4,0,0,0,8,fully_labeled,Anderson-Darling Test=include|Shapiro-Wilk Test of Normality=include|Kolmogorov-Smirnov Test for Normality=include|Kolmogorov-Smirnov Test=exclude|Lilliefors Test=include|Kolmogorov-Smirnov Test for Uniform distribution=exclude|Kolmogorov-Smirnov Test for Gamma distribution=exclude|Kolmogorov-Smirnov Test for Exponential distribution=exclude
130,Contingency Table Test,easy,72B,V2,1,1,1,1,0,0,2,2,Chi-square Independence Test|Fisher Exact Test,Chi-square Independence Test|Fisher Exact Test,1.0,0.0,0.0,0.0,3,2,1,2,0,0,0,3,fully_labeled,Chi-square Independence Test=include|Fisher Exact Test=include|Mantel-Haenszel Test=exclude
131,Distribution Compliance Test,hard,72B,V2,1,0,0,1,1,0,4,3,Anderson-Darling Test|Shapiro-Wilk Test of Normality|Kolmogorov-Smirnov Test for Normality|Lilliefors Test,Anderson-Darling Test|Kolmogorov-Smirnov Test for Normality|Lilliefors Test,0.6666666666666666,0.3333333333333333,,0.0,6,6,0,4,2,0,0,4,fully_labeled,Anderson-Darling Test=include|Shapiro-Wilk Test of Normality=include|Mode=include|Kolmogorov-Smirnov Test for Normality=include|Kolmogorov-Smirnov Test=include|Lilliefors Test=include
132,Variance Test,hard,72B,V2,1,1,1,1,0,0,2,2,Mood Variance Test|Levene Test,Mood Variance Test|Levene Test,1.0,0.0,0.0,0.0,4,2,2,2,0,0,0,4,fully_labeled,Mood Variance Test=include|Levene Test=include|Bartlett Test=exclude|F-Test for Variance=exclude
133,Distribution Compliance Test,hard,72B,V2,1,0,0,1,1,0,4,3,Anderson-Darling Test|Shapiro-Wilk Test of Normality|Kolmogorov-Smirnov Test for Normality|Lilliefors Test,Anderson-Darling Test|Kolmogorov-Smirnov Test for Normality|Lilliefors Test,0.8888888888888888,0.2,0.0,0.0,9,5,4,4,1,0,0,8,fully_labeled,Anderson-Darling Test=include|Mode=include|Shapiro-Wilk Test of Normality=include|Kolmogorov-Smirnov Test for Normality=include|Kolmogorov-Smirnov Test=exclude|Lilliefors Test=include|Kolmogorov-Smirnov Test for Uniform distribution=exclude|Kolmogorov-Smirnov Test for Gamma distribution=exclude|Kolmogorov-Smirnov Test for Exponential distribution=exclude
134,Distribution Compliance Test,hard,72B,V2,1,0,0,1,1,0,4,3,Anderson-Darling Test|Shapiro-Wilk Test of Normality|Kolmogorov-Smirnov Test for Normality|Lilliefors Test,Anderson-Darling Test|Kolmogorov-Smirnov Test for Normality|Lilliefors Test,1.0,0.0,0.0,0.0,8,4,4,4,0,0,0,8,fully_labeled,Anderson-Darling Test=include|Shapiro-Wilk Test of Normality=include|Kolmogorov-Smirnov Test for Normality=include|Kolmogorov-Smirnov Test=exclude|Lilliefors Test=include|Kolmogorov-Smirnov Test for Uniform distribution=exclude|Kolmogorov-Smirnov Test for Gamma distribution=exclude|Kolmogorov-Smirnov Test for Exponential distribution=exclude
135,Distribution Compliance Test,hard,72B,V2,1,0,0,1,1,0,4,3,Anderson-Darling Test|Shapiro-Wilk Test of Normality|Kolmogorov-Smirnov Test for Normality|Lilliefors Test,Anderson-Darling Test|Kolmogorov-Smirnov Test for Normality|Lilliefors Test,0.6666666666666666,0.3333333333333333,,0.0,6,6,0,4,2,0,0,4,fully_labeled,Anderson-Darling Test=include|Shapiro-Wilk Test of Normality=include|Mode=include|Kolmogorov-Smirnov Test for Normality=include|Kolmogorov-Smirnov Test=include|Lilliefors Test=include
136,Distribution Compliance Test,hard,72B,V2,1,0,0,1,1,0,4,3,Anderson-Darling Test|Shapiro-Wilk Test of Normality|Kolmogorov-Smirnov Test for Normality|Lilliefors Test,Anderson-Darling Test|Kolmogorov-Smirnov Test for Normality|Lilliefors Test,1.0,0.0,0.0,0.0,8,4,4,4,0,0,0,8,fully_labeled,Anderson-Darling Test=include|Shapiro-Wilk Test of Normality=include|Kolmogorov-Smirnov Test for Normality=include|Kolmogorov-Smirnov Test=exclude|Lilliefors Test=include|Kolmogorov-Smirnov Test for Uniform distribution=exclude|Kolmogorov-Smirnov Test for Gamma distribution=exclude|Kolmogorov-Smirnov Test for Exponential distribution=exclude
137,Variance Test,hard,72B,V2,1,1,1,1,0,0,2,2,Mood Variance Test|Levene Test,Mood Variance Test|Levene Test,1.0,0.0,0.0,0.0,4,2,2,2,0,0,0,4,fully_labeled,Mood Variance Test=include|Levene Test=include|Bartlett Test=exclude|F-Test for Variance=exclude
138,Variance Test,hard,72B,V2,1,1,1,1,0,0,2,2,Mood Variance Test|Levene Test,Mood Variance Test|Levene Test,1.0,0.0,0.0,0.0,4,2,2,2,0,0,0,4,fully_labeled,Mood Variance Test=include|Levene Test=include|Bartlett Test=exclude|F-Test for Variance=exclude
139,Contingency Table Test,hard,72B,V2,1,0,0,1,1,0,2,1,Chi-square Independence Test|Fisher Exact Test,Chi-square Independence Test,1.0,0.0,0.0,0.0,3,2,1,2,0,0,0,3,fully_labeled,Chi-square Independence Test=include|Fisher Exact Test=include|Mantel-Haenszel Test=exclude
140,Distribution Compliance Test,hard,72B,V2,1,0,0,1,1,0,4,3,Anderson-Darling Test|Shapiro-Wilk Test of Normality|Kolmogorov-Smirnov Test for Normality|Lilliefors Test,Anderson-Darling Test|Kolmogorov-Smirnov Test for Normality|Lilliefors Test,1.0,0.0,0.0,0.0,8,4,4,4,0,0,0,8,fully_labeled,Anderson-Darling Test=include|Shapiro-Wilk Test of Normality=include|Kolmogorov-Smirnov Test for Normality=include|Kolmogorov-Smirnov Test=exclude|Lilliefors Test=include|Kolmogorov-Smirnov Test for Uniform distribution=exclude|Kolmogorov-Smirnov Test for Gamma distribution=exclude|Kolmogorov-Smirnov Test for Exponential distribution=exclude
141,Distribution Compliance Test,hard,72B,V2,1,0,0,1,1,0,4,3,Anderson-Darling Test|Shapiro-Wilk Test of Normality|Kolmogorov-Smirnov Test for Normality|Lilliefors Test,Anderson-Darling Test|Shapiro-Wilk Test of Normality|Kolmogorov-Smirnov Test for Normality,1.0,0.0,0.0,0.0,8,4,4,4,0,0,0,8,fully_labeled,Anderson-Darling Test=include|Shapiro-Wilk Test of Normality=include|Kolmogorov-Smirnov Test for Normality=include|Kolmogorov-Smirnov Test=exclude|Lilliefors Test=include|Kolmogorov-Smirnov Test for Uniform distribution=exclude|Kolmogorov-Smirnov Test for Gamma distribution=exclude|Kolmogorov-Smirnov Test for Exponential distribution=exclude
142,Variance Test,hard,72B,V2,1,1,1,1,0,0,2,2,Mood Variance Test|Levene Test,Mood Variance Test|Levene Test,1.0,0.0,0.0,0.0,4,2,2,2,0,0,0,4,fully_labeled,Mood Variance Test=include|Levene Test=include|Bartlett Test=exclude|F-Test for Variance=exclude
143,Distribution Compliance Test,hard,72B,V2,1,0,0,1,1,0,4,3,Anderson-Darling Test|Shapiro-Wilk Test of Normality|Kolmogorov-Smirnov Test for Normality|Lilliefors Test,Anderson-Darling Test|Kolmogorov-Smirnov Test for Normality|Lilliefors Test,0.8,0.2,,0.0,5,5,0,4,1,0,0,4,fully_labeled,Anderson-Darling Test=include|Shapiro-Wilk Test of Normality=include|Kolmogorov-Smirnov Test for Normality=include|Kolmogorov-Smirnov Test=include|Lilliefors Test=include
144,Distribution Compliance Test,hard,72B,V2,1,0,0,1,1,0,4,3,Anderson-Darling Test|Shapiro-Wilk Test of Normality|Kolmogorov-Smirnov Test for Normality|Lilliefors Test,Anderson-Darling Test|Kolmogorov-Smirnov Test for Normality|Lilliefors Test,0.8,0.2,,0.0,5,5,0,4,1,0,0,4,fully_labeled,Anderson-Darling Test=include|Shapiro-Wilk Test of Normality=include|Kolmogorov-Smirnov Test for Normality=include|Kolmogorov-Smirnov Test=include|Lilliefors Test=include
145,Contingency Table Test,hard,72B,V2,1,0,0,1,1,0,2,1,Chi-square Independence Test|Fisher Exact Test,Chi-square Independence Test,1.0,0.0,0.0,0.0,3,2,1,2,0,0,0,3,fully_labeled,Chi-square Independence Test=include|Fisher Exact Test=include|Mantel-Haenszel Test=exclude
146,Correlation Analysis,easy,72B,V2,1,1,1,1,0,0,1,1,Partial Correlation Coefficient,Partial Correlation Coefficient,1.0,0.0,0.0,0.0,4,1,3,1,0,0,0,4,fully_labeled,Pearson Correlation Coefficient=exclude|Spearman Correlation Coefficient=exclude|Kendall Correlation Coefficient=exclude|Partial Correlation Coefficient=include
147,Distribution Compliance Test,hard,72B,V2,1,1,1,1,0,0,3,3,Anderson-Darling Test|Shapiro-Wilk Test of Normality|Kolmogorov-Smirnov Test for Normality,Anderson-Darling Test|Shapiro-Wilk Test of Normality|Kolmogorov-Smirnov Test for Normality,1.0,0.0,0.0,0.0,8,3,5,3,0,0,0,8,fully_labeled,Anderson-Darling Test=include|Shapiro-Wilk Test of Normality=include|Kolmogorov-Smirnov Test for Normality=include|Kolmogorov-Smirnov Test=exclude|Lilliefors Test=exclude|Kolmogorov-Smirnov Test for Uniform distribution=exclude|Kolmogorov-Smirnov Test for Gamma distribution=exclude|Kolmogorov-Smirnov Test for Exponential distribution=exclude
148,Contingency Table Test,hard,72B,V2,1,0,0,1,1,0,2,1,Chi-square Independence Test|Fisher Exact Test,Chi-square Independence Test,1.0,0.0,0.0,0.0,3,2,1,2,0,0,0,3,fully_labeled,Chi-square Independence Test=include|Fisher Exact Test=include|Mantel-Haenszel Test=exclude
149,Distribution Compliance Test,hard,72B,V2,1,0,0,1,1,1,3,3,Anderson-Darling Test|Shapiro-Wilk Test of Normality|Lilliefors Test,Anderson-Darling Test|Kolmogorov-Smirnov Test for Normality|Lilliefors Test,0.8333333333333334,0.25,0.0,0.0,6,4,2,3,1,0,0,5,fully_labeled,Anderson-Darling Test=include|Shapiro-Wilk Test of Normality=include|Mode=include|Kolmogorov-Smirnov Test for Normality=exclude|Kolmogorov-Smirnov Test=exclude|Lilliefors Test=include
150,Distribution Compliance Test,hard,72B,V2,1,0,0,1,1,0,4,3,Anderson-Darling Test|Shapiro-Wilk Test of Normality|Kolmogorov-Smirnov Test for Normality|Lilliefors Test,Anderson-Darling Test|Kolmogorov-Smirnov Test for Normality|Lilliefors Test,1.0,0.0,0.0,0.0,8,4,4,4,0,0,0,8,fully_labeled,Anderson-Darling Test=include|Shapiro-Wilk Test of Normality=include|Kolmogorov-Smirnov Test for Normality=include|Kolmogorov-Smirnov Test=exclude|Lilliefors Test=include|Kolmogorov-Smirnov Test for Uniform distribution=exclude|Kolmogorov-Smirnov Test for Gamma distribution=exclude|Kolmogorov-Smirnov Test for Exponential distribution=exclude
151,Variance Test,hard,72B,V2,1,1,1,1,0,0,2,2,Mood Variance Test|Levene Test,Mood Variance Test|Levene Test,1.0,0.0,0.0,0.0,4,2,2,2,0,0,0,4,fully_labeled,Mood Variance Test=include|Levene Test=include|Bartlett Test=exclude|F-Test for Variance=exclude
152,Variance Test,hard,72B,V2,1,1,1,1,0,0,2,2,Mood Variance Test|Levene Test,Mood Variance Test|Levene Test,1.0,0.0,0.0,0.0,4,2,2,2,0,0,0,4,fully_labeled,Mood Variance Test=include|Levene Test=include|Bartlett Test=exclude|F-Test for Variance=exclude
153,Distribution Compliance Test,hard,72B,V2,1,0,0,1,1,0,4,3,Anderson-Darling Test|Shapiro-Wilk Test of Normality|Kolmogorov-Smirnov Test for Normality|Lilliefors Test,Anderson-Darling Test|Kolmogorov-Smirnov Test for Normality|Lilliefors Test,0.8,0.2,,0.0,5,5,0,4,1,0,0,4,fully_labeled,Anderson-Darling Test=include|Shapiro-Wilk Test of Normality=include|Kolmogorov-Smirnov Test for Normality=include|Kolmogorov-Smirnov Test=include|Lilliefors Test=include
154,Variance Test,hard,72B,V2,1,1,1,1,0,0,2,2,Mood Variance Test|Levene Test,Mood Variance Test|Levene Test,1.0,0.0,0.0,0.0,4,2,2,2,0,0,0,4,fully_labeled,Mood Variance Test=include|Levene Test=include|Bartlett Test=exclude|F-Test for Variance=exclude
155,Variance Test,hard,72B,V2,1,1,1,1,0,0,2,2,Mood Variance Test|Levene Test,Mood Variance Test|Levene Test,1.0,0.0,0.0,0.0,4,2,2,2,0,0,0,4,fully_labeled,Mood Variance Test=include|Levene Test=include|Bartlett Test=exclude|F-Test for Variance=exclude
156,Distribution Compliance Test,hard,72B,V2,1,0,0,1,1,0,4,3,Anderson-Darling Test|Shapiro-Wilk Test of Normality|Kolmogorov-Smirnov Test for Normality|Lilliefors Test,Anderson-Darling Test|Kolmogorov-Smirnov Test for Normality|Lilliefors Test,0.8,0.2,,0.0,5,5,0,4,1,0,0,4,fully_labeled,Anderson-Darling Test=include|Shapiro-Wilk Test of Normality=include|Kolmogorov-Smirnov Test for Normality=include|Kolmogorov-Smirnov Test=include|Lilliefors Test=include
157,Correlation Analysis,hard,72B,V2,1,0,0,1,1,1,1,1,Pearson Correlation Coefficient,Kendall Correlation Coefficient,1.0,0.0,0.0,0.0,4,1,3,1,0,0,0,4,fully_labeled,Pearson Correlation Coefficient=include|Spearman Correlation Coefficient=exclude|Kendall Correlation Coefficient=exclude|Partial Correlation Coefficient=exclude
158,Distribution Compliance Test,hard,72B,V2,1,0,0,1,1,0,4,3,Anderson-Darling Test|Shapiro-Wilk Test of Normality|Kolmogorov-Smirnov Test for Normality|Lilliefors Test,Anderson-Darling Test|Kolmogorov-Smirnov Test for Normality|Lilliefors Test,1.0,0.0,0.0,0.0,8,4,4,4,0,0,0,8,fully_labeled,Anderson-Darling Test=include|Shapiro-Wilk Test of Normality=include|Kolmogorov-Smirnov Test for Normality=include|Kolmogorov-Smirnov Test=exclude|Lilliefors Test=include|Kolmogorov-Smirnov Test for Uniform distribution=exclude|Kolmogorov-Smirnov Test for Gamma distribution=exclude|Kolmogorov-Smirnov Test for Exponential distribution=exclude
159,Contingency Table Test,hard,72B,V2,1,0,0,1,1,0,2,1,Chi-square Independence Test|Fisher Exact Test,Chi-square Independence Test,1.0,0.0,0.0,0.0,3,2,1,2,0,0,0,3,fully_labeled,Chi-square Independence Test=include|Fisher Exact Test=include|Mantel-Haenszel Test=exclude
160,Distribution Compliance Test,hard,72B,V2,1,0,0,1,1,0,4,3,Anderson-Darling Test|Shapiro-Wilk Test of Normality|Kolmogorov-Smirnov Test for Normality|Lilliefors Test,Anderson-Darling Test|Kolmogorov-Smirnov Test for Normality|Lilliefors Test,1.0,0.0,0.0,0.0,8,4,4,4,0,0,0,8,fully_labeled,Anderson-Darling Test=include|Shapiro-Wilk Test of Normality=include|Kolmogorov-Smirnov Test for Normality=include|Kolmogorov-Smirnov Test=exclude|Lilliefors Test=include|Kolmogorov-Smirnov Test for Uniform distribution=exclude|Kolmogorov-Smirnov Test for Gamma distribution=exclude|Kolmogorov-Smirnov Test for Exponential distribution=exclude
161,Variance Test,hard,72B,V2,1,1,1,1,0,0,2,2,Mood Variance Test|Levene Test,Mood Variance Test|Levene Test,1.0,0.0,0.0,0.0,4,2,2,2,0,0,0,4,fully_labeled,Mood Variance Test=include|Levene Test=include|Bartlett Test=exclude|F-Test for Variance=exclude
162,Distribution Compliance Test,hard,72B,V2,1,0,0,1,1,0,4,3,Anderson-Darling Test|Shapiro-Wilk Test of Normality|Kolmogorov-Smirnov Test for Normality|Lilliefors Test,Anderson-Darling Test|Kolmogorov-Smirnov Test for Normality|Lilliefors Test,0.8888888888888888,0.2,0.0,0.0,9,5,4,4,1,0,0,8,fully_labeled,Anderson-Darling Test=include|Shapiro-Wilk Test of Normality=include|Mode=include|Kolmogorov-Smirnov Test for Normality=include|Kolmogorov-Smirnov Test=exclude|Lilliefors Test=include|Kolmogorov-Smirnov Test for Uniform distribution=exclude|Kolmogorov-Smirnov Test for Gamma distribution=exclude|Kolmogorov-Smirnov Test for Exponential distribution=exclude
163,Distribution Compliance Test,hard,72B,V2,1,0,0,1,1,0,4,3,Anderson-Darling Test|Shapiro-Wilk Test of Normality|Kolmogorov-Smirnov Test for Normality|Lilliefors Test,Anderson-Darling Test|Shapiro-Wilk Test of Normality|Kolmogorov-Smirnov Test for Normality,1.0,0.0,0.0,0.0,8,4,4,4,0,0,0,8,fully_labeled,Anderson-Darling Test=include|Shapiro-Wilk Test of Normality=include|Kolmogorov-Smirnov Test for Normality=include|Kolmogorov-Smirnov Test=exclude|Lilliefors Test=include|Kolmogorov-Smirnov Test for Uniform distribution=exclude|Kolmogorov-Smirnov Test for Gamma distribution=exclude|Kolmogorov-Smirnov Test for Exponential distribution=exclude
164,Variance Test,hard,72B,V2,1,1,1,1,0,0,2,2,Mood Variance Test|Levene Test,Mood Variance Test|Levene Test,1.0,0.0,0.0,0.0,4,2,2,2,0,0,0,4,fully_labeled,Mood Variance Test=include|Levene Test=include|Bartlett Test=exclude|F-Test for Variance=exclude
165,Distribution Compliance Test,hard,72B,V2,1,0,0,1,1,0,4,3,Anderson-Darling Test|Shapiro-Wilk Test of Normality|Kolmogorov-Smirnov Test for Normality|Lilliefors Test,Anderson-Darling Test|Kolmogorov-Smirnov Test for Normality|Lilliefors Test,1.0,0.0,0.0,0.0,8,4,4,4,0,0,0,8,fully_labeled,Anderson-Darling Test=include|Shapiro-Wilk Test of Normality=include|Kolmogorov-Smirnov Test for Normality=include|Kolmogorov-Smirnov Test=exclude|Lilliefors Test=include|Kolmogorov-Smirnov Test for Uniform distribution=exclude|Kolmogorov-Smirnov Test for Gamma distribution=exclude|Kolmogorov-Smirnov Test for Exponential distribution=exclude
166,Contingency Table Test,hard,72B,V2,1,0,0,1,1,0,2,1,Chi-square Independence Test|Fisher Exact Test,Chi-square Independence Test,1.0,0.0,0.0,0.0,3,2,1,2,0,0,0,3,fully_labeled,Chi-square Independence Test=include|Fisher Exact Test=include|Mantel-Haenszel Test=exclude
167,Distribution Compliance Test,hard,72B,V2,1,0,0,1,1,0,4,3,Anderson-Darling Test|Shapiro-Wilk Test of Normality|Kolmogorov-Smirnov Test for Normality|Lilliefors Test,Anderson-Darling Test|Kolmogorov-Smirnov Test for Normality|Lilliefors Test,0.8,0.2,,0.0,5,5,0,4,1,0,0,4,fully_labeled,Anderson-Darling Test=include|Shapiro-Wilk Test of Normality=include|Kolmogorov-Smirnov Test for Normality=include|Kolmogorov-Smirnov Test=include|Lilliefors Test=include
168,Distribution Compliance Test,easy,72B,V2,1,1,1,1,0,0,1,1,Kolmogorov-Smirnov Test,Kolmogorov-Smirnov Test,1.0,0.0,0.0,0.0,8,1,7,1,0,0,0,8,fully_labeled,Anderson-Darling Test=exclude|Shapiro-Wilk Test of Normality=exclude|Kolmogorov-Smirnov Test for Normality=exclude|Kolmogorov-Smirnov Test=include|Lilliefors Test=exclude|Kolmogorov-Smirnov Test for Uniform distribution=exclude|Kolmogorov-Smirnov Test for Gamma distribution=exclude|Kolmogorov-Smirnov Test for Exponential distribution=exclude
169,Distribution Compliance Test,easy,72B,V2,1,1,1,1,0,0,1,1,Kolmogorov-Smirnov Test,Kolmogorov-Smirnov Test,1.0,0.0,0.0,0.0,8,1,7,1,0,0,0,8,fully_labeled,Anderson-Darling Test=exclude|Shapiro-Wilk Test of Normality=exclude|Kolmogorov-Smirnov Test for Normality=exclude|Kolmogorov-Smirnov Test=include|Lilliefors Test=exclude|Kolmogorov-Smirnov Test for Uniform distribution=exclude|Kolmogorov-Smirnov Test for Gamma distribution=exclude|Kolmogorov-Smirnov Test for Exponential distribution=exclude
170,Variance Test,hard,72B,V2,1,1,1,1,0,0,2,2,Mood Variance Test|Levene Test,Mood Variance Test|Levene Test,1.0,0.0,0.0,0.0,4,2,2,2,0,0,0,4,fully_labeled,Mood Variance Test=include|Levene Test=include|Bartlett Test=exclude|F-Test for Variance=exclude
171,Contingency Table Test,hard,72B,V2,1,0,0,1,1,0,2,1,Chi-square Independence Test|Fisher Exact Test,Chi-square Independence Test,1.0,0.0,0.0,0.0,3,2,1,2,0,0,0,3,fully_labeled,Chi-square Independence Test=include|Fisher Exact Test=include|Mantel-Haenszel Test=exclude
172,Distribution Compliance Test,hard,72B,V2,1,0,0,1,1,0,4,3,Anderson-Darling Test|Shapiro-Wilk Test of Normality|Kolmogorov-Smirnov Test for Normality|Lilliefors Test,Anderson-Darling Test|Kolmogorov-Smirnov Test for Normality|Lilliefors Test,0.6666666666666666,0.3333333333333333,,0.0,6,6,0,4,2,0,0,4,fully_labeled,Anderson-Darling Test=include|Shapiro-Wilk Test of Normality=include|Mode=include|Kolmogorov-Smirnov Test for Normality=include|Kolmogorov-Smirnov Test=include|Lilliefors Test=include
173,Correlation Analysis,easy,72B,V2,1,0,0,0,0,1,2,3,Spearman Correlation Coefficient|Kendall Correlation Coefficient,Pearson Correlation Coefficient|Spearman Correlation Coefficient|Kendall Correlation Coefficient,1.0,0.0,0.0,0.0,4,2,2,2,0,0,0,4,fully_labeled,Pearson Correlation Coefficient=exclude|Spearman Correlation Coefficient=include|Kendall Correlation Coefficient=include|Partial Correlation Coefficient=exclude
174,Contingency Table Test,easy,72B,V2,1,1,1,1,0,0,2,2,Chi-square Independence Test|Fisher Exact Test,Chi-square Independence Test|Fisher Exact Test,1.0,0.0,0.0,0.0,3,2,1,2,0,0,0,3,fully_labeled,Chi-square Independence Test=include|Fisher Exact Test=include|Mantel-Haenszel Test=exclude
175,Variance Test,hard,72B,V2,1,0,0,1,1,1,3,2,Levene Test|Bartlett Test|F-Test for Variance,Mood Variance Test|Levene Test,1.0,0.0,0.0,0.0,4,3,1,3,0,0,0,4,fully_labeled,Mood Variance Test=exclude|Levene Test=include|Bartlett Test=include|F-Test for Variance=include
176,Contingency Table Test,easy,72B,V2,1,1,1,1,0,0,2,2,Chi-square Independence Test|Fisher Exact Test,Chi-square Independence Test|Fisher Exact Test,1.0,0.0,0.0,0.0,3,2,1,2,0,0,0,3,fully_labeled,Chi-square Independence Test=include|Fisher Exact Test=include|Mantel-Haenszel Test=exclude
177,Variance Test,hard,72B,V2,1,1,1,1,0,0,2,2,Mood Variance Test|Levene Test,Mood Variance Test|Levene Test,1.0,0.0,0.0,0.0,4,2,2,2,0,0,0,4,fully_labeled,Mood Variance Test=include|Levene Test=include|Bartlett Test=exclude|F-Test for Variance=exclude
178,Contingency Table Test,hard,72B,V2,1,0,0,1,1,0,2,1,Chi-square Independence Test|Fisher Exact Test,Chi-square Independence Test,1.0,0.0,0.0,0.0,3,2,1,2,0,0,0,3,fully_labeled,Chi-square Independence Test=include|Fisher Exact Test=include|Mantel-Haenszel Test=exclude
179,Distribution Compliance Test,easy,72B,V2,1,1,1,1,0,0,1,1,Kolmogorov-Smirnov Test,Kolmogorov-Smirnov Test,1.0,0.0,0.0,0.0,8,1,7,1,0,0,0,8,partially_labeled,Anderson-Darling Test=exclude|Shapiro-Wilk Test of Normality=exclude|Kolmogorov-Smirnov Test for Normality=exclude|Kolmogorov-Smirnov Test=include|Lilliefors Test=exclude|Kolmogorov-Smirnov Test for Uniform distribution=exclude|Kolmogorov-Smirnov Test for Gamma distribution=exclude|Kolmogorov-Smirnov Test for Exponential distribution=exclude
180,Distribution Compliance Test,easy,72B,V2,1,1,1,1,0,0,1,1,Kolmogorov-Smirnov Test,Kolmogorov-Smirnov Test,1.0,0.0,0.0,0.0,8,1,7,1,0,0,0,8,fully_labeled,Anderson-Darling Test=exclude|Shapiro-Wilk Test of Normality=exclude|Kolmogorov-Smirnov Test for Normality=exclude|Kolmogorov-Smirnov Test=include|Lilliefors Test=exclude|Kolmogorov-Smirnov Test for Uniform distribution=exclude|Kolmogorov-Smirnov Test for Gamma distribution=exclude|Kolmogorov-Smirnov Test for Exponential distribution=exclude
181,Distribution Compliance Test,easy,72B,V2,1,1,1,1,0,0,1,1,Kolmogorov-Smirnov Test,Kolmogorov-Smirnov Test,1.0,0.0,0.0,0.0,8,1,7,1,0,0,0,8,fully_labeled,Anderson-Darling Test=exclude|Shapiro-Wilk Test of Normality=exclude|Kolmogorov-Smirnov Test for Normality=exclude|Kolmogorov-Smirnov Test=include|Lilliefors Test=exclude|Kolmogorov-Smirnov Test for Uniform distribution=exclude|Kolmogorov-Smirnov Test for Gamma distribution=exclude|Kolmogorov-Smirnov Test for Exponential distribution=exclude
182,Correlation Analysis,easy,72B,V2,1,0,0,1,0,1,2,3,Spearman Correlation Coefficient|Kendall Correlation Coefficient,Pearson Correlation Coefficient|Spearman Correlation Coefficient|Kendall Correlation Coefficient,1.0,0.0,0.0,0.0,4,2,2,2,0,0,0,4,fully_labeled,Pearson Correlation Coefficient=exclude|Spearman Correlation Coefficient=include|Kendall Correlation Coefficient=include|Partial Correlation Coefficient=exclude
183,Correlation Analysis,hard,72B,V2,1,0,0,1,1,1,1,1,Pearson Correlation Coefficient,Kendall Correlation Coefficient,1.0,0.0,0.0,0.0,4,1,3,1,0,0,0,4,fully_labeled,Pearson Correlation Coefficient=include|Spearman Correlation Coefficient=exclude|Kendall Correlation Coefficient=exclude|Partial Correlation Coefficient=exclude
184,Variance Test,easy,72B,V2,1,0,0,1,0,1,3,4,Levene Test|Bartlett Test|F-Test for Variance,Mood Variance Test|Levene Test|Bartlett Test|F-Test for Variance,1.0,0.0,0.0,0.0,4,3,1,3,0,0,0,4,fully_labeled,Mood Variance Test=exclude|Levene Test=include|Bartlett Test=include|F-Test for Variance=include
185,Distribution Compliance Test,hard,72B,V2,1,0,0,1,1,0,4,3,Anderson-Darling Test|Shapiro-Wilk Test of Normality|Kolmogorov-Smirnov Test for Normality|Lilliefors Test,Anderson-Darling Test|Kolmogorov-Smirnov Test for Normality|Lilliefors Test,0.8888888888888888,0.2,0.0,0.0,9,5,4,4,1,0,0,8,partially_labeled,Anderson-Darling Test=include|Mode=include|Shapiro-Wilk Test of Normality=include|Kolmogorov-Smirnov Test for Normality=include|Kolmogorov-Smirnov Test=exclude|Lilliefors Test=include|Kolmogorov-Smirnov Test for Uniform distribution=exclude|Kolmogorov-Smirnov Test for Gamma distribution=exclude|Kolmogorov-Smirnov Test for Exponential distribution=exclude
186,Contingency Table Test,hard,72B,V2,1,0,0,1,1,0,2,1,Chi-square Independence Test|Fisher Exact Test,Chi-square Independence Test,1.0,0.0,0.0,0.0,3,2,1,2,0,0,0,3,fully_labeled,Chi-square Independence Test=include|Fisher Exact Test=include|Mantel-Haenszel Test=exclude
187,Contingency Table Test,hard,72B,V2,1,0,0,1,1,0,2,1,Chi-square Independence Test|Fisher Exact Test,Chi-square Independence Test,1.0,0.0,0.0,0.0,3,2,1,2,0,0,0,3,fully_labeled,Chi-square Independence Test=include|Fisher Exact Test=include|Mantel-Haenszel Test=exclude
188,Contingency Table Test,easy,72B,V2,1,1,1,1,0,0,2,2,Chi-square Independence Test|Fisher Exact Test,Chi-square Independence Test|Fisher Exact Test,1.0,0.0,0.0,0.0,3,2,1,2,0,0,0,3,fully_labeled,Chi-square Independence Test=include|Fisher Exact Test=include|Mantel-Haenszel Test=exclude
189,Variance Test,hard,72B,V2,1,1,1,1,0,0,2,2,Mood Variance Test|Levene Test,Mood Variance Test|Levene Test,1.0,0.0,0.0,0.0,4,2,2,2,0,0,0,4,fully_labeled,Mood Variance Test=include|Levene Test=include|Bartlett Test=exclude|F-Test for Variance=exclude
190,Variance Test,hard,72B,V2,1,1,1,1,0,0,2,2,Mood Variance Test|Levene Test,Mood Variance Test|Levene Test,1.0,0.0,0.0,0.0,4,2,2,2,0,0,0,4,fully_labeled,Mood Variance Test=include|Levene Test=include|Bartlett Test=exclude|F-Test for Variance=exclude
191,Variance Test,hard,72B,V2,1,1,1,1,0,0,2,2,Mood Variance Test|Levene Test,Mood Variance Test|Levene Test,1.0,0.0,0.0,0.0,4,2,2,2,0,0,0,4,fully_labeled,Mood Variance Test=include|Levene Test=include|Bartlett Test=exclude|F-Test for Variance=exclude
192,Correlation Analysis,easy,72B,V2,1,0,0,1,0,1,1,3,Pearson Correlation Coefficient,Pearson Correlation Coefficient|Spearman Correlation Coefficient|Kendall Correlation Coefficient,1.0,0.0,0.0,0.0,4,1,3,1,0,0,0,4,fully_labeled,Pearson Correlation Coefficient=include|Spearman Correlation Coefficient=exclude|Kendall Correlation Coefficient=exclude|Partial Correlation Coefficient=exclude
193,Variance Test,hard,72B,V2,1,0,0,1,0,1,1,2,Levene Test,Mood Variance Test|Levene Test,1.0,0.0,0.0,0.0,4,1,3,1,0,0,0,4,fully_labeled,Mood Variance Test=exclude|Levene Test=include|Bartlett Test=exclude|F-Test for Variance=exclude
194,Contingency Table Test,hard,72B,V2,1,0,0,1,1,0,2,1,Chi-square Independence Test|Fisher Exact Test,Chi-square Independence Test,1.0,0.0,0.0,0.0,3,2,1,2,0,0,0,3,fully_labeled,Chi-square Independence Test=include|Fisher Exact Test=include|Mantel-Haenszel Test=exclude
195,Distribution Compliance Test,easy,72B,V2,1,1,1,1,0,0,1,1,Kolmogorov-Smirnov Test,Kolmogorov-Smirnov Test,1.0,0.0,0.0,0.0,8,1,7,1,0,0,0,8,fully_labeled,Anderson-Darling Test=exclude|Shapiro-Wilk Test of Normality=exclude|Kolmogorov-Smirnov Test for Normality=exclude|Kolmogorov-Smirnov Test=include|Lilliefors Test=exclude|Kolmogorov-Smirnov Test for Uniform distribution=exclude|Kolmogorov-Smirnov Test for Gamma distribution=exclude|Kolmogorov-Smirnov Test for Exponential distribution=exclude
196,Contingency Table Test,hard,72B,V2,1,0,0,1,1,0,2,1,Chi-square Independence Test|Fisher Exact Test,Chi-square Independence Test,1.0,0.0,0.0,0.0,3,2,1,2,0,0,0,3,fully_labeled,Chi-square Independence Test=include|Fisher Exact Test=include|Mantel-Haenszel Test=exclude
197,Variance Test,easy,72B,V2,1,0,0,1,0,1,3,4,Levene Test|Bartlett Test|F-Test for Variance,Mood Variance Test|Levene Test|Bartlett Test|F-Test for Variance,1.0,0.0,0.0,0.0,4,3,1,3,0,0,0,4,fully_labeled,Mood Variance Test=exclude|Levene Test=include|Bartlett Test=include|F-Test for Variance=include
198,Variance Test,hard,72B,V2,1,1,1,1,0,0,2,2,Mood Variance Test|Levene Test,Mood Variance Test|Levene Test,1.0,0.0,0.0,0.0,4,2,2,2,0,0,0,4,fully_labeled,Mood Variance Test=include|Levene Test=include|Bartlett Test=exclude|F-Test for Variance=exclude
199,Distribution Compliance Test,hard,72B,V2,1,0,0,1,1,0,4,3,Anderson-Darling Test|Shapiro-Wilk Test of Normality|Kolmogorov-Smirnov Test for Normality|Lilliefors Test,Anderson-Darling Test|Kolmogorov-Smirnov Test for Normality|Lilliefors Test,0.8,0.2,,0.0,5,5,0,4,1,0,0,4,fully_labeled,Anderson-Darling Test=include|Shapiro-Wilk Test of Normality=include|Kolmogorov-Smirnov Test for Normality=include|Kolmogorov-Smirnov Test=include|Lilliefors Test=include
200,Variance Test,hard,72B,V2,1,1,1,1,0,0,2,2,Mood Variance Test|Levene Test,Mood Variance Test|Levene Test,1.0,0.0,0.0,0.0,4,2,2,2,0,0,0,4,fully_labeled,Mood Variance Test=include|Levene Test=include|Bartlett Test=exclude|F-Test for Variance=exclude
201,Variance Test,hard,72B,V2,1,1,1,1,0,0,2,2,Mood Variance Test|Levene Test,Mood Variance Test|Levene Test,1.0,0.0,0.0,0.0,4,2,2,2,0,0,0,4,fully_labeled,Mood Variance Test=include|Levene Test=include|Bartlett Test=exclude|F-Test for Variance=exclude
202,Distribution Compliance Test,easy,72B,V2,1,1,1,1,0,0,1,1,Kolmogorov-Smirnov Test,Kolmogorov-Smirnov Test,1.0,0.0,0.0,0.0,8,1,7,1,0,0,0,8,fully_labeled,Anderson-Darling Test=exclude|Shapiro-Wilk Test of Normality=exclude|Kolmogorov-Smirnov Test for Normality=exclude|Kolmogorov-Smirnov Test=include|Lilliefors Test=exclude|Kolmogorov-Smirnov Test for Uniform distribution=exclude|Kolmogorov-Smirnov Test for Gamma distribution=exclude|Kolmogorov-Smirnov Test for Exponential distribution=exclude
203,Variance Test,hard,72B,V2,1,1,1,1,0,0,2,2,Mood Variance Test|Levene Test,Mood Variance Test|Levene Test,1.0,0.0,0.0,0.0,4,2,2,2,0,0,0,4,fully_labeled,Mood Variance Test=include|Levene Test=include|Bartlett Test=exclude|F-Test for Variance=exclude
204,Correlation Analysis,hard,72B,V2,1,0,0,1,1,1,1,1,Pearson Correlation Coefficient,Kendall Correlation Coefficient,1.0,0.0,0.0,0.0,4,1,3,1,0,0,0,4,fully_labeled,Pearson Correlation Coefficient=include|Spearman Correlation Coefficient=exclude|Kendall Correlation Coefficient=exclude|Partial Correlation Coefficient=exclude
205,Distribution Compliance Test,easy,72B,V2,1,1,1,1,0,0,1,1,Kolmogorov-Smirnov Test,Kolmogorov-Smirnov Test,1.0,0.0,0.0,0.0,8,1,7,1,0,0,0,8,fully_labeled,Anderson-Darling Test=exclude|Shapiro-Wilk Test of Normality=exclude|Kolmogorov-Smirnov Test for Normality=exclude|Kolmogorov-Smirnov Test=include|Lilliefors Test=exclude|Kolmogorov-Smirnov Test for Uniform distribution=exclude|Kolmogorov-Smirnov Test for Gamma distribution=exclude|Kolmogorov-Smirnov Test for Exponential distribution=exclude
206,Variance Test,hard,72B,V2,1,1,1,1,0,0,2,2,Mood Variance Test|Levene Test,Mood Variance Test|Levene Test,1.0,0.0,0.0,0.0,4,2,2,2,0,0,0,4,fully_labeled,Mood Variance Test=include|Levene Test=include|Bartlett Test=exclude|F-Test for Variance=exclude
207,Variance Test,hard,72B,V2,1,1,1,1,0,0,2,2,Mood Variance Test|Levene Test,Mood Variance Test|Levene Test,1.0,0.0,0.0,0.0,4,2,2,2,0,0,0,4,fully_labeled,Mood Variance Test=include|Levene Test=include|Bartlett Test=exclude|F-Test for Variance=exclude
208,Distribution Compliance Test,hard,72B,V2,1,0,0,1,1,0,4,3,Anderson-Darling Test|Shapiro-Wilk Test of Normality|Kolmogorov-Smirnov Test for Normality|Lilliefors Test,Anderson-Darling Test|Kolmogorov-Smirnov Test for Normality|Lilliefors Test,1.0,0.0,0.0,0.0,5,4,1,4,0,0,0,5,fully_labeled,Anderson-Darling Test=include|Shapiro-Wilk Test of Normality=include|Kolmogorov-Smirnov Test for Normality=include|Kolmogorov-Smirnov Test=exclude|Lilliefors Test=include
209,Variance Test,easy,72B,V2,1,0,0,1,0,1,2,4,Bartlett Test|F-Test for Variance,Mood Variance Test|Levene Test|Bartlett Test|F-Test for Variance,1.0,0.0,0.0,0.0,4,2,2,2,0,0,0,4,fully_labeled,Mood Variance Test=exclude|Levene Test=exclude|Bartlett Test=include|F-Test for Variance=include
210,Distribution Compliance Test,hard,72B,V2,1,0,0,1,1,0,4,3,Anderson-Darling Test|Shapiro-Wilk Test of Normality|Kolmogorov-Smirnov Test for Normality|Lilliefors Test,Anderson-Darling Test|Kolmogorov-Smirnov Test for Normality|Lilliefors Test,0.8,0.2,,0.0,5,5,0,4,1,0,0,4,fully_labeled,Anderson-Darling Test=include|Shapiro-Wilk Test of Normality=include|Kolmogorov-Smirnov Test for Normality=include|Kolmogorov-Smirnov Test=include|Lilliefors Test=include
211,Variance Test,hard,72B,V2,1,1,1,1,0,0,2,2,Mood Variance Test|Levene Test,Mood Variance Test|Levene Test,1.0,0.0,0.0,0.0,4,2,2,2,0,0,0,4,fully_labeled,Mood Variance Test=include|Levene Test=include|Bartlett Test=exclude|F-Test for Variance=exclude
212,Contingency Table Test,hard,72B,V2,1,0,0,1,1,0,2,1,Chi-square Independence Test|Fisher Exact Test,Fisher Exact Test,1.0,0.0,0.0,0.0,3,2,1,2,0,0,0,3,fully_labeled,Chi-square Independence Test=include|Fisher Exact Test=include|Mantel-Haenszel Test=exclude
213,Distribution Compliance Test,hard,72B,V2,1,0,0,1,1,0,4,3,Anderson-Darling Test|Shapiro-Wilk Test of Normality|Kolmogorov-Smirnov Test for Normality|Lilliefors Test,Anderson-Darling Test|Kolmogorov-Smirnov Test for Normality|Lilliefors Test,0.6666666666666666,0.3333333333333333,,0.0,6,6,0,4,2,0,0,4,fully_labeled,Anderson-Darling Test=include|Mode=include|Shapiro-Wilk Test of Normality=include|Kolmogorov-Smirnov Test for Normality=include|Kolmogorov-Smirnov Test=include|Lilliefors Test=include
214,Distribution Compliance Test,hard,72B,V2,1,0,0,1,1,0,4,3,Anderson-Darling Test|Shapiro-Wilk Test of Normality|Kolmogorov-Smirnov Test for Normality|Lilliefors Test,Anderson-Darling Test|Kolmogorov-Smirnov Test for Normality|Lilliefors Test,0.8,0.2,,0.0,5,5,0,4,1,0,0,4,fully_labeled,Anderson-Darling Test=include|Shapiro-Wilk Test of Normality=include|Kolmogorov-Smirnov Test for Normality=include|Kolmogorov-Smirnov Test=include|Lilliefors Test=include
215,Variance Test,hard,72B,V2,1,1,1,1,0,0,2,2,Mood Variance Test|Levene Test,Mood Variance Test|Levene Test,1.0,0.0,0.0,0.0,4,2,2,2,0,0,0,4,fully_labeled,Mood Variance Test=include|Levene Test=include|Bartlett Test=exclude|F-Test for Variance=exclude
216,Variance Test,hard,72B,V2,1,1,1,1,0,0,2,2,Mood Variance Test|Levene Test,Mood Variance Test|Levene Test,1.0,0.0,0.0,0.0,4,2,2,2,0,0,0,4,fully_labeled,Mood Variance Test=include|Levene Test=include|Bartlett Test=exclude|F-Test for Variance=exclude
217,Distribution Compliance Test,hard,72B,V2,1,0,0,1,1,0,4,3,Anderson-Darling Test|Shapiro-Wilk Test of Normality|Kolmogorov-Smirnov Test for Normality|Lilliefors Test,Anderson-Darling Test|Kolmogorov-Smirnov Test for Normality|Lilliefors Test,0.6666666666666666,0.3333333333333333,,0.0,6,6,0,4,2,0,0,4,fully_labeled,Anderson-Darling Test=include|Shapiro-Wilk Test of Normality=include|Mode=include|Kolmogorov-Smirnov Test for Normality=include|Kolmogorov-Smirnov Test=include|Lilliefors Test=include
218,Distribution Compliance Test,hard,72B,V2,1,0,0,1,1,0,4,3,Anderson-Darling Test|Shapiro-Wilk Test of Normality|Kolmogorov-Smirnov Test for Normality|Lilliefors Test,Anderson-Darling Test|Kolmogorov-Smirnov Test for Normality|Lilliefors Test,0.8,0.2,,0.0,5,5,0,4,1,0,0,4,fully_labeled,Anderson-Darling Test=include|Shapiro-Wilk Test of Normality=include|Kolmogorov-Smirnov Test for Normality=include|Kolmogorov-Smirnov Test=include|Lilliefors Test=include
219,Distribution Compliance Test,hard,72B,V2,1,0,0,1,1,0,4,3,Anderson-Darling Test|Shapiro-Wilk Test of Normality|Kolmogorov-Smirnov Test for Normality|Lilliefors Test,Anderson-Darling Test|Shapiro-Wilk Test of Normality|Kolmogorov-Smirnov Test for Normality,1.0,0.0,0.0,0.0,8,4,4,4,0,0,0,8,fully_labeled,Anderson-Darling Test=include|Shapiro-Wilk Test of Normality=include|Kolmogorov-Smirnov Test for Normality=include|Kolmogorov-Smirnov Test=exclude|Lilliefors Test=include|Kolmogorov-Smirnov Test for Uniform distribution=exclude|Kolmogorov-Smirnov Test for Gamma distribution=exclude|Kolmogorov-Smirnov Test for Exponential distribution=exclude
220,Variance Test,hard,72B,V2,1,1,1,1,0,0,2,2,Mood Variance Test|Levene Test,Mood Variance Test|Levene Test,1.0,0.0,0.0,0.0,4,2,2,2,0,0,0,4,fully_labeled,Mood Variance Test=include|Levene Test=include|Bartlett Test=exclude|F-Test for Variance=exclude
221,Correlation Analysis,easy,72B,V2,1,1,1,1,0,0,3,3,Pearson Correlation Coefficient|Spearman Correlation Coefficient|Kendall Correlation Coefficient,Pearson Correlation Coefficient|Spearman Correlation Coefficient|Kendall Correlation Coefficient,1.0,0.0,0.0,0.0,4,3,1,3,0,0,0,4,fully_labeled,Pearson Correlation Coefficient=include|Spearman Correlation Coefficient=include|Kendall Correlation Coefficient=include|Partial Correlation Coefficient=exclude
222,Distribution Compliance Test,hard,72B,V2,1,0,0,1,1,0,4,3,Anderson-Darling Test|Shapiro-Wilk Test of Normality|Kolmogorov-Smirnov Test for Normality|Lilliefors Test,Anderson-Darling Test|Kolmogorov-Smirnov Test for Normality|Lilliefors Test,0.8,0.2,,0.0,5,5,0,4,1,0,0,4,fully_labeled,Anderson-Darling Test=include|Shapiro-Wilk Test of Normality=include|Kolmogorov-Smirnov Test for Normality=include|Kolmogorov-Smirnov Test=include|Lilliefors Test=include
223,Distribution Compliance Test,hard,72B,V2,1,0,0,1,1,0,4,3,Anderson-Darling Test|Shapiro-Wilk Test of Normality|Kolmogorov-Smirnov Test for Normality|Lilliefors Test,Anderson-Darling Test|Kolmogorov-Smirnov Test for Normality|Lilliefors Test,1.0,0.0,0.0,0.0,8,4,4,4,0,0,0,8,fully_labeled,Anderson-Darling Test=include|Shapiro-Wilk Test of Normality=include|Kolmogorov-Smirnov Test for Normality=include|Kolmogorov-Smirnov Test=exclude|Lilliefors Test=include|Kolmogorov-Smirnov Test for Uniform distribution=exclude|Kolmogorov-Smirnov Test for Gamma distribution=exclude|Kolmogorov-Smirnov Test for Exponential distribution=exclude
224,Contingency Table Test,hard,72B,V2,1,1,1,1,0,0,1,1,Chi-square Independence Test,Chi-square Independence Test,1.0,0.0,0.0,0.0,3,1,2,1,0,0,0,3,fully_labeled,Chi-square Independence Test=include|Fisher Exact Test=exclude|Mantel-Haenszel Test=exclude
225,Contingency Table Test,hard,72B,V2,1,0,0,1,1,0,2,1,Chi-square Independence Test|Fisher Exact Test,Chi-square Independence Test,1.0,0.0,0.0,0.0,3,2,1,2,0,0,0,3,fully_labeled,Chi-square Independence Test=include|Fisher Exact Test=include|Mantel-Haenszel Test=exclude
226,Distribution Compliance Test,hard,72B,V2,1,0,0,1,0,1,0,3,,Anderson-Darling Test|Kolmogorov-Smirnov Test for Normality|Lilliefors Test,1.0,,0.0,,8,0,8,0,0,0,0,8,fully_labeled,Anderson-Darling Test=exclude|Shapiro-Wilk Test of Normality=exclude|Kolmogorov-Smirnov Test for Normality=exclude|Kolmogorov-Smirnov Test=exclude|Lilliefors Test=exclude|Kolmogorov-Smirnov Test for Uniform distribution=exclude|Kolmogorov-Smirnov Test for Gamma distribution=exclude|Kolmogorov-Smirnov Test for Exponential distribution=exclude
227,Correlation Analysis,easy,72B,V2,1,0,0,1,0,1,2,3,Spearman Correlation Coefficient|Kendall Correlation Coefficient,Pearson Correlation Coefficient|Spearman Correlation Coefficient|Kendall Correlation Coefficient,1.0,0.0,0.0,0.0,4,2,2,2,0,0,0,4,fully_labeled,Pearson Correlation Coefficient=exclude|Spearman Correlation Coefficient=include|Kendall Correlation Coefficient=include|Partial Correlation Coefficient=exclude
228,Distribution Compliance Test,hard,72B,V2,1,0,0,1,1,0,4,3,Anderson-Darling Test|Shapiro-Wilk Test of Normality|Kolmogorov-Smirnov Test for Normality|Lilliefors Test,Anderson-Darling Test|Shapiro-Wilk Test of Normality|Kolmogorov-Smirnov Test for Normality,0.6666666666666666,0.3333333333333333,,0.0,6,6,0,4,2,0,0,4,fully_labeled,Anderson-Darling Test=include|Shapiro-Wilk Test of Normality=include|Mode=include|Kolmogorov-Smirnov Test for Normality=include|Kolmogorov-Smirnov Test=include|Lilliefors Test=include
229,Contingency Table Test,easy,72B,V2,1,1,1,1,0,0,2,2,Chi-square Independence Test|Fisher Exact Test,Chi-square Independence Test|Fisher Exact Test,1.0,0.0,0.0,0.0,3,2,1,2,0,0,0,3,fully_labeled,Chi-square Independence Test=include|Fisher Exact Test=include|Mantel-Haenszel Test=exclude
230,Variance Test,hard,72B,V2,1,1,1,1,0,0,2,2,Mood Variance Test|Levene Test,Mood Variance Test|Levene Test,1.0,0.0,0.0,0.0,4,2,2,2,0,0,0,4,fully_labeled,Mood Variance Test=include|Levene Test=include|Bartlett Test=exclude|F-Test for Variance=exclude
231,Distribution Compliance Test,hard,72B,V2,1,0,0,1,1,0,4,3,Anderson-Darling Test|Shapiro-Wilk Test of Normality|Kolmogorov-Smirnov Test for Normality|Lilliefors Test,Anderson-Darling Test|Kolmogorov-Smirnov Test for Normality|Lilliefors Test,1.0,0.0,0.0,0.0,8,4,4,4,0,0,0,8,fully_labeled,Anderson-Darling Test=include|Shapiro-Wilk Test of Normality=include|Kolmogorov-Smirnov Test for Normality=include|Kolmogorov-Smirnov Test=exclude|Lilliefors Test=include|Kolmogorov-Smirnov Test for Uniform distribution=exclude|Kolmogorov-Smirnov Test for Gamma distribution=exclude|Kolmogorov-Smirnov Test for Exponential distribution=exclude
232,Contingency Table Test,hard,72B,V2,1,0,0,1,1,0,2,1,Chi-square Independence Test|Fisher Exact Test,Chi-square Independence Test,1.0,0.0,0.0,0.0,3,2,1,2,0,0,0,3,fully_labeled,Chi-square Independence Test=include|Fisher Exact Test=include|Mantel-Haenszel Test=exclude
233,Contingency Table Test,hard,72B,V2,1,0,0,1,1,0,2,1,Chi-square Independence Test|Fisher Exact Test,Chi-square Independence Test,1.0,0.0,0.0,0.0,3,2,1,2,0,0,0,3,fully_labeled,Chi-square Independence Test=include|Fisher Exact Test=include|Mantel-Haenszel Test=exclude
234,Variance Test,hard,72B,V2,1,1,1,1,0,0,2,2,Mood Variance Test|Levene Test,Mood Variance Test|Levene Test,1.0,0.0,0.0,0.0,4,2,2,2,0,0,0,4,fully_labeled,Mood Variance Test=include|Levene Test=include|Bartlett Test=exclude|F-Test for Variance=exclude
235,Variance Test,hard,72B,V2,1,1,1,1,0,0,2,2,Mood Variance Test|Levene Test,Mood Variance Test|Levene Test,1.0,0.0,0.0,0.0,4,2,2,2,0,0,0,4,fully_labeled,Mood Variance Test=include|Levene Test=include|Bartlett Test=exclude|F-Test for Variance=exclude
236,Distribution Compliance Test,hard,72B,V2,1,0,0,1,1,0,4,3,Anderson-Darling Test|Shapiro-Wilk Test of Normality|Kolmogorov-Smirnov Test for Normality|Lilliefors Test,Anderson-Darling Test|Kolmogorov-Smirnov Test for Normality|Lilliefors Test,1.0,0.0,0.0,0.0,8,4,4,4,0,0,0,8,fully_labeled,Anderson-Darling Test=include|Shapiro-Wilk Test of Normality=include|Kolmogorov-Smirnov Test for Normality=include|Kolmogorov-Smirnov Test=exclude|Lilliefors Test=include|Kolmogorov-Smirnov Test for Uniform distribution=exclude|Kolmogorov-Smirnov Test for Gamma distribution=exclude|Kolmogorov-Smirnov Test for Exponential distribution=exclude
237,Variance Test,hard,72B,V2,1,1,1,1,0,0,2,2,Mood Variance Test|Levene Test,Mood Variance Test|Levene Test,1.0,0.0,0.0,0.0,4,2,2,2,0,0,0,4,fully_labeled,Mood Variance Test=include|Levene Test=include|Bartlett Test=exclude|F-Test for Variance=exclude
238,Variance Test,hard,72B,V2,1,1,1,1,0,0,2,2,Mood Variance Test|Levene Test,Mood Variance Test|Levene Test,1.0,0.0,0.0,0.0,4,2,2,2,0,0,0,4,fully_labeled,Mood Variance Test=include|Levene Test=include|Bartlett Test=exclude|F-Test for Variance=exclude
239,Variance Test,hard,72B,V2,1,1,1,1,0,0,2,2,Mood Variance Test|Levene Test,Mood Variance Test|Levene Test,1.0,0.0,0.0,0.0,4,2,2,2,0,0,0,4,fully_labeled,Mood Variance Test=include|Levene Test=include|Bartlett Test=exclude|F-Test for Variance=exclude
240,Distribution Compliance Test,hard,72B,V2,1,0,0,1,1,0,4,3,Anderson-Darling Test|Shapiro-Wilk Test of Normality|Kolmogorov-Smirnov Test for Normality|Lilliefors Test,Anderson-Darling Test|Kolmogorov-Smirnov Test for Normality|Lilliefors Test,0.6666666666666666,0.3333333333333333,,0.0,6,6,0,4,2,0,0,4,fully_labeled,Anderson-Darling Test=include|Shapiro-Wilk Test of Normality=include|Mode=include|Kolmogorov-Smirnov Test for Normality=include|Kolmogorov-Smirnov Test=include|Lilliefors Test=include
241,Distribution Compliance Test,hard,72B,V2,1,0,0,1,1,0,4,3,Anderson-Darling Test|Shapiro-Wilk Test of Normality|Kolmogorov-Smirnov Test for Normality|Lilliefors Test,Anderson-Darling Test|Kolmogorov-Smirnov Test for Normality|Lilliefors Test,0.875,0.2,0.0,0.0,8,5,3,4,1,0,0,7,fully_labeled,Anderson-Darling Test=include|Shapiro-Wilk Test of Normality=include|Kolmogorov-Smirnov Test for Normality=include|Kolmogorov-Smirnov Test=include|Lilliefors Test=include|Kolmogorov-Smirnov Test for Uniform distribution=exclude|Kolmogorov-Smirnov Test for Gamma distribution=exclude|Kolmogorov-Smirnov Test for Exponential distribution=exclude
242,Correlation Analysis,hard,72B,V2,1,0,0,1,1,1,1,1,Pearson Correlation Coefficient,Kendall Correlation Coefficient,1.0,0.0,0.0,0.0,4,1,3,1,0,0,0,4,fully_labeled,Pearson Correlation Coefficient=include|Spearman Correlation Coefficient=exclude|Kendall Correlation Coefficient=exclude|Partial Correlation Coefficient=exclude
243,Variance Test,hard,72B,V2,1,1,1,1,0,0,2,2,Mood Variance Test|Levene Test,Mood Variance Test|Levene Test,1.0,0.0,0.0,0.0,4,2,2,2,0,0,0,4,fully_labeled,Mood Variance Test=include|Levene Test=include|Bartlett Test=exclude|F-Test for Variance=exclude
244,Contingency Table Test,hard,72B,V2,1,0,0,1,1,0,2,1,Chi-square Independence Test|Fisher Exact Test,Chi-square Independence Test,1.0,0.0,0.0,0.0,3,2,1,2,0,0,0,3,fully_labeled,Chi-square Independence Test=include|Fisher Exact Test=include|Mantel-Haenszel Test=exclude
245,Variance Test,hard,72B,V2,1,1,1,1,0,0,2,2,Mood Variance Test|Levene Test,Mood Variance Test|Levene Test,1.0,0.0,0.0,0.0,4,2,2,2,0,0,0,4,fully_labeled,Mood Variance Test=include|Levene Test=include|Bartlett Test=exclude|F-Test for Variance=exclude
246,Distribution Compliance Test,hard,72B,V2,1,0,0,1,1,0,4,3,Anderson-Darling Test|Shapiro-Wilk Test of Normality|Kolmogorov-Smirnov Test for Normality|Lilliefors Test,Anderson-Darling Test|Kolmogorov-Smirnov Test for Normality|Lilliefors Test,1.0,0.0,0.0,0.0,8,4,4,4,0,0,0,8,fully_labeled,Anderson-Darling Test=include|Shapiro-Wilk Test of Normality=include|Kolmogorov-Smirnov Test for Normality=include|Kolmogorov-Smirnov Test=exclude|Lilliefors Test=include|Kolmogorov-Smirnov Test for Uniform distribution=exclude|Kolmogorov-Smirnov Test for Gamma distribution=exclude|Kolmogorov-Smirnov Test for Exponential distribution=exclude
247,Distribution Compliance Test,easy,72B,V2,1,1,1,1,0,0,1,1,Kolmogorov-Smirnov Test,Kolmogorov-Smirnov Test,1.0,0.0,0.0,0.0,8,1,7,1,0,0,0,8,fully_labeled,Anderson-Darling Test=exclude|Shapiro-Wilk Test of Normality=exclude|Kolmogorov-Smirnov Test for Normality=exclude|Kolmogorov-Smirnov Test=include|Lilliefors Test=exclude|Kolmogorov-Smirnov Test for Uniform distribution=exclude|Kolmogorov-Smirnov Test for Gamma distribution=exclude|Kolmogorov-Smirnov Test for Exponential distribution=exclude
248,Variance Test,hard,72B,V2,1,0,0,1,0,1,1,2,Levene Test,Mood Variance Test|Levene Test,1.0,0.0,0.0,0.0,4,1,3,1,0,0,0,4,fully_labeled,Mood Variance Test=exclude|Levene Test=include|Bartlett Test=exclude|F-Test for Variance=exclude
249,Correlation Analysis,hard,72B,V2,1,0,0,1,1,1,1,1,Pearson Correlation Coefficient,Kendall Correlation Coefficient,1.0,0.0,0.0,0.0,4,1,3,1,0,0,0,4,partially_labeled,Pearson Correlation Coefficient=include|Spearman Correlation Coefficient=exclude|Kendall Correlation Coefficient=exclude|Partial Correlation Coefficient=exclude
250,Contingency Table Test,hard,72B,V2,1,0,0,1,1,0,2,1,Chi-square Independence Test|Fisher Exact Test,Fisher Exact Test,1.0,0.0,0.0,0.0,3,2,1,2,0,0,0,3,fully_labeled,Chi-square Independence Test=include|Fisher Exact Test=include|Mantel-Haenszel Test=exclude
251,Variance Test,hard,72B,V2,1,1,1,1,0,0,2,2,Mood Variance Test|Levene Test,Mood Variance Test|Levene Test,1.0,0.0,0.0,0.0,4,2,2,2,0,0,0,4,fully_labeled,Mood Variance Test=include|Levene Test=include|Bartlett Test=exclude|F-Test for Variance=exclude
252,Distribution Compliance Test,hard,72B,V2,1,0,0,1,1,0,4,3,Anderson-Darling Test|Shapiro-Wilk Test of Normality|Kolmogorov-Smirnov Test for Normality|Lilliefors Test,Anderson-Darling Test|Kolmogorov-Smirnov Test for Normality|Lilliefors Test,1.0,0.0,0.0,0.0,8,4,4,4,0,0,0,8,fully_labeled,Anderson-Darling Test=include|Shapiro-Wilk Test of Normality=include|Kolmogorov-Smirnov Test for Normality=include|Kolmogorov-Smirnov Test=exclude|Lilliefors Test=include|Kolmogorov-Smirnov Test for Uniform distribution=exclude|Kolmogorov-Smirnov Test for Gamma distribution=exclude|Kolmogorov-Smirnov Test for Exponential distribution=exclude
253,Distribution Compliance Test,hard,72B,V2,1,0,0,1,1,0,4,3,Anderson-Darling Test|Shapiro-Wilk Test of Normality|Kolmogorov-Smirnov Test for Normality|Lilliefors Test,Anderson-Darling Test|Kolmogorov-Smirnov Test for Normality|Lilliefors Test,0.8888888888888888,0.2,0.0,0.0,9,5,4,4,1,0,0,8,fully_labeled,Anderson-Darling Test=include|Shapiro-Wilk Test of Normality=include|Mode=include|Kolmogorov-Smirnov Test for Normality=include|Kolmogorov-Smirnov Test=exclude|Lilliefors Test=include|Kolmogorov-Smirnov Test for Uniform distribution=exclude|Kolmogorov-Smirnov Test for Gamma distribution=exclude|Kolmogorov-Smirnov Test for Exponential distribution=exclude
254,Distribution Compliance Test,easy,72B,V2,1,0,0,1,1,0,8,1,Kolmogorov-Smirnov Test|Mean|Median|Range|Quartile|Standard Deviation|Skewness|Kurtosis,Kolmogorov-Smirnov Test,1.0,0.0,0.0,0.0,16,8,8,8,0,0,0,16,fully_labeled,Anderson-Darling Test=exclude|Shapiro-Wilk Test of Normality=exclude|Kolmogorov-Smirnov Test for Normality=exclude|Kolmogorov-Smirnov Test=include|Lilliefors Test=exclude|Kolmogorov-Smirnov Test for Uniform distribution=exclude|Kolmogorov-Smirnov Test for Gamma distribution=exclude|Kolmogorov-Smirnov Test for Exponential distribution=exclude|Mean=include|Median=include|Mode=exclude|Range=include|Quartile=include|Standard Deviation=include|Skewness=include|Kurtosis=include
255,Descriptive Statistics,easy,72B,V2,1,0,0,1,1,0,6,1,Median|Range|Quartile|Standard Deviation|Skewness|Kurtosis,Quartile,1.0,0.0,0.0,0.0,8,6,2,6,0,0,0,8,fully_labeled,Mean=exclude|Quartile=include|Median=include|Mode=exclude|Range=include|Standard Deviation=include|Skewness=include|Kurtosis=include
256,Correlation Analysis,easy,72B,V2,1,1,1,1,0,0,3,3,Pearson Correlation Coefficient|Spearman Correlation Coefficient|Kendall Correlation Coefficient,Pearson Correlation Coefficient|Spearman Correlation Coefficient|Kendall Correlation Coefficient,1.0,0.0,0.0,0.0,4,3,1,3,0,0,0,4,fully_labeled,Pearson Correlation Coefficient=include|Spearman Correlation Coefficient=include|Kendall Correlation Coefficient=include|Partial Correlation Coefficient=exclude
257,Contingency Table Test,easy,72B,V2,1,1,1,1,0,0,2,2,Chi-square Independence Test|Fisher Exact Test,Chi-square Independence Test|Fisher Exact Test,1.0,0.0,0.0,0.0,3,2,1,2,0,0,0,3,fully_labeled,Chi-square Independence Test=include|Fisher Exact Test=include|Mantel-Haenszel Test=exclude
258,Contingency Table Test,hard,72B,V2,1,0,0,1,1,0,2,1,Chi-square Independence Test|Fisher Exact Test,Chi-square Independence Test,1.0,0.0,0.0,0.0,3,2,1,2,0,0,0,3,fully_labeled,Chi-square Independence Test=include|Fisher Exact Test=include|Mantel-Haenszel Test=exclude
259,Distribution Compliance Test,hard,72B,V2,1,0,0,1,1,1,3,3,Anderson-Darling Test|Shapiro-Wilk Test of Normality|Lilliefors Test,Anderson-Darling Test|Kolmogorov-Smirnov Test for Normality|Lilliefors Test,1.0,0.0,0.0,0.0,5,3,2,3,0,0,0,5,fully_labeled,Anderson-Darling Test=include|Shapiro-Wilk Test of Normality=include|Kolmogorov-Smirnov Test for Normality=exclude|Kolmogorov-Smirnov Test=exclude|Lilliefors Test=include
260,Distribution Compliance Test,hard,72B,V2,1,0,0,1,1,0,4,3,Anderson-Darling Test|Shapiro-Wilk Test of Normality|Kolmogorov-Smirnov Test for Normality|Lilliefors Test,Anderson-Darling Test|Kolmogorov-Smirnov Test for Normality|Lilliefors Test,0.8,0.2,,0.0,5,5,0,4,1,0,0,4,fully_labeled,Anderson-Darling Test=include|Shapiro-Wilk Test of Normality=include|Kolmogorov-Smirnov Test for Normality=include|Kolmogorov-Smirnov Test=include|Lilliefors Test=include
261,Distribution Compliance Test,hard,72B,V2,1,0,0,1,1,0,4,3,Anderson-Darling Test|Shapiro-Wilk Test of Normality|Kolmogorov-Smirnov Test for Normality|Lilliefors Test,Anderson-Darling Test|Shapiro-Wilk Test of Normality|Kolmogorov-Smirnov Test for Normality,0.8,0.2,,0.0,5,5,0,4,1,0,0,4,fully_labeled,Anderson-Darling Test=include|Shapiro-Wilk Test of Normality=include|Kolmogorov-Smirnov Test for Normality=include|Kolmogorov-Smirnov Test=include|Lilliefors Test=include
262,Variance Test,hard,72B,V2,1,1,1,1,0,0,2,2,Mood Variance Test|Levene Test,Mood Variance Test|Levene Test,1.0,0.0,0.0,0.0,4,2,2,2,0,0,0,4,fully_labeled,Mood Variance Test=include|Levene Test=include|Bartlett Test=exclude|F-Test for Variance=exclude
263,Distribution Compliance Test,hard,72B,V2,1,0,0,1,1,0,4,3,Anderson-Darling Test|Shapiro-Wilk Test of Normality|Kolmogorov-Smirnov Test for Normality|Lilliefors Test,Anderson-Darling Test|Kolmogorov-Smirnov Test for Normality|Lilliefors Test,0.6666666666666666,0.3333333333333333,,0.0,6,6,0,4,2,0,0,4,fully_labeled,Anderson-Darling Test=include|Shapiro-Wilk Test of Normality=include|Mode=include|Kolmogorov-Smirnov Test for Normality=include|Kolmogorov-Smirnov Test=include|Lilliefors Test=include
264,Contingency Table Test,hard,72B,V2,1,0,0,1,1,0,2,1,Chi-square Independence Test|Fisher Exact Test,Chi-square Independence Test,1.0,0.0,0.0,0.0,3,2,1,2,0,0,0,3,fully_labeled,Chi-square Independence Test=include|Fisher Exact Test=include|Mantel-Haenszel Test=exclude
265,Descriptive Statistics,easy,72B,V2,1,0,0,1,1,0,7,1,Mean|Median|Range|Quartile|Standard Deviation|Skewness|Kurtosis,Quartile,1.0,0.0,0.0,0.0,8,7,1,7,0,0,0,8,fully_labeled,Mean=include|Median=include|Mode=exclude|Range=include|Quartile=include|Standard Deviation=include|Skewness=include|Kurtosis=include
266,Variance Test,hard,72B,V2,1,1,1,1,0,0,2,2,Mood Variance Test|Levene Test,Mood Variance Test|Levene Test,1.0,0.0,0.0,0.0,4,2,2,2,0,0,0,4,fully_labeled,Mood Variance Test=include|Levene Test=include|Bartlett Test=exclude|F-Test for Variance=exclude
267,Contingency Table Test,hard,72B,V2,1,0,0,1,1,0,2,1,Chi-square Independence Test|Fisher Exact Test,Chi-square Independence Test,1.0,0.0,0.0,0.0,3,2,1,2,0,0,0,3,fully_labeled,Chi-square Independence Test=include|Fisher Exact Test=include|Mantel-Haenszel Test=exclude
268,Variance Test,hard,72B,V2,1,1,1,1,0,0,2,2,Mood Variance Test|Levene Test,Mood Variance Test|Levene Test,1.0,0.0,0.0,0.0,4,2,2,2,0,0,0,4,fully_labeled,Mood Variance Test=include|Levene Test=include|Bartlett Test=exclude|F-Test for Variance=exclude
269,Distribution Compliance Test,hard,72B,V2,1,0,0,1,1,0,4,3,Anderson-Darling Test|Shapiro-Wilk Test of Normality|Kolmogorov-Smirnov Test for Normality|Lilliefors Test,Anderson-Darling Test|Kolmogorov-Smirnov Test for Normality|Lilliefors Test,0.6666666666666666,0.3333333333333333,,0.0,6,6,0,4,2,0,0,4,fully_labeled,Anderson-Darling Test=include|Mode=include|Shapiro-Wilk Test of Normality=include|Kolmogorov-Smirnov Test for Normality=include|Kolmogorov-Smirnov Test=include|Lilliefors Test=include
270,Variance Test,hard,72B,V2,1,1,1,1,0,0,2,2,Mood Variance Test|Levene Test,Mood Variance Test|Levene Test,1.0,0.0,0.0,0.0,4,2,2,2,0,0,0,4,fully_labeled,Mood Variance Test=include|Levene Test=include|Bartlett Test=exclude|F-Test for Variance=exclude
271,Distribution Compliance Test,hard,72B,V2,1,0,0,1,1,0,4,3,Anderson-Darling Test|Shapiro-Wilk Test of Normality|Kolmogorov-Smirnov Test for Normality|Lilliefors Test,Anderson-Darling Test|Shapiro-Wilk Test of Normality|Kolmogorov-Smirnov Test for Normality,0.8,0.2,,0.0,5,5,0,4,1,0,0,4,fully_labeled,Anderson-Darling Test=include|Shapiro-Wilk Test of Normality=include|Kolmogorov-Smirnov Test for Normality=include|Kolmogorov-Smirnov Test=include|Lilliefors Test=include
272,Distribution Compliance Test,hard,72B,V2,1,0,0,1,1,0,4,3,Anderson-Darling Test|Shapiro-Wilk Test of Normality|Kolmogorov-Smirnov Test for Normality|Lilliefors Test,Anderson-Darling Test|Shapiro-Wilk Test of Normality|Kolmogorov-Smirnov Test for Normality,0.8,0.2,,0.0,5,5,0,4,1,0,0,4,fully_labeled,Anderson-Darling Test=include|Shapiro-Wilk Test of Normality=include|Kolmogorov-Smirnov Test for Normality=include|Kolmogorov-Smirnov Test=include|Lilliefors Test=include
273,Variance Test,hard,72B,V2,1,1,1,1,0,0,2,2,Mood Variance Test|Levene Test,Mood Variance Test|Levene Test,1.0,0.0,0.0,0.0,4,2,2,2,0,0,0,4,fully_labeled,Mood Variance Test=include|Levene Test=include|Bartlett Test=exclude|F-Test for Variance=exclude
274,Distribution Compliance Test,hard,72B,V2,1,0,0,1,1,0,4,3,Anderson-Darling Test|Shapiro-Wilk Test of Normality|Kolmogorov-Smirnov Test for Normality|Lilliefors Test,Anderson-Darling Test|Kolmogorov-Smirnov Test for Normality|Lilliefors Test,1.0,0.0,0.0,0.0,8,4,4,4,0,0,0,8,fully_labeled,Anderson-Darling Test=include|Shapiro-Wilk Test of Normality=include|Kolmogorov-Smirnov Test for Normality=include|Kolmogorov-Smirnov Test=exclude|Lilliefors Test=include|Kolmogorov-Smirnov Test for Uniform distribution=exclude|Kolmogorov-Smirnov Test for Gamma distribution=exclude|Kolmogorov-Smirnov Test for Exponential distribution=exclude
275,Descriptive Statistics,easy,72B,V2,1,1,1,1,0,0,1,1,Skewness,Skewness,1.0,0.0,0.0,0.0,8,1,7,1,0,0,0,8,fully_labeled,Skewness=include|Mean=exclude|Median=exclude|Mode=exclude|Range=exclude|Quartile=exclude|Standard Deviation=exclude|Kurtosis=exclude
276,Contingency Table Test,hard,72B,V2,1,0,0,1,1,0,2,1,Chi-square Independence Test|Fisher Exact Test,Chi-square Independence Test,1.0,0.0,0.0,0.0,3,2,1,2,0,0,0,3,fully_labeled,Chi-square Independence Test=include|Fisher Exact Test=include|Mantel-Haenszel Test=exclude
277,Correlation Analysis,hard,72B,V2,1,0,0,1,1,1,1,1,Pearson Correlation Coefficient,Kendall Correlation Coefficient,1.0,0.0,0.0,0.0,4,1,3,1,0,0,0,4,fully_labeled,Pearson Correlation Coefficient=include|Spearman Correlation Coefficient=exclude|Kendall Correlation Coefficient=exclude|Partial Correlation Coefficient=exclude
278,Variance Test,hard,72B,V2,1,1,1,1,0,0,2,2,Mood Variance Test|Levene Test,Mood Variance Test|Levene Test,1.0,0.0,0.0,0.0,4,2,2,2,0,0,0,4,fully_labeled,Mood Variance Test=include|Levene Test=include|Bartlett Test=exclude|F-Test for Variance=exclude
279,Distribution Compliance Test,hard,72B,V2,1,0,0,1,1,0,4,3,Anderson-Darling Test|Shapiro-Wilk Test of Normality|Kolmogorov-Smirnov Test for Normality|Lilliefors Test,Anderson-Darling Test|Kolmogorov-Smirnov Test for Normality|Lilliefors Test,0.8,0.2,,0.0,5,5,0,4,1,0,0,4,fully_labeled,Anderson-Darling Test=include|Shapiro-Wilk Test of Normality=include|Kolmogorov-Smirnov Test for Normality=include|Kolmogorov-Smirnov Test=include|Lilliefors Test=include
280,Distribution Compliance Test,hard,72B,V2,1,0,0,1,1,0,4,3,Anderson-Darling Test|Shapiro-Wilk Test of Normality|Kolmogorov-Smirnov Test for Normality|Lilliefors Test,Anderson-Darling Test|Kolmogorov-Smirnov Test for Normality|Lilliefors Test,1.0,0.0,0.0,0.0,8,4,4,4,0,0,0,8,fully_labeled,Anderson-Darling Test=include|Shapiro-Wilk Test of Normality=include|Kolmogorov-Smirnov Test for Normality=include|Kolmogorov-Smirnov Test=exclude|Lilliefors Test=include|Kolmogorov-Smirnov Test for Uniform distribution=exclude|Kolmogorov-Smirnov Test for Gamma distribution=exclude|Kolmogorov-Smirnov Test for Exponential distribution=exclude
281,Contingency Table Test,hard,72B,V2,1,1,1,1,0,0,1,1,Chi-square Independence Test,Chi-square Independence Test,1.0,0.0,0.0,0.0,3,1,2,1,0,0,0,3,fully_labeled,Chi-square Independence Test=include|Fisher Exact Test=exclude|Mantel-Haenszel Test=exclude
282,Contingency Table Test,hard,72B,V2,1,0,0,1,1,0,2,1,Chi-square Independence Test|Fisher Exact Test,Chi-square Independence Test,1.0,0.0,0.0,0.0,3,2,1,2,0,0,0,3,fully_labeled,Chi-square Independence Test=include|Fisher Exact Test=include|Mantel-Haenszel Test=exclude
283,Distribution Compliance Test,hard,72B,V2,1,0,0,1,1,1,3,3,Anderson-Darling Test|Shapiro-Wilk Test of Normality|Kolmogorov-Smirnov Test for Normality,Anderson-Darling Test|Kolmogorov-Smirnov Test for Normality|Lilliefors Test,1.0,0.0,0.0,0.0,8,3,5,3,0,0,0,8,fully_labeled,Anderson-Darling Test=include|Shapiro-Wilk Test of Normality=include|Kolmogorov-Smirnov Test for Normality=include|Kolmogorov-Smirnov Test=exclude|Lilliefors Test=exclude|Kolmogorov-Smirnov Test for Uniform distribution=exclude|Kolmogorov-Smirnov Test for Gamma distribution=exclude|Kolmogorov-Smirnov Test for Exponential distribution=exclude
284,Contingency Table Test,hard,72B,V2,1,0,0,1,1,0,2,1,Chi-square Independence Test|Fisher Exact Test,Chi-square Independence Test,1.0,0.0,0.0,0.0,3,2,1,2,0,0,0,3,fully_labeled,Chi-square Independence Test=include|Fisher Exact Test=include|Mantel-Haenszel Test=exclude
285,Distribution Compliance Test,hard,72B,V2,1,0,0,1,1,0,4,3,Anderson-Darling Test|Shapiro-Wilk Test of Normality|Kolmogorov-Smirnov Test for Normality|Lilliefors Test,Anderson-Darling Test|Kolmogorov-Smirnov Test for Normality|Lilliefors Test,0.8,0.2,,0.0,5,5,0,4,1,0,0,4,fully_labeled,Anderson-Darling Test=include|Shapiro-Wilk Test of Normality=include|Kolmogorov-Smirnov Test for Normality=include|Kolmogorov-Smirnov Test=include|Lilliefors Test=include
286,Variance Test,hard,72B,V2,1,1,1,1,0,0,2,2,Mood Variance Test|Levene Test,Mood Variance Test|Levene Test,1.0,0.0,0.0,0.0,4,2,2,2,0,0,0,4,fully_labeled,Mood Variance Test=include|Levene Test=include|Bartlett Test=exclude|F-Test for Variance=exclude
287,Variance Test,hard,72B,V2,1,1,1,1,0,0,2,2,Mood Variance Test|Levene Test,Mood Variance Test|Levene Test,1.0,0.0,0.0,0.0,4,2,2,2,0,0,0,4,fully_labeled,Mood Variance Test=include|Levene Test=include|Bartlett Test=exclude|F-Test for Variance=exclude
288,Correlation Analysis,hard,72B,V2,1,0,0,1,1,1,1,1,Pearson Correlation Coefficient,Kendall Correlation Coefficient,1.0,0.0,0.0,0.0,4,1,3,1,0,0,0,4,fully_labeled,Pearson Correlation Coefficient=include|Spearman Correlation Coefficient=exclude|Kendall Correlation Coefficient=exclude|Partial Correlation Coefficient=exclude
289,Contingency Table Test,easy,72B,V2,1,1,1,1,0,0,2,2,Chi-square Independence Test|Fisher Exact Test,Chi-square Independence Test|Fisher Exact Test,1.0,0.0,0.0,0.0,3,2,1,2,0,0,0,3,fully_labeled,Chi-square Independence Test=include|Fisher Exact Test=include|Mantel-Haenszel Test=exclude
290,Variance Test,hard,72B,V2,1,1,1,1,0,0,2,2,Mood Variance Test|Levene Test,Mood Variance Test|Levene Test,1.0,0.0,0.0,0.0,4,2,2,2,0,0,0,4,fully_labeled,Mood Variance Test=include|Levene Test=include|Bartlett Test=exclude|F-Test for Variance=exclude
291,Correlation Analysis,hard,72B,V2,1,0,0,1,1,1,1,1,Pearson Correlation Coefficient,Kendall Correlation Coefficient,1.0,0.0,0.0,0.0,4,1,3,1,0,0,0,4,fully_labeled,Pearson Correlation Coefficient=include|Spearman Correlation Coefficient=exclude|Kendall Correlation Coefficient=exclude|Partial Correlation Coefficient=exclude
292,Variance Test,hard,72B,V2,1,0,0,1,0,1,1,2,Levene Test,Mood Variance Test|Levene Test,1.0,0.0,0.0,0.0,4,1,3,1,0,0,0,4,fully_labeled,Mood Variance Test=exclude|Levene Test=include|Bartlett Test=exclude|F-Test for Variance=exclude
293,Correlation Analysis,easy,72B,V2,1,0,0,1,1,0,3,1,Spearman Correlation Coefficient|Kendall Correlation Coefficient|Partial Correlation Coefficient,Partial Correlation Coefficient,1.0,0.0,0.0,0.0,4,3,1,3,0,0,0,4,fully_labeled,Pearson Correlation Coefficient=exclude|Spearman Correlation Coefficient=include|Kendall Correlation Coefficient=include|Partial Correlation Coefficient=include
294,Variance Test,hard,72B,V2,1,1,1,1,0,0,2,2,Mood Variance Test|Levene Test,Mood Variance Test|Levene Test,1.0,0.0,0.0,0.0,4,2,2,2,0,0,0,4,fully_labeled,Mood Variance Test=include|Levene Test=include|Bartlett Test=exclude|F-Test for Variance=exclude
295,Variance Test,hard,72B,V2,1,0,0,1,0,1,1,2,Levene Test,Mood Variance Test|Levene Test,1.0,0.0,0.0,0.0,4,1,3,1,0,0,0,4,fully_labeled,Mood Variance Test=exclude|Levene Test=include|Bartlett Test=exclude|F-Test for Variance=exclude
296,Contingency Table Test,hard,72B,V2,1,0,0,1,1,0,2,1,Chi-square Independence Test|Fisher Exact Test,Chi-square Independence Test,1.0,0.0,0.0,0.0,3,2,1,2,0,0,0,3,fully_labeled,Chi-square Independence Test=include|Fisher Exact Test=include|Mantel-Haenszel Test=exclude
297,Distribution Compliance Test,hard,72B,V2,1,0,0,1,1,0,4,3,Anderson-Darling Test|Shapiro-Wilk Test of Normality|Kolmogorov-Smirnov Test for Normality|Lilliefors Test,Anderson-Darling Test|Kolmogorov-Smirnov Test for Normality|Lilliefors Test,0.8,0.2,,0.0,5,5,0,4,1,0,0,4,fully_labeled,Anderson-Darling Test=include|Shapiro-Wilk Test of Normality=include|Kolmogorov-Smirnov Test for Normality=include|Kolmogorov-Smirnov Test=include|Lilliefors Test=include
298,Variance Test,easy,72B,V2,1,0,0,1,0,1,2,4,Mood Variance Test|Levene Test,Mood Variance Test|Levene Test|Bartlett Test|F-Test for Variance,1.0,0.0,0.0,0.0,4,2,2,2,0,0,0,4,fully_labeled,Mood Variance Test=include|Levene Test=include|Bartlett Test=exclude|F-Test for Variance=exclude
299,Contingency Table Test,hard,72B,V2,1,0,0,1,1,0,2,1,Chi-square Independence Test|Fisher Exact Test,Chi-square Independence Test,1.0,0.0,0.0,0.0,3,2,1,2,0,0,0,3,fully_labeled,Chi-square Independence Test=include|Fisher Exact Test=include|Mantel-Haenszel Test=exclude
300,Distribution Compliance Test,hard,72B,V2,1,0,0,1,1,0,4,3,Anderson-Darling Test|Shapiro-Wilk Test of Normality|Kolmogorov-Smirnov Test for Normality|Lilliefors Test,Anderson-Darling Test|Shapiro-Wilk Test of Normality|Kolmogorov-Smirnov Test for Normality,0.8,0.2,,0.0,5,5,0,4,1,0,0,4,fully_labeled,Anderson-Darling Test=include|Shapiro-Wilk Test of Normality=include|Kolmogorov-Smirnov Test for Normality=include|Kolmogorov-Smirnov Test=include|Lilliefors Test=include
301,Distribution Compliance Test,hard,72B,V2,1,0,0,1,1,1,1,3,Kolmogorov-Smirnov Test,Anderson-Darling Test|Kolmogorov-Smirnov Test for Normality|Lilliefors Test,1.0,0.0,0.0,0.0,8,1,7,1,0,0,0,8,fully_labeled,Anderson-Darling Test=exclude|Shapiro-Wilk Test of Normality=exclude|Kolmogorov-Smirnov Test for Normality=exclude|Kolmogorov-Smirnov Test=include|Lilliefors Test=exclude|Kolmogorov-Smirnov Test for Uniform distribution=exclude|Kolmogorov-Smirnov Test for Gamma distribution=exclude|Kolmogorov-Smirnov Test for Exponential distribution=exclude
302,Variance Test,hard,72B,V2,1,1,1,1,0,0,2,2,Mood Variance Test|Levene Test,Mood Variance Test|Levene Test,1.0,0.0,0.0,0.0,4,2,2,2,0,0,0,4,fully_labeled,Mood Variance Test=include|Levene Test=include|Bartlett Test=exclude|F-Test for Variance=exclude
303,Distribution Compliance Test,easy,72B,V2,1,1,1,1,0,0,1,1,Kolmogorov-Smirnov Test,Kolmogorov-Smirnov Test,1.0,0.0,0.0,0.0,8,1,7,1,0,0,0,8,fully_labeled,Anderson-Darling Test=exclude|Shapiro-Wilk Test of Normality=exclude|Kolmogorov-Smirnov Test for Normality=exclude|Kolmogorov-Smirnov Test=include|Lilliefors Test=exclude|Kolmogorov-Smirnov Test for Uniform distribution=exclude|Kolmogorov-Smirnov Test for Gamma distribution=exclude|Kolmogorov-Smirnov Test for Exponential distribution=exclude
304,Correlation Analysis,easy,72B,V2,1,0,0,1,1,0,3,1,Spearman Correlation Coefficient|Kendall Correlation Coefficient|Partial Correlation Coefficient,Partial Correlation Coefficient,1.0,0.0,0.0,0.0,4,3,1,3,0,0,0,4,fully_labeled,Pearson Correlation Coefficient=exclude|Spearman Correlation Coefficient=include|Kendall Correlation Coefficient=include|Partial Correlation Coefficient=include
305,Variance Test,hard,72B,V2,1,1,1,1,0,0,2,2,Mood Variance Test|Levene Test,Mood Variance Test|Levene Test,1.0,0.0,0.0,0.0,4,2,2,2,0,0,0,4,fully_labeled,Mood Variance Test=include|Levene Test=include|Bartlett Test=exclude|F-Test for Variance=exclude
306,Contingency Table Test,easy,72B,V2,1,1,1,1,0,0,2,2,Chi-square Independence Test|Fisher Exact Test,Chi-square Independence Test|Fisher Exact Test,1.0,0.0,0.0,0.0,3,2,1,2,0,0,0,3,fully_labeled,Chi-square Independence Test=include|Fisher Exact Test=include|Mantel-Haenszel Test=exclude
307,Variance Test,hard,72B,V2,1,1,1,1,0,0,2,2,Mood Variance Test|Levene Test,Mood Variance Test|Levene Test,1.0,0.0,0.0,0.0,4,2,2,2,0,0,0,4,fully_labeled,Mood Variance Test=include|Levene Test=include|Bartlett Test=exclude|F-Test for Variance=exclude
308,Variance Test,easy,72B,V2,1,0,0,1,0,1,2,4,Mood Variance Test|Levene Test,Mood Variance Test|Levene Test|Bartlett Test|F-Test for Variance,1.0,0.0,0.0,0.0,4,2,2,2,0,0,0,4,fully_labeled,Mood Variance Test=include|Levene Test=include|Bartlett Test=exclude|F-Test for Variance=exclude
309,Distribution Compliance Test,hard,72B,V2,1,0,0,1,1,0,4,3,Anderson-Darling Test|Shapiro-Wilk Test of Normality|Kolmogorov-Smirnov Test for Normality|Lilliefors Test,Anderson-Darling Test|Kolmogorov-Smirnov Test for Normality|Lilliefors Test,1.0,0.0,0.0,0.0,8,4,4,4,0,0,0,8,fully_labeled,Anderson-Darling Test=include|Shapiro-Wilk Test of Normality=include|Kolmogorov-Smirnov Test for Normality=include|Kolmogorov-Smirnov Test=exclude|Lilliefors Test=include|Kolmogorov-Smirnov Test for Uniform distribution=exclude|Kolmogorov-Smirnov Test for Gamma distribution=exclude|Kolmogorov-Smirnov Test for Exponential distribution=exclude
310,Distribution Compliance Test,easy,72B,V2,1,1,1,1,0,0,1,1,Kolmogorov-Smirnov Test,Kolmogorov-Smirnov Test,1.0,0.0,0.0,0.0,8,1,7,1,0,0,0,8,fully_labeled,Anderson-Darling Test=exclude|Shapiro-Wilk Test of Normality=exclude|Kolmogorov-Smirnov Test for Normality=exclude|Kolmogorov-Smirnov Test=include|Lilliefors Test=exclude|Kolmogorov-Smirnov Test for Uniform distribution=exclude|Kolmogorov-Smirnov Test for Gamma distribution=exclude|Kolmogorov-Smirnov Test for Exponential distribution=exclude
311,Variance Test,hard,72B,V2,1,1,1,1,0,0,2,2,Mood Variance Test|Levene Test,Mood Variance Test|Levene Test,1.0,0.0,0.0,0.0,4,2,2,2,0,0,0,4,fully_labeled,Mood Variance Test=include|Levene Test=include|Bartlett Test=exclude|F-Test for Variance=exclude
312,Variance Test,hard,72B,V2,1,1,1,1,0,0,2,2,Mood Variance Test|Levene Test,Mood Variance Test|Levene Test,1.0,0.0,0.0,0.0,4,2,2,2,0,0,0,4,fully_labeled,Mood Variance Test=include|Levene Test=include|Bartlett Test=exclude|F-Test for Variance=exclude
313,Distribution Compliance Test,hard,72B,V2,1,0,0,1,1,1,3,3,Anderson-Darling Test|Shapiro-Wilk Test of Normality|Kolmogorov-Smirnov Test for Normality,Anderson-Darling Test|Kolmogorov-Smirnov Test for Normality|Lilliefors Test,0.6666666666666666,0.4,0.0,0.0,6,5,1,3,2,0,0,4,fully_labeled,Anderson-Darling Test=include|Shapiro-Wilk Test of Normality=include|Mode=include|Kolmogorov-Smirnov Test for Normality=include|Kolmogorov-Smirnov Test=include|Lilliefors Test=exclude
314,Contingency Table Test,hard,72B,V2,1,0,0,1,1,0,2,1,Chi-square Independence Test|Fisher Exact Test,Fisher Exact Test,1.0,0.0,0.0,0.0,3,2,1,2,0,0,0,3,fully_labeled,Chi-square Independence Test=include|Fisher Exact Test=include|Mantel-Haenszel Test=exclude
315,Distribution Compliance Test,easy,72B,V2,1,1,1,1,0,0,1,1,Kolmogorov-Smirnov Test,Kolmogorov-Smirnov Test,1.0,0.0,0.0,0.0,8,1,7,1,0,0,0,8,fully_labeled,Anderson-Darling Test=exclude|Shapiro-Wilk Test of Normality=exclude|Kolmogorov-Smirnov Test for Normality=exclude|Kolmogorov-Smirnov Test=include|Lilliefors Test=exclude|Kolmogorov-Smirnov Test for Uniform distribution=exclude|Kolmogorov-Smirnov Test for Gamma distribution=exclude|Kolmogorov-Smirnov Test for Exponential distribution=exclude
316,Variance Test,hard,72B,V2,1,1,1,1,0,0,2,2,Mood Variance Test|Levene Test,Mood Variance Test|Levene Test,1.0,0.0,0.0,0.0,4,2,2,2,0,0,0,4,fully_labeled,Mood Variance Test=include|Levene Test=include|Bartlett Test=exclude|F-Test for Variance=exclude
317,Descriptive Statistics,easy,72B,V2,1,1,1,1,0,0,1,1,Standard Deviation,Standard Deviation,1.0,0.0,0.0,0.0,8,1,7,1,0,0,0,8,fully_labeled,Standard Deviation=include|Mean=exclude|Median=exclude|Mode=exclude|Range=exclude|Quartile=exclude|Skewness=exclude|Kurtosis=exclude
318,Distribution Compliance Test,hard,72B,V2,1,0,0,1,0,1,0,3,,Anderson-Darling Test|Kolmogorov-Smirnov Test for Normality|Lilliefors Test,1.0,,0.0,,5,0,5,0,0,0,0,5,fully_labeled,Anderson-Darling Test=exclude|Shapiro-Wilk Test of Normality=exclude|Kolmogorov-Smirnov Test for Normality=exclude|Kolmogorov-Smirnov Test=exclude|Lilliefors Test=exclude
319,Correlation Analysis,easy,72B,V2,1,0,0,1,0,1,2,3,Spearman Correlation Coefficient|Kendall Correlation Coefficient,Pearson Correlation Coefficient|Spearman Correlation Coefficient|Kendall Correlation Coefficient,1.0,0.0,0.0,0.0,4,2,2,2,0,0,0,4,fully_labeled,Pearson Correlation Coefficient=exclude|Spearman Correlation Coefficient=include|Kendall Correlation Coefficient=include|Partial Correlation Coefficient=exclude
320,Distribution Compliance Test,hard,72B,V2,1,0,0,1,1,0,4,3,Anderson-Darling Test|Shapiro-Wilk Test of Normality|Kolmogorov-Smirnov Test for Normality|Lilliefors Test,Anderson-Darling Test|Kolmogorov-Smirnov Test for Normality|Lilliefors Test,0.8888888888888888,0.2,0.0,0.0,9,5,4,4,1,0,0,8,fully_labeled,Anderson-Darling Test=include|Shapiro-Wilk Test of Normality=include|Mode=include|Kolmogorov-Smirnov Test for Normality=include|Kolmogorov-Smirnov Test=exclude|Lilliefors Test=include|Kolmogorov-Smirnov Test for Uniform distribution=exclude|Kolmogorov-Smirnov Test for Gamma distribution=exclude|Kolmogorov-Smirnov Test for Exponential distribution=exclude
321,Correlation Analysis,easy,72B,V2,1,0,0,1,1,0,4,1,Pearson Correlation Coefficient|Spearman Correlation Coefficient|Kendall Correlation Coefficient|Partial Correlation Coefficient,Partial Correlation Coefficient,1.0,0.0,,0.0,4,4,0,4,0,0,0,4,fully_labeled,Pearson Correlation Coefficient=include|Spearman Correlation Coefficient=include|Kendall Correlation Coefficient=include|Partial Correlation Coefficient=include
322,Variance Test,hard,72B,V2,1,1,1,1,0,0,2,2,Mood Variance Test|Levene Test,Mood Variance Test|Levene Test,1.0,0.0,0.0,0.0,4,2,2,2,0,0,0,4,fully_labeled,Mood Variance Test=include|Levene Test=include|Bartlett Test=exclude|F-Test for Variance=exclude
323,Variance Test,hard,72B,V2,1,1,1,1,0,0,2,2,Mood Variance Test|Levene Test,Mood Variance Test|Levene Test,1.0,0.0,0.0,0.0,4,2,2,2,0,0,0,4,fully_labeled,Mood Variance Test=include|Levene Test=include|Bartlett Test=exclude|F-Test for Variance=exclude
324,Correlation Analysis,hard,72B,V2,1,0,0,1,1,1,1,1,Pearson Correlation Coefficient,Kendall Correlation Coefficient,1.0,0.0,0.0,0.0,4,1,3,1,0,0,0,4,fully_labeled,Pearson Correlation Coefficient=include|Spearman Correlation Coefficient=exclude|Kendall Correlation Coefficient=exclude|Partial Correlation Coefficient=exclude
325,Variance Test,hard,72B,V2,1,1,1,1,0,0,2,2,Mood Variance Test|Levene Test,Mood Variance Test|Levene Test,1.0,0.0,0.0,0.0,4,2,2,2,0,0,0,4,fully_labeled,Mood Variance Test=include|Levene Test=include|Bartlett Test=exclude|F-Test for Variance=exclude
326,Variance Test,hard,72B,V2,1,1,1,1,0,0,2,2,Mood Variance Test|Levene Test,Mood Variance Test|Levene Test,1.0,0.0,0.0,0.0,4,2,2,2,0,0,0,4,fully_labeled,Mood Variance Test=include|Levene Test=include|Bartlett Test=exclude|F-Test for Variance=exclude
327,Distribution Compliance Test,hard,72B,V2,1,0,0,1,1,0,4,3,Anderson-Darling Test|Shapiro-Wilk Test of Normality|Kolmogorov-Smirnov Test for Normality|Lilliefors Test,Anderson-Darling Test|Kolmogorov-Smirnov Test for Normality|Lilliefors Test,0.8888888888888888,0.2,0.0,0.0,9,5,4,4,1,0,0,8,fully_labeled,Anderson-Darling Test=include|Shapiro-Wilk Test of Normality=include|Mode=include|Kolmogorov-Smirnov Test for Normality=include|Kolmogorov-Smirnov Test=exclude|Lilliefors Test=include|Kolmogorov-Smirnov Test for Uniform distribution=exclude|Kolmogorov-Smirnov Test for Gamma distribution=exclude|Kolmogorov-Smirnov Test for Exponential distribution=exclude
328,Variance Test,hard,72B,V2,1,1,1,1,0,0,2,2,Mood Variance Test|Levene Test,Mood Variance Test|Levene Test,1.0,0.0,0.0,0.0,4,2,2,2,0,0,0,4,fully_labeled,Mood Variance Test=include|Levene Test=include|Bartlett Test=exclude|F-Test for Variance=exclude
329,Distribution Compliance Test,hard,72B,V2,1,0,0,1,1,0,10,3,Anderson-Darling Test|Shapiro-Wilk Test of Normality|Kolmogorov-Smirnov Test for Normality|Lilliefors Test|Median|Mode|Range|Quartile|Skewness|Kurtosis,Anderson-Darling Test|Kolmogorov-Smirnov Test for Normality|Lilliefors Test,0.9230769230769231,0.09090909090909091,0.0,0.0,13,11,2,10,1,0,0,12,fully_labeled,Anderson-Darling Test=include|Shapiro-Wilk Test of Normality=include|Kolmogorov-Smirnov Test for Normality=include|Kolmogorov-Smirnov Test=include|Lilliefors Test=include|Mean=exclude|Median=include|Mode=include|Range=include|Quartile=include|Standard Deviation=exclude|Skewness=include|Kurtosis=include
330,Distribution Compliance Test,hard,72B,V2,1,0,0,1,1,0,4,3,Anderson-Darling Test|Shapiro-Wilk Test of Normality|Kolmogorov-Smirnov Test for Normality|Lilliefors Test,Anderson-Darling Test|Kolmogorov-Smirnov Test for Normality|Lilliefors Test,0.8888888888888888,0.2,0.0,0.0,9,5,4,4,1,0,0,8,fully_labeled,Anderson-Darling Test=include|Shapiro-Wilk Test of Normality=include|Mode=include|Kolmogorov-Smirnov Test for Normality=include|Kolmogorov-Smirnov Test=exclude|Lilliefors Test=include|Kolmogorov-Smirnov Test for Uniform distribution=exclude|Kolmogorov-Smirnov Test for Gamma distribution=exclude|Kolmogorov-Smirnov Test for Exponential distribution=exclude
331,Variance Test,hard,72B,V2,1,1,1,1,0,0,2,2,Mood Variance Test|Levene Test,Mood Variance Test|Levene Test,1.0,0.0,0.0,0.0,4,2,2,2,0,0,0,4,fully_labeled,Mood Variance Test=include|Levene Test=include|Bartlett Test=exclude|F-Test for Variance=exclude
332,Variance Test,hard,72B,V2,1,1,1,1,0,0,2,2,Mood Variance Test|Levene Test,Mood Variance Test|Levene Test,1.0,0.0,0.0,0.0,4,2,2,2,0,0,0,4,fully_labeled,Mood Variance Test=include|Levene Test=include|Bartlett Test=exclude|F-Test for Variance=exclude
333,Variance Test,hard,72B,V2,1,1,1,1,0,0,2,2,Mood Variance Test|Levene Test,Mood Variance Test|Levene Test,1.0,0.0,0.0,0.0,4,2,2,2,0,0,0,4,fully_labeled,Mood Variance Test=include|Levene Test=include|Bartlett Test=exclude|F-Test for Variance=exclude
334,Contingency Table Test,hard,72B,V2,1,0,0,1,1,0,2,1,Chi-square Independence Test|Fisher Exact Test,Fisher Exact Test,1.0,0.0,0.0,0.0,3,2,1,2,0,0,0,3,fully_labeled,Chi-square Independence Test=include|Fisher Exact Test=include|Mantel-Haenszel Test=exclude
335,Variance Test,hard,72B,V2,1,1,1,1,0,0,2,2,Mood Variance Test|Levene Test,Mood Variance Test|Levene Test,1.0,0.0,0.0,0.0,4,2,2,2,0,0,0,4,partially_labeled,Mood Variance Test=include|Levene Test=include|Bartlett Test=exclude|F-Test for Variance=exclude
336,Contingency Table Test,hard,72B,V2,1,0,0,1,1,0,2,1,Chi-square Independence Test|Fisher Exact Test,Chi-square Independence Test,1.0,0.0,0.0,0.0,3,2,1,2,0,0,0,3,fully_labeled,Chi-square Independence Test=include|Fisher Exact Test=include|Mantel-Haenszel Test=exclude
337,Distribution Compliance Test,hard,72B,V2,1,0,0,1,1,0,4,3,Anderson-Darling Test|Shapiro-Wilk Test of Normality|Kolmogorov-Smirnov Test for Normality|Lilliefors Test,Anderson-Darling Test|Shapiro-Wilk Test of Normality|Kolmogorov-Smirnov Test for Normality,1.0,0.0,0.0,0.0,8,4,4,4,0,0,0,8,fully_labeled,Anderson-Darling Test=include|Shapiro-Wilk Test of Normality=include|Kolmogorov-Smirnov Test for Normality=include|Kolmogorov-Smirnov Test=exclude|Lilliefors Test=include|Kolmogorov-Smirnov Test for Uniform distribution=exclude|Kolmogorov-Smirnov Test for Gamma distribution=exclude|Kolmogorov-Smirnov Test for Exponential distribution=exclude
338,Distribution Compliance Test,easy,72B,V2,1,1,1,1,0,0,1,1,Kolmogorov-Smirnov Test,Kolmogorov-Smirnov Test,1.0,0.0,0.0,0.0,8,1,7,1,0,0,0,8,fully_labeled,Anderson-Darling Test=exclude|Shapiro-Wilk Test of Normality=exclude|Kolmogorov-Smirnov Test for Normality=exclude|Kolmogorov-Smirnov Test=include|Lilliefors Test=exclude|Kolmogorov-Smirnov Test for Uniform distribution=exclude|Kolmogorov-Smirnov Test for Gamma distribution=exclude|Kolmogorov-Smirnov Test for Exponential distribution=exclude
339,Contingency Table Test,easy,72B,V2,1,1,1,1,0,0,2,2,Chi-square Independence Test|Fisher Exact Test,Chi-square Independence Test|Fisher Exact Test,1.0,0.0,0.0,0.0,3,2,1,2,0,0,0,3,fully_labeled,Chi-square Independence Test=include|Fisher Exact Test=include|Mantel-Haenszel Test=exclude
340,Distribution Compliance Test,hard,72B,V2,1,0,0,1,1,0,4,3,Anderson-Darling Test|Shapiro-Wilk Test of Normality|Kolmogorov-Smirnov Test for Normality|Lilliefors Test,Anderson-Darling Test|Kolmogorov-Smirnov Test for Normality|Lilliefors Test,0.8,0.2,,0.0,5,5,0,4,1,0,0,4,fully_labeled,Anderson-Darling Test=include|Shapiro-Wilk Test of Normality=include|Kolmogorov-Smirnov Test for Normality=include|Kolmogorov-Smirnov Test=include|Lilliefors Test=include
341,Distribution Compliance Test,hard,72B,V2,1,0,0,1,1,0,4,3,Anderson-Darling Test|Shapiro-Wilk Test of Normality|Kolmogorov-Smirnov Test for Normality|Lilliefors Test,Anderson-Darling Test|Kolmogorov-Smirnov Test for Normality|Lilliefors Test,1.0,0.0,0.0,0.0,8,4,4,4,0,0,0,8,fully_labeled,Anderson-Darling Test=include|Shapiro-Wilk Test of Normality=include|Kolmogorov-Smirnov Test for Normality=include|Kolmogorov-Smirnov Test=exclude|Lilliefors Test=include|Kolmogorov-Smirnov Test for Uniform distribution=exclude|Kolmogorov-Smirnov Test for Gamma distribution=exclude|Kolmogorov-Smirnov Test for Exponential distribution=exclude
342,Contingency Table Test,hard,72B,V2,1,0,0,1,1,0,2,1,Chi-square Independence Test|Fisher Exact Test,Chi-square Independence Test,1.0,0.0,0.0,0.0,3,2,1,2,0,0,0,3,fully_labeled,Chi-square Independence Test=include|Fisher Exact Test=include|Mantel-Haenszel Test=exclude
343,Variance Test,hard,72B,V2,1,1,1,1,0,0,2,2,Mood Variance Test|Levene Test,Mood Variance Test|Levene Test,1.0,0.0,0.0,0.0,4,2,2,2,0,0,0,4,fully_labeled,Mood Variance Test=include|Levene Test=include|Bartlett Test=exclude|F-Test for Variance=exclude
344,Distribution Compliance Test,hard,72B,V2,1,0,0,1,1,0,4,3,Anderson-Darling Test|Shapiro-Wilk Test of Normality|Kolmogorov-Smirnov Test for Normality|Lilliefors Test,Anderson-Darling Test|Shapiro-Wilk Test of Normality|Kolmogorov-Smirnov Test for Normality,0.8,0.2,,0.0,5,5,0,4,1,0,0,4,fully_labeled,Anderson-Darling Test=include|Shapiro-Wilk Test of Normality=include|Kolmogorov-Smirnov Test for Normality=include|Kolmogorov-Smirnov Test=include|Lilliefors Test=include
345,Contingency Table Test,hard,72B,V2,1,0,0,1,1,0,2,1,Chi-square Independence Test|Fisher Exact Test,Chi-square Independence Test,1.0,0.0,0.0,0.0,3,2,1,2,0,0,0,3,fully_labeled,Chi-square Independence Test=include|Fisher Exact Test=include|Mantel-Haenszel Test=exclude
346,Variance Test,hard,72B,V2,1,1,1,1,0,0,2,2,Mood Variance Test|Levene Test,Mood Variance Test|Levene Test,1.0,0.0,0.0,0.0,4,2,2,2,0,0,0,4,fully_labeled,Mood Variance Test=include|Levene Test=include|Bartlett Test=exclude|F-Test for Variance=exclude
347,Distribution Compliance Test,hard,72B,V2,1,0,0,1,1,0,4,3,Anderson-Darling Test|Shapiro-Wilk Test of Normality|Kolmogorov-Smirnov Test for Normality|Lilliefors Test,Anderson-Darling Test|Kolmogorov-Smirnov Test for Normality|Lilliefors Test,1.0,0.0,0.0,0.0,8,4,4,4,0,0,0,8,fully_labeled,Anderson-Darling Test=include|Shapiro-Wilk Test of Normality=include|Kolmogorov-Smirnov Test for Normality=include|Kolmogorov-Smirnov Test=exclude|Lilliefors Test=include|Kolmogorov-Smirnov Test for Uniform distribution=exclude|Kolmogorov-Smirnov Test for Gamma distribution=exclude|Kolmogorov-Smirnov Test for Exponential distribution=exclude
348,Distribution Compliance Test,hard,72B,V2,1,0,0,1,1,0,4,3,Anderson-Darling Test|Shapiro-Wilk Test of Normality|Kolmogorov-Smirnov Test for Normality|Lilliefors Test,Anderson-Darling Test|Kolmogorov-Smirnov Test for Normality|Lilliefors Test,0.8,0.2,,0.0,5,5,0,4,1,0,0,4,fully_labeled,Anderson-Darling Test=include|Shapiro-Wilk Test of Normality=include|Kolmogorov-Smirnov Test for Normality=include|Kolmogorov-Smirnov Test=include|Lilliefors Test=include
349,Distribution Compliance Test,hard,72B,V2,1,0,0,1,1,0,4,3,Anderson-Darling Test|Shapiro-Wilk Test of Normality|Kolmogorov-Smirnov Test for Normality|Lilliefors Test,Anderson-Darling Test|Kolmogorov-Smirnov Test for Normality|Lilliefors Test,0.8,0.2,,0.0,5,5,0,4,1,0,0,4,fully_labeled,Anderson-Darling Test=include|Shapiro-Wilk Test of Normality=include|Kolmogorov-Smirnov Test for Normality=include|Kolmogorov-Smirnov Test=include|Lilliefors Test=include
350,Variance Test,easy,72B,V2,1,0,0,1,0,1,3,4,Levene Test|Bartlett Test|F-Test for Variance,Mood Variance Test|Levene Test|Bartlett Test|F-Test for Variance,1.0,0.0,0.0,0.0,4,3,1,3,0,0,0,4,fully_labeled,Mood Variance Test=exclude|Levene Test=include|Bartlett Test=include|F-Test for Variance=include
351,Contingency Table Test,hard,72B,V2,1,0,0,1,1,0,2,1,Chi-square Independence Test|Fisher Exact Test,Fisher Exact Test,1.0,0.0,0.0,0.0,3,2,1,2,0,0,0,3,fully_labeled,Chi-square Independence Test=include|Fisher Exact Test=include|Mantel-Haenszel Test=exclude
352,Descriptive Statistics,easy,72B,V2,1,0,0,1,1,0,3,1,Range|Quartile|Standard Deviation,Range,1.0,0.0,0.0,0.0,8,3,5,3,0,0,0,8,fully_labeled,Mean=exclude|Median=exclude|Mode=exclude|Range=include|Quartile=include|Standard Deviation=include|Skewness=exclude|Kurtosis=exclude
353,Contingency Table Test,hard,72B,V2,1,0,0,1,1,0,2,1,Chi-square Independence Test|Fisher Exact Test,Chi-square Independence Test,1.0,0.0,0.0,0.0,3,2,1,2,0,0,0,3,fully_labeled,Chi-square Independence Test=include|Fisher Exact Test=include|Mantel-Haenszel Test=exclude
354,Variance Test,hard,72B,V2,1,1,1,1,0,0,2,2,Mood Variance Test|Levene Test,Mood Variance Test|Levene Test,1.0,0.0,0.0,0.0,4,2,2,2,0,0,0,4,fully_labeled,Mood Variance Test=include|Levene Test=include|Bartlett Test=exclude|F-Test for Variance=exclude
355,Correlation Analysis,easy,72B,V2,1,1,1,1,0,0,3,3,Pearson Correlation Coefficient|Spearman Correlation Coefficient|Kendall Correlation Coefficient,Pearson Correlation Coefficient|Spearman Correlation Coefficient|Kendall Correlation Coefficient,1.0,0.0,0.0,0.0,27,3,24,3,0,0,0,27,fully_labeled,Pearson Correlation Coefficient=include|Spearman Correlation Coefficient=include|Kendall Correlation Coefficient=include|Partial Correlation Coefficient=exclude|Anderson-Darling Test=exclude|Shapiro-Wilk Test of Normality=exclude|Kolmogorov-Smirnov Test for Normality=exclude|Kolmogorov-Smirnov Test=exclude|Lilliefors Test=exclude|Kolmogorov-Smirnov Test for Uniform distribution=exclude|Kolmogorov-Smirnov Test for Gamma distribution=exclude|Kolmogorov-Smirnov Test for Exponential distribution=exclude|Chi-square Independence Test=exclude|Fisher Exact Test=exclude|Mantel-Haenszel Test=exclude|Mean=exclude|Median=exclude|Mode=exclude|Range=exclude|Quartile=exclude|Standard Deviation=exclude|Skewness=exclude|Kurtosis=exclude|Mood Variance Test=exclude|Levene Test=exclude|Bartlett Test=exclude|F-Test for Variance=exclude
356,Distribution Compliance Test,easy,72B,V2,1,1,1,1,0,0,1,1,Kolmogorov-Smirnov Test,Kolmogorov-Smirnov Test,1.0,0.0,0.0,0.0,8,1,7,1,0,0,0,8,fully_labeled,Anderson-Darling Test=exclude|Shapiro-Wilk Test of Normality=exclude|Kolmogorov-Smirnov Test for Normality=exclude|Kolmogorov-Smirnov Test=include|Lilliefors Test=exclude|Kolmogorov-Smirnov Test for Uniform distribution=exclude|Kolmogorov-Smirnov Test for Gamma distribution=exclude|Kolmogorov-Smirnov Test for Exponential distribution=exclude
357,Correlation Analysis,easy,72B,V2,1,0,0,1,0,1,2,3,Spearman Correlation Coefficient|Kendall Correlation Coefficient,Pearson Correlation Coefficient|Spearman Correlation Coefficient|Kendall Correlation Coefficient,1.0,0.0,0.0,0.0,4,2,2,2,0,0,0,4,fully_labeled,Pearson Correlation Coefficient=exclude|Spearman Correlation Coefficient=include|Kendall Correlation Coefficient=include|Partial Correlation Coefficient=exclude
358,Distribution Compliance Test,easy,72B,V2,1,1,1,1,0,0,1,1,Kolmogorov-Smirnov Test,Kolmogorov-Smirnov Test,1.0,0.0,0.0,0.0,8,1,7,1,0,0,0,8,fully_labeled,Anderson-Darling Test=exclude|Shapiro-Wilk Test of Normality=exclude|Kolmogorov-Smirnov Test for Normality=exclude|Kolmogorov-Smirnov Test=include|Lilliefors Test=exclude|Kolmogorov-Smirnov Test for Uniform distribution=exclude|Kolmogorov-Smirnov Test for Gamma distribution=exclude|Kolmogorov-Smirnov Test for Exponential distribution=exclude
359,Variance Test,hard,72B,V2,1,1,1,1,0,0,2,2,Mood Variance Test|Levene Test,Mood Variance Test|Levene Test,1.0,0.0,0.0,0.0,4,2,2,2,0,0,0,4,fully_labeled,Mood Variance Test=include|Levene Test=include|Bartlett Test=exclude|F-Test for Variance=exclude
360,Contingency Table Test,easy,72B,V2,1,0,0,1,0,1,1,2,Chi-square Independence Test,Chi-square Independence Test|Fisher Exact Test,1.0,0.0,0.0,0.0,3,1,2,1,0,0,0,3,fully_labeled,Chi-square Independence Test=include|Fisher Exact Test=exclude|Mantel-Haenszel Test=exclude
361,Correlation Analysis,easy,72B,V2,1,0,0,1,0,1,1,3,Pearson Correlation Coefficient,Pearson Correlation Coefficient|Spearman Correlation Coefficient|Kendall Correlation Coefficient,1.0,0.0,0.0,0.0,4,1,3,1,0,0,0,4,fully_labeled,Pearson Correlation Coefficient=include|Spearman Correlation Coefficient=exclude|Kendall Correlation Coefficient=exclude|Partial Correlation Coefficient=exclude
362,Distribution Compliance Test,hard,72B,V2,1,0,0,1,1,0,4,3,Anderson-Darling Test|Shapiro-Wilk Test of Normality|Kolmogorov-Smirnov Test for Normality|Lilliefors Test,Anderson-Darling Test|Kolmogorov-Smirnov Test for Normality|Lilliefors Test,1.0,0.0,0.0,0.0,8,4,4,4,0,0,0,8,fully_labeled,Anderson-Darling Test=include|Shapiro-Wilk Test of Normality=include|Kolmogorov-Smirnov Test for Normality=include|Kolmogorov-Smirnov Test=exclude|Lilliefors Test=include|Kolmogorov-Smirnov Test for Uniform distribution=exclude|Kolmogorov-Smirnov Test for Gamma distribution=exclude|Kolmogorov-Smirnov Test for Exponential distribution=exclude
363,Variance Test,hard,72B,V2,1,1,1,1,0,0,2,2,Mood Variance Test|Levene Test,Mood Variance Test|Levene Test,1.0,0.0,0.0,0.0,4,2,2,2,0,0,0,4,fully_labeled,Mood Variance Test=include|Levene Test=include|Bartlett Test=exclude|F-Test for Variance=exclude
364,Variance Test,hard,72B,V2,1,0,0,1,0,1,1,2,Levene Test,Mood Variance Test|Levene Test,1.0,0.0,0.0,0.0,4,1,3,1,0,0,0,4,fully_labeled,Mood Variance Test=exclude|Levene Test=include|Bartlett Test=exclude|F-Test for Variance=exclude
365,Contingency Table Test,easy,72B,V2,1,1,1,1,0,0,2,2,Chi-square Independence Test|Fisher Exact Test,Chi-square Independence Test|Fisher Exact Test,1.0,0.0,0.0,0.0,3,2,1,2,0,0,0,3,fully_labeled,Chi-square Independence Test=include|Fisher Exact Test=include|Mantel-Haenszel Test=exclude
366,Correlation Analysis,easy,72B,V2,1,0,0,1,0,1,1,3,Pearson Correlation Coefficient,Pearson Correlation Coefficient|Spearman Correlation Coefficient|Kendall Correlation Coefficient,1.0,0.0,0.0,0.0,4,1,3,1,0,0,0,4,fully_labeled,Pearson Correlation Coefficient=include|Spearman Correlation Coefficient=exclude|Kendall Correlation Coefficient=exclude|Partial Correlation Coefficient=exclude
367,Distribution Compliance Test,hard,72B,V2,1,0,0,1,0,1,0,3,,Anderson-Darling Test|Shapiro-Wilk Test of Normality|Kolmogorov-Smirnov Test for Normality,1.0,,0.0,,8,0,8,0,0,0,0,8,fully_labeled,Anderson-Darling Test=exclude|Shapiro-Wilk Test of Normality=exclude|Kolmogorov-Smirnov Test for Normality=exclude|Kolmogorov-Smirnov Test=exclude|Lilliefors Test=exclude|Kolmogorov-Smirnov Test for Uniform distribution=exclude|Kolmogorov-Smirnov Test for Gamma distribution=exclude|Kolmogorov-Smirnov Test for Exponential distribution=exclude
368,Distribution Compliance Test,hard,72B,V2,1,0,0,1,1,0,4,3,Anderson-Darling Test|Shapiro-Wilk Test of Normality|Kolmogorov-Smirnov Test for Normality|Lilliefors Test,Anderson-Darling Test|Kolmogorov-Smirnov Test for Normality|Lilliefors Test,0.8,0.2,,0.0,5,5,0,4,1,0,0,4,fully_labeled,Anderson-Darling Test=include|Shapiro-Wilk Test of Normality=include|Kolmogorov-Smirnov Test for Normality=include|Kolmogorov-Smirnov Test=include|Lilliefors Test=include
369,Variance Test,hard,72B,V2,1,1,1,1,0,0,2,2,Mood Variance Test|Levene Test,Mood Variance Test|Levene Test,1.0,0.0,0.0,0.0,4,2,2,2,0,0,0,4,fully_labeled,Mood Variance Test=include|Levene Test=include|Bartlett Test=exclude|F-Test for Variance=exclude
370,Contingency Table Test,easy,72B,V2,1,1,1,1,0,0,2,2,Chi-square Independence Test|Fisher Exact Test,Chi-square Independence Test|Fisher Exact Test,1.0,0.0,0.0,0.0,3,2,1,2,0,0,0,3,fully_labeled,Chi-square Independence Test=include|Fisher Exact Test=include|Mantel-Haenszel Test=exclude
371,Distribution Compliance Test,hard,72B,V2,1,0,0,1,1,0,4,3,Anderson-Darling Test|Shapiro-Wilk Test of Normality|Kolmogorov-Smirnov Test for Normality|Lilliefors Test,Anderson-Darling Test|Shapiro-Wilk Test of Normality|Kolmogorov-Smirnov Test for Normality,0.8,0.2,,0.0,5,5,0,4,1,0,0,4,fully_labeled,Anderson-Darling Test=include|Shapiro-Wilk Test of Normality=include|Kolmogorov-Smirnov Test for Normality=include|Kolmogorov-Smirnov Test=include|Lilliefors Test=include
372,Distribution Compliance Test,hard,72B,V2,1,0,0,1,1,0,4,3,Anderson-Darling Test|Shapiro-Wilk Test of Normality|Kolmogorov-Smirnov Test for Normality|Lilliefors Test,Anderson-Darling Test|Kolmogorov-Smirnov Test for Normality|Lilliefors Test,0.8,0.2,,0.0,5,5,0,4,1,0,0,4,fully_labeled,Anderson-Darling Test=include|Shapiro-Wilk Test of Normality=include|Kolmogorov-Smirnov Test for Normality=include|Kolmogorov-Smirnov Test=include|Lilliefors Test=include
373,Descriptive Statistics,easy,72B,V2,1,0,0,1,1,1,3,1,Kolmogorov-Smirnov Test|Kolmogorov-Smirnov Test for Gamma distribution|Kolmogorov-Smirnov Test for Exponential distribution,Kurtosis,1.0,0.0,0.0,0.0,8,3,5,3,0,0,0,8,fully_labeled,Anderson-Darling Test=exclude|Shapiro-Wilk Test of Normality=exclude|Kolmogorov-Smirnov Test for Normality=exclude|Kolmogorov-Smirnov Test=include|Lilliefors Test=exclude|Kolmogorov-Smirnov Test for Uniform distribution=exclude|Kolmogorov-Smirnov Test for Gamma distribution=include|Kolmogorov-Smirnov Test for Exponential distribution=include
374,Contingency Table Test,easy,72B,V2,1,1,1,1,0,0,2,2,Chi-square Independence Test|Fisher Exact Test,Chi-square Independence Test|Fisher Exact Test,1.0,0.0,0.0,0.0,3,2,1,2,0,0,0,3,fully_labeled,Chi-square Independence Test=include|Fisher Exact Test=include|Mantel-Haenszel Test=exclude
375,Distribution Compliance Test,hard,72B,V2,1,0,0,1,1,0,4,3,Anderson-Darling Test|Shapiro-Wilk Test of Normality|Kolmogorov-Smirnov Test for Normality|Lilliefors Test,Anderson-Darling Test|Kolmogorov-Smirnov Test for Normality|Lilliefors Test,0.6666666666666666,0.3333333333333333,,0.0,6,6,0,4,2,0,0,4,fully_labeled,Standard Deviation=include|Anderson-Darling Test=include|Shapiro-Wilk Test of Normality=include|Kolmogorov-Smirnov Test for Normality=include|Kolmogorov-Smirnov Test=include|Lilliefors Test=include
376,Distribution Compliance Test,easy,72B,V2,1,1,1,1,0,0,1,1,Kolmogorov-Smirnov Test,Kolmogorov-Smirnov Test,1.0,0.0,0.0,0.0,12,1,11,1,0,0,0,12,fully_labeled,Anderson-Darling Test=exclude|Shapiro-Wilk Test of Normality=exclude|Kolmogorov-Smirnov Test for Normality=exclude|Kolmogorov-Smirnov Test=include|Lilliefors Test=exclude|Kolmogorov-Smirnov Test for Uniform distribution=exclude|Kolmogorov-Smirnov Test for Gamma distribution=exclude|Kolmogorov-Smirnov Test for Exponential distribution=exclude|Mood Variance Test=exclude|Levene Test=exclude|Bartlett Test=exclude|F-Test for Variance=exclude
377,Variance Test,hard,72B,V2,1,1,1,1,0,0,2,2,Mood Variance Test|Levene Test,Mood Variance Test|Levene Test,1.0,0.0,0.0,0.0,4,2,2,2,0,0,0,4,fully_labeled,Mood Variance Test=include|Levene Test=include|Bartlett Test=exclude|F-Test for Variance=exclude
378,Distribution Compliance Test,easy,72B,V2,1,0,0,1,1,1,2,1,Spearman Correlation Coefficient|Kendall Correlation Coefficient,Kolmogorov-Smirnov Test,1.0,0.0,0.0,0.0,4,2,2,2,0,0,0,4,fully_labeled,Pearson Correlation Coefficient=exclude|Spearman Correlation Coefficient=include|Kendall Correlation Coefficient=include|Partial Correlation Coefficient=exclude
379,Contingency Table Test,hard,72B,V2,1,0,0,1,1,0,2,1,Chi-square Independence Test|Fisher Exact Test,Chi-square Independence Test,1.0,0.0,0.0,0.0,3,2,1,2,0,0,0,3,fully_labeled,Chi-square Independence Test=include|Fisher Exact Test=include|Mantel-Haenszel Test=exclude
380,Distribution Compliance Test,hard,72B,V2,1,0,0,1,1,1,3,3,Shapiro-Wilk Test of Normality|Kolmogorov-Smirnov Test for Normality|Lilliefors Test,Anderson-Darling Test|Kolmogorov-Smirnov Test for Normality|Lilliefors Test,0.8888888888888888,0.25,0.0,0.0,9,4,5,3,1,0,0,8,fully_labeled,Anderson-Darling Test=exclude|Shapiro-Wilk Test of Normality=include|Mode=include|Kolmogorov-Smirnov Test for Normality=include|Kolmogorov-Smirnov Test=exclude|Lilliefors Test=include|Kolmogorov-Smirnov Test for Uniform distribution=exclude|Kolmogorov-Smirnov Test for Gamma distribution=exclude|Kolmogorov-Smirnov Test for Exponential distribution=exclude
381,Distribution Compliance Test,hard,72B,V2,1,0,0,1,1,0,4,3,Anderson-Darling Test|Shapiro-Wilk Test of Normality|Kolmogorov-Smirnov Test for Normality|Lilliefors Test,Anderson-Darling Test|Kolmogorov-Smirnov Test for Normality|Lilliefors Test,1.0,0.0,0.0,0.0,8,4,4,4,0,0,0,8,fully_labeled,Anderson-Darling Test=include|Shapiro-Wilk Test of Normality=include|Kolmogorov-Smirnov Test for Normality=include|Kolmogorov-Smirnov Test=exclude|Lilliefors Test=include|Kolmogorov-Smirnov Test for Uniform distribution=exclude|Kolmogorov-Smirnov Test for Gamma distribution=exclude|Kolmogorov-Smirnov Test for Exponential distribution=exclude
382,Distribution Compliance Test,hard,72B,V2,1,0,0,1,1,1,3,3,Anderson-Darling Test|Shapiro-Wilk Test of Normality|Kolmogorov-Smirnov Test for Normality,Anderson-Darling Test|Kolmogorov-Smirnov Test for Normality|Lilliefors Test,0.8888888888888888,0.25,0.0,0.0,9,4,5,3,1,0,0,8,fully_labeled,Anderson-Darling Test=include|Shapiro-Wilk Test of Normality=include|Mode=include|Kolmogorov-Smirnov Test for Normality=include|Kolmogorov-Smirnov Test=exclude|Lilliefors Test=exclude|Kolmogorov-Smirnov Test for Uniform distribution=exclude|Kolmogorov-Smirnov Test for Gamma distribution=exclude|Kolmogorov-Smirnov Test for Exponential distribution=exclude
383,Variance Test,hard,72B,V2,1,1,1,1,0,0,2,2,Mood Variance Test|Levene Test,Mood Variance Test|Levene Test,1.0,0.0,0.0,0.0,4,2,2,2,0,0,0,4,fully_labeled,Mood Variance Test=include|Levene Test=include|Bartlett Test=exclude|F-Test for Variance=exclude
384,Variance Test,hard,72B,V2,1,1,1,1,0,0,2,2,Mood Variance Test|Levene Test,Mood Variance Test|Levene Test,1.0,0.0,0.0,0.0,4,2,2,2,0,0,0,4,fully_labeled,Mood Variance Test=include|Levene Test=include|Bartlett Test=exclude|F-Test for Variance=exclude
385,Contingency Table Test,hard,72B,V2,1,0,0,1,1,0,2,1,Chi-square Independence Test|Fisher Exact Test,Chi-square Independence Test,1.0,0.0,0.0,0.0,3,2,1,2,0,0,0,3,fully_labeled,Chi-square Independence Test=include|Fisher Exact Test=include|Mantel-Haenszel Test=exclude
386,Variance Test,hard,72B,V2,1,1,1,1,0,0,2,2,Mood Variance Test|Levene Test,Mood Variance Test|Levene Test,1.0,0.0,0.0,0.0,4,2,2,2,0,0,0,4,fully_labeled,Mood Variance Test=include|Levene Test=include|Bartlett Test=exclude|F-Test for Variance=exclude
387,Contingency Table Test,hard,72B,V2,1,0,0,1,1,0,2,1,Chi-square Independence Test|Fisher Exact Test,Chi-square Independence Test,1.0,0.0,0.0,0.0,3,2,1,2,0,0,0,3,fully_labeled,Chi-square Independence Test=include|Fisher Exact Test=include|Mantel-Haenszel Test=exclude
388,Correlation Analysis,easy,72B,V2,1,0,0,1,0,1,2,3,Spearman Correlation Coefficient|Kendall Correlation Coefficient,Pearson Correlation Coefficient|Spearman Correlation Coefficient|Kendall Correlation Coefficient,1.0,0.0,0.0,0.0,4,2,2,2,0,0,0,4,partially_labeled,Pearson Correlation Coefficient=exclude|Spearman Correlation Coefficient=include|Kendall Correlation Coefficient=include|Partial Correlation Coefficient=exclude
389,Distribution Compliance Test,hard,72B,V2,1,0,0,1,1,0,4,3,Anderson-Darling Test|Shapiro-Wilk Test of Normality|Kolmogorov-Smirnov Test for Normality|Lilliefors Test,Anderson-Darling Test|Shapiro-Wilk Test of Normality|Kolmogorov-Smirnov Test for Normality,1.0,0.0,0.0,0.0,8,4,4,4,0,0,0,8,fully_labeled,Anderson-Darling Test=include|Shapiro-Wilk Test of Normality=include|Kolmogorov-Smirnov Test for Normality=include|Kolmogorov-Smirnov Test=exclude|Lilliefors Test=include|Kolmogorov-Smirnov Test for Uniform distribution=exclude|Kolmogorov-Smirnov Test for Gamma distribution=exclude|Kolmogorov-Smirnov Test for Exponential distribution=exclude
390,Contingency Table Test,easy,72B,V2,1,1,1,1,0,0,2,2,Chi-square Independence Test|Fisher Exact Test,Chi-square Independence Test|Fisher Exact Test,1.0,0.0,0.0,0.0,3,2,1,2,0,0,0,3,fully_labeled,Chi-square Independence Test=include|Fisher Exact Test=include|Mantel-Haenszel Test=exclude
391,Distribution Compliance Test,hard,72B,V2,1,0,0,1,1,0,4,3,Anderson-Darling Test|Shapiro-Wilk Test of Normality|Kolmogorov-Smirnov Test for Normality|Lilliefors Test,Anderson-Darling Test|Kolmogorov-Smirnov Test for Normality|Lilliefors Test,1.0,0.0,0.0,0.0,8,4,4,4,0,0,0,8,fully_labeled,Anderson-Darling Test=include|Shapiro-Wilk Test of Normality=include|Kolmogorov-Smirnov Test for Normality=include|Kolmogorov-Smirnov Test=exclude|Lilliefors Test=include|Kolmogorov-Smirnov Test for Uniform distribution=exclude|Kolmogorov-Smirnov Test for Gamma distribution=exclude|Kolmogorov-Smirnov Test for Exponential distribution=exclude
392,Contingency Table Test,easy,72B,V2,1,1,1,1,0,0,2,2,Chi-square Independence Test|Fisher Exact Test,Chi-square Independence Test|Fisher Exact Test,1.0,0.0,0.0,0.0,3,2,1,2,0,0,0,3,fully_labeled,Chi-square Independence Test=include|Fisher Exact Test=include|Mantel-Haenszel Test=exclude
393,Distribution Compliance Test,hard,72B,V2,1,1,1,1,0,0,3,3,Anderson-Darling Test|Shapiro-Wilk Test of Normality|Kolmogorov-Smirnov Test for Normality,Anderson-Darling Test|Shapiro-Wilk Test of Normality|Kolmogorov-Smirnov Test for Normality,0.8,0.25,0.0,0.0,5,4,1,3,1,0,0,4,fully_labeled,Anderson-Darling Test=include|Shapiro-Wilk Test of Normality=include|Kolmogorov-Smirnov Test for Normality=include|Kolmogorov-Smirnov Test=include|Lilliefors Test=exclude
394,Distribution Compliance Test,hard,72B,V2,1,0,0,1,1,0,4,3,Anderson-Darling Test|Shapiro-Wilk Test of Normality|Kolmogorov-Smirnov Test for Normality|Lilliefors Test,Anderson-Darling Test|Kolmogorov-Smirnov Test for Normality|Lilliefors Test,0.8888888888888888,0.2,0.0,0.0,9,5,4,4,1,0,0,8,fully_labeled,Anderson-Darling Test=include|Shapiro-Wilk Test of Normality=include|Mode=include|Kolmogorov-Smirnov Test for Normality=include|Kolmogorov-Smirnov Test=exclude|Lilliefors Test=include|Kolmogorov-Smirnov Test for Uniform distribution=exclude|Kolmogorov-Smirnov Test for Gamma distribution=exclude|Kolmogorov-Smirnov Test for Exponential distribution=exclude
395,Distribution Compliance Test,hard,72B,V2,1,0,0,1,0,1,1,3,Shapiro-Wilk Test of Normality,Anderson-Darling Test|Shapiro-Wilk Test of Normality|Kolmogorov-Smirnov Test for Normality,1.0,0.0,0.0,0.0,5,1,4,1,0,0,0,5,fully_labeled,Anderson-Darling Test=exclude|Shapiro-Wilk Test of Normality=include|Kolmogorov-Smirnov Test for Normality=exclude|Kolmogorov-Smirnov Test=exclude|Lilliefors Test=exclude
396,Distribution Compliance Test,hard,72B,V2,1,0,0,1,1,0,4,3,Anderson-Darling Test|Shapiro-Wilk Test of Normality|Kolmogorov-Smirnov Test for Normality|Lilliefors Test,Anderson-Darling Test|Kolmogorov-Smirnov Test for Normality|Lilliefors Test,1.0,0.0,0.0,0.0,8,4,4,4,0,0,0,8,fully_labeled,Anderson-Darling Test=include|Shapiro-Wilk Test of Normality=include|Kolmogorov-Smirnov Test for Normality=include|Kolmogorov-Smirnov Test=exclude|Lilliefors Test=include|Kolmogorov-Smirnov Test for Uniform distribution=exclude|Kolmogorov-Smirnov Test for Gamma distribution=exclude|Kolmogorov-Smirnov Test for Exponential distribution=exclude
397,Variance Test,hard,72B,V2,1,1,1,1,0,0,2,2,Mood Variance Test|Levene Test,Mood Variance Test|Levene Test,1.0,0.0,0.0,0.0,4,2,2,2,0,0,0,4,fully_labeled,Mood Variance Test=include|Levene Test=include|Bartlett Test=exclude|F-Test for Variance=exclude
