row_id,task,difficulty,model,variant,valid,overall_correct,methods_correct,columns_correct,over_selection,under_selection,n_pred_methods,n_gt_methods,pred_methods,gt_methods,ssc,drop_rate,add_rate_in,add_rate_out,n_summary,n_summary_applicable,n_summary_notapplicable,n_final_methods,n_dropped,n_added_in,n_added_out,n_consistent,label_clarity_auto,verdicts
0,Variance Test,hard,72B,V1,1,1,1,1,0,0,2,2,Mood Variance Test|Levene Test,Mood Variance Test|Levene Test,0.6666666666666666,0.3333333333333333,,0.0,3,3,0,2,1,0,0,2,partially_labeled,Mode=include|Levene Test=include|Mood Variance Test=include
1,Variance Test,easy,72B,V1,1,0,0,1,0,1,2,4,Bartlett Test|F-Test for Variance,Mood Variance Test|Levene Test|Bartlett Test|F-Test for Variance,0.6666666666666666,0.3333333333333333,,0.0,3,3,0,2,1,0,0,2,partially_labeled,Mood Variance Test=include|Bartlett Test=include|F-Test for Variance=include
2,Distribution Compliance Test,easy,72B,V1,1,0,0,1,1,0,2,1,Anderson-Darling Test|Kolmogorov-Smirnov Test,Kolmogorov-Smirnov Test,1.0,0.0,,0.0,2,2,0,2,0,0,0,2,partially_labeled,Anderson-Darling Test=include|Kolmogorov-Smirnov Test=include
3,Distribution Compliance Test,hard,72B,V1,1,0,0,1,1,0,4,3,Anderson-Darling Test|Shapiro-Wilk Test of Normality|Kolmogorov-Smirnov Test for Normality|Lilliefors Test,Anderson-Darling Test|Kolmogorov-Smirnov Test for Normality|Lilliefors Test,0.7777777777777778,0.3333333333333333,0.0,0.0,9,6,3,4,2,0,0,7,fully_labeled,Anderson-Darling Test=include|Shapiro-Wilk Test of Normality=include|Mode=include|Kolmogorov-Smirnov Test for Normality=include|Kolmogorov-Smirnov Test=include|Lilliefors Test=include|Kolmogorov-Smirnov Test for Uniform distribution=exclude|Kolmogorov-Smirnov Test for Gamma distribution=exclude|Kolmogorov-Smirnov Test for Exponential distribution=exclude
4,Distribution Compliance Test,hard,72B,V1,1,0,0,1,1,0,4,3,Anderson-Darling Test|Shapiro-Wilk Test of Normality|Kolmogorov-Smirnov Test for Normality|Lilliefors Test,Anderson-Darling Test|Shapiro-Wilk Test of Normality|Kolmogorov-Smirnov Test for Normality,0.875,0.2,0.0,0.0,8,5,3,4,1,0,0,7,fully_labeled,Anderson-Darling Test=include|Shapiro-Wilk Test of Normality=include|Kolmogorov-Smirnov Test for Normality=include|Kolmogorov-Smirnov Test=include|Lilliefors Test=include|Kolmogorov-Smirnov Test for Uniform distribution=exclude|Kolmogorov-Smirnov Test for Gamma distribution=exclude|Kolmogorov-Smirnov Test for Exponential distribution=exclude
5,Descriptive Statistics,easy,72B,V1,1,0,0,1,1,0,3,1,Range|Quartile|Standard Deviation,Range,1.0,0.0,,0.3333333333333333,2,2,0,3,0,0,1,2,partially_labeled,Range=include|Quartile=include
6,Variance Test,hard,72B,V1,1,1,1,1,0,0,2,2,Mood Variance Test|Levene Test,Mood Variance Test|Levene Test,0.0,1.0,,1.0,1,1,0,2,1,0,2,0,partially_labeled,Bartlett Test=include
7,Contingency Table Test,hard,72B,V1,1,1,1,1,0,0,1,1,Chi-square Independence Test,Chi-square Independence Test,,,,1.0,0,0,0,1,0,0,1,0,narrative_only,
8,Variance Test,hard,72B,V1,1,1,1,1,0,0,2,2,Mood Variance Test|Levene Test,Mood Variance Test|Levene Test,0.5,0.5,,0.5,2,2,0,2,1,0,1,1,partially_labeled,Mode=include|Levene Test=include
9,Distribution Compliance Test,hard,72B,V1,1,0,0,1,1,0,5,3,Anderson-Darling Test|Shapiro-Wilk Test of Normality|Kolmogorov-Smirnov Test for Normality|Lilliefors Test|Kolmogorov-Smirnov Test,Anderson-Darling Test|Kolmogorov-Smirnov Test for Normality|Lilliefors Test,0.8,0.2,,0.2,5,5,0,5,1,0,1,4,partially_labeled,Anderson-Darling Test=include|Shapiro-Wilk Test of Normality=include|Mode=include|Kolmogorov-Smirnov Test for Normality=include|Kolmogorov-Smirnov Test=include
10,Correlation Analysis,easy,72B,V1,1,0,0,1,0,1,2,3,Spearman Correlation Coefficient|Kendall Correlation Coefficient,Pearson Correlation Coefficient|Spearman Correlation Coefficient|Kendall Correlation Coefficient,1.0,0.0,0.0,0.0,3,2,1,2,0,0,0,3,partially_labeled,Spearman Correlation Coefficient=include|Kendall Correlation Coefficient=include|Partial Correlation Coefficient=exclude
11,Variance Test,hard,72B,V1,1,1,1,1,0,0,2,2,Mood Variance Test|Levene Test,Mood Variance Test|Levene Test,0.5,0.5,,0.0,4,4,0,2,2,0,0,2,fully_labeled,Mood Variance Test=include|Levene Test=include|Bartlett Test=include|F-Test for Variance=include
12,Distribution Compliance Test,easy,72B,V1,1,0,0,1,1,0,2,1,Anderson-Darling Test|Kolmogorov-Smirnov Test,Kolmogorov-Smirnov Test,0.8571428571428571,,0.14285714285714285,0.5,7,0,7,2,0,1,1,6,partially_labeled,Shapiro-Wilk Test of Normality=exclude|Kolmogorov-Smirnov Test for Normality=exclude|Kolmogorov-Smirnov Test=exclude|Lilliefors Test=exclude|Kolmogorov-Smirnov Test for Uniform distribution=exclude|Kolmogorov-Smirnov Test for Gamma distribution=exclude|Kolmogorov-Smirnov Test for Exponential distribution=exclude
13,Contingency Table Test,hard,72B,V1,1,0,0,1,1,0,2,1,Chi-square Independence Test|Fisher Exact Test,Chi-square Independence Test,,,,1.0,0,0,0,2,0,0,2,0,narrative_only,
14,Contingency Table Test,easy,72B,V1,1,0,0,0,0,1,1,2,Chi-square Independence Test,Chi-square Independence Test|Fisher Exact Test,,,,1.0,0,0,0,1,0,0,1,0,narrative_only,
15,Contingency Table Test,hard,72B,V1,1,0,0,1,1,0,2,1,Chi-square Independence Test|Fisher Exact Test,Chi-square Independence Test,1.0,,0.0,1.0,1,0,1,2,0,0,2,1,partially_labeled,Mantel-Haenszel Test=exclude
16,Contingency Table Test,hard,72B,V1,1,1,1,1,0,0,1,1,Chi-square Independence Test,Chi-square Independence Test,,,,1.0,0,0,0,1,0,0,1,0,narrative_only,
17,Distribution Compliance Test,easy,72B,V1,1,1,1,1,0,0,1,1,Kolmogorov-Smirnov Test,Kolmogorov-Smirnov Test,0.5,0.5,,0.0,2,2,0,1,1,0,0,1,partially_labeled,Anderson-Darling Test=include|Kolmogorov-Smirnov Test=include
18,Variance Test,hard,72B,V1,1,1,1,1,0,0,2,2,Mood Variance Test|Levene Test,Mood Variance Test|Levene Test,1.0,0.0,0.0,0.5,3,1,2,2,0,0,1,3,partially_labeled,Levene Test=include|Bartlett Test=exclude|F-Test for Variance=exclude
19,Variance Test,hard,72B,V1,1,1,1,1,0,0,2,2,Mood Variance Test|Levene Test,Mood Variance Test|Levene Test,0.0,,1.0,0.0,2,0,2,2,0,2,0,0,partially_labeled,Mood Variance Test=exclude|Levene Test=exclude
20,Variance Test,hard,72B,V1,1,1,1,1,0,0,2,2,Mood Variance Test|Levene Test,Mood Variance Test|Levene Test,1.0,0.0,,0.0,2,2,0,2,0,0,0,2,partially_labeled,Mood Variance Test=include|Levene Test=include
21,Distribution Compliance Test,easy,72B,V1,1,1,1,1,0,0,1,1,Kolmogorov-Smirnov Test,Kolmogorov-Smirnov Test,0.875,,0.125,0.0,8,0,8,1,0,1,0,7,fully_labeled,Anderson-Darling Test=exclude|Shapiro-Wilk Test of Normality=exclude|Kolmogorov-Smirnov Test for Normality=exclude|Kolmogorov-Smirnov Test=exclude|Lilliefors Test=exclude|Kolmogorov-Smirnov Test for Uniform distribution=exclude|Kolmogorov-Smirnov Test for Gamma distribution=exclude|Kolmogorov-Smirnov Test for Exponential distribution=exclude
22,Variance Test,easy,72B,V1,1,0,0,1,0,1,3,4,Levene Test|Bartlett Test|F-Test for Variance,Mood Variance Test|Levene Test|Bartlett Test|F-Test for Variance,0.6666666666666666,0.3333333333333333,,0.3333333333333333,3,3,0,3,1,0,1,2,partially_labeled,Mood Variance Test=include|Bartlett Test=include|F-Test for Variance=include
23,Correlation Analysis,hard,72B,V1,1,0,0,1,1,1,1,1,Pearson Correlation Coefficient,Kendall Correlation Coefficient,1.0,0.0,,0.0,1,1,0,1,0,0,0,1,partially_labeled,Pearson Correlation Coefficient=include
24,Variance Test,hard,72B,V1,1,1,1,1,0,0,2,2,Mood Variance Test|Levene Test,Mood Variance Test|Levene Test,,,,1.0,0,0,0,2,0,0,2,0,narrative_only,
25,Correlation Analysis,easy,72B,V1,1,0,0,1,0,1,2,3,Spearman Correlation Coefficient|Kendall Correlation Coefficient,Pearson Correlation Coefficient|Spearman Correlation Coefficient|Kendall Correlation Coefficient,1.0,0.0,,0.0,2,2,0,2,0,0,0,2,partially_labeled,Spearman Correlation Coefficient=include|Kendall Correlation Coefficient=include
26,Contingency Table Test,easy,72B,V1,1,0,0,1,0,1,1,2,Chi-square Independence Test,Chi-square Independence Test|Fisher Exact Test,,,,1.0,0,0,0,1,0,0,1,0,narrative_only,
27,Variance Test,easy,72B,V1,1,0,0,1,0,1,3,4,Levene Test|Bartlett Test|F-Test for Variance,Mood Variance Test|Levene Test|Bartlett Test|F-Test for Variance,0.75,0.25,,0.0,4,4,0,3,1,0,0,3,fully_labeled,Mood Variance Test=include|Levene Test=include|Bartlett Test=include|F-Test for Variance=include
28,Variance Test,hard,72B,V1,1,1,1,1,0,0,2,2,Mood Variance Test|Levene Test,Mood Variance Test|Levene Test,1.0,0.0,0.0,0.5,2,1,1,2,0,0,1,2,partially_labeled,Mood Variance Test=include|F-Test for Variance=exclude
29,Distribution Compliance Test,easy,72B,V1,1,1,1,1,0,0,1,1,Kolmogorov-Smirnov Test,Kolmogorov-Smirnov Test,,,,1.0,0,0,0,1,0,0,1,0,narrative_only,
30,Variance Test,hard,72B,V1,1,1,1,1,0,0,2,2,Mood Variance Test|Levene Test,Mood Variance Test|Levene Test,1.0,0.0,,0.5,1,1,0,2,0,0,1,1,partially_labeled,Mood Variance Test=include
31,Contingency Table Test,hard,72B,V1,1,0,0,1,1,1,1,1,Chi-square Independence Test,Fisher Exact Test,1.0,,0.0,1.0,1,0,1,1,0,0,1,1,partially_labeled,Mantel-Haenszel Test=exclude
32,Variance Test,hard,72B,V1,1,1,1,1,0,0,2,2,Mood Variance Test|Levene Test,Mood Variance Test|Levene Test,1.0,0.0,,0.0,2,2,0,2,0,0,0,2,partially_labeled,Mood Variance Test=include|Levene Test=include
33,Distribution Compliance Test,hard,72B,V1,1,0,0,1,1,0,4,3,Anderson-Darling Test|Shapiro-Wilk Test of Normality|Kolmogorov-Smirnov Test for Normality|Lilliefors Test,Anderson-Darling Test|Kolmogorov-Smirnov Test for Normality|Lilliefors Test,0.7777777777777778,0.3333333333333333,0.0,0.0,9,6,3,4,2,0,0,7,fully_labeled,Anderson-Darling Test=include|Shapiro-Wilk Test of Normality=include|Mode=include|Kolmogorov-Smirnov Test for Normality=include|Kolmogorov-Smirnov Test=include|Lilliefors Test=include|Kolmogorov-Smirnov Test for Uniform distribution=exclude|Kolmogorov-Smirnov Test for Gamma distribution=exclude|Kolmogorov-Smirnov Test for Exponential distribution=exclude
34,Distribution Compliance Test,hard,72B,V1,1,0,0,1,1,0,5,3,Anderson-Darling Test|Shapiro-Wilk Test of Normality|Kolmogorov-Smirnov Test for Normality|Lilliefors Test|Kolmogorov-Smirnov Test,Anderson-Darling Test|Kolmogorov-Smirnov Test for Normality|Lilliefors Test,1.0,0.0,,0.8,1,1,0,5,0,0,4,1,partially_labeled,Shapiro-Wilk Test of Normality=include
35,Variance Test,hard,72B,V1,1,1,1,1,0,0,2,2,Mood Variance Test|Levene Test,Mood Variance Test|Levene Test,0.5,0.5,,0.0,4,4,0,2,2,0,0,2,partially_labeled,Levene Test=include|Median=include|F-Test for Variance=include|Mood Variance Test=include
36,Variance Test,hard,72B,V1,1,1,1,1,0,0,2,2,Mood Variance Test|Levene Test,Mood Variance Test|Levene Test,,,,1.0,0,0,0,2,0,0,2,0,narrative_only,
37,Distribution Compliance Test,hard,72B,V1,1,0,0,1,1,0,4,3,Anderson-Darling Test|Shapiro-Wilk Test of Normality|Kolmogorov-Smirnov Test for Normality|Lilliefors Test,Anderson-Darling Test|Shapiro-Wilk Test of Normality|Kolmogorov-Smirnov Test for Normality,0.875,0.2,0.0,0.0,8,5,3,4,1,0,0,7,fully_labeled,Anderson-Darling Test=include|Shapiro-Wilk Test of Normality=include|Kolmogorov-Smirnov Test for Normality=include|Kolmogorov-Smirnov Test=include|Lilliefors Test=include|Kolmogorov-Smirnov Test for Uniform distribution=exclude|Kolmogorov-Smirnov Test for Gamma distribution=exclude|Kolmogorov-Smirnov Test for Exponential distribution=exclude
38,Variance Test,hard,72B,V1,1,1,1,1,0,0,2,2,Mood Variance Test|Levene Test,Mood Variance Test|Levene Test,1.0,0.0,0.0,0.0,4,2,2,2,0,0,0,4,fully_labeled,Mood Variance Test=include|Levene Test=include|Bartlett Test=exclude|F-Test for Variance=exclude
39,Distribution Compliance Test,hard,72B,V1,1,0,0,1,1,0,4,3,Anderson-Darling Test|Shapiro-Wilk Test of Normality|Kolmogorov-Smirnov Test for Normality|Lilliefors Test,Anderson-Darling Test|Kolmogorov-Smirnov Test for Normality|Lilliefors Test,0.7777777777777778,0.3333333333333333,0.0,0.0,9,6,3,4,2,0,0,7,fully_labeled,Anderson-Darling Test=include|Mode=include|Shapiro-Wilk Test of Normality=include|Kolmogorov-Smirnov Test for Normality=include|Kolmogorov-Smirnov Test=include|Lilliefors Test=include|Kolmogorov-Smirnov Test for Uniform distribution=exclude|Kolmogorov-Smirnov Test for Gamma distribution=exclude|Kolmogorov-Smirnov Test for Exponential distribution=exclude
40,Variance Test,hard,72B,V1,1,1,1,1,0,0,2,2,Mood Variance Test|Levene Test,Mood Variance Test|Levene Test,,,,1.0,0,0,0,2,0,0,2,0,narrative_only,
41,Variance Test,hard,72B,V1,1,1,1,1,0,0,2,2,Mood Variance Test|Levene Test,Mood Variance Test|Levene Test,1.0,0.0,,0.0,2,2,0,2,0,0,0,2,partially_labeled,Mood Variance Test=include|Levene Test=include
42,Descriptive Statistics,easy,72B,V1,1,0,0,1,1,0,6,1,Mean|Median|Mode|Quartile|Standard Deviation|Skewness,Skewness,1.0,0.0,0.0,0.0,8,6,2,6,0,0,0,8,fully_labeled,Skewness=include|Mean=include|Median=include|Mode=include|Range=exclude|Quartile=include|Standard Deviation=include|Kurtosis=exclude
43,Distribution Compliance Test,hard,72B,V1,1,0,0,1,1,0,4,3,Anderson-Darling Test|Shapiro-Wilk Test of Normality|Kolmogorov-Smirnov Test for Normality|Lilliefors Test,Anderson-Darling Test|Shapiro-Wilk Test of Normality|Kolmogorov-Smirnov Test for Normality,0.875,0.2,0.0,0.0,8,5,3,4,1,0,0,7,fully_labeled,Anderson-Darling Test=include|Shapiro-Wilk Test of Normality=include|Kolmogorov-Smirnov Test for Normality=include|Kolmogorov-Smirnov Test=include|Lilliefors Test=include|Kolmogorov-Smirnov Test for Uniform distribution=exclude|Kolmogorov-Smirnov Test for Gamma distribution=exclude|Kolmogorov-Smirnov Test for Exponential distribution=exclude
44,Distribution Compliance Test,hard,72B,V1,1,0,0,1,1,0,4,3,Anderson-Darling Test|Shapiro-Wilk Test of Normality|Kolmogorov-Smirnov Test for Normality|Lilliefors Test,Anderson-Darling Test|Kolmogorov-Smirnov Test for Normality|Lilliefors Test,0.8,0.2,,0.0,5,5,0,4,1,0,0,4,fully_labeled,Shapiro-Wilk Test of Normality=include|Lilliefors Test=include|Anderson-Darling Test=include|Kolmogorov-Smirnov Test=include|Kolmogorov-Smirnov Test for Normality=include
45,Variance Test,hard,72B,V1,1,1,1,1,0,0,2,2,Mood Variance Test|Levene Test,Mood Variance Test|Levene Test,0.5,0.5,,0.0,4,4,0,2,2,0,0,2,fully_labeled,Mood Variance Test=include|Levene Test=include|Bartlett Test=include|F-Test for Variance=include
46,Distribution Compliance Test,hard,72B,V1,1,0,0,1,1,0,4,3,Anderson-Darling Test|Shapiro-Wilk Test of Normality|Kolmogorov-Smirnov Test for Normality|Lilliefors Test,Anderson-Darling Test|Kolmogorov-Smirnov Test for Normality|Lilliefors Test,0.875,0.2,0.0,0.0,8,5,3,4,1,0,0,7,fully_labeled,Anderson-Darling Test=include|Shapiro-Wilk Test of Normality=include|Kolmogorov-Smirnov Test for Normality=include|Kolmogorov-Smirnov Test=include|Lilliefors Test=include|Kolmogorov-Smirnov Test for Uniform distribution=exclude|Kolmogorov-Smirnov Test for Gamma distribution=exclude|Kolmogorov-Smirnov Test for Exponential distribution=exclude
47,Distribution Compliance Test,easy,72B,V1,1,0,0,1,1,0,2,1,Anderson-Darling Test|Kolmogorov-Smirnov Test,Kolmogorov-Smirnov Test,0.875,0.0,0.14285714285714285,0.0,8,1,7,2,0,1,0,7,fully_labeled,Anderson-Darling Test=include|Shapiro-Wilk Test of Normality=exclude|Kolmogorov-Smirnov Test for Normality=exclude|Kolmogorov-Smirnov Test=exclude|Lilliefors Test=exclude|Kolmogorov-Smirnov Test for Uniform distribution=exclude|Kolmogorov-Smirnov Test for Gamma distribution=exclude|Kolmogorov-Smirnov Test for Exponential distribution=exclude
48,Descriptive Statistics,easy,72B,V1,1,0,0,1,1,0,5,1,Skewness|Anderson-Darling Test|Shapiro-Wilk Test of Normality|Kolmogorov-Smirnov Test for Normality|Lilliefors Test,Skewness,0.8,0.2,,0.2,5,5,0,5,1,0,1,4,partially_labeled,Anderson-Darling Test=include|Shapiro-Wilk Test of Normality=include|Kolmogorov-Smirnov Test for Normality=include|Kolmogorov-Smirnov Test=include|Lilliefors Test=include
49,Variance Test,easy,72B,V1,1,1,1,1,0,0,4,4,Mood Variance Test|Levene Test|Bartlett Test|F-Test for Variance,Mood Variance Test|Levene Test|Bartlett Test|F-Test for Variance,,,,1.0,0,0,0,4,0,0,4,0,narrative_only,
50,Variance Test,easy,72B,V1,1,0,0,1,0,1,3,4,Levene Test|Bartlett Test|F-Test for Variance,Mood Variance Test|Levene Test|Bartlett Test|F-Test for Variance,0.75,0.25,,0.0,4,4,0,3,1,0,0,3,fully_labeled,Mood Variance Test=include|Levene Test=include|Bartlett Test=include|F-Test for Variance=include
51,Correlation Analysis,easy,72B,V1,1,0,0,1,0,1,2,3,Spearman Correlation Coefficient|Kendall Correlation Coefficient,Pearson Correlation Coefficient|Spearman Correlation Coefficient|Kendall Correlation Coefficient,,,,1.0,0,0,0,2,0,0,2,0,narrative_only,
52,Distribution Compliance Test,easy,72B,V1,1,0,0,1,1,0,2,1,Anderson-Darling Test|Kolmogorov-Smirnov Test,Kolmogorov-Smirnov Test,1.0,0.0,0.0,0.0,7,2,5,2,0,0,0,7,partially_labeled,Anderson-Darling Test=include|Shapiro-Wilk Test of Normality=exclude|Lilliefors Test=exclude|Kolmogorov-Smirnov Test=include|Kolmogorov-Smirnov Test for Uniform distribution=exclude|Kolmogorov-Smirnov Test for Gamma distribution=exclude|Kolmogorov-Smirnov Test for Exponential distribution=exclude
53,Variance Test,hard,72B,V1,1,1,1,1,0,0,2,2,Mood Variance Test|Levene Test,Mood Variance Test|Levene Test,0.5,0.0,1.0,0.0,2,1,1,2,0,1,0,1,partially_labeled,Mood Variance Test=exclude|Levene Test=include
54,Distribution Compliance Test,hard,72B,V1,1,0,0,1,1,0,4,3,Anderson-Darling Test|Shapiro-Wilk Test of Normality|Kolmogorov-Smirnov Test for Normality|Lilliefors Test,Anderson-Darling Test|Kolmogorov-Smirnov Test for Normality|Lilliefors Test,0.875,0.2,0.0,0.0,8,5,3,4,1,0,0,7,fully_labeled,Anderson-Darling Test=include|Shapiro-Wilk Test of Normality=include|Kolmogorov-Smirnov Test for Normality=include|Kolmogorov-Smirnov Test=include|Lilliefors Test=include|Kolmogorov-Smirnov Test for Uniform distribution=exclude|Kolmogorov-Smirnov Test for Gamma distribution=exclude|Kolmogorov-Smirnov Test for Exponential distribution=exclude
55,Distribution Compliance Test,hard,72B,V1,1,0,0,1,1,0,4,3,Anderson-Darling Test|Shapiro-Wilk Test of Normality|Kolmogorov-Smirnov Test for Normality|Lilliefors Test,Anderson-Darling Test|Kolmogorov-Smirnov Test for Normality|Lilliefors Test,0.875,0.2,0.0,0.0,8,5,3,4,1,0,0,7,fully_labeled,Anderson-Darling Test=include|Shapiro-Wilk Test of Normality=include|Kolmogorov-Smirnov Test for Normality=include|Kolmogorov-Smirnov Test=include|Lilliefors Test=include|Kolmogorov-Smirnov Test for Uniform distribution=exclude|Kolmogorov-Smirnov Test for Gamma distribution=exclude|Kolmogorov-Smirnov Test for Exponential distribution=exclude
56,Distribution Compliance Test,easy,72B,V1,1,1,1,1,0,0,1,1,Kolmogorov-Smirnov Test,Kolmogorov-Smirnov Test,1.0,0.0,0.0,0.0,3,1,2,1,0,0,0,3,partially_labeled,Shapiro-Wilk Test of Normality=exclude|Lilliefors Test=exclude|Kolmogorov-Smirnov Test=include
57,Variance Test,hard,72B,V1,1,1,1,1,0,0,2,2,Mood Variance Test|Levene Test,Mood Variance Test|Levene Test,,,,1.0,0,0,0,2,0,0,2,0,narrative_only,
58,Correlation Analysis,hard,72B,V1,1,0,0,1,1,1,1,1,Pearson Correlation Coefficient,Kendall Correlation Coefficient,0.3333333333333333,0.6666666666666666,,0.0,3,3,0,1,2,0,0,1,partially_labeled,Pearson Correlation Coefficient=include|Spearman Correlation Coefficient=include|Kendall Correlation Coefficient=include
59,Distribution Compliance Test,hard,72B,V1,1,0,0,1,1,0,4,3,Anderson-Darling Test|Shapiro-Wilk Test of Normality|Kolmogorov-Smirnov Test for Normality|Lilliefors Test,Anderson-Darling Test|Shapiro-Wilk Test of Normality|Kolmogorov-Smirnov Test for Normality,0.875,0.2,0.0,0.0,8,5,3,4,1,0,0,7,fully_labeled,Anderson-Darling Test=include|Shapiro-Wilk Test of Normality=include|Kolmogorov-Smirnov Test for Normality=include|Kolmogorov-Smirnov Test=include|Lilliefors Test=include|Kolmogorov-Smirnov Test for Uniform distribution=exclude|Kolmogorov-Smirnov Test for Gamma distribution=exclude|Kolmogorov-Smirnov Test for Exponential distribution=exclude
60,Distribution Compliance Test,easy,72B,V1,1,1,1,1,0,0,1,1,Kolmogorov-Smirnov Test,Kolmogorov-Smirnov Test,1.0,0.0,,0.0,1,1,0,1,0,0,0,1,partially_labeled,Kolmogorov-Smirnov Test=include
61,Distribution Compliance Test,hard,72B,V1,1,0,0,1,1,0,4,3,Anderson-Darling Test|Shapiro-Wilk Test of Normality|Kolmogorov-Smirnov Test for Normality|Lilliefors Test,Anderson-Darling Test|Shapiro-Wilk Test of Normality|Kolmogorov-Smirnov Test for Normality,0.875,0.2,0.0,0.0,8,5,3,4,1,0,0,7,fully_labeled,Anderson-Darling Test=include|Shapiro-Wilk Test of Normality=include|Kolmogorov-Smirnov Test for Normality=include|Kolmogorov-Smirnov Test=include|Lilliefors Test=include|Kolmogorov-Smirnov Test for Uniform distribution=exclude|Kolmogorov-Smirnov Test for Gamma distribution=exclude|Kolmogorov-Smirnov Test for Exponential distribution=exclude
62,Contingency Table Test,easy,72B,V1,1,0,0,1,0,1,1,2,Chi-square Independence Test,Chi-square Independence Test|Fisher Exact Test,,,,1.0,0,0,0,1,0,0,1,0,narrative_only,
63,Distribution Compliance Test,hard,72B,V1,1,0,0,1,1,0,5,3,Anderson-Darling Test|Shapiro-Wilk Test of Normality|Kolmogorov-Smirnov Test for Normality|Lilliefors Test|Kolmogorov-Smirnov Test,Anderson-Darling Test|Kolmogorov-Smirnov Test for Normality|Lilliefors Test,0.5,0.5,,0.8,2,2,0,5,1,0,4,1,partially_labeled,Mode=include|Shapiro-Wilk Test of Normality=include
64,Distribution Compliance Test,hard,72B,V1,1,0,0,1,1,0,4,3,Anderson-Darling Test|Shapiro-Wilk Test of Normality|Kolmogorov-Smirnov Test for Normality|Lilliefors Test,Anderson-Darling Test|Kolmogorov-Smirnov Test for Normality|Lilliefors Test,0.7777777777777778,0.3333333333333333,0.0,0.0,9,6,3,4,2,0,0,7,fully_labeled,Anderson-Darling Test=include|Shapiro-Wilk Test of Normality=include|Mode=include|Kolmogorov-Smirnov Test for Normality=include|Kolmogorov-Smirnov Test=include|Lilliefors Test=include|Kolmogorov-Smirnov Test for Uniform distribution=exclude|Kolmogorov-Smirnov Test for Gamma distribution=exclude|Kolmogorov-Smirnov Test for Exponential distribution=exclude
65,Variance Test,easy,72B,V1,1,0,0,1,0,1,2,4,Mood Variance Test|Levene Test,Mood Variance Test|Levene Test|Bartlett Test|F-Test for Variance,1.0,0.0,,0.0,2,2,0,2,0,0,0,2,partially_labeled,Mood Variance Test=include|Levene Test=include
66,Distribution Compliance Test,hard,72B,V1,1,0,0,1,1,0,5,3,Anderson-Darling Test|Shapiro-Wilk Test of Normality|Kolmogorov-Smirnov Test for Normality|Lilliefors Test|Kolmogorov-Smirnov Test,Anderson-Darling Test|Kolmogorov-Smirnov Test for Normality|Lilliefors Test,,,,1.0,0,0,0,5,0,0,5,0,narrative_only,
67,Variance Test,hard,72B,V1,1,1,1,1,0,0,2,2,Mood Variance Test|Levene Test,Mood Variance Test|Levene Test,0.3333333333333333,0.6666666666666666,,0.5,3,3,0,2,2,0,1,1,partially_labeled,Mood Variance Test=include|Bartlett Test=include|F-Test for Variance=include
68,Distribution Compliance Test,hard,72B,V1,1,0,0,1,1,1,3,3,Anderson-Darling Test|Shapiro-Wilk Test of Normality|Kolmogorov-Smirnov Test for Normality,Anderson-Darling Test|Kolmogorov-Smirnov Test for Normality|Lilliefors Test,0.7777777777777778,0.4,0.0,0.0,9,5,4,3,2,0,0,7,fully_labeled,Anderson-Darling Test=include|Shapiro-Wilk Test of Normality=include|Kolmogorov-Smirnov Test for Normality=include|Kolmogorov-Smirnov Test=include|Mode=include|Lilliefors Test=exclude|Kolmogorov-Smirnov Test for Uniform distribution=exclude|Kolmogorov-Smirnov Test for Gamma distribution=exclude|Kolmogorov-Smirnov Test for Exponential distribution=exclude
69,Distribution Compliance Test,hard,72B,V1,1,0,0,1,1,0,4,3,Anderson-Darling Test|Shapiro-Wilk Test of Normality|Kolmogorov-Smirnov Test for Normality|Lilliefors Test,Anderson-Darling Test|Kolmogorov-Smirnov Test for Normality|Lilliefors Test,0.7,0.42857142857142855,0.0,0.0,10,7,3,4,3,0,0,7,fully_labeled,Anderson-Darling Test=include|Shapiro-Wilk Test of Normality=include|Kolmogorov-Smirnov Test for Normality=include|Kolmogorov-Smirnov Test=include|Lilliefors Test=include|Mean=include|Standard Deviation=include|Kolmogorov-Smirnov Test for Uniform distribution=exclude|Kolmogorov-Smirnov Test for Gamma distribution=exclude|Kolmogorov-Smirnov Test for Exponential distribution=exclude
70,Variance Test,hard,72B,V1,1,1,1,1,0,0,2,2,Mood Variance Test|Levene Test,Mood Variance Test|Levene Test,1.0,0.0,,0.0,2,2,0,2,0,0,0,2,partially_labeled,Mood Variance Test=include|Levene Test=include
71,Distribution Compliance Test,hard,72B,V1,1,0,0,1,1,0,4,3,Anderson-Darling Test|Shapiro-Wilk Test of Normality|Kolmogorov-Smirnov Test for Normality|Lilliefors Test,Anderson-Darling Test|Kolmogorov-Smirnov Test for Normality|Lilliefors Test,0.8,0.2,,0.0,5,5,0,4,1,0,0,4,fully_labeled,Anderson-Darling Test=include|Shapiro-Wilk Test of Normality=include|Kolmogorov-Smirnov Test for Normality=include|Kolmogorov-Smirnov Test=include|Lilliefors Test=include
72,Variance Test,easy,72B,V1,1,1,1,1,0,0,4,4,Mood Variance Test|Levene Test|Bartlett Test|F-Test for Variance,Mood Variance Test|Levene Test|Bartlett Test|F-Test for Variance,1.0,0.0,,0.5,2,2,0,4,0,0,2,2,partially_labeled,Mood Variance Test=include|Levene Test=include
73,Correlation Analysis,easy,72B,V1,1,0,0,1,0,1,2,3,Spearman Correlation Coefficient|Kendall Correlation Coefficient,Pearson Correlation Coefficient|Spearman Correlation Coefficient|Kendall Correlation Coefficient,1.0,0.0,,0.0,2,2,0,2,0,0,0,2,partially_labeled,Spearman Correlation Coefficient=include|Kendall Correlation Coefficient=include
74,Contingency Table Test,hard,72B,V1,1,1,1,1,0,0,1,1,Chi-square Independence Test,Chi-square Independence Test,,,,1.0,0,0,0,1,0,0,1,0,narrative_only,
75,Contingency Table Test,easy,72B,V1,1,1,1,1,0,0,1,1,Mantel-Haenszel Test,Mantel-Haenszel Test,0.3333333333333333,0.6666666666666666,,0.0,3,3,0,1,2,0,0,1,fully_labeled,Chi-square Independence Test=include|Fisher Exact Test=include|Mantel-Haenszel Test=include
76,Contingency Table Test,easy,72B,V1,1,0,0,1,1,0,3,1,Chi-square Independence Test|Fisher Exact Test|Mantel-Haenszel Test,Mantel-Haenszel Test,1.0,0.0,,0.6666666666666666,1,1,0,3,0,0,2,1,partially_labeled,Chi-square Independence Test=include
77,Distribution Compliance Test,easy,72B,V1,1,1,1,1,0,0,1,1,Kolmogorov-Smirnov Test,Kolmogorov-Smirnov Test,0.0,1.0,,1.0,1,1,0,1,1,0,1,0,partially_labeled,Anderson-Darling Test=include
78,Contingency Table Test,easy,72B,V1,1,1,1,1,0,0,2,2,Chi-square Independence Test|Fisher Exact Test,Chi-square Independence Test|Fisher Exact Test,1.0,0.0,0.0,0.0,3,2,1,2,0,0,0,3,fully_labeled,Chi-square Independence Test=include|Fisher Exact Test=include|Mantel-Haenszel Test=exclude
79,Distribution Compliance Test,easy,72B,V1,1,0,0,1,1,1,2,1,Spearman Correlation Coefficient|Kendall Correlation Coefficient,Kolmogorov-Smirnov Test,1.0,0.0,,0.0,2,2,0,2,0,0,0,2,partially_labeled,Spearman Correlation Coefficient=include|Kendall Correlation Coefficient=include
80,Distribution Compliance Test,hard,72B,V1,1,0,0,1,1,0,5,3,Anderson-Darling Test|Shapiro-Wilk Test of Normality|Kolmogorov-Smirnov Test for Normality|Lilliefors Test|Kolmogorov-Smirnov Test,Anderson-Darling Test|Kolmogorov-Smirnov Test for Normality|Lilliefors Test,,,,1.0,0,0,0,5,0,0,5,0,narrative_only,
81,Contingency Table Test,hard,72B,V1,1,0,1,0,0,0,1,1,Chi-square Independence Test,Chi-square Independence Test,0.5,0.5,,0.0,2,2,0,1,1,0,0,1,partially_labeled,Chi-square Independence Test=include|Fisher Exact Test=include
82,Variance Test,hard,72B,V1,1,1,1,1,0,0,2,2,Mood Variance Test|Levene Test,Mood Variance Test|Levene Test,1.0,0.0,0.0,0.0,4,2,2,2,0,0,0,4,fully_labeled,Mood Variance Test=include|Levene Test=include|Bartlett Test=exclude|F-Test for Variance=exclude
83,Contingency Table Test,easy,72B,V1,1,0,0,1,0,1,1,2,Chi-square Independence Test,Chi-square Independence Test|Fisher Exact Test,,,,1.0,0,0,0,1,0,0,1,0,narrative_only,
84,Variance Test,hard,72B,V1,1,1,1,1,0,0,2,2,Mood Variance Test|Levene Test,Mood Variance Test|Levene Test,,,,1.0,0,0,0,2,0,0,2,0,narrative_only,
85,Contingency Table Test,hard,72B,V1,1,1,1,1,0,0,1,1,Chi-square Independence Test,Chi-square Independence Test,1.0,0.0,0.0,0.0,3,1,2,1,0,0,0,3,fully_labeled,Chi-square Independence Test=include|Fisher Exact Test=exclude|Mantel-Haenszel Test=exclude
86,Variance Test,hard,72B,V1,1,1,1,1,0,0,2,2,Mood Variance Test|Levene Test,Mood Variance Test|Levene Test,,,,1.0,0,0,0,2,0,0,2,0,narrative_only,
87,Distribution Compliance Test,hard,72B,V1,1,0,0,1,1,0,4,3,Anderson-Darling Test|Shapiro-Wilk Test of Normality|Kolmogorov-Smirnov Test for Normality|Lilliefors Test,Anderson-Darling Test|Kolmogorov-Smirnov Test for Normality|Lilliefors Test,0.7777777777777778,0.3333333333333333,0.0,0.0,9,6,3,4,2,0,0,7,fully_labeled,Anderson-Darling Test=include|Shapiro-Wilk Test of Normality=include|Kolmogorov-Smirnov Test for Normality=include|Kolmogorov-Smirnov Test=include|Lilliefors Test=include|Mean=include|Kolmogorov-Smirnov Test for Uniform distribution=exclude|Kolmogorov-Smirnov Test for Gamma distribution=exclude|Kolmogorov-Smirnov Test for Exponential distribution=exclude
88,Correlation Analysis,easy,72B,V1,1,0,0,1,0,1,2,3,Spearman Correlation Coefficient|Kendall Correlation Coefficient,Pearson Correlation Coefficient|Spearman Correlation Coefficient|Kendall Correlation Coefficient,1.0,0.0,0.0,0.0,3,2,1,2,0,0,0,3,partially_labeled,Spearman Correlation Coefficient=include|Kendall Correlation Coefficient=include|Partial Correlation Coefficient=exclude
89,Correlation Analysis,easy,72B,V1,1,1,1,1,0,0,1,1,Partial Correlation Coefficient,Partial Correlation Coefficient,0.5,0.6666666666666666,0.0,0.0,4,3,1,1,2,0,0,2,fully_labeled,Pearson Correlation Coefficient=exclude|Spearman Correlation Coefficient=include|Kendall Correlation Coefficient=include|Partial Correlation Coefficient=include
90,Correlation Analysis,easy,72B,V1,1,0,0,1,0,1,2,3,Spearman Correlation Coefficient|Kendall Correlation Coefficient,Pearson Correlation Coefficient|Spearman Correlation Coefficient|Kendall Correlation Coefficient,1.0,0.0,0.0,0.0,27,2,25,2,0,0,0,27,fully_labeled,Pearson Correlation Coefficient=exclude|Spearman Correlation Coefficient=include|Kendall Correlation Coefficient=include|Partial Correlation Coefficient=exclude|Anderson-Darling Test=exclude|Shapiro-Wilk Test of Normality=exclude|Kolmogorov-Smirnov Test for Normality=exclude|Kolmogorov-Smirnov Test=exclude|Lilliefors Test=exclude|Kolmogorov-Smirnov Test for Uniform distribution=exclude|Kolmogorov-Smirnov Test for Gamma distribution=exclude|Kolmogorov-Smirnov Test for Exponential distribution=exclude|Chi-square Independence Test=exclude|Fisher Exact Test=exclude|Mantel-Haenszel Test=exclude|Mean=exclude|Median=exclude|Mode=exclude|Range=exclude|Quartile=exclude|Standard Deviation=exclude|Skewness=exclude|Kurtosis=exclude|Mood Variance Test=exclude|Levene Test=exclude|Bartlett Test=exclude|F-Test for Variance=exclude
91,Contingency Table Test,hard,72B,V1,1,1,1,1,0,0,1,1,Chi-square Independence Test,Chi-square Independence Test,1.0,0.0,0.0,0.0,3,1,2,1,0,0,0,3,fully_labeled,Chi-square Independence Test=include|Mantel-Haenszel Test=exclude|Fisher Exact Test=exclude
92,Contingency Table Test,hard,72B,V1,1,1,1,1,0,0,1,1,Chi-square Independence Test,Chi-square Independence Test,1.0,0.0,0.0,0.0,3,1,2,1,0,0,0,3,fully_labeled,Chi-square Independence Test=include|Fisher Exact Test=exclude|Mantel-Haenszel Test=exclude
93,Variance Test,hard,72B,V1,1,1,1,1,0,0,2,2,Mood Variance Test|Levene Test,Mood Variance Test|Levene Test,,,,1.0,0,0,0,2,0,0,2,0,narrative_only,
94,Contingency Table Test,hard,72B,V1,1,0,0,1,1,0,2,1,Chi-square Independence Test|Fisher Exact Test,Chi-square Independence Test,1.0,0.0,0.0,0.0,3,2,1,2,0,0,0,3,fully_labeled,Chi-square Independence Test=include|Fisher Exact Test=include|Mantel-Haenszel Test=exclude
95,Contingency Table Test,hard,72B,V1,1,0,0,1,1,0,2,1,Chi-square Independence Test|Fisher Exact Test,Chi-square Independence Test,1.0,0.0,0.0,0.0,3,2,1,2,0,0,0,3,fully_labeled,Mantel-Haenszel Test=exclude|Chi-square Independence Test=include|Fisher Exact Test=include
96,Variance Test,hard,72B,V1,1,1,1,1,0,0,2,2,Mood Variance Test|Levene Test,Mood Variance Test|Levene Test,0.0,1.0,1.0,0.5,2,1,1,2,1,1,1,0,partially_labeled,Mood Variance Test=exclude|Median=include
97,Contingency Table Test,hard,72B,V1,1,1,1,1,0,0,1,1,Chi-square Independence Test,Chi-square Independence Test,,,,1.0,0,0,0,1,0,0,1,0,narrative_only,
98,Distribution Compliance Test,hard,72B,V1,1,0,0,1,1,0,5,3,Anderson-Darling Test|Shapiro-Wilk Test of Normality|Kolmogorov-Smirnov Test for Normality|Lilliefors Test|Kolmogorov-Smirnov Test,Anderson-Darling Test|Kolmogorov-Smirnov Test for Normality|Lilliefors Test,0.875,0.2,0.0,0.2,8,5,3,5,1,0,1,7,partially_labeled,Anderson-Darling Test=include|Mode=include|Shapiro-Wilk Test of Normality=include|Kolmogorov-Smirnov Test for Normality=include|Kolmogorov-Smirnov Test=include|Kolmogorov-Smirnov Test for Uniform distribution=exclude|Kolmogorov-Smirnov Test for Gamma distribution=exclude|Kolmogorov-Smirnov Test for Exponential distribution=exclude
99,Correlation Analysis,hard,72B,V1,1,0,0,1,1,0,3,1,Pearson Correlation Coefficient|Spearman Correlation Coefficient|Kendall Correlation Coefficient,Kendall Correlation Coefficient,1.0,0.0,,0.3333333333333333,2,2,0,3,0,0,1,2,partially_labeled,Pearson Correlation Coefficient=include|Spearman Correlation Coefficient=include
100,Distribution Compliance Test,hard,72B,V1,1,0,0,1,1,0,4,3,Anderson-Darling Test|Shapiro-Wilk Test of Normality|Kolmogorov-Smirnov Test for Normality|Lilliefors Test,Anderson-Darling Test|Kolmogorov-Smirnov Test for Normality|Lilliefors Test,0.0,1.0,,1.0,2,2,0,4,2,0,4,0,partially_labeled,Kolmogorov-Smirnov Test=include|Mode=include
101,Contingency Table Test,hard,72B,V1,1,1,1,1,0,0,1,1,Chi-square Independence Test,Chi-square Independence Test,0.5,0.5,,0.0,2,2,0,1,1,0,0,1,partially_labeled,Chi-square Independence Test=include|Fisher Exact Test=include
102,Distribution Compliance Test,easy,72B,V1,1,1,1,1,0,0,1,1,Kolmogorov-Smirnov Test,Kolmogorov-Smirnov Test,0.5,0.5,,0.0,2,2,0,1,1,0,0,1,partially_labeled,Anderson-Darling Test=include|Kolmogorov-Smirnov Test=include
103,Distribution Compliance Test,easy,72B,V1,1,1,1,1,0,0,1,1,Kolmogorov-Smirnov Test,Kolmogorov-Smirnov Test,0.5,0.5,,0.0,2,2,0,1,1,0,0,1,partially_labeled,Anderson-Darling Test=include|Kolmogorov-Smirnov Test=include
104,Contingency Table Test,hard,72B,V1,1,1,1,1,0,0,1,1,Chi-square Independence Test,Chi-square Independence Test,,,,1.0,0,0,0,1,0,0,1,0,narrative_only,
105,Variance Test,hard,72B,V1,1,1,1,1,0,0,2,2,Mood Variance Test|Levene Test,Mood Variance Test|Levene Test,,,,1.0,0,0,0,2,0,0,2,0,narrative_only,
106,Distribution Compliance Test,hard,72B,V1,1,0,0,1,1,0,4,3,Anderson-Darling Test|Shapiro-Wilk Test of Normality|Kolmogorov-Smirnov Test for Normality|Lilliefors Test,Anderson-Darling Test|Kolmogorov-Smirnov Test for Normality|Lilliefors Test,0.875,0.2,0.0,0.0,8,5,3,4,1,0,0,7,fully_labeled,Anderson-Darling Test=include|Shapiro-Wilk Test of Normality=include|Kolmogorov-Smirnov Test for Normality=include|Kolmogorov-Smirnov Test=include|Lilliefors Test=include|Kolmogorov-Smirnov Test for Uniform distribution=exclude|Kolmogorov-Smirnov Test for Gamma distribution=exclude|Kolmogorov-Smirnov Test for Exponential distribution=exclude
107,Variance Test,hard,72B,V1,1,1,1,1,0,0,2,2,Mood Variance Test|Levene Test,Mood Variance Test|Levene Test,,,,1.0,0,0,0,2,0,0,2,0,narrative_only,
108,Contingency Table Test,hard,72B,V1,1,1,1,1,0,0,1,1,Chi-square Independence Test,Chi-square Independence Test,,,,1.0,0,0,0,1,0,0,1,0,narrative_only,
109,Distribution Compliance Test,easy,72B,V1,1,1,1,1,0,0,1,1,Kolmogorov-Smirnov Test,Kolmogorov-Smirnov Test,0.5,0.5,,0.0,2,2,0,1,1,0,0,1,partially_labeled,Anderson-Darling Test=include|Kolmogorov-Smirnov Test=include
110,Variance Test,hard,72B,V1,1,1,1,1,0,0,2,2,Mood Variance Test|Levene Test,Mood Variance Test|Levene Test,,,,1.0,0,0,0,2,0,0,2,0,narrative_only,
111,Contingency Table Test,hard,72B,V1,1,1,1,1,0,0,1,1,Chi-square Independence Test,Chi-square Independence Test,0.5,0.5,,0.0,2,2,0,1,1,0,0,1,partially_labeled,Chi-square Independence Test=include|Fisher Exact Test=include
112,Variance Test,hard,72B,V1,1,1,1,1,0,0,2,2,Mood Variance Test|Levene Test,Mood Variance Test|Levene Test,,,,1.0,0,0,0,2,0,0,2,0,narrative_only,
113,Variance Test,hard,72B,V1,1,1,1,1,0,0,2,2,Mood Variance Test|Levene Test,Mood Variance Test|Levene Test,1.0,0.0,,0.0,2,2,0,2,0,0,0,2,partially_labeled,Mood Variance Test=include|Levene Test=include
114,Distribution Compliance Test,hard,72B,V1,1,0,0,1,1,0,4,3,Anderson-Darling Test|Shapiro-Wilk Test of Normality|Kolmogorov-Smirnov Test for Normality|Lilliefors Test,Anderson-Darling Test|Kolmogorov-Smirnov Test for Normality|Lilliefors Test,0.6666666666666666,0.3333333333333333,,0.0,6,6,0,4,2,0,0,4,partially_labeled,Anderson-Darling Test=include|Shapiro-Wilk Test of Normality=include|Mode=include|Kolmogorov-Smirnov Test for Normality=include|Kolmogorov-Smirnov Test=include|Lilliefors Test=include
115,Distribution Compliance Test,hard,72B,V1,1,0,0,1,1,0,4,3,Anderson-Darling Test|Shapiro-Wilk Test of Normality|Kolmogorov-Smirnov Test for Normality|Lilliefors Test,Anderson-Darling Test|Kolmogorov-Smirnov Test for Normality|Lilliefors Test,0.0,1.0,,1.0,1,1,0,4,1,0,4,0,partially_labeled,Kolmogorov-Smirnov Test=include
116,Distribution Compliance Test,easy,72B,V1,1,1,1,1,0,0,1,1,Kolmogorov-Smirnov Test,Kolmogorov-Smirnov Test,0.5,0.5,,0.0,2,2,0,1,1,0,0,1,partially_labeled,Anderson-Darling Test=include|Kolmogorov-Smirnov Test=include
117,Variance Test,hard,72B,V1,1,1,1,1,0,0,2,2,Mood Variance Test|Levene Test,Mood Variance Test|Levene Test,1.0,0.0,0.0,0.0,4,2,2,2,0,0,0,4,fully_labeled,Mood Variance Test=include|Levene Test=include|Bartlett Test=exclude|F-Test for Variance=exclude
118,Distribution Compliance Test,hard,72B,V1,1,0,0,1,1,0,4,3,Anderson-Darling Test|Shapiro-Wilk Test of Normality|Kolmogorov-Smirnov Test for Normality|Lilliefors Test,Anderson-Darling Test|Kolmogorov-Smirnov Test for Normality|Lilliefors Test,0.7777777777777778,0.3333333333333333,0.0,0.0,9,6,3,4,2,0,0,7,fully_labeled,Anderson-Darling Test=include|Shapiro-Wilk Test of Normality=include|Kolmogorov-Smirnov Test for Normality=include|Kolmogorov-Smirnov Test=include|Lilliefors Test=include|Mode=include|Kolmogorov-Smirnov Test for Uniform distribution=exclude|Kolmogorov-Smirnov Test for Gamma distribution=exclude|Kolmogorov-Smirnov Test for Exponential distribution=exclude
119,Distribution Compliance Test,hard,72B,V1,1,0,0,1,1,0,4,3,Anderson-Darling Test|Shapiro-Wilk Test of Normality|Kolmogorov-Smirnov Test for Normality|Lilliefors Test,Anderson-Darling Test|Kolmogorov-Smirnov Test for Normality|Lilliefors Test,0.875,0.2,0.0,0.0,8,5,3,4,1,0,0,7,fully_labeled,Anderson-Darling Test=include|Shapiro-Wilk Test of Normality=include|Kolmogorov-Smirnov Test for Normality=include|Kolmogorov-Smirnov Test=include|Lilliefors Test=include|Kolmogorov-Smirnov Test for Uniform distribution=exclude|Kolmogorov-Smirnov Test for Gamma distribution=exclude|Kolmogorov-Smirnov Test for Exponential distribution=exclude
120,Contingency Table Test,easy,72B,V1,1,0,0,1,1,0,3,1,Chi-square Independence Test|Fisher Exact Test|Mantel-Haenszel Test,Mantel-Haenszel Test,1.0,0.0,,0.3333333333333333,2,2,0,3,0,0,1,2,partially_labeled,Chi-square Independence Test=include|Fisher Exact Test=include
121,Distribution Compliance Test,hard,72B,V1,1,0,0,1,1,0,4,3,Anderson-Darling Test|Shapiro-Wilk Test of Normality|Kolmogorov-Smirnov Test for Normality|Lilliefors Test,Anderson-Darling Test|Kolmogorov-Smirnov Test for Normality|Lilliefors Test,0.875,0.2,0.0,0.0,8,5,3,4,1,0,0,7,fully_labeled,Anderson-Darling Test=include|Shapiro-Wilk Test of Normality=include|Kolmogorov-Smirnov Test for Normality=include|Kolmogorov-Smirnov Test=include|Lilliefors Test=include|Kolmogorov-Smirnov Test for Uniform distribution=exclude|Kolmogorov-Smirnov Test for Gamma distribution=exclude|Kolmogorov-Smirnov Test for Exponential distribution=exclude
122,Contingency Table Test,hard,72B,V1,1,1,1,1,0,0,1,1,Chi-square Independence Test,Chi-square Independence Test,,,,1.0,0,0,0,1,0,0,1,0,narrative_only,
123,Contingency Table Test,hard,72B,V1,1,1,1,1,0,0,1,1,Chi-square Independence Test,Chi-square Independence Test,,,,1.0,0,0,0,1,0,0,1,0,narrative_only,
124,Contingency Table Test,hard,72B,V1,1,1,1,1,0,0,1,1,Chi-square Independence Test,Chi-square Independence Test,1.0,,0.0,1.0,1,0,1,1,0,0,1,1,partially_labeled,Mantel-Haenszel Test=exclude
125,Distribution Compliance Test,easy,72B,V1,1,0,0,1,1,1,3,1,Levene Test|Bartlett Test|F-Test for Variance,Kolmogorov-Smirnov Test,0.75,0.25,,0.0,4,4,0,3,1,0,0,3,fully_labeled,Mood Variance Test=include|Levene Test=include|Bartlett Test=include|F-Test for Variance=include
126,Distribution Compliance Test,hard,72B,V1,1,0,0,1,1,0,4,3,Anderson-Darling Test|Shapiro-Wilk Test of Normality|Kolmogorov-Smirnov Test for Normality|Lilliefors Test,Anderson-Darling Test|Kolmogorov-Smirnov Test for Normality|Lilliefors Test,0.875,0.2,0.0,0.0,8,5,3,4,1,0,0,7,fully_labeled,Anderson-Darling Test=include|Shapiro-Wilk Test of Normality=include|Kolmogorov-Smirnov Test for Normality=include|Kolmogorov-Smirnov Test=include|Lilliefors Test=include|Kolmogorov-Smirnov Test for Uniform distribution=exclude|Kolmogorov-Smirnov Test for Gamma distribution=exclude|Kolmogorov-Smirnov Test for Exponential distribution=exclude
127,Variance Test,hard,72B,V1,1,1,1,1,0,0,2,2,Mood Variance Test|Levene Test,Mood Variance Test|Levene Test,1.0,0.0,,0.5,1,1,0,2,0,0,1,1,partially_labeled,Levene Test=include
128,Contingency Table Test,hard,72B,V1,1,1,1,1,0,0,1,1,Chi-square Independence Test,Chi-square Independence Test,1.0,0.0,0.0,0.0,3,1,2,1,0,0,0,3,fully_labeled,Chi-square Independence Test=include|Fisher Exact Test=exclude|Mantel-Haenszel Test=exclude
129,Distribution Compliance Test,hard,72B,V1,1,0,0,1,1,0,4,3,Shapiro-Wilk Test of Normality|Kolmogorov-Smirnov Test for Normality|Lilliefors Test|Anderson-Darling Test,Anderson-Darling Test|Kolmogorov-Smirnov Test for Normality|Lilliefors Test,0.6666666666666666,0.3333333333333333,,0.5,3,3,0,4,1,0,2,2,partially_labeled,Shapiro-Wilk Test of Normality=include|Kolmogorov-Smirnov Test for Normality=include|Kolmogorov-Smirnov Test=include
130,Contingency Table Test,easy,72B,V1,1,1,1,1,0,0,2,2,Chi-square Independence Test|Fisher Exact Test,Chi-square Independence Test|Fisher Exact Test,1.0,0.0,,0.0,2,2,0,2,0,0,0,2,partially_labeled,Chi-square Independence Test=include|Fisher Exact Test=include
131,Distribution Compliance Test,hard,72B,V1,1,0,0,1,1,0,4,3,Anderson-Darling Test|Shapiro-Wilk Test of Normality|Kolmogorov-Smirnov Test for Normality|Lilliefors Test,Anderson-Darling Test|Kolmogorov-Smirnov Test for Normality|Lilliefors Test,0.875,0.2,0.0,0.0,8,5,3,4,1,0,0,7,fully_labeled,Anderson-Darling Test=include|Shapiro-Wilk Test of Normality=include|Kolmogorov-Smirnov Test for Normality=include|Kolmogorov-Smirnov Test=include|Lilliefors Test=include|Kolmogorov-Smirnov Test for Uniform distribution=exclude|Kolmogorov-Smirnov Test for Gamma distribution=exclude|Kolmogorov-Smirnov Test for Exponential distribution=exclude
132,Variance Test,hard,72B,V1,1,1,1,1,0,0,2,2,Mood Variance Test|Levene Test,Mood Variance Test|Levene Test,1.0,0.0,0.0,0.0,4,2,2,2,0,0,0,4,fully_labeled,Mood Variance Test=include|Levene Test=include|Bartlett Test=exclude|F-Test for Variance=exclude
133,Distribution Compliance Test,hard,72B,V1,1,0,0,1,1,0,4,3,Shapiro-Wilk Test of Normality|Kolmogorov-Smirnov Test for Normality|Lilliefors Test|Anderson-Darling Test,Anderson-Darling Test|Kolmogorov-Smirnov Test for Normality|Lilliefors Test,0.875,0.2,0.0,0.0,8,5,3,4,1,0,0,7,fully_labeled,Shapiro-Wilk Test of Normality=include|Kolmogorov-Smirnov Test for Normality=include|Kolmogorov-Smirnov Test=include|Lilliefors Test=include|Anderson-Darling Test=include|Kolmogorov-Smirnov Test for Uniform distribution=exclude|Kolmogorov-Smirnov Test for Gamma distribution=exclude|Kolmogorov-Smirnov Test for Exponential distribution=exclude
134,Distribution Compliance Test,hard,72B,V1,1,0,0,1,1,0,4,3,Anderson-Darling Test|Shapiro-Wilk Test of Normality|Kolmogorov-Smirnov Test for Normality|Lilliefors Test,Anderson-Darling Test|Kolmogorov-Smirnov Test for Normality|Lilliefors Test,0.7,0.42857142857142855,0.0,0.0,10,7,3,4,3,0,0,7,fully_labeled,Anderson-Darling Test=include|Shapiro-Wilk Test of Normality=include|Kolmogorov-Smirnov Test for Normality=include|Kolmogorov-Smirnov Test=include|Lilliefors Test=include|Mean=include|Standard Deviation=include|Kolmogorov-Smirnov Test for Uniform distribution=exclude|Kolmogorov-Smirnov Test for Gamma distribution=exclude|Kolmogorov-Smirnov Test for Exponential distribution=exclude
135,Distribution Compliance Test,hard,72B,V1,1,0,0,1,1,0,4,3,Anderson-Darling Test|Shapiro-Wilk Test of Normality|Kolmogorov-Smirnov Test for Normality|Lilliefors Test,Anderson-Darling Test|Kolmogorov-Smirnov Test for Normality|Lilliefors Test,0.7777777777777778,0.3333333333333333,0.0,0.0,9,6,3,4,2,0,0,7,fully_labeled,Anderson-Darling Test=include|Shapiro-Wilk Test of Normality=include|Mode=include|Kolmogorov-Smirnov Test for Normality=include|Kolmogorov-Smirnov Test=include|Lilliefors Test=include|Kolmogorov-Smirnov Test for Uniform distribution=exclude|Kolmogorov-Smirnov Test for Gamma distribution=exclude|Kolmogorov-Smirnov Test for Exponential distribution=exclude
136,Distribution Compliance Test,hard,72B,V1,1,0,0,1,1,0,5,3,Anderson-Darling Test|Shapiro-Wilk Test of Normality|Kolmogorov-Smirnov Test for Normality|Lilliefors Test|Kolmogorov-Smirnov Test,Anderson-Darling Test|Kolmogorov-Smirnov Test for Normality|Lilliefors Test,1.0,0.0,,0.6,2,2,0,5,0,0,3,2,partially_labeled,Shapiro-Wilk Test of Normality=include|Kolmogorov-Smirnov Test=include
137,Variance Test,hard,72B,V1,1,1,1,1,0,0,2,2,Mood Variance Test|Levene Test,Mood Variance Test|Levene Test,1.0,0.0,0.0,0.0,4,2,2,2,0,0,0,4,fully_labeled,Mood Variance Test=include|Levene Test=include|Bartlett Test=exclude|F-Test for Variance=exclude
138,Variance Test,hard,72B,V1,1,1,1,1,0,0,2,2,Mood Variance Test|Levene Test,Mood Variance Test|Levene Test,0.5,0.5,,0.0,4,4,0,2,2,0,0,2,fully_labeled,Mood Variance Test=include|Levene Test=include|Bartlett Test=include|F-Test for Variance=include
139,Contingency Table Test,hard,72B,V1,1,0,0,1,1,0,2,1,Chi-square Independence Test|Fisher Exact Test,Chi-square Independence Test,1.0,0.0,,0.5,1,1,0,2,0,0,1,1,partially_labeled,Chi-square Independence Test=include
140,Distribution Compliance Test,hard,72B,V1,1,0,0,1,1,0,5,3,Anderson-Darling Test|Shapiro-Wilk Test of Normality|Kolmogorov-Smirnov Test for Normality|Lilliefors Test|Kolmogorov-Smirnov Test,Anderson-Darling Test|Kolmogorov-Smirnov Test for Normality|Lilliefors Test,1.0,0.0,0.0,0.4,6,3,3,5,0,0,2,6,partially_labeled,Anderson-Darling Test=include|Kolmogorov-Smirnov Test for Normality=include|Kolmogorov-Smirnov Test=include|Kolmogorov-Smirnov Test for Uniform distribution=exclude|Kolmogorov-Smirnov Test for Gamma distribution=exclude|Kolmogorov-Smirnov Test for Exponential distribution=exclude
141,Distribution Compliance Test,hard,72B,V1,1,0,0,1,1,0,4,3,Anderson-Darling Test|Shapiro-Wilk Test of Normality|Kolmogorov-Smirnov Test for Normality|Lilliefors Test,Anderson-Darling Test|Shapiro-Wilk Test of Normality|Kolmogorov-Smirnov Test for Normality,0.875,0.2,0.0,0.0,8,5,3,4,1,0,0,7,fully_labeled,Anderson-Darling Test=include|Shapiro-Wilk Test of Normality=include|Kolmogorov-Smirnov Test for Normality=include|Kolmogorov-Smirnov Test=include|Lilliefors Test=include|Kolmogorov-Smirnov Test for Uniform distribution=exclude|Kolmogorov-Smirnov Test for Gamma distribution=exclude|Kolmogorov-Smirnov Test for Exponential distribution=exclude
142,Variance Test,hard,72B,V1,1,1,1,1,0,0,2,2,Mood Variance Test|Levene Test,Mood Variance Test|Levene Test,,,,1.0,0,0,0,2,0,0,2,0,narrative_only,
143,Distribution Compliance Test,hard,72B,V1,1,0,0,1,1,0,4,3,Anderson-Darling Test|Shapiro-Wilk Test of Normality|Kolmogorov-Smirnov Test for Normality|Lilliefors Test,Anderson-Darling Test|Kolmogorov-Smirnov Test for Normality|Lilliefors Test,0.875,0.2,0.0,0.0,8,5,3,4,1,0,0,7,fully_labeled,Anderson-Darling Test=include|Shapiro-Wilk Test of Normality=include|Kolmogorov-Smirnov Test for Normality=include|Kolmogorov-Smirnov Test=include|Lilliefors Test=include|Kolmogorov-Smirnov Test for Uniform distribution=exclude|Kolmogorov-Smirnov Test for Gamma distribution=exclude|Kolmogorov-Smirnov Test for Exponential distribution=exclude
144,Distribution Compliance Test,hard,72B,V1,1,0,0,1,1,0,4,3,Anderson-Darling Test|Shapiro-Wilk Test of Normality|Kolmogorov-Smirnov Test for Normality|Lilliefors Test,Anderson-Darling Test|Kolmogorov-Smirnov Test for Normality|Lilliefors Test,0.875,0.2,0.0,0.0,8,5,3,4,1,0,0,7,partially_labeled,Anderson-Darling Test=include|Shapiro-Wilk Test of Normality=include|Kolmogorov-Smirnov Test for Normality=include|Kolmogorov-Smirnov Test=include|Lilliefors Test=include|Kolmogorov-Smirnov Test for Uniform distribution=exclude|Kolmogorov-Smirnov Test for Gamma distribution=exclude|Kolmogorov-Smirnov Test for Exponential distribution=exclude
145,Contingency Table Test,hard,72B,V1,1,0,0,1,1,0,2,1,Chi-square Independence Test|Fisher Exact Test,Chi-square Independence Test,1.0,0.0,0.0,0.0,3,2,1,2,0,0,0,3,fully_labeled,Chi-square Independence Test=include|Fisher Exact Test=include|Mantel-Haenszel Test=exclude
146,Correlation Analysis,easy,72B,V1,1,1,1,1,0,0,1,1,Partial Correlation Coefficient,Partial Correlation Coefficient,1.0,0.0,0.0,0.0,27,1,26,1,0,0,0,27,fully_labeled,Partial Correlation Coefficient=include|Pearson Correlation Coefficient=exclude|Spearman Correlation Coefficient=exclude|Kendall Correlation Coefficient=exclude|Anderson-Darling Test=exclude|Shapiro-Wilk Test of Normality=exclude|Kolmogorov-Smirnov Test for Normality=exclude|Lilliefors Test=exclude|Kolmogorov-Smirnov Test=exclude|Kolmogorov-Smirnov Test for Uniform distribution=exclude|Kolmogorov-Smirnov Test for Gamma distribution=exclude|Kolmogorov-Smirnov Test for Exponential distribution=exclude|Chi-square Independence Test=exclude|Fisher Exact Test=exclude|Mantel-Haenszel Test=exclude|Mean=exclude|Median=exclude|Mode=exclude|Range=exclude|Quartile=exclude|Standard Deviation=exclude|Skewness=exclude|Kurtosis=exclude|Mood Variance Test=exclude|Levene Test=exclude|Bartlett Test=exclude|F-Test for Variance=exclude
147,Distribution Compliance Test,hard,72B,V1,1,0,0,1,1,0,4,3,Anderson-Darling Test|Shapiro-Wilk Test of Normality|Kolmogorov-Smirnov Test for Normality|Lilliefors Test,Anderson-Darling Test|Shapiro-Wilk Test of Normality|Kolmogorov-Smirnov Test for Normality,0.875,0.2,0.0,0.0,8,5,3,4,1,0,0,7,fully_labeled,Anderson-Darling Test=include|Shapiro-Wilk Test of Normality=include|Kolmogorov-Smirnov Test for Normality=include|Kolmogorov-Smirnov Test=include|Lilliefors Test=include|Kolmogorov-Smirnov Test for Uniform distribution=exclude|Kolmogorov-Smirnov Test for Gamma distribution=exclude|Kolmogorov-Smirnov Test for Exponential distribution=exclude
148,Contingency Table Test,hard,72B,V1,1,1,1,1,0,0,1,1,Chi-square Independence Test,Chi-square Independence Test,1.0,0.0,,0.0,1,1,0,1,0,0,0,1,partially_labeled,Chi-square Independence Test=include
149,Distribution Compliance Test,hard,72B,V1,1,0,0,1,1,0,5,3,Anderson-Darling Test|Shapiro-Wilk Test of Normality|Kolmogorov-Smirnov Test for Normality|Lilliefors Test|Kolmogorov-Smirnov Test,Anderson-Darling Test|Kolmogorov-Smirnov Test for Normality|Lilliefors Test,0.8,0.2,,0.2,5,5,0,5,1,0,1,4,partially_labeled,Anderson-Darling Test=include|Shapiro-Wilk Test of Normality=include|Mode=include|Lilliefors Test=include|Kolmogorov-Smirnov Test=include
150,Distribution Compliance Test,hard,72B,V1,1,0,0,1,1,0,4,3,Anderson-Darling Test|Shapiro-Wilk Test of Normality|Kolmogorov-Smirnov Test for Normality|Lilliefors Test,Anderson-Darling Test|Kolmogorov-Smirnov Test for Normality|Lilliefors Test,0.875,0.2,0.0,0.0,8,5,3,4,1,0,0,7,fully_labeled,Anderson-Darling Test=include|Shapiro-Wilk Test of Normality=include|Kolmogorov-Smirnov Test for Normality=include|Kolmogorov-Smirnov Test=include|Lilliefors Test=include|Kolmogorov-Smirnov Test for Uniform distribution=exclude|Kolmogorov-Smirnov Test for Gamma distribution=exclude|Kolmogorov-Smirnov Test for Exponential distribution=exclude
151,Variance Test,hard,72B,V1,1,1,1,1,0,0,2,2,Mood Variance Test|Levene Test,Mood Variance Test|Levene Test,1.0,0.0,,0.5,1,1,0,2,0,0,1,1,partially_labeled,Mood Variance Test=include
152,Variance Test,hard,72B,V1,1,1,1,1,0,0,2,2,Mood Variance Test|Levene Test,Mood Variance Test|Levene Test,1.0,0.0,,0.0,2,2,0,2,0,0,0,2,partially_labeled,Mood Variance Test=include|Levene Test=include
153,Distribution Compliance Test,hard,72B,V1,1,0,0,1,1,0,4,3,Anderson-Darling Test|Shapiro-Wilk Test of Normality|Kolmogorov-Smirnov Test for Normality|Lilliefors Test,Anderson-Darling Test|Kolmogorov-Smirnov Test for Normality|Lilliefors Test,0.6,0.4,,0.25,5,5,0,4,2,0,1,3,partially_labeled,Anderson-Darling Test=include|Shapiro-Wilk Test of Normality=include|Mode=include|Kolmogorov-Smirnov Test for Normality=include|Kolmogorov-Smirnov Test=include
154,Variance Test,hard,72B,V1,1,1,1,1,0,0,2,2,Mood Variance Test|Levene Test,Mood Variance Test|Levene Test,0.5,0.5,,0.0,4,4,0,2,2,0,0,2,fully_labeled,Mood Variance Test=include|Levene Test=include|Bartlett Test=include|F-Test for Variance=include
155,Variance Test,hard,72B,V1,1,1,1,1,0,0,2,2,Mood Variance Test|Levene Test,Mood Variance Test|Levene Test,,,,1.0,0,0,0,2,0,0,2,0,narrative_only,
156,Distribution Compliance Test,hard,72B,V1,1,0,0,1,1,0,4,3,Anderson-Darling Test|Shapiro-Wilk Test of Normality|Kolmogorov-Smirnov Test for Normality|Lilliefors Test,Anderson-Darling Test|Kolmogorov-Smirnov Test for Normality|Lilliefors Test,0.6666666666666666,0.3333333333333333,,0.0,6,6,0,4,2,0,0,4,fully_labeled,Anderson-Darling Test=include|Mode=include|Shapiro-Wilk Test of Normality=include|Kolmogorov-Smirnov Test for Normality=include|Kolmogorov-Smirnov Test=include|Lilliefors Test=include
157,Correlation Analysis,hard,72B,V1,1,0,0,1,1,1,1,1,Pearson Correlation Coefficient,Kendall Correlation Coefficient,1.0,0.0,0.0,0.0,4,1,3,1,0,0,0,4,fully_labeled,Pearson Correlation Coefficient=include|Spearman Correlation Coefficient=exclude|Kendall Correlation Coefficient=exclude|Partial Correlation Coefficient=exclude
158,Distribution Compliance Test,hard,72B,V1,1,0,0,1,1,0,5,3,Anderson-Darling Test|Shapiro-Wilk Test of Normality|Kolmogorov-Smirnov Test for Normality|Lilliefors Test|Kolmogorov-Smirnov Test,Anderson-Darling Test|Kolmogorov-Smirnov Test for Normality|Lilliefors Test,1.0,0.0,0.0,0.0,8,5,3,5,0,0,0,8,fully_labeled,Anderson-Darling Test=include|Shapiro-Wilk Test of Normality=include|Kolmogorov-Smirnov Test for Normality=include|Kolmogorov-Smirnov Test=include|Lilliefors Test=include|Kolmogorov-Smirnov Test for Uniform distribution=exclude|Kolmogorov-Smirnov Test for Gamma distribution=exclude|Kolmogorov-Smirnov Test for Exponential distribution=exclude
159,Contingency Table Test,hard,72B,V1,1,1,1,1,0,0,1,1,Chi-square Independence Test,Chi-square Independence Test,1.0,0.0,,0.0,1,1,0,1,0,0,0,1,partially_labeled,Chi-square Independence Test=include
160,Distribution Compliance Test,hard,72B,V1,1,0,0,1,1,0,4,3,Anderson-Darling Test|Shapiro-Wilk Test of Normality|Kolmogorov-Smirnov Test for Normality|Lilliefors Test,Anderson-Darling Test|Kolmogorov-Smirnov Test for Normality|Lilliefors Test,1.0,0.0,,0.75,1,1,0,4,0,0,3,1,partially_labeled,Anderson-Darling Test=include
161,Variance Test,hard,72B,V1,1,1,1,1,0,0,2,2,Mood Variance Test|Levene Test,Mood Variance Test|Levene Test,1.0,0.0,,0.0,2,2,0,2,0,0,0,2,partially_labeled,Mood Variance Test=include|Levene Test=include
162,Distribution Compliance Test,hard,72B,V1,1,0,0,1,1,0,4,3,Anderson-Darling Test|Shapiro-Wilk Test of Normality|Kolmogorov-Smirnov Test for Normality|Lilliefors Test,Anderson-Darling Test|Kolmogorov-Smirnov Test for Normality|Lilliefors Test,0.7777777777777778,0.3333333333333333,0.0,0.0,9,6,3,4,2,0,0,7,fully_labeled,Anderson-Darling Test=include|Mode=include|Shapiro-Wilk Test of Normality=include|Kolmogorov-Smirnov Test for Normality=include|Kolmogorov-Smirnov Test=include|Lilliefors Test=include|Kolmogorov-Smirnov Test for Uniform distribution=exclude|Kolmogorov-Smirnov Test for Gamma distribution=exclude|Kolmogorov-Smirnov Test for Exponential distribution=exclude
163,Distribution Compliance Test,hard,72B,V1,1,0,0,1,1,0,4,3,Anderson-Darling Test|Shapiro-Wilk Test of Normality|Kolmogorov-Smirnov Test for Normality|Lilliefors Test,Anderson-Darling Test|Shapiro-Wilk Test of Normality|Kolmogorov-Smirnov Test for Normality,0.875,0.2,0.0,0.0,8,5,3,4,1,0,0,7,fully_labeled,Anderson-Darling Test=include|Shapiro-Wilk Test of Normality=include|Kolmogorov-Smirnov Test for Normality=include|Kolmogorov-Smirnov Test=include|Lilliefors Test=include|Kolmogorov-Smirnov Test for Uniform distribution=exclude|Kolmogorov-Smirnov Test for Gamma distribution=exclude|Kolmogorov-Smirnov Test for Exponential distribution=exclude
164,Variance Test,hard,72B,V1,1,1,1,1,0,0,2,2,Mood Variance Test|Levene Test,Mood Variance Test|Levene Test,,,,1.0,0,0,0,2,0,0,2,0,narrative_only,
165,Distribution Compliance Test,hard,72B,V1,1,0,0,1,1,0,4,3,Anderson-Darling Test|Shapiro-Wilk Test of Normality|Kolmogorov-Smirnov Test for Normality|Lilliefors Test,Anderson-Darling Test|Kolmogorov-Smirnov Test for Normality|Lilliefors Test,0.875,0.2,0.0,0.0,8,5,3,4,1,0,0,7,fully_labeled,Anderson-Darling Test=include|Shapiro-Wilk Test of Normality=include|Kolmogorov-Smirnov Test for Normality=include|Kolmogorov-Smirnov Test=include|Lilliefors Test=include|Kolmogorov-Smirnov Test for Uniform distribution=exclude|Kolmogorov-Smirnov Test for Gamma distribution=exclude|Kolmogorov-Smirnov Test for Exponential distribution=exclude
166,Contingency Table Test,hard,72B,V1,1,1,1,1,0,0,1,1,Chi-square Independence Test,Chi-square Independence Test,1.0,0.0,0.0,0.0,3,1,2,1,0,0,0,3,fully_labeled,Chi-square Independence Test=include|Fisher Exact Test=exclude|Mantel-Haenszel Test=exclude
167,Distribution Compliance Test,hard,72B,V1,1,0,0,1,1,0,4,3,Anderson-Darling Test|Shapiro-Wilk Test of Normality|Kolmogorov-Smirnov Test for Normality|Lilliefors Test,Anderson-Darling Test|Kolmogorov-Smirnov Test for Normality|Lilliefors Test,0.875,0.2,0.0,0.0,8,5,3,4,1,0,0,7,fully_labeled,Anderson-Darling Test=include|Shapiro-Wilk Test of Normality=include|Kolmogorov-Smirnov Test for Normality=include|Kolmogorov-Smirnov Test=include|Lilliefors Test=include|Kolmogorov-Smirnov Test for Uniform distribution=exclude|Kolmogorov-Smirnov Test for Gamma distribution=exclude|Kolmogorov-Smirnov Test for Exponential distribution=exclude
168,Distribution Compliance Test,easy,72B,V1,1,0,0,1,1,0,2,1,Anderson-Darling Test|Kolmogorov-Smirnov Test,Kolmogorov-Smirnov Test,0.625,0.6,0.0,0.0,8,5,3,2,3,0,0,5,fully_labeled,Anderson-Darling Test=include|Shapiro-Wilk Test of Normality=include|Kolmogorov-Smirnov Test for Normality=include|Kolmogorov-Smirnov Test=include|Lilliefors Test=include|Kolmogorov-Smirnov Test for Uniform distribution=exclude|Kolmogorov-Smirnov Test for Gamma distribution=exclude|Kolmogorov-Smirnov Test for Exponential distribution=exclude
169,Distribution Compliance Test,easy,72B,V1,1,0,0,1,1,0,2,1,Anderson-Darling Test|Kolmogorov-Smirnov Test,Kolmogorov-Smirnov Test,1.0,0.0,,0.0,2,2,0,2,0,0,0,2,partially_labeled,Anderson-Darling Test=include|Kolmogorov-Smirnov Test=include
170,Variance Test,hard,72B,V1,1,1,1,1,0,0,2,2,Mood Variance Test|Levene Test,Mood Variance Test|Levene Test,,,,1.0,0,0,0,2,0,0,2,0,narrative_only,
171,Contingency Table Test,hard,72B,V1,1,1,1,1,0,0,1,1,Chi-square Independence Test,Chi-square Independence Test,1.0,0.0,,0.0,1,1,0,1,0,0,0,1,partially_labeled,Chi-square Independence Test=include
172,Distribution Compliance Test,hard,72B,V1,1,0,0,1,1,0,4,3,Anderson-Darling Test|Shapiro-Wilk Test of Normality|Kolmogorov-Smirnov Test for Normality|Lilliefors Test,Anderson-Darling Test|Kolmogorov-Smirnov Test for Normality|Lilliefors Test,1.0,0.0,,0.75,1,1,0,4,0,0,3,1,partially_labeled,Anderson-Darling Test=include
173,Correlation Analysis,easy,72B,V1,1,0,0,0,0,1,2,3,Spearman Correlation Coefficient|Kendall Correlation Coefficient,Pearson Correlation Coefficient|Spearman Correlation Coefficient|Kendall Correlation Coefficient,,,,1.0,0,0,0,2,0,0,2,0,narrative_only,
174,Contingency Table Test,easy,72B,V1,1,0,1,0,0,0,2,2,Chi-square Independence Test|Fisher Exact Test,Chi-square Independence Test|Fisher Exact Test,,,,1.0,0,0,0,2,0,0,2,0,narrative_only,
175,Variance Test,hard,72B,V1,1,0,0,1,0,1,1,2,Levene Test,Mood Variance Test|Levene Test,0.25,0.75,,0.0,4,4,0,1,3,0,0,1,fully_labeled,Mood Variance Test=include|Levene Test=include|Bartlett Test=include|F-Test for Variance=include
176,Contingency Table Test,easy,72B,V1,1,0,0,1,0,1,1,2,Chi-square Independence Test,Chi-square Independence Test|Fisher Exact Test,,,,1.0,0,0,0,1,0,0,1,0,narrative_only,
177,Variance Test,hard,72B,V1,1,1,1,1,0,0,2,2,Mood Variance Test|Levene Test,Mood Variance Test|Levene Test,,,,1.0,0,0,0,2,0,0,2,0,narrative_only,
178,Contingency Table Test,hard,72B,V1,1,1,1,1,0,0,1,1,Chi-square Independence Test,Chi-square Independence Test,,,,1.0,0,0,0,1,0,0,1,0,narrative_only,
179,Distribution Compliance Test,easy,72B,V1,1,1,1,1,0,0,1,1,Kolmogorov-Smirnov Test,Kolmogorov-Smirnov Test,0.5,0.5,,0.0,2,2,0,1,1,0,0,1,partially_labeled,Kolmogorov-Smirnov Test=include|Median=include
180,Distribution Compliance Test,easy,72B,V1,1,1,1,1,0,0,1,1,Kolmogorov-Smirnov Test,Kolmogorov-Smirnov Test,0.5,0.5,,0.0,2,2,0,1,1,0,0,1,partially_labeled,Anderson-Darling Test=include|Kolmogorov-Smirnov Test=include
181,Distribution Compliance Test,easy,72B,V1,1,0,0,1,1,0,2,1,Anderson-Darling Test|Kolmogorov-Smirnov Test,Kolmogorov-Smirnov Test,0.875,0.0,0.14285714285714285,0.0,8,1,7,2,0,1,0,7,fully_labeled,Anderson-Darling Test=include|Shapiro-Wilk Test of Normality=exclude|Kolmogorov-Smirnov Test for Normality=exclude|Kolmogorov-Smirnov Test=exclude|Lilliefors Test=exclude|Kolmogorov-Smirnov Test for Uniform distribution=exclude|Kolmogorov-Smirnov Test for Gamma distribution=exclude|Kolmogorov-Smirnov Test for Exponential distribution=exclude
182,Correlation Analysis,easy,72B,V1,1,0,0,1,0,1,2,3,Spearman Correlation Coefficient|Kendall Correlation Coefficient,Pearson Correlation Coefficient|Spearman Correlation Coefficient|Kendall Correlation Coefficient,1.0,0.0,,0.0,2,2,0,2,0,0,0,2,partially_labeled,Spearman Correlation Coefficient=include|Kendall Correlation Coefficient=include
183,Correlation Analysis,hard,72B,V1,1,0,0,1,1,1,1,1,Pearson Correlation Coefficient,Kendall Correlation Coefficient,0.5,,0.5,0.0,2,0,2,1,0,1,0,1,partially_labeled,Pearson Correlation Coefficient=exclude|Spearman Correlation Coefficient=exclude
184,Variance Test,easy,72B,V1,1,0,0,1,0,1,3,4,Levene Test|Bartlett Test|F-Test for Variance,Mood Variance Test|Levene Test|Bartlett Test|F-Test for Variance,,,,1.0,0,0,0,3,0,0,3,0,narrative_only,
185,Distribution Compliance Test,hard,72B,V1,1,0,0,1,1,0,4,3,Anderson-Darling Test|Shapiro-Wilk Test of Normality|Kolmogorov-Smirnov Test for Normality|Lilliefors Test,Anderson-Darling Test|Kolmogorov-Smirnov Test for Normality|Lilliefors Test,,,,1.0,0,0,0,4,0,0,4,0,narrative_only,
186,Contingency Table Test,hard,72B,V1,1,1,1,1,0,0,1,1,Chi-square Independence Test,Chi-square Independence Test,1.0,0.0,,0.0,1,1,0,1,0,0,0,1,partially_labeled,Chi-square Independence Test=include
187,Contingency Table Test,hard,72B,V1,1,1,1,1,0,0,1,1,Chi-square Independence Test,Chi-square Independence Test,1.0,0.0,,0.0,1,1,0,1,0,0,0,1,partially_labeled,Chi-square Independence Test=include
188,Contingency Table Test,easy,72B,V1,1,0,0,1,0,1,1,2,Chi-square Independence Test,Chi-square Independence Test|Fisher Exact Test,,,,1.0,0,0,0,1,0,0,1,0,narrative_only,
189,Variance Test,hard,72B,V1,1,1,1,1,0,0,2,2,Mood Variance Test|Levene Test,Mood Variance Test|Levene Test,0.5,0.5,,0.0,4,4,0,2,2,0,0,2,fully_labeled,Mood Variance Test=include|Levene Test=include|Bartlett Test=include|F-Test for Variance=include
190,Variance Test,hard,72B,V1,1,1,1,1,0,0,2,2,Mood Variance Test|Levene Test,Mood Variance Test|Levene Test,,,,1.0,0,0,0,2,0,0,2,0,narrative_only,
191,Variance Test,hard,72B,V1,1,1,1,1,0,0,2,2,Mood Variance Test|Levene Test,Mood Variance Test|Levene Test,1.0,,0.0,1.0,1,0,1,2,0,0,2,1,partially_labeled,F-Test for Variance=exclude
192,Correlation Analysis,easy,72B,V1,1,1,1,1,0,0,3,3,Pearson Correlation Coefficient|Spearman Correlation Coefficient|Kendall Correlation Coefficient,Pearson Correlation Coefficient|Spearman Correlation Coefficient|Kendall Correlation Coefficient,1.0,0.0,,0.3333333333333333,2,2,0,3,0,0,1,2,partially_labeled,Pearson Correlation Coefficient=include|Spearman Correlation Coefficient=include
193,Variance Test,hard,72B,V1,1,1,1,1,0,0,2,2,Mood Variance Test|Levene Test,Mood Variance Test|Levene Test,1.0,0.0,,0.5,1,1,0,2,0,0,1,1,partially_labeled,Levene Test=include
194,Contingency Table Test,hard,72B,V1,1,1,1,1,0,0,1,1,Chi-square Independence Test,Chi-square Independence Test,,,,1.0,0,0,0,1,0,0,1,0,narrative_only,
195,Distribution Compliance Test,easy,72B,V1,1,1,1,1,0,0,1,1,Kolmogorov-Smirnov Test,Kolmogorov-Smirnov Test,0.75,,0.25,0.0,4,0,4,1,0,1,0,3,partially_labeled,Shapiro-Wilk Test of Normality=exclude|Kolmogorov-Smirnov Test for Normality=exclude|Kolmogorov-Smirnov Test=exclude|Lilliefors Test=exclude
196,Contingency Table Test,hard,72B,V1,1,0,0,1,1,0,2,1,Chi-square Independence Test|Fisher Exact Test,Chi-square Independence Test,1.0,0.0,,0.5,1,1,0,2,0,0,1,1,partially_labeled,Fisher Exact Test=include
197,Variance Test,easy,72B,V1,1,0,0,1,1,0,7,4,Mood Variance Test|Levene Test|Bartlett Test|F-Test for Variance|Mean|Median|Standard Deviation,Mood Variance Test|Levene Test|Bartlett Test|F-Test for Variance,1.0,0.0,,0.5714285714285714,3,3,0,7,0,0,4,3,partially_labeled,Mood Variance Test=include|Levene Test=include|F-Test for Variance=include
198,Variance Test,hard,72B,V1,1,1,1,1,0,0,2,2,Mood Variance Test|Levene Test,Mood Variance Test|Levene Test,1.0,0.0,,0.5,1,1,0,2,0,0,1,1,partially_labeled,Levene Test=include
199,Distribution Compliance Test,hard,72B,V1,1,0,0,1,1,0,4,3,Anderson-Darling Test|Shapiro-Wilk Test of Normality|Kolmogorov-Smirnov Test for Normality|Lilliefors Test,Anderson-Darling Test|Kolmogorov-Smirnov Test for Normality|Lilliefors Test,0.6666666666666666,0.3333333333333333,,0.0,6,6,0,4,2,0,0,4,fully_labeled,Anderson-Darling Test=include|Shapiro-Wilk Test of Normality=include|Kolmogorov-Smirnov Test for Normality=include|Kolmogorov-Smirnov Test=include|Mode=include|Lilliefors Test=include
200,Variance Test,hard,72B,V1,1,1,1,1,0,0,2,2,Mood Variance Test|Levene Test,Mood Variance Test|Levene Test,0.5,0.5,,0.0,4,4,0,2,2,0,0,2,fully_labeled,Mood Variance Test=include|Levene Test=include|Bartlett Test=include|F-Test for Variance=include
201,Variance Test,hard,72B,V1,1,1,1,1,0,0,2,2,Mood Variance Test|Levene Test,Mood Variance Test|Levene Test,0.0,1.0,,1.0,2,2,0,2,2,0,2,0,partially_labeled,Bartlett Test=include|F-Test for Variance=include
202,Distribution Compliance Test,easy,72B,V1,1,1,1,1,0,0,1,1,Kolmogorov-Smirnov Test,Kolmogorov-Smirnov Test,1.0,0.0,,0.0,1,1,0,1,0,0,0,1,partially_labeled,Kolmogorov-Smirnov Test=include
203,Variance Test,hard,72B,V1,1,1,1,1,0,0,2,2,Mood Variance Test|Levene Test,Mood Variance Test|Levene Test,1.0,0.0,,0.0,2,2,0,2,0,0,0,2,partially_labeled,Mood Variance Test=include|Levene Test=include
204,Correlation Analysis,hard,72B,V1,1,0,0,1,1,1,1,1,Pearson Correlation Coefficient,Kendall Correlation Coefficient,1.0,0.0,0.0,0.0,4,1,3,1,0,0,0,4,fully_labeled,Pearson Correlation Coefficient=include|Spearman Correlation Coefficient=exclude|Kendall Correlation Coefficient=exclude|Partial Correlation Coefficient=exclude
205,Distribution Compliance Test,easy,72B,V1,1,1,1,1,0,0,1,1,Kolmogorov-Smirnov Test,Kolmogorov-Smirnov Test,0.5,0.5,,0.0,2,2,0,1,1,0,0,1,partially_labeled,Anderson-Darling Test=include|Kolmogorov-Smirnov Test=include
206,Variance Test,hard,72B,V1,1,1,1,1,0,0,2,2,Mood Variance Test|Levene Test,Mood Variance Test|Levene Test,1.0,0.0,,0.0,2,2,0,2,0,0,0,2,partially_labeled,Mood Variance Test=include|Levene Test=include
207,Variance Test,hard,72B,V1,1,1,1,1,0,0,2,2,Mood Variance Test|Levene Test,Mood Variance Test|Levene Test,1.0,0.0,,0.0,2,2,0,2,0,0,0,2,partially_labeled,Mood Variance Test=include|Levene Test=include
208,Distribution Compliance Test,hard,72B,V1,1,0,0,1,1,0,4,3,Anderson-Darling Test|Shapiro-Wilk Test of Normality|Kolmogorov-Smirnov Test for Normality|Lilliefors Test,Anderson-Darling Test|Kolmogorov-Smirnov Test for Normality|Lilliefors Test,0.75,1.0,0.0,1.0,4,1,3,4,1,0,4,3,partially_labeled,Kolmogorov-Smirnov Test=include|Kolmogorov-Smirnov Test for Uniform distribution=exclude|Kolmogorov-Smirnov Test for Gamma distribution=exclude|Kolmogorov-Smirnov Test for Exponential distribution=exclude
209,Variance Test,easy,72B,V1,1,1,1,1,0,0,4,4,Mood Variance Test|Levene Test|Bartlett Test|F-Test for Variance,Mood Variance Test|Levene Test|Bartlett Test|F-Test for Variance,1.0,0.0,,0.5,2,2,0,4,0,0,2,2,partially_labeled,Mood Variance Test=include|Levene Test=include
210,Distribution Compliance Test,hard,72B,V1,1,0,0,1,1,0,4,3,Anderson-Darling Test|Shapiro-Wilk Test of Normality|Kolmogorov-Smirnov Test for Normality|Lilliefors Test,Anderson-Darling Test|Kolmogorov-Smirnov Test for Normality|Lilliefors Test,0.875,0.2,0.0,0.0,8,5,3,4,1,0,0,7,fully_labeled,Anderson-Darling Test=include|Shapiro-Wilk Test of Normality=include|Kolmogorov-Smirnov Test for Normality=include|Kolmogorov-Smirnov Test=include|Lilliefors Test=include|Kolmogorov-Smirnov Test for Uniform distribution=exclude|Kolmogorov-Smirnov Test for Gamma distribution=exclude|Kolmogorov-Smirnov Test for Exponential distribution=exclude
211,Variance Test,hard,72B,V1,1,1,1,1,0,0,2,2,Mood Variance Test|Levene Test,Mood Variance Test|Levene Test,1.0,0.0,,0.5,1,1,0,2,0,0,1,1,partially_labeled,Levene Test=include
212,Contingency Table Test,hard,72B,V1,1,0,0,1,1,1,1,1,Chi-square Independence Test,Fisher Exact Test,,,,1.0,0,0,0,1,0,0,1,0,narrative_only,
213,Distribution Compliance Test,hard,72B,V1,1,0,0,1,1,0,4,3,Anderson-Darling Test|Shapiro-Wilk Test of Normality|Kolmogorov-Smirnov Test for Normality|Lilliefors Test,Anderson-Darling Test|Kolmogorov-Smirnov Test for Normality|Lilliefors Test,0.875,0.2,0.0,0.0,8,5,3,4,1,0,0,7,fully_labeled,Anderson-Darling Test=include|Shapiro-Wilk Test of Normality=include|Kolmogorov-Smirnov Test for Normality=include|Kolmogorov-Smirnov Test=include|Lilliefors Test=include|Kolmogorov-Smirnov Test for Uniform distribution=exclude|Kolmogorov-Smirnov Test for Gamma distribution=exclude|Kolmogorov-Smirnov Test for Exponential distribution=exclude
214,Distribution Compliance Test,hard,72B,V1,1,0,0,1,1,0,4,3,Anderson-Darling Test|Shapiro-Wilk Test of Normality|Kolmogorov-Smirnov Test for Normality|Lilliefors Test,Anderson-Darling Test|Kolmogorov-Smirnov Test for Normality|Lilliefors Test,0.8,0.2,,0.0,5,5,0,4,1,0,0,4,fully_labeled,Anderson-Darling Test=include|Shapiro-Wilk Test of Normality=include|Kolmogorov-Smirnov Test for Normality=include|Kolmogorov-Smirnov Test=include|Lilliefors Test=include
215,Variance Test,hard,72B,V1,1,1,1,1,0,0,2,2,Mood Variance Test|Levene Test,Mood Variance Test|Levene Test,1.0,0.0,0.0,0.0,4,2,2,2,0,0,0,4,fully_labeled,Mood Variance Test=include|Levene Test=include|Bartlett Test=exclude|F-Test for Variance=exclude
216,Variance Test,hard,72B,V1,1,1,1,1,0,0,2,2,Mood Variance Test|Levene Test,Mood Variance Test|Levene Test,1.0,0.0,,0.0,2,2,0,2,0,0,0,2,partially_labeled,Mood Variance Test=include|Levene Test=include
217,Distribution Compliance Test,hard,72B,V1,1,0,0,1,1,0,4,3,Anderson-Darling Test|Shapiro-Wilk Test of Normality|Kolmogorov-Smirnov Test for Normality|Lilliefors Test,Anderson-Darling Test|Kolmogorov-Smirnov Test for Normality|Lilliefors Test,0.7777777777777778,0.3333333333333333,0.0,0.0,9,6,3,4,2,0,0,7,fully_labeled,Anderson-Darling Test=include|Shapiro-Wilk Test of Normality=include|Mode=include|Kolmogorov-Smirnov Test for Normality=include|Kolmogorov-Smirnov Test=include|Lilliefors Test=include|Kolmogorov-Smirnov Test for Uniform distribution=exclude|Kolmogorov-Smirnov Test for Gamma distribution=exclude|Kolmogorov-Smirnov Test for Exponential distribution=exclude
218,Distribution Compliance Test,hard,72B,V1,1,0,0,1,1,0,4,3,Anderson-Darling Test|Shapiro-Wilk Test of Normality|Kolmogorov-Smirnov Test for Normality|Lilliefors Test,Anderson-Darling Test|Kolmogorov-Smirnov Test for Normality|Lilliefors Test,0.7777777777777778,0.3333333333333333,0.0,0.0,9,6,3,4,2,0,0,7,fully_labeled,Anderson-Darling Test=include|Shapiro-Wilk Test of Normality=include|Mode=include|Kolmogorov-Smirnov Test for Normality=include|Kolmogorov-Smirnov Test=include|Lilliefors Test=include|Kolmogorov-Smirnov Test for Uniform distribution=exclude|Kolmogorov-Smirnov Test for Gamma distribution=exclude|Kolmogorov-Smirnov Test for Exponential distribution=exclude
219,Distribution Compliance Test,hard,72B,V1,1,0,0,1,1,0,4,3,Anderson-Darling Test|Shapiro-Wilk Test of Normality|Kolmogorov-Smirnov Test for Normality|Lilliefors Test,Anderson-Darling Test|Shapiro-Wilk Test of Normality|Kolmogorov-Smirnov Test for Normality,1.0,0.0,,0.5,2,2,0,4,0,0,2,2,partially_labeled,Anderson-Darling Test=include|Shapiro-Wilk Test of Normality=include
220,Variance Test,hard,72B,V1,1,1,1,1,0,0,2,2,Mood Variance Test|Levene Test,Mood Variance Test|Levene Test,1.0,0.0,,0.5,1,1,0,2,0,0,1,1,partially_labeled,Mood Variance Test=include
221,Correlation Analysis,easy,72B,V1,1,0,0,1,0,1,2,3,Spearman Correlation Coefficient|Kendall Correlation Coefficient,Pearson Correlation Coefficient|Spearman Correlation Coefficient|Kendall Correlation Coefficient,1.0,0.0,,0.0,2,2,0,2,0,0,0,2,partially_labeled,Spearman Correlation Coefficient=include|Kendall Correlation Coefficient=include
222,Distribution Compliance Test,hard,72B,V1,1,0,0,1,1,0,4,3,Anderson-Darling Test|Shapiro-Wilk Test of Normality|Kolmogorov-Smirnov Test for Normality|Lilliefors Test,Anderson-Darling Test|Kolmogorov-Smirnov Test for Normality|Lilliefors Test,0.8,0.2,,0.0,5,5,0,4,1,0,0,4,fully_labeled,Anderson-Darling Test=include|Shapiro-Wilk Test of Normality=include|Kolmogorov-Smirnov Test for Normality=include|Kolmogorov-Smirnov Test=include|Lilliefors Test=include
223,Distribution Compliance Test,hard,72B,V1,1,0,0,1,1,0,5,3,Anderson-Darling Test|Shapiro-Wilk Test of Normality|Kolmogorov-Smirnov Test for Normality|Lilliefors Test|Kolmogorov-Smirnov Test,Anderson-Darling Test|Kolmogorov-Smirnov Test for Normality|Lilliefors Test,1.0,0.0,,0.2,4,4,0,5,0,0,1,4,partially_labeled,Anderson-Darling Test=include|Shapiro-Wilk Test of Normality=include|Kolmogorov-Smirnov Test for Normality=include|Kolmogorov-Smirnov Test=include
224,Contingency Table Test,hard,72B,V1,1,1,1,1,0,0,1,1,Chi-square Independence Test,Chi-square Independence Test,1.0,0.0,,0.0,1,1,0,1,0,0,0,1,partially_labeled,Chi-square Independence Test=include
225,Contingency Table Test,hard,72B,V1,1,1,1,1,0,0,1,1,Chi-square Independence Test,Chi-square Independence Test,,,,1.0,0,0,0,1,0,0,1,0,narrative_only,
226,Distribution Compliance Test,hard,72B,V1,1,0,0,1,1,0,4,3,Anderson-Darling Test|Shapiro-Wilk Test of Normality|Kolmogorov-Smirnov Test for Normality|Lilliefors Test,Anderson-Darling Test|Kolmogorov-Smirnov Test for Normality|Lilliefors Test,0.7777777777777778,0.3333333333333333,0.0,0.0,9,6,3,4,2,0,0,7,fully_labeled,Anderson-Darling Test=include|Shapiro-Wilk Test of Normality=include|Mode=include|Kolmogorov-Smirnov Test for Normality=include|Kolmogorov-Smirnov Test=include|Lilliefors Test=include|Kolmogorov-Smirnov Test for Uniform distribution=exclude|Kolmogorov-Smirnov Test for Gamma distribution=exclude|Kolmogorov-Smirnov Test for Exponential distribution=exclude
227,Correlation Analysis,easy,72B,V1,1,0,0,1,0,1,2,3,Spearman Correlation Coefficient|Kendall Correlation Coefficient,Pearson Correlation Coefficient|Spearman Correlation Coefficient|Kendall Correlation Coefficient,1.0,0.0,0.0,0.0,4,2,2,2,0,0,0,4,fully_labeled,Pearson Correlation Coefficient=exclude|Spearman Correlation Coefficient=include|Kendall Correlation Coefficient=include|Partial Correlation Coefficient=exclude
228,Distribution Compliance Test,hard,72B,V1,1,0,0,1,1,0,4,3,Anderson-Darling Test|Shapiro-Wilk Test of Normality|Kolmogorov-Smirnov Test for Normality|Lilliefors Test,Anderson-Darling Test|Shapiro-Wilk Test of Normality|Kolmogorov-Smirnov Test for Normality,0.875,0.2,0.0,0.0,8,5,3,4,1,0,0,7,fully_labeled,Anderson-Darling Test=include|Shapiro-Wilk Test of Normality=include|Kolmogorov-Smirnov Test for Normality=include|Kolmogorov-Smirnov Test=include|Lilliefors Test=include|Kolmogorov-Smirnov Test for Uniform distribution=exclude|Kolmogorov-Smirnov Test for Gamma distribution=exclude|Kolmogorov-Smirnov Test for Exponential distribution=exclude
229,Contingency Table Test,easy,72B,V1,1,0,0,1,0,1,1,2,Chi-square Independence Test,Chi-square Independence Test|Fisher Exact Test,,,,1.0,0,0,0,1,0,0,1,0,narrative_only,
230,Variance Test,hard,72B,V1,1,1,1,1,0,0,2,2,Mood Variance Test|Levene Test,Mood Variance Test|Levene Test,1.0,0.0,0.0,0.0,4,2,2,2,0,0,0,4,fully_labeled,Mood Variance Test=include|Levene Test=include|Bartlett Test=exclude|F-Test for Variance=exclude
231,Distribution Compliance Test,hard,72B,V1,1,0,0,1,1,0,5,3,Anderson-Darling Test|Shapiro-Wilk Test of Normality|Kolmogorov-Smirnov Test for Normality|Lilliefors Test|Kolmogorov-Smirnov Test,Anderson-Darling Test|Kolmogorov-Smirnov Test for Normality|Lilliefors Test,,,,1.0,0,0,0,5,0,0,5,0,narrative_only,
232,Contingency Table Test,hard,72B,V1,1,1,1,1,0,0,1,1,Chi-square Independence Test,Chi-square Independence Test,1.0,0.0,0.0,0.0,3,1,2,1,0,0,0,3,fully_labeled,Chi-square Independence Test=include|Fisher Exact Test=exclude|Mantel-Haenszel Test=exclude
233,Contingency Table Test,hard,72B,V1,1,1,1,1,0,0,1,1,Chi-square Independence Test,Chi-square Independence Test,,,,1.0,0,0,0,1,0,0,1,0,narrative_only,
234,Variance Test,hard,72B,V1,1,1,1,1,0,0,2,2,Mood Variance Test|Levene Test,Mood Variance Test|Levene Test,1.0,0.0,,0.0,2,2,0,2,0,0,0,2,partially_labeled,Mood Variance Test=include|Levene Test=include
235,Variance Test,hard,72B,V1,1,1,1,1,0,0,2,2,Mood Variance Test|Levene Test,Mood Variance Test|Levene Test,,,,1.0,0,0,0,2,0,0,2,0,narrative_only,
236,Distribution Compliance Test,hard,72B,V1,1,0,0,1,1,0,4,3,Anderson-Darling Test|Shapiro-Wilk Test of Normality|Kolmogorov-Smirnov Test for Normality|Lilliefors Test,Anderson-Darling Test|Kolmogorov-Smirnov Test for Normality|Lilliefors Test,0.6666666666666666,0.3333333333333333,,0.0,6,6,0,4,2,0,0,4,fully_labeled,Anderson-Darling Test=include|Shapiro-Wilk Test of Normality=include|Kolmogorov-Smirnov Test for Normality=include|Kolmogorov-Smirnov Test=include|Lilliefors Test=include|Mode=include
237,Variance Test,hard,72B,V1,1,1,1,1,0,0,2,2,Mood Variance Test|Levene Test,Mood Variance Test|Levene Test,1.0,0.0,,0.5,1,1,0,2,0,0,1,1,partially_labeled,Levene Test=include
238,Variance Test,hard,72B,V1,1,1,1,1,0,0,2,2,Mood Variance Test|Levene Test,Mood Variance Test|Levene Test,1.0,0.0,,0.0,2,2,0,2,0,0,0,2,partially_labeled,Mood Variance Test=include|Levene Test=include
239,Variance Test,hard,72B,V1,1,1,1,1,0,0,2,2,Mood Variance Test|Levene Test,Mood Variance Test|Levene Test,1.0,0.0,,0.0,2,2,0,2,0,0,0,2,partially_labeled,Mood Variance Test=include|Levene Test=include
240,Distribution Compliance Test,hard,72B,V1,1,0,0,1,1,0,4,3,Anderson-Darling Test|Shapiro-Wilk Test of Normality|Kolmogorov-Smirnov Test for Normality|Lilliefors Test,Anderson-Darling Test|Kolmogorov-Smirnov Test for Normality|Lilliefors Test,0.875,0.2,0.0,0.0,8,5,3,4,1,0,0,7,fully_labeled,Anderson-Darling Test=include|Shapiro-Wilk Test of Normality=include|Kolmogorov-Smirnov Test for Normality=include|Kolmogorov-Smirnov Test=include|Lilliefors Test=include|Kolmogorov-Smirnov Test for Uniform distribution=exclude|Kolmogorov-Smirnov Test for Gamma distribution=exclude|Kolmogorov-Smirnov Test for Exponential distribution=exclude
241,Distribution Compliance Test,hard,72B,V1,1,0,0,1,1,0,4,3,Anderson-Darling Test|Shapiro-Wilk Test of Normality|Kolmogorov-Smirnov Test for Normality|Lilliefors Test,Anderson-Darling Test|Kolmogorov-Smirnov Test for Normality|Lilliefors Test,0.7777777777777778,0.3333333333333333,0.0,0.0,9,6,3,4,2,0,0,7,fully_labeled,Anderson-Darling Test=include|Mode=include|Shapiro-Wilk Test of Normality=include|Kolmogorov-Smirnov Test for Normality=include|Kolmogorov-Smirnov Test=include|Lilliefors Test=include|Kolmogorov-Smirnov Test for Uniform distribution=exclude|Kolmogorov-Smirnov Test for Gamma distribution=exclude|Kolmogorov-Smirnov Test for Exponential distribution=exclude
242,Correlation Analysis,hard,72B,V1,1,0,0,1,1,0,3,1,Pearson Correlation Coefficient|Spearman Correlation Coefficient|Kendall Correlation Coefficient,Kendall Correlation Coefficient,,,,1.0,0,0,0,3,0,0,3,0,narrative_only,
243,Variance Test,hard,72B,V1,1,1,1,1,0,0,2,2,Mood Variance Test|Levene Test,Mood Variance Test|Levene Test,1.0,0.0,,0.0,2,2,0,2,0,0,0,2,partially_labeled,Mood Variance Test=include|Levene Test=include
244,Contingency Table Test,hard,72B,V1,1,1,1,1,0,0,1,1,Chi-square Independence Test,Chi-square Independence Test,,,,1.0,0,0,0,1,0,0,1,0,narrative_only,
245,Variance Test,hard,72B,V1,1,1,1,1,0,0,2,2,Mood Variance Test|Levene Test,Mood Variance Test|Levene Test,1.0,0.0,,0.0,2,2,0,2,0,0,0,2,partially_labeled,Mood Variance Test=include|Levene Test=include
246,Distribution Compliance Test,hard,72B,V1,1,0,0,1,1,0,4,3,Anderson-Darling Test|Shapiro-Wilk Test of Normality|Kolmogorov-Smirnov Test for Normality|Lilliefors Test,Anderson-Darling Test|Kolmogorov-Smirnov Test for Normality|Lilliefors Test,0.7777777777777778,0.3333333333333333,0.0,0.0,9,6,3,4,2,0,0,7,fully_labeled,Anderson-Darling Test=include|Shapiro-Wilk Test of Normality=include|Mode=include|Kolmogorov-Smirnov Test for Normality=include|Kolmogorov-Smirnov Test=include|Lilliefors Test=include|Kolmogorov-Smirnov Test for Uniform distribution=exclude|Kolmogorov-Smirnov Test for Gamma distribution=exclude|Kolmogorov-Smirnov Test for Exponential distribution=exclude
247,Distribution Compliance Test,easy,72B,V1,1,1,1,1,0,0,1,1,Kolmogorov-Smirnov Test,Kolmogorov-Smirnov Test,0.875,,0.125,0.0,8,0,8,1,0,1,0,7,fully_labeled,Anderson-Darling Test=exclude|Shapiro-Wilk Test of Normality=exclude|Kolmogorov-Smirnov Test for Normality=exclude|Kolmogorov-Smirnov Test=exclude|Lilliefors Test=exclude|Kolmogorov-Smirnov Test for Uniform distribution=exclude|Kolmogorov-Smirnov Test for Gamma distribution=exclude|Kolmogorov-Smirnov Test for Exponential distribution=exclude
248,Variance Test,hard,72B,V1,1,1,1,1,0,0,2,2,Mood Variance Test|Levene Test,Mood Variance Test|Levene Test,,,,1.0,0,0,0,2,0,0,2,0,narrative_only,
249,Correlation Analysis,hard,72B,V1,1,0,0,1,1,1,1,1,Pearson Correlation Coefficient,Kendall Correlation Coefficient,1.0,0.0,0.0,0.0,4,1,3,1,0,0,0,4,fully_labeled,Pearson Correlation Coefficient=include|Spearman Correlation Coefficient=exclude|Kendall Correlation Coefficient=exclude|Partial Correlation Coefficient=exclude
250,Contingency Table Test,hard,72B,V1,1,0,0,1,1,0,2,1,Chi-square Independence Test|Fisher Exact Test,Fisher Exact Test,1.0,0.0,0.0,0.0,3,2,1,2,0,0,0,3,fully_labeled,Chi-square Independence Test=include|Fisher Exact Test=include|Mantel-Haenszel Test=exclude
251,Variance Test,hard,72B,V1,1,1,1,1,0,0,2,2,Mood Variance Test|Levene Test,Mood Variance Test|Levene Test,1.0,0.0,,0.0,2,2,0,2,0,0,0,2,partially_labeled,Mood Variance Test=include|Levene Test=include
252,Distribution Compliance Test,hard,72B,V1,1,0,0,1,1,0,4,3,Anderson-Darling Test|Shapiro-Wilk Test of Normality|Kolmogorov-Smirnov Test for Normality|Lilliefors Test,Anderson-Darling Test|Kolmogorov-Smirnov Test for Normality|Lilliefors Test,0.875,0.2,0.0,0.0,8,5,3,4,1,0,0,7,fully_labeled,Anderson-Darling Test=include|Shapiro-Wilk Test of Normality=include|Kolmogorov-Smirnov Test for Normality=include|Kolmogorov-Smirnov Test=include|Lilliefors Test=include|Kolmogorov-Smirnov Test for Uniform distribution=exclude|Kolmogorov-Smirnov Test for Gamma distribution=exclude|Kolmogorov-Smirnov Test for Exponential distribution=exclude
253,Distribution Compliance Test,hard,72B,V1,1,0,0,1,1,0,4,3,Anderson-Darling Test|Shapiro-Wilk Test of Normality|Kolmogorov-Smirnov Test for Normality|Lilliefors Test,Anderson-Darling Test|Kolmogorov-Smirnov Test for Normality|Lilliefors Test,0.875,0.2,0.0,0.0,8,5,3,4,1,0,0,7,fully_labeled,Anderson-Darling Test=include|Shapiro-Wilk Test of Normality=include|Kolmogorov-Smirnov Test for Normality=include|Kolmogorov-Smirnov Test=include|Lilliefors Test=include|Kolmogorov-Smirnov Test for Uniform distribution=exclude|Kolmogorov-Smirnov Test for Gamma distribution=exclude|Kolmogorov-Smirnov Test for Exponential distribution=exclude
254,Distribution Compliance Test,easy,72B,V1,1,1,1,1,0,0,1,1,Kolmogorov-Smirnov Test,Kolmogorov-Smirnov Test,0.75,,0.25,0.0,4,0,4,1,0,1,0,3,partially_labeled,Shapiro-Wilk Test of Normality=exclude|Kolmogorov-Smirnov Test for Normality=exclude|Kolmogorov-Smirnov Test=exclude|Lilliefors Test=exclude
255,Descriptive Statistics,easy,72B,V1,1,0,0,1,1,0,8,1,Mean|Median|Mode|Range|Quartile|Standard Deviation|Skewness|Kurtosis,Quartile,1.0,0.0,,0.0,8,8,0,8,0,0,0,8,fully_labeled,Mean=include|Median=include|Mode=include|Range=include|Quartile=include|Standard Deviation=include|Skewness=include|Kurtosis=include
256,Correlation Analysis,easy,72B,V1,1,0,0,1,0,1,2,3,Spearman Correlation Coefficient|Kendall Correlation Coefficient,Pearson Correlation Coefficient|Spearman Correlation Coefficient|Kendall Correlation Coefficient,1.0,0.0,,0.0,2,2,0,2,0,0,0,2,partially_labeled,Spearman Correlation Coefficient=include|Kendall Correlation Coefficient=include
257,Contingency Table Test,easy,72B,V1,1,0,0,1,0,1,1,2,Chi-square Independence Test,Chi-square Independence Test|Fisher Exact Test,,,,1.0,0,0,0,1,0,0,1,0,narrative_only,
258,Contingency Table Test,hard,72B,V1,1,1,1,1,0,0,1,1,Chi-square Independence Test,Chi-square Independence Test,,,,1.0,0,0,0,1,0,0,1,0,narrative_only,
259,Distribution Compliance Test,hard,72B,V1,1,0,0,1,1,0,4,3,Anderson-Darling Test|Shapiro-Wilk Test of Normality|Kolmogorov-Smirnov Test for Normality|Lilliefors Test,Anderson-Darling Test|Kolmogorov-Smirnov Test for Normality|Lilliefors Test,,,,1.0,0,0,0,4,0,0,4,0,narrative_only,
260,Distribution Compliance Test,hard,72B,V1,1,0,0,1,1,0,5,3,Anderson-Darling Test|Shapiro-Wilk Test of Normality|Kolmogorov-Smirnov Test for Normality|Lilliefors Test|Kolmogorov-Smirnov Test,Anderson-Darling Test|Kolmogorov-Smirnov Test for Normality|Lilliefors Test,,,,1.0,0,0,0,5,0,0,5,0,narrative_only,
261,Distribution Compliance Test,hard,72B,V1,1,0,0,1,1,0,4,3,Anderson-Darling Test|Shapiro-Wilk Test of Normality|Kolmogorov-Smirnov Test for Normality|Lilliefors Test,Anderson-Darling Test|Shapiro-Wilk Test of Normality|Kolmogorov-Smirnov Test for Normality,0.875,0.2,0.0,0.0,8,5,3,4,1,0,0,7,fully_labeled,Anderson-Darling Test=include|Shapiro-Wilk Test of Normality=include|Kolmogorov-Smirnov Test for Normality=include|Kolmogorov-Smirnov Test=include|Lilliefors Test=include|Kolmogorov-Smirnov Test for Uniform distribution=exclude|Kolmogorov-Smirnov Test for Gamma distribution=exclude|Kolmogorov-Smirnov Test for Exponential distribution=exclude
262,Variance Test,hard,72B,V1,1,0,0,1,0,1,1,2,Levene Test,Mood Variance Test|Levene Test,0.5,0.5,,0.0,2,2,0,1,1,0,0,1,partially_labeled,Mood Variance Test=include|Levene Test=include
263,Distribution Compliance Test,hard,72B,V1,1,0,0,1,1,0,4,3,Anderson-Darling Test|Shapiro-Wilk Test of Normality|Kolmogorov-Smirnov Test for Normality|Lilliefors Test,Anderson-Darling Test|Kolmogorov-Smirnov Test for Normality|Lilliefors Test,0.875,0.2,0.0,0.0,8,5,3,4,1,0,0,7,fully_labeled,Anderson-Darling Test=include|Shapiro-Wilk Test of Normality=include|Kolmogorov-Smirnov Test for Normality=include|Kolmogorov-Smirnov Test=include|Lilliefors Test=include|Kolmogorov-Smirnov Test for Uniform distribution=exclude|Kolmogorov-Smirnov Test for Gamma distribution=exclude|Kolmogorov-Smirnov Test for Exponential distribution=exclude
264,Contingency Table Test,hard,72B,V1,1,1,1,1,0,0,1,1,Chi-square Independence Test,Chi-square Independence Test,1.0,,0.0,1.0,1,0,1,1,0,0,1,1,partially_labeled,Mantel-Haenszel Test=exclude
265,Descriptive Statistics,easy,72B,V1,1,0,0,1,1,0,8,1,Mean|Median|Mode|Range|Quartile|Standard Deviation|Skewness|Kurtosis,Quartile,,,,1.0,0,0,0,8,0,0,8,0,narrative_only,
266,Variance Test,hard,72B,V1,1,1,1,1,0,0,2,2,Mood Variance Test|Levene Test,Mood Variance Test|Levene Test,,,,1.0,0,0,0,2,0,0,2,0,narrative_only,
267,Contingency Table Test,hard,72B,V1,1,1,1,1,0,0,1,1,Chi-square Independence Test,Chi-square Independence Test,,,,1.0,0,0,0,1,0,0,1,0,narrative_only,
268,Variance Test,hard,72B,V1,1,1,1,1,0,0,2,2,Mood Variance Test|Levene Test,Mood Variance Test|Levene Test,1.0,0.0,0.0,0.5,2,1,1,2,0,0,1,2,partially_labeled,Levene Test=include|F-Test for Variance=exclude
269,Distribution Compliance Test,hard,72B,V1,1,0,0,1,1,0,4,3,Anderson-Darling Test|Shapiro-Wilk Test of Normality|Kolmogorov-Smirnov Test for Normality|Lilliefors Test,Anderson-Darling Test|Kolmogorov-Smirnov Test for Normality|Lilliefors Test,0.7777777777777778,0.3333333333333333,0.0,0.0,9,6,3,4,2,0,0,7,fully_labeled,Anderson-Darling Test=include|Mode=include|Shapiro-Wilk Test of Normality=include|Kolmogorov-Smirnov Test for Normality=include|Kolmogorov-Smirnov Test=include|Lilliefors Test=include|Kolmogorov-Smirnov Test for Uniform distribution=exclude|Kolmogorov-Smirnov Test for Gamma distribution=exclude|Kolmogorov-Smirnov Test for Exponential distribution=exclude
270,Variance Test,hard,72B,V1,1,1,1,1,0,0,2,2,Mood Variance Test|Levene Test,Mood Variance Test|Levene Test,,,,1.0,0,0,0,2,0,0,2,0,narrative_only,
271,Distribution Compliance Test,hard,72B,V1,1,0,0,1,1,0,5,3,Anderson-Darling Test|Shapiro-Wilk Test of Normality|Kolmogorov-Smirnov Test for Normality|Lilliefors Test|Kolmogorov-Smirnov Test,Anderson-Darling Test|Shapiro-Wilk Test of Normality|Kolmogorov-Smirnov Test for Normality,,,,1.0,0,0,0,5,0,0,5,0,narrative_only,
272,Distribution Compliance Test,hard,72B,V1,1,0,0,1,1,0,4,3,Anderson-Darling Test|Shapiro-Wilk Test of Normality|Kolmogorov-Smirnov Test for Normality|Lilliefors Test,Anderson-Darling Test|Shapiro-Wilk Test of Normality|Kolmogorov-Smirnov Test for Normality,0.875,0.2,0.0,0.0,8,5,3,4,1,0,0,7,fully_labeled,Anderson-Darling Test=include|Shapiro-Wilk Test of Normality=include|Kolmogorov-Smirnov Test for Normality=include|Kolmogorov-Smirnov Test=include|Lilliefors Test=include|Kolmogorov-Smirnov Test for Uniform distribution=exclude|Kolmogorov-Smirnov Test for Gamma distribution=exclude|Kolmogorov-Smirnov Test for Exponential distribution=exclude
273,Variance Test,hard,72B,V1,1,1,1,1,0,0,2,2,Mood Variance Test|Levene Test,Mood Variance Test|Levene Test,,,,1.0,0,0,0,2,0,0,2,0,narrative_only,
274,Distribution Compliance Test,hard,72B,V1,1,0,0,1,1,0,10,3,Anderson-Darling Test|Shapiro-Wilk Test of Normality|Kolmogorov-Smirnov Test for Normality|Lilliefors Test|Median|Mode|Range|Quartile|Skewness|Kurtosis,Anderson-Darling Test|Kolmogorov-Smirnov Test for Normality|Lilliefors Test,0.9230769230769231,0.09090909090909091,0.0,0.0,13,11,2,10,1,0,0,12,fully_labeled,Anderson-Darling Test=include|Shapiro-Wilk Test of Normality=include|Kolmogorov-Smirnov Test for Normality=include|Kolmogorov-Smirnov Test=include|Lilliefors Test=include|Mean=exclude|Median=include|Mode=include|Range=include|Quartile=include|Standard Deviation=exclude|Skewness=include|Kurtosis=include
275,Descriptive Statistics,easy,72B,V1,1,0,0,1,1,0,6,1,Mean|Median|Range|Quartile|Standard Deviation|Skewness,Skewness,0.0,,1.0,0.8333333333333334,1,0,1,6,0,1,5,0,partially_labeled,Skewness=exclude
276,Contingency Table Test,hard,72B,V1,1,1,1,1,0,0,1,1,Chi-square Independence Test,Chi-square Independence Test,,,,1.0,0,0,0,1,0,0,1,0,narrative_only,
277,Correlation Analysis,hard,72B,V1,1,0,0,1,1,0,3,1,Pearson Correlation Coefficient|Spearman Correlation Coefficient|Kendall Correlation Coefficient,Kendall Correlation Coefficient,1.0,0.0,,0.0,3,3,0,3,0,0,0,3,partially_labeled,Pearson Correlation Coefficient=include|Spearman Correlation Coefficient=include|Kendall Correlation Coefficient=include
278,Variance Test,hard,72B,V1,1,1,1,1,0,0,2,2,Mood Variance Test|Levene Test,Mood Variance Test|Levene Test,1.0,0.0,,0.0,2,2,0,2,0,0,0,2,partially_labeled,Mood Variance Test=include|Levene Test=include
279,Distribution Compliance Test,hard,72B,V1,1,0,0,1,1,0,4,3,Anderson-Darling Test|Shapiro-Wilk Test of Normality|Kolmogorov-Smirnov Test for Normality|Lilliefors Test,Anderson-Darling Test|Kolmogorov-Smirnov Test for Normality|Lilliefors Test,0.8,0.2,,0.0,5,5,0,4,1,0,0,4,partially_labeled,Kolmogorov-Smirnov Test for Normality=include|Kolmogorov-Smirnov Test=include|Anderson-Darling Test=include|Shapiro-Wilk Test of Normality=include|Lilliefors Test=include
280,Distribution Compliance Test,hard,72B,V1,1,0,0,1,1,0,4,3,Anderson-Darling Test|Shapiro-Wilk Test of Normality|Kolmogorov-Smirnov Test for Normality|Lilliefors Test,Anderson-Darling Test|Kolmogorov-Smirnov Test for Normality|Lilliefors Test,0.875,0.2,0.0,0.0,8,5,3,4,1,0,0,7,fully_labeled,Anderson-Darling Test=include|Shapiro-Wilk Test of Normality=include|Kolmogorov-Smirnov Test for Normality=include|Kolmogorov-Smirnov Test=include|Lilliefors Test=include|Kolmogorov-Smirnov Test for Uniform distribution=exclude|Kolmogorov-Smirnov Test for Gamma distribution=exclude|Kolmogorov-Smirnov Test for Exponential distribution=exclude
281,Contingency Table Test,hard,72B,V1,1,1,1,1,0,0,1,1,Chi-square Independence Test,Chi-square Independence Test,,,,1.0,0,0,0,1,0,0,1,0,narrative_only,
282,Contingency Table Test,hard,72B,V1,1,0,0,1,1,0,2,1,Chi-square Independence Test|Fisher Exact Test,Chi-square Independence Test,1.0,0.0,0.0,0.0,3,2,1,2,0,0,0,3,fully_labeled,Chi-square Independence Test=include|Fisher Exact Test=include|Mantel-Haenszel Test=exclude
283,Distribution Compliance Test,hard,72B,V1,1,0,0,1,1,0,4,3,Anderson-Darling Test|Shapiro-Wilk Test of Normality|Kolmogorov-Smirnov Test for Normality|Lilliefors Test,Anderson-Darling Test|Kolmogorov-Smirnov Test for Normality|Lilliefors Test,0.75,0.25,,0.25,4,4,0,4,1,0,1,3,partially_labeled,Anderson-Darling Test=include|Shapiro-Wilk Test of Normality=include|Kolmogorov-Smirnov Test for Normality=include|Kolmogorov-Smirnov Test=include
284,Contingency Table Test,hard,72B,V1,1,1,1,1,0,0,1,1,Chi-square Independence Test,Chi-square Independence Test,1.0,0.0,,0.0,1,1,0,1,0,0,0,1,partially_labeled,Chi-square Independence Test=include
285,Distribution Compliance Test,hard,72B,V1,1,0,0,1,1,0,4,3,Anderson-Darling Test|Shapiro-Wilk Test of Normality|Kolmogorov-Smirnov Test for Normality|Lilliefors Test,Anderson-Darling Test|Kolmogorov-Smirnov Test for Normality|Lilliefors Test,0.7777777777777778,0.3333333333333333,0.0,0.0,9,6,3,4,2,0,0,7,fully_labeled,Anderson-Darling Test=include|Shapiro-Wilk Test of Normality=include|Mode=include|Kolmogorov-Smirnov Test for Normality=include|Kolmogorov-Smirnov Test=include|Lilliefors Test=include|Kolmogorov-Smirnov Test for Uniform distribution=exclude|Kolmogorov-Smirnov Test for Gamma distribution=exclude|Kolmogorov-Smirnov Test for Exponential distribution=exclude
286,Variance Test,hard,72B,V1,1,1,1,1,0,0,2,2,Mood Variance Test|Levene Test,Mood Variance Test|Levene Test,,,,1.0,0,0,0,2,0,0,2,0,narrative_only,
287,Variance Test,hard,72B,V1,1,1,1,1,0,0,2,2,Mood Variance Test|Levene Test,Mood Variance Test|Levene Test,,,,1.0,0,0,0,2,0,0,2,0,narrative_only,
288,Correlation Analysis,hard,72B,V1,1,0,0,1,1,0,3,1,Pearson Correlation Coefficient|Spearman Correlation Coefficient|Kendall Correlation Coefficient,Kendall Correlation Coefficient,1.0,0.0,0.0,0.0,4,3,1,3,0,0,0,4,fully_labeled,Pearson Correlation Coefficient=include|Spearman Correlation Coefficient=include|Kendall Correlation Coefficient=include|Partial Correlation Coefficient=exclude
289,Contingency Table Test,easy,72B,V1,1,0,0,1,0,1,1,2,Chi-square Independence Test,Chi-square Independence Test|Fisher Exact Test,,,,1.0,0,0,0,1,0,0,1,0,narrative_only,
290,Variance Test,hard,72B,V1,1,1,1,1,0,0,2,2,Mood Variance Test|Levene Test,Mood Variance Test|Levene Test,1.0,0.0,,0.0,2,2,0,2,0,0,0,2,partially_labeled,Mood Variance Test=include|Levene Test=include
291,Correlation Analysis,hard,72B,V1,1,0,0,1,1,1,1,1,Pearson Correlation Coefficient,Kendall Correlation Coefficient,0.25,0.75,,0.0,4,4,0,1,3,0,0,1,fully_labeled,Pearson Correlation Coefficient=include|Spearman Correlation Coefficient=include|Kendall Correlation Coefficient=include|Partial Correlation Coefficient=include
292,Variance Test,hard,72B,V1,1,1,1,1,0,0,2,2,Mood Variance Test|Levene Test,Mood Variance Test|Levene Test,1.0,0.0,,0.0,2,2,0,2,0,0,0,2,partially_labeled,Mood Variance Test=include|Levene Test=include
293,Correlation Analysis,easy,72B,V1,1,0,0,1,1,0,3,1,Spearman Correlation Coefficient|Kendall Correlation Coefficient|Partial Correlation Coefficient,Partial Correlation Coefficient,,,,1.0,0,0,0,3,0,0,3,0,narrative_only,
294,Variance Test,hard,72B,V1,1,1,1,1,0,0,2,2,Mood Variance Test|Levene Test,Mood Variance Test|Levene Test,1.0,0.0,0.0,0.0,4,2,2,2,0,0,0,4,fully_labeled,Mood Variance Test=include|Levene Test=include|Bartlett Test=exclude|F-Test for Variance=exclude
295,Variance Test,hard,72B,V1,1,1,1,1,0,0,2,2,Mood Variance Test|Levene Test,Mood Variance Test|Levene Test,1.0,0.0,,0.5,1,1,0,2,0,0,1,1,partially_labeled,Levene Test=include
296,Contingency Table Test,hard,72B,V1,1,1,1,1,0,0,1,1,Chi-square Independence Test,Chi-square Independence Test,0.5,0.5,,0.0,2,2,0,1,1,0,0,1,partially_labeled,Chi-square Independence Test=include|Fisher Exact Test=include
297,Distribution Compliance Test,hard,72B,V1,1,0,0,1,1,0,4,3,Anderson-Darling Test|Shapiro-Wilk Test of Normality|Kolmogorov-Smirnov Test for Normality|Lilliefors Test,Anderson-Darling Test|Kolmogorov-Smirnov Test for Normality|Lilliefors Test,0.0,1.0,,1.0,1,1,0,4,1,0,4,0,partially_labeled,Kolmogorov-Smirnov Test=include
298,Variance Test,easy,72B,V1,1,1,1,1,0,0,4,4,Mood Variance Test|Levene Test|Bartlett Test|F-Test for Variance,Mood Variance Test|Levene Test|Bartlett Test|F-Test for Variance,1.0,0.0,,0.75,1,1,0,4,0,0,3,1,partially_labeled,Levene Test=include
299,Contingency Table Test,hard,72B,V1,1,1,1,1,0,0,1,1,Chi-square Independence Test,Chi-square Independence Test,0.6666666666666666,0.5,0.0,0.0,3,2,1,1,1,0,0,2,fully_labeled,Chi-square Independence Test=include|Fisher Exact Test=include|Mantel-Haenszel Test=exclude
300,Distribution Compliance Test,hard,72B,V1,1,0,0,1,1,0,4,3,Anderson-Darling Test|Shapiro-Wilk Test of Normality|Kolmogorov-Smirnov Test for Normality|Lilliefors Test,Anderson-Darling Test|Shapiro-Wilk Test of Normality|Kolmogorov-Smirnov Test for Normality,0.8,0.2,,0.0,5,5,0,4,1,0,0,4,partially_labeled,Anderson-Darling Test=include|Shapiro-Wilk Test of Normality=include|Kolmogorov-Smirnov Test for Normality=include|Kolmogorov-Smirnov Test=include|Lilliefors Test=include
301,Distribution Compliance Test,hard,72B,V1,1,0,0,1,1,0,4,3,Anderson-Darling Test|Shapiro-Wilk Test of Normality|Kolmogorov-Smirnov Test for Normality|Lilliefors Test,Anderson-Darling Test|Kolmogorov-Smirnov Test for Normality|Lilliefors Test,0.875,0.2,0.0,0.0,8,5,3,4,1,0,0,7,fully_labeled,Anderson-Darling Test=include|Shapiro-Wilk Test of Normality=include|Kolmogorov-Smirnov Test for Normality=include|Kolmogorov-Smirnov Test=include|Lilliefors Test=include|Kolmogorov-Smirnov Test for Uniform distribution=exclude|Kolmogorov-Smirnov Test for Gamma distribution=exclude|Kolmogorov-Smirnov Test for Exponential distribution=exclude
302,Variance Test,hard,72B,V1,1,1,1,1,0,0,2,2,Mood Variance Test|Levene Test,Mood Variance Test|Levene Test,0.5,0.5,,0.0,4,4,0,2,2,0,0,2,fully_labeled,Mood Variance Test=include|Levene Test=include|Bartlett Test=include|F-Test for Variance=include
303,Distribution Compliance Test,easy,72B,V1,1,1,1,1,0,0,1,1,Kolmogorov-Smirnov Test,Kolmogorov-Smirnov Test,,,,1.0,0,0,0,1,0,0,1,0,narrative_only,
304,Correlation Analysis,easy,72B,V1,1,0,0,1,1,0,3,1,Spearman Correlation Coefficient|Kendall Correlation Coefficient|Partial Correlation Coefficient,Partial Correlation Coefficient,1.0,0.0,0.0,0.0,4,3,1,3,0,0,0,4,fully_labeled,Spearman Correlation Coefficient=include|Kendall Correlation Coefficient=include|Partial Correlation Coefficient=include|Pearson Correlation Coefficient=exclude
305,Variance Test,hard,72B,V1,1,1,1,1,0,0,2,2,Mood Variance Test|Levene Test,Mood Variance Test|Levene Test,0.0,,1.0,0.0,2,0,2,2,0,2,0,0,partially_labeled,Mood Variance Test=exclude|Levene Test=exclude
306,Contingency Table Test,easy,72B,V1,1,1,1,1,0,0,2,2,Chi-square Independence Test|Fisher Exact Test,Chi-square Independence Test|Fisher Exact Test,1.0,0.0,,0.0,2,2,0,2,0,0,0,2,partially_labeled,Chi-square Independence Test=include|Fisher Exact Test=include
307,Variance Test,hard,72B,V1,1,1,1,1,0,0,2,2,Levene Test|Mood Variance Test,Mood Variance Test|Levene Test,1.0,0.0,,0.0,2,2,0,2,0,0,0,2,partially_labeled,Mood Variance Test=include|Levene Test=include
308,Variance Test,easy,72B,V1,1,0,0,1,0,1,2,4,Mood Variance Test|Levene Test,Mood Variance Test|Levene Test|Bartlett Test|F-Test for Variance,1.0,0.0,,0.5,1,1,0,2,0,0,1,1,partially_labeled,Levene Test=include
309,Distribution Compliance Test,hard,72B,V1,1,0,0,1,1,0,4,3,Anderson-Darling Test|Shapiro-Wilk Test of Normality|Kolmogorov-Smirnov Test for Normality|Lilliefors Test,Anderson-Darling Test|Kolmogorov-Smirnov Test for Normality|Lilliefors Test,0.75,0.25,,0.25,4,4,0,4,1,0,1,3,partially_labeled,Anderson-Darling Test=include|Shapiro-Wilk Test of Normality=include|Kolmogorov-Smirnov Test for Normality=include|Kolmogorov-Smirnov Test=include
310,Distribution Compliance Test,easy,72B,V1,1,1,1,1,0,0,1,1,Kolmogorov-Smirnov Test,Kolmogorov-Smirnov Test,1.0,0.0,,0.0,1,1,0,1,0,0,0,1,partially_labeled,Kolmogorov-Smirnov Test=include
311,Variance Test,hard,72B,V1,1,1,1,1,0,0,2,2,Mood Variance Test|Levene Test,Mood Variance Test|Levene Test,,,,1.0,0,0,0,2,0,0,2,0,narrative_only,
312,Variance Test,hard,72B,V1,1,1,1,1,0,0,2,2,Mood Variance Test|Levene Test,Mood Variance Test|Levene Test,1.0,0.0,,0.5,1,1,0,2,0,0,1,1,partially_labeled,Levene Test=include
313,Distribution Compliance Test,hard,72B,V1,1,0,0,1,1,0,4,3,Anderson-Darling Test|Shapiro-Wilk Test of Normality|Kolmogorov-Smirnov Test for Normality|Lilliefors Test,Anderson-Darling Test|Kolmogorov-Smirnov Test for Normality|Lilliefors Test,0.875,0.2,0.0,0.0,8,5,3,4,1,0,0,7,fully_labeled,Anderson-Darling Test=include|Shapiro-Wilk Test of Normality=include|Kolmogorov-Smirnov Test for Normality=include|Kolmogorov-Smirnov Test=include|Lilliefors Test=include|Kolmogorov-Smirnov Test for Uniform distribution=exclude|Kolmogorov-Smirnov Test for Gamma distribution=exclude|Kolmogorov-Smirnov Test for Exponential distribution=exclude
314,Contingency Table Test,hard,72B,V1,1,0,0,1,1,1,1,1,Chi-square Independence Test,Fisher Exact Test,1.0,0.0,,0.0,1,1,0,1,0,0,0,1,partially_labeled,Chi-square Independence Test=include
315,Distribution Compliance Test,easy,72B,V1,1,0,0,1,1,0,2,1,Kolmogorov-Smirnov Test|Anderson-Darling Test,Kolmogorov-Smirnov Test,0.875,0.0,0.14285714285714285,0.0,8,1,7,2,0,1,0,7,fully_labeled,Shapiro-Wilk Test of Normality=exclude|Kolmogorov-Smirnov Test for Normality=exclude|Kolmogorov-Smirnov Test=exclude|Lilliefors Test=exclude|Kolmogorov-Smirnov Test for Uniform distribution=exclude|Kolmogorov-Smirnov Test for Gamma distribution=exclude|Kolmogorov-Smirnov Test for Exponential distribution=exclude|Anderson-Darling Test=include
316,Variance Test,hard,72B,V1,1,1,1,1,0,0,2,2,Mood Variance Test|Levene Test,Mood Variance Test|Levene Test,,,,1.0,0,0,0,2,0,0,2,0,narrative_only,
317,Descriptive Statistics,easy,72B,V1,1,1,1,1,0,0,1,1,Standard Deviation,Standard Deviation,1.0,0.0,,0.0,1,1,0,1,0,0,0,1,partially_labeled,Standard Deviation=include
318,Distribution Compliance Test,hard,72B,V1,1,0,0,1,1,0,4,3,Anderson-Darling Test|Shapiro-Wilk Test of Normality|Kolmogorov-Smirnov Test for Normality|Lilliefors Test,Anderson-Darling Test|Kolmogorov-Smirnov Test for Normality|Lilliefors Test,0.8571428571428571,0.3333333333333333,0.0,0.5,7,3,4,4,1,0,2,6,partially_labeled,Anderson-Darling Test=include|Shapiro-Wilk Test of Normality=include|Mode=include|Kolmogorov-Smirnov Test=exclude|Kolmogorov-Smirnov Test for Uniform distribution=exclude|Kolmogorov-Smirnov Test for Gamma distribution=exclude|Kolmogorov-Smirnov Test for Exponential distribution=exclude
319,Correlation Analysis,easy,72B,V1,1,0,0,1,0,1,2,3,Spearman Correlation Coefficient|Kendall Correlation Coefficient,Pearson Correlation Coefficient|Spearman Correlation Coefficient|Kendall Correlation Coefficient,,,,1.0,0,0,0,2,0,0,2,0,narrative_only,
320,Distribution Compliance Test,hard,72B,V1,1,0,0,1,1,0,5,3,Anderson-Darling Test|Shapiro-Wilk Test of Normality|Kolmogorov-Smirnov Test for Normality|Lilliefors Test|Kolmogorov-Smirnov Test,Anderson-Darling Test|Kolmogorov-Smirnov Test for Normality|Lilliefors Test,1.0,0.0,,0.2,4,4,0,5,0,0,1,4,partially_labeled,Anderson-Darling Test=include|Shapiro-Wilk Test of Normality=include|Kolmogorov-Smirnov Test for Normality=include|Kolmogorov-Smirnov Test=include
321,Correlation Analysis,easy,72B,V1,1,1,1,1,0,0,1,1,Partial Correlation Coefficient,Partial Correlation Coefficient,1.0,0.0,0.0,0.0,27,1,26,1,0,0,0,27,fully_labeled,Partial Correlation Coefficient=include|Pearson Correlation Coefficient=exclude|Spearman Correlation Coefficient=exclude|Kendall Correlation Coefficient=exclude|Anderson-Darling Test=exclude|Shapiro-Wilk Test of Normality=exclude|Kolmogorov-Smirnov Test for Normality=exclude|Kolmogorov-Smirnov Test=exclude|Lilliefors Test=exclude|Kolmogorov-Smirnov Test for Uniform distribution=exclude|Kolmogorov-Smirnov Test for Gamma distribution=exclude|Kolmogorov-Smirnov Test for Exponential distribution=exclude|Chi-square Independence Test=exclude|Fisher Exact Test=exclude|Mantel-Haenszel Test=exclude|Mean=exclude|Median=exclude|Mode=exclude|Range=exclude|Quartile=exclude|Standard Deviation=exclude|Skewness=exclude|Kurtosis=exclude|Mood Variance Test=exclude|Levene Test=exclude|Bartlett Test=exclude|F-Test for Variance=exclude
322,Variance Test,hard,72B,V1,1,1,1,1,0,0,2,2,Mood Variance Test|Levene Test,Mood Variance Test|Levene Test,1.0,0.0,0.0,0.5,2,1,1,2,0,0,1,2,partially_labeled,Mood Variance Test=include|F-Test for Variance=exclude
323,Variance Test,hard,72B,V1,1,0,1,0,0,0,2,2,Mood Variance Test|Levene Test,Mood Variance Test|Levene Test,0.5,0.5,,0.5,2,2,0,2,1,0,1,1,partially_labeled,Mood Variance Test=include|F-Test for Variance=include
324,Correlation Analysis,hard,72B,V1,1,0,0,1,1,0,3,1,Pearson Correlation Coefficient|Spearman Correlation Coefficient|Kendall Correlation Coefficient,Kendall Correlation Coefficient,0.75,0.25,,0.0,4,4,0,3,1,0,0,3,fully_labeled,Pearson Correlation Coefficient=include|Spearman Correlation Coefficient=include|Kendall Correlation Coefficient=include|Partial Correlation Coefficient=include
325,Variance Test,hard,72B,V1,1,1,1,1,0,0,2,2,Mood Variance Test|Levene Test,Mood Variance Test|Levene Test,,,,1.0,0,0,0,2,0,0,2,0,narrative_only,
326,Variance Test,hard,72B,V1,1,1,1,1,0,0,2,2,Mood Variance Test|Levene Test,Mood Variance Test|Levene Test,,,,1.0,0,0,0,2,0,0,2,0,narrative_only,
327,Distribution Compliance Test,hard,72B,V1,1,0,0,1,1,0,4,3,Anderson-Darling Test|Shapiro-Wilk Test of Normality|Kolmogorov-Smirnov Test for Normality|Lilliefors Test,Anderson-Darling Test|Kolmogorov-Smirnov Test for Normality|Lilliefors Test,0.8,0.2,,0.0,5,5,0,4,1,0,0,4,fully_labeled,Anderson-Darling Test=include|Shapiro-Wilk Test of Normality=include|Kolmogorov-Smirnov Test for Normality=include|Kolmogorov-Smirnov Test=include|Lilliefors Test=include
328,Variance Test,hard,72B,V1,1,1,1,1,0,0,2,2,Mood Variance Test|Levene Test,Mood Variance Test|Levene Test,1.0,0.0,,0.5,1,1,0,2,0,0,1,1,partially_labeled,Levene Test=include
329,Distribution Compliance Test,hard,72B,V1,1,0,0,1,1,0,5,3,Anderson-Darling Test|Shapiro-Wilk Test of Normality|Kolmogorov-Smirnov Test for Normality|Lilliefors Test|Kolmogorov-Smirnov Test,Anderson-Darling Test|Kolmogorov-Smirnov Test for Normality|Lilliefors Test,1.0,0.0,,0.6,2,2,0,5,0,0,3,2,partially_labeled,Anderson-Darling Test=include|Kolmogorov-Smirnov Test=include
330,Distribution Compliance Test,hard,72B,V1,1,0,0,1,1,0,4,3,Anderson-Darling Test|Shapiro-Wilk Test of Normality|Kolmogorov-Smirnov Test for Normality|Lilliefors Test,Anderson-Darling Test|Kolmogorov-Smirnov Test for Normality|Lilliefors Test,0.6666666666666666,0.3333333333333333,,0.0,6,6,0,4,2,0,0,4,fully_labeled,Anderson-Darling Test=include|Shapiro-Wilk Test of Normality=include|Mode=include|Kolmogorov-Smirnov Test for Normality=include|Kolmogorov-Smirnov Test=include|Lilliefors Test=include
331,Variance Test,hard,72B,V1,1,1,1,1,0,0,2,2,Mood Variance Test|Levene Test,Mood Variance Test|Levene Test,0.5,0.5,,0.0,4,4,0,2,2,0,0,2,fully_labeled,Mood Variance Test=include|Levene Test=include|Bartlett Test=include|F-Test for Variance=include
332,Variance Test,hard,72B,V1,1,1,1,1,0,0,2,2,Mood Variance Test|Levene Test,Mood Variance Test|Levene Test,,,,1.0,0,0,0,2,0,0,2,0,narrative_only,
333,Variance Test,hard,72B,V1,1,1,1,1,0,0,2,2,Mood Variance Test|Levene Test,Mood Variance Test|Levene Test,0.5,0.5,,0.0,4,4,0,2,2,0,0,2,fully_labeled,Mood Variance Test=include|Levene Test=include|Bartlett Test=include|F-Test for Variance=include
334,Contingency Table Test,hard,72B,V1,1,0,0,1,1,0,2,1,Chi-square Independence Test|Fisher Exact Test,Fisher Exact Test,,,,1.0,0,0,0,2,0,0,2,0,narrative_only,
335,Variance Test,hard,72B,V1,1,1,1,1,0,0,2,2,Mood Variance Test|Levene Test,Mood Variance Test|Levene Test,1.0,,0.0,1.0,1,0,1,2,0,0,2,1,partially_labeled,Median=exclude
336,Contingency Table Test,hard,72B,V1,1,1,1,1,0,0,1,1,Chi-square Independence Test,Chi-square Independence Test,,,,1.0,0,0,0,1,0,0,1,0,narrative_only,
337,Distribution Compliance Test,hard,72B,V1,1,0,0,1,1,0,4,3,Anderson-Darling Test|Shapiro-Wilk Test of Normality|Kolmogorov-Smirnov Test for Normality|Lilliefors Test,Anderson-Darling Test|Shapiro-Wilk Test of Normality|Kolmogorov-Smirnov Test for Normality,0.7777777777777778,0.3333333333333333,0.0,0.0,9,6,3,4,2,0,0,7,fully_labeled,Anderson-Darling Test=include|Mode=include|Shapiro-Wilk Test of Normality=include|Kolmogorov-Smirnov Test for Normality=include|Kolmogorov-Smirnov Test=include|Lilliefors Test=include|Kolmogorov-Smirnov Test for Uniform distribution=exclude|Kolmogorov-Smirnov Test for Gamma distribution=exclude|Kolmogorov-Smirnov Test for Exponential distribution=exclude
338,Distribution Compliance Test,easy,72B,V1,1,1,1,1,0,0,1,1,Kolmogorov-Smirnov Test,Kolmogorov-Smirnov Test,,,,1.0,0,0,0,1,0,0,1,0,narrative_only,
339,Contingency Table Test,easy,72B,V1,1,1,1,1,0,0,2,2,Chi-square Independence Test|Fisher Exact Test,Chi-square Independence Test|Fisher Exact Test,1.0,0.0,0.0,0.0,3,2,1,2,0,0,0,3,fully_labeled,Chi-square Independence Test=include|Fisher Exact Test=include|Mantel-Haenszel Test=exclude
340,Distribution Compliance Test,hard,72B,V1,1,0,0,1,1,0,4,3,Anderson-Darling Test|Shapiro-Wilk Test of Normality|Kolmogorov-Smirnov Test for Normality|Lilliefors Test,Anderson-Darling Test|Kolmogorov-Smirnov Test for Normality|Lilliefors Test,0.7777777777777778,0.3333333333333333,0.0,0.0,9,6,3,4,2,0,0,7,fully_labeled,Anderson-Darling Test=include|Shapiro-Wilk Test of Normality=include|Mode=include|Kolmogorov-Smirnov Test for Normality=include|Kolmogorov-Smirnov Test=include|Lilliefors Test=include|Kolmogorov-Smirnov Test for Uniform distribution=exclude|Kolmogorov-Smirnov Test for Gamma distribution=exclude|Kolmogorov-Smirnov Test for Exponential distribution=exclude
341,Distribution Compliance Test,hard,72B,V1,1,0,0,1,1,0,4,3,Anderson-Darling Test|Shapiro-Wilk Test of Normality|Kolmogorov-Smirnov Test for Normality|Lilliefors Test,Anderson-Darling Test|Kolmogorov-Smirnov Test for Normality|Lilliefors Test,0.6666666666666666,0.3333333333333333,,0.0,6,6,0,4,2,0,0,4,fully_labeled,Anderson-Darling Test=include|Shapiro-Wilk Test of Normality=include|Mode=include|Kolmogorov-Smirnov Test for Normality=include|Kolmogorov-Smirnov Test=include|Lilliefors Test=include
342,Contingency Table Test,hard,72B,V1,1,1,1,1,0,0,1,1,Chi-square Independence Test,Chi-square Independence Test,,,,1.0,0,0,0,1,0,0,1,0,narrative_only,
343,Variance Test,hard,72B,V1,1,1,1,1,0,0,2,2,Mood Variance Test|Levene Test,Mood Variance Test|Levene Test,1.0,0.0,0.0,0.0,4,2,2,2,0,0,0,4,fully_labeled,Mood Variance Test=include|Levene Test=include|Bartlett Test=exclude|F-Test for Variance=exclude
344,Distribution Compliance Test,hard,72B,V1,1,0,0,1,1,0,4,3,Anderson-Darling Test|Shapiro-Wilk Test of Normality|Kolmogorov-Smirnov Test for Normality|Lilliefors Test,Anderson-Darling Test|Shapiro-Wilk Test of Normality|Kolmogorov-Smirnov Test for Normality,0.875,0.2,0.0,0.0,8,5,3,4,1,0,0,7,fully_labeled,Anderson-Darling Test=include|Shapiro-Wilk Test of Normality=include|Kolmogorov-Smirnov Test for Normality=include|Kolmogorov-Smirnov Test=include|Lilliefors Test=include|Kolmogorov-Smirnov Test for Uniform distribution=exclude|Kolmogorov-Smirnov Test for Gamma distribution=exclude|Kolmogorov-Smirnov Test for Exponential distribution=exclude
345,Contingency Table Test,hard,72B,V1,1,1,1,1,0,0,1,1,Chi-square Independence Test,Chi-square Independence Test,0.6666666666666666,0.5,0.0,0.0,3,2,1,1,1,0,0,2,fully_labeled,Chi-square Independence Test=include|Fisher Exact Test=include|Mantel-Haenszel Test=exclude
346,Variance Test,hard,72B,V1,1,1,1,1,0,0,2,2,Mood Variance Test|Levene Test,Mood Variance Test|Levene Test,,,,1.0,0,0,0,2,0,0,2,0,narrative_only,
347,Distribution Compliance Test,hard,72B,V1,1,0,0,1,1,0,4,3,Anderson-Darling Test|Shapiro-Wilk Test of Normality|Kolmogorov-Smirnov Test for Normality|Lilliefors Test,Anderson-Darling Test|Kolmogorov-Smirnov Test for Normality|Lilliefors Test,0.875,0.2,0.0,0.0,8,5,3,4,1,0,0,7,fully_labeled,Anderson-Darling Test=include|Shapiro-Wilk Test of Normality=include|Kolmogorov-Smirnov Test for Normality=include|Kolmogorov-Smirnov Test=include|Lilliefors Test=include|Kolmogorov-Smirnov Test for Uniform distribution=exclude|Kolmogorov-Smirnov Test for Gamma distribution=exclude|Kolmogorov-Smirnov Test for Exponential distribution=exclude
348,Distribution Compliance Test,hard,72B,V1,1,0,0,1,1,0,4,3,Anderson-Darling Test|Shapiro-Wilk Test of Normality|Kolmogorov-Smirnov Test for Normality|Lilliefors Test,Anderson-Darling Test|Kolmogorov-Smirnov Test for Normality|Lilliefors Test,0.7777777777777778,0.3333333333333333,0.0,0.0,9,6,3,4,2,0,0,7,fully_labeled,Anderson-Darling Test=include|Mode=include|Shapiro-Wilk Test of Normality=include|Kolmogorov-Smirnov Test for Normality=include|Kolmogorov-Smirnov Test=include|Lilliefors Test=include|Kolmogorov-Smirnov Test for Uniform distribution=exclude|Kolmogorov-Smirnov Test for Gamma distribution=exclude|Kolmogorov-Smirnov Test for Exponential distribution=exclude
349,Distribution Compliance Test,hard,72B,V1,1,0,0,1,1,0,5,3,Anderson-Darling Test|Shapiro-Wilk Test of Normality|Kolmogorov-Smirnov Test for Normality|Lilliefors Test|Kolmogorov-Smirnov Test,Anderson-Darling Test|Kolmogorov-Smirnov Test for Normality|Lilliefors Test,,,,1.0,0,0,0,5,0,0,5,0,narrative_only,
350,Variance Test,easy,72B,V1,1,0,0,1,0,1,2,4,Mood Variance Test|Levene Test,Mood Variance Test|Levene Test|Bartlett Test|F-Test for Variance,1.0,0.0,,0.0,2,2,0,2,0,0,0,2,partially_labeled,Mood Variance Test=include|Levene Test=include
351,Contingency Table Test,hard,72B,V1,1,0,0,1,1,0,2,1,Chi-square Independence Test|Fisher Exact Test,Fisher Exact Test,1.0,0.0,0.0,0.0,3,2,1,2,0,0,0,3,fully_labeled,Chi-square Independence Test=include|Fisher Exact Test=include|Mantel-Haenszel Test=exclude
352,Descriptive Statistics,easy,72B,V1,1,0,0,1,1,0,3,1,Range|Quartile|Standard Deviation,Range,1.0,0.0,0.0,0.0,8,3,5,3,0,0,0,8,fully_labeled,Mean=exclude|Median=exclude|Mode=exclude|Range=include|Quartile=include|Standard Deviation=include|Skewness=exclude|Kurtosis=exclude
353,Contingency Table Test,hard,72B,V1,1,1,1,1,0,0,1,1,Chi-square Independence Test,Chi-square Independence Test,0.6666666666666666,0.5,0.0,0.0,3,2,1,1,1,0,0,2,fully_labeled,Fisher Exact Test=include|Chi-square Independence Test=include|Mantel-Haenszel Test=exclude
354,Variance Test,hard,72B,V1,1,1,1,1,0,0,2,2,Mood Variance Test|Levene Test,Mood Variance Test|Levene Test,,,,1.0,0,0,0,2,0,0,2,0,narrative_only,
355,Correlation Analysis,easy,72B,V1,1,0,0,1,0,1,2,3,Spearman Correlation Coefficient|Kendall Correlation Coefficient,Pearson Correlation Coefficient|Spearman Correlation Coefficient|Kendall Correlation Coefficient,0.5,0.5,,0.5,2,2,0,2,1,0,1,1,partially_labeled,Pearson Correlation Coefficient=include|Spearman Correlation Coefficient=include
356,Distribution Compliance Test,easy,72B,V1,1,0,0,1,1,0,7,1,Mood Variance Test|Levene Test|Anderson-Darling Test|Shapiro-Wilk Test of Normality|Kolmogorov-Smirnov Test for Normality|Lilliefors Test|Kolmogorov-Smirnov Test,Kolmogorov-Smirnov Test,0.4444444444444444,0.5555555555555556,,0.42857142857142855,9,9,0,7,5,0,3,4,partially_labeled,Mood Variance Test=include|Levene Test=include|Bartlett Test=include|F-Test for Variance=include|Anderson-Darling Test=include|Kolmogorov-Smirnov Test=include|Kolmogorov-Smirnov Test for Uniform distribution=include|Kolmogorov-Smirnov Test for Gamma distribution=include|Kolmogorov-Smirnov Test for Exponential distribution=include
357,Correlation Analysis,easy,72B,V1,1,0,0,1,0,1,2,3,Spearman Correlation Coefficient|Kendall Correlation Coefficient,Pearson Correlation Coefficient|Spearman Correlation Coefficient|Kendall Correlation Coefficient,1.0,0.0,,0.0,2,2,0,2,0,0,0,2,partially_labeled,Spearman Correlation Coefficient=include|Kendall Correlation Coefficient=include
358,Distribution Compliance Test,easy,72B,V1,1,1,1,1,0,0,1,1,Kolmogorov-Smirnov Test,Kolmogorov-Smirnov Test,1.0,0.0,,0.0,1,1,0,1,0,0,0,1,partially_labeled,Kolmogorov-Smirnov Test=include
359,Variance Test,hard,72B,V1,1,1,1,1,0,0,2,2,Mood Variance Test|Levene Test,Mood Variance Test|Levene Test,,,,1.0,0,0,0,2,0,0,2,0,narrative_only,
360,Contingency Table Test,easy,72B,V1,1,0,0,1,0,1,1,2,Chi-square Independence Test,Chi-square Independence Test|Fisher Exact Test,1.0,0.0,,0.0,1,1,0,1,0,0,0,1,partially_labeled,Chi-square Independence Test=include
361,Correlation Analysis,easy,72B,V1,1,0,0,1,0,1,2,3,Spearman Correlation Coefficient|Kendall Correlation Coefficient,Pearson Correlation Coefficient|Spearman Correlation Coefficient|Kendall Correlation Coefficient,,,,1.0,0,0,0,2,0,0,2,0,narrative_only,
362,Distribution Compliance Test,hard,72B,V1,1,0,0,1,1,0,4,3,Anderson-Darling Test|Shapiro-Wilk Test of Normality|Kolmogorov-Smirnov Test for Normality|Lilliefors Test,Anderson-Darling Test|Kolmogorov-Smirnov Test for Normality|Lilliefors Test,0.875,0.2,0.0,0.0,8,5,3,4,1,0,0,7,fully_labeled,Anderson-Darling Test=include|Shapiro-Wilk Test of Normality=include|Kolmogorov-Smirnov Test for Normality=include|Kolmogorov-Smirnov Test=include|Lilliefors Test=include|Kolmogorov-Smirnov Test for Uniform distribution=exclude|Kolmogorov-Smirnov Test for Gamma distribution=exclude|Kolmogorov-Smirnov Test for Exponential distribution=exclude
363,Variance Test,hard,72B,V1,1,1,1,1,0,0,2,2,Mood Variance Test|Levene Test,Mood Variance Test|Levene Test,1.0,0.0,,0.5,1,1,0,2,0,0,1,1,partially_labeled,Levene Test=include
364,Variance Test,hard,72B,V1,1,1,1,1,0,0,2,2,Mood Variance Test|Levene Test,Mood Variance Test|Levene Test,1.0,0.0,,0.0,2,2,0,2,0,0,0,2,partially_labeled,Mood Variance Test=include|Levene Test=include
365,Contingency Table Test,easy,72B,V1,1,1,1,1,0,0,2,2,Chi-square Independence Test|Fisher Exact Test,Chi-square Independence Test|Fisher Exact Test,,,,1.0,0,0,0,2,0,0,2,0,narrative_only,
366,Correlation Analysis,easy,72B,V1,1,0,0,1,0,1,2,3,Spearman Correlation Coefficient|Kendall Correlation Coefficient,Pearson Correlation Coefficient|Spearman Correlation Coefficient|Kendall Correlation Coefficient,,,,1.0,0,0,0,2,0,0,2,0,narrative_only,
367,Distribution Compliance Test,hard,72B,V1,1,0,0,1,1,0,4,3,Shapiro-Wilk Test of Normality|Kolmogorov-Smirnov Test for Normality|Lilliefors Test|Anderson-Darling Test,Anderson-Darling Test|Shapiro-Wilk Test of Normality|Kolmogorov-Smirnov Test for Normality,0.0,1.0,,1.0,1,1,0,4,1,0,4,0,partially_labeled,Mode=include
368,Distribution Compliance Test,hard,72B,V1,1,0,0,1,1,0,4,3,Anderson-Darling Test|Shapiro-Wilk Test of Normality|Kolmogorov-Smirnov Test for Normality|Lilliefors Test,Anderson-Darling Test|Kolmogorov-Smirnov Test for Normality|Lilliefors Test,0.875,0.2,0.0,0.0,8,5,3,4,1,0,0,7,fully_labeled,Anderson-Darling Test=include|Shapiro-Wilk Test of Normality=include|Kolmogorov-Smirnov Test for Normality=include|Kolmogorov-Smirnov Test=include|Lilliefors Test=include|Kolmogorov-Smirnov Test for Uniform distribution=exclude|Kolmogorov-Smirnov Test for Gamma distribution=exclude|Kolmogorov-Smirnov Test for Exponential distribution=exclude
369,Variance Test,hard,72B,V1,1,1,1,1,0,0,2,2,Mood Variance Test|Levene Test,Mood Variance Test|Levene Test,,,,1.0,0,0,0,2,0,0,2,0,narrative_only,
370,Contingency Table Test,easy,72B,V1,1,0,0,1,0,1,1,2,Chi-square Independence Test,Chi-square Independence Test|Fisher Exact Test,,,,1.0,0,0,0,1,0,0,1,0,narrative_only,
371,Distribution Compliance Test,hard,72B,V1,1,0,0,1,1,0,4,3,Anderson-Darling Test|Shapiro-Wilk Test of Normality|Kolmogorov-Smirnov Test for Normality|Lilliefors Test,Anderson-Darling Test|Shapiro-Wilk Test of Normality|Kolmogorov-Smirnov Test for Normality,0.8,0.2,,0.0,5,5,0,4,1,0,0,4,fully_labeled,Anderson-Darling Test=include|Shapiro-Wilk Test of Normality=include|Kolmogorov-Smirnov Test for Normality=include|Kolmogorov-Smirnov Test=include|Lilliefors Test=include
372,Distribution Compliance Test,hard,72B,V1,1,0,0,1,1,0,4,3,Shapiro-Wilk Test of Normality|Kolmogorov-Smirnov Test for Normality|Lilliefors Test|Anderson-Darling Test,Anderson-Darling Test|Kolmogorov-Smirnov Test for Normality|Lilliefors Test,0.8,0.2,,0.0,5,5,0,4,1,0,0,4,fully_labeled,Shapiro-Wilk Test of Normality=include|Kolmogorov-Smirnov Test for Normality=include|Kolmogorov-Smirnov Test=include|Lilliefors Test=include|Anderson-Darling Test=include
373,Descriptive Statistics,easy,72B,V1,1,0,0,1,1,1,8,1,Anderson-Darling Test|Shapiro-Wilk Test of Normality|Kolmogorov-Smirnov Test for Normality|Lilliefors Test|Kolmogorov-Smirnov Test|Kolmogorov-Smirnov Test for Uniform distribution|Kolmogorov-Smirnov Test for Gamma distribution|Kolmogorov-Smirnov Test for Exponential distribution,Kurtosis,1.0,0.0,,0.75,2,2,0,8,0,0,6,2,partially_labeled,Anderson-Darling Test=include|Kolmogorov-Smirnov Test=include
374,Contingency Table Test,easy,72B,V1,1,0,0,1,0,1,1,2,Chi-square Independence Test,Chi-square Independence Test|Fisher Exact Test,,,,1.0,0,0,0,1,0,0,1,0,narrative_only,
375,Distribution Compliance Test,hard,72B,V1,1,0,0,1,1,0,4,3,Anderson-Darling Test|Shapiro-Wilk Test of Normality|Kolmogorov-Smirnov Test for Normality|Lilliefors Test,Anderson-Darling Test|Kolmogorov-Smirnov Test for Normality|Lilliefors Test,0.7777777777777778,0.3333333333333333,0.0,0.0,9,6,3,4,2,0,0,7,fully_labeled,Standard Deviation=include|Anderson-Darling Test=include|Shapiro-Wilk Test of Normality=include|Kolmogorov-Smirnov Test for Normality=include|Kolmogorov-Smirnov Test=include|Lilliefors Test=include|Kolmogorov-Smirnov Test for Uniform distribution=exclude|Kolmogorov-Smirnov Test for Gamma distribution=exclude|Kolmogorov-Smirnov Test for Exponential distribution=exclude
376,Distribution Compliance Test,easy,72B,V1,1,0,0,1,1,0,2,1,Anderson-Darling Test|Kolmogorov-Smirnov Test,Kolmogorov-Smirnov Test,1.0,0.0,,0.0,2,2,0,2,0,0,0,2,partially_labeled,Anderson-Darling Test=include|Kolmogorov-Smirnov Test=include
377,Variance Test,hard,72B,V1,1,1,1,1,0,0,2,2,Mood Variance Test|Levene Test,Mood Variance Test|Levene Test,0.5,0.5,,0.0,4,4,0,2,2,0,0,2,fully_labeled,Mood Variance Test=include|Levene Test=include|Bartlett Test=include|F-Test for Variance=include
378,Distribution Compliance Test,easy,72B,V1,1,0,0,1,1,0,2,1,Kolmogorov-Smirnov Test|Anderson-Darling Test,Kolmogorov-Smirnov Test,0.8,0.0,0.25,0.0,5,1,4,2,0,1,0,4,fully_labeled,Kolmogorov-Smirnov Test for Normality=exclude|Kolmogorov-Smirnov Test=exclude|Anderson-Darling Test=include|Shapiro-Wilk Test of Normality=exclude|Lilliefors Test=exclude
379,Contingency Table Test,hard,72B,V1,1,1,1,1,0,0,1,1,Chi-square Independence Test,Chi-square Independence Test,,,,1.0,0,0,0,1,0,0,1,0,narrative_only,
380,Distribution Compliance Test,hard,72B,V1,1,0,0,1,1,0,4,3,Anderson-Darling Test|Shapiro-Wilk Test of Normality|Kolmogorov-Smirnov Test for Normality|Lilliefors Test,Anderson-Darling Test|Kolmogorov-Smirnov Test for Normality|Lilliefors Test,0.875,0.2,0.0,0.0,8,5,3,4,1,0,0,7,fully_labeled,Anderson-Darling Test=include|Shapiro-Wilk Test of Normality=include|Kolmogorov-Smirnov Test for Normality=include|Kolmogorov-Smirnov Test=include|Lilliefors Test=include|Kolmogorov-Smirnov Test for Uniform distribution=exclude|Kolmogorov-Smirnov Test for Gamma distribution=exclude|Kolmogorov-Smirnov Test for Exponential distribution=exclude
381,Distribution Compliance Test,hard,72B,V1,1,0,0,1,1,0,4,3,Anderson-Darling Test|Shapiro-Wilk Test of Normality|Kolmogorov-Smirnov Test for Normality|Lilliefors Test,Anderson-Darling Test|Kolmogorov-Smirnov Test for Normality|Lilliefors Test,0.7777777777777778,0.3333333333333333,0.0,0.0,9,6,3,4,2,0,0,7,fully_labeled,Anderson-Darling Test=include|Shapiro-Wilk Test of Normality=include|Mode=include|Kolmogorov-Smirnov Test for Normality=include|Kolmogorov-Smirnov Test=include|Lilliefors Test=include|Kolmogorov-Smirnov Test for Uniform distribution=exclude|Kolmogorov-Smirnov Test for Gamma distribution=exclude|Kolmogorov-Smirnov Test for Exponential distribution=exclude
382,Distribution Compliance Test,hard,72B,V1,1,0,0,1,1,0,4,3,Anderson-Darling Test|Shapiro-Wilk Test of Normality|Kolmogorov-Smirnov Test for Normality|Lilliefors Test,Anderson-Darling Test|Kolmogorov-Smirnov Test for Normality|Lilliefors Test,0.875,0.2,0.0,0.0,8,5,3,4,1,0,0,7,fully_labeled,Anderson-Darling Test=include|Shapiro-Wilk Test of Normality=include|Kolmogorov-Smirnov Test for Normality=include|Kolmogorov-Smirnov Test=include|Lilliefors Test=include|Kolmogorov-Smirnov Test for Uniform distribution=exclude|Kolmogorov-Smirnov Test for Gamma distribution=exclude|Kolmogorov-Smirnov Test for Exponential distribution=exclude
383,Variance Test,hard,72B,V1,1,1,1,1,0,0,2,2,Mood Variance Test|Levene Test,Mood Variance Test|Levene Test,,,,1.0,0,0,0,2,0,0,2,0,narrative_only,
384,Variance Test,hard,72B,V1,1,1,1,1,0,0,2,2,Mood Variance Test|Levene Test,Mood Variance Test|Levene Test,1.0,0.0,0.0,0.0,4,2,2,2,0,0,0,4,fully_labeled,Mood Variance Test=include|Levene Test=include|Bartlett Test=exclude|F-Test for Variance=exclude
385,Contingency Table Test,hard,72B,V1,1,1,1,1,0,0,1,1,Chi-square Independence Test,Chi-square Independence Test,,,,1.0,0,0,0,1,0,0,1,0,narrative_only,
386,Variance Test,hard,72B,V1,1,1,1,1,0,0,2,2,Mood Variance Test|Levene Test,Mood Variance Test|Levene Test,,,,1.0,0,0,0,2,0,0,2,0,narrative_only,
387,Contingency Table Test,hard,72B,V1,1,1,1,1,0,0,1,1,Chi-square Independence Test,Chi-square Independence Test,0.3333333333333333,0.6666666666666666,,0.0,3,3,0,1,2,0,0,1,fully_labeled,Chi-square Independence Test=include|Fisher Exact Test=include|Mantel-Haenszel Test=include
388,Correlation Analysis,easy,72B,V1,1,0,0,1,0,1,2,3,Spearman Correlation Coefficient|Kendall Correlation Coefficient,Pearson Correlation Coefficient|Spearman Correlation Coefficient|Kendall Correlation Coefficient,,,,1.0,0,0,0,2,0,0,2,0,narrative_only,
389,Distribution Compliance Test,hard,72B,V1,1,0,0,1,1,1,3,3,Shapiro-Wilk Test of Normality|Lilliefors Test|Anderson-Darling Test,Anderson-Darling Test|Shapiro-Wilk Test of Normality|Kolmogorov-Smirnov Test for Normality,0.5,0.5,,0.3333333333333333,4,4,0,3,2,0,1,2,partially_labeled,Shapiro-Wilk Test of Normality=include|Kolmogorov-Smirnov Test for Normality=include|Kolmogorov-Smirnov Test=include|Anderson-Darling Test=include
390,Contingency Table Test,easy,72B,V1,1,0,0,1,0,1,1,2,Chi-square Independence Test,Chi-square Independence Test|Fisher Exact Test,,,,1.0,0,0,0,1,0,0,1,0,narrative_only,
391,Distribution Compliance Test,hard,72B,V1,1,0,0,1,1,0,5,3,Anderson-Darling Test|Shapiro-Wilk Test of Normality|Kolmogorov-Smirnov Test for Normality|Lilliefors Test|Kolmogorov-Smirnov Test,Anderson-Darling Test|Kolmogorov-Smirnov Test for Normality|Lilliefors Test,1.0,0.0,,0.6,2,2,0,5,0,0,3,2,partially_labeled,Anderson-Darling Test=include|Shapiro-Wilk Test of Normality=include
392,Contingency Table Test,easy,72B,V1,1,0,0,1,0,1,1,2,Chi-square Independence Test,Chi-square Independence Test|Fisher Exact Test,1.0,0.0,,0.0,1,1,0,1,0,0,0,1,partially_labeled,Chi-square Independence Test=include
393,Distribution Compliance Test,hard,72B,V1,1,0,0,1,1,0,4,3,Anderson-Darling Test|Shapiro-Wilk Test of Normality|Kolmogorov-Smirnov Test for Normality|Lilliefors Test,Anderson-Darling Test|Shapiro-Wilk Test of Normality|Kolmogorov-Smirnov Test for Normality,0.7777777777777778,0.3333333333333333,0.0,0.0,9,6,3,4,2,0,0,7,fully_labeled,Anderson-Darling Test=include|Mode=include|Shapiro-Wilk Test of Normality=include|Kolmogorov-Smirnov Test for Normality=include|Kolmogorov-Smirnov Test=include|Lilliefors Test=include|Kolmogorov-Smirnov Test for Uniform distribution=exclude|Kolmogorov-Smirnov Test for Gamma distribution=exclude|Kolmogorov-Smirnov Test for Exponential distribution=exclude
394,Distribution Compliance Test,hard,72B,V1,1,0,0,1,1,0,4,3,Anderson-Darling Test|Shapiro-Wilk Test of Normality|Kolmogorov-Smirnov Test for Normality|Lilliefors Test,Anderson-Darling Test|Kolmogorov-Smirnov Test for Normality|Lilliefors Test,0.6666666666666666,0.3333333333333333,,0.5,3,3,0,4,1,0,2,2,partially_labeled,Anderson-Darling Test=include|Shapiro-Wilk Test of Normality=include|Kolmogorov-Smirnov Test=include
395,Distribution Compliance Test,hard,72B,V1,1,0,0,1,1,0,4,3,Anderson-Darling Test|Shapiro-Wilk Test of Normality|Kolmogorov-Smirnov Test for Normality|Lilliefors Test,Anderson-Darling Test|Shapiro-Wilk Test of Normality|Kolmogorov-Smirnov Test for Normality,0.8,0.2,,0.0,5,5,0,4,1,0,0,4,fully_labeled,Anderson-Darling Test=include|Shapiro-Wilk Test of Normality=include|Kolmogorov-Smirnov Test for Normality=include|Kolmogorov-Smirnov Test=include|Lilliefors Test=include
396,Distribution Compliance Test,hard,72B,V1,1,0,0,1,1,0,4,3,Anderson-Darling Test|Shapiro-Wilk Test of Normality|Kolmogorov-Smirnov Test for Normality|Lilliefors Test,Anderson-Darling Test|Kolmogorov-Smirnov Test for Normality|Lilliefors Test,0.7777777777777778,0.3333333333333333,0.0,0.0,9,6,3,4,2,0,0,7,fully_labeled,Anderson-Darling Test=include|Shapiro-Wilk Test of Normality=include|Mode=include|Kolmogorov-Smirnov Test for Normality=include|Kolmogorov-Smirnov Test=include|Lilliefors Test=include|Kolmogorov-Smirnov Test for Uniform distribution=exclude|Kolmogorov-Smirnov Test for Gamma distribution=exclude|Kolmogorov-Smirnov Test for Exponential distribution=exclude
397,Variance Test,hard,72B,V1,1,1,1,1,0,0,2,2,Mood Variance Test|Levene Test,Mood Variance Test|Levene Test,1.0,0.0,,0.5,1,1,0,2,0,0,1,1,partially_labeled,Levene Test=include
