row_id,task,question,gt_methods,pred_methods,auto_label_clarity,auto_verdicts,HUMAN_label_clarity[fully_labeled/partially_labeled/narrative_only],HUMAN_notes,model_output
148,Contingency Table Test,Are there any indications of a connection between smoking habits (SMOKE) and weight classification (NObeyesdad)?,Chi-square Independence Test,Chi-square Independence Test|Fisher Exact Test,fully_labeled,Chi-square Independence Test=include|Fisher Exact Test=include|Mantel-Haenszel Test=exclude,,,"Let's follow the plan step by step to solve the problem.

1. **Identify the variables involved:**
   - SMOKE: Categorical variable representing smoking habits.
   - NObeyesdad: Categorical variable representing weight classification.

2. **Determine the statistical task type:**
   - The task is to determine if there is a connection between two categorical variables. This suggests a contingency table test.

3. **Select the appropriate method category:**
   - Given the nature of the variables, the appropriate method category is Contingency Table Test.

4. **From the candidate methods in the provided classification list, keep only those that satisfy the data type, sample size, and assumptions. Evaluate each method individually and state whether it is included or excluded:**
   - **Chi-square Independence Test:** This test is suitable for categorical variables and can be used to determine if there is a significant association between two categorical variables. It is appropriate for the sample size of 2111.
   - **Fisher Exact Test:** This test is also suitable for categorical variables and is typically used for smaller sample sizes. However, it can be computationally intensive for larger samples like 2111. Given the large sample size, it is less practical but still applicable.
   - **Mantel-Haenszel Test:** This test is used for stratified contingency tables and is not directly applicable here since no stratification variable is mentioned.

5. **Output the final answer in JSON format:**
```json
{
  ""columns"": [""SMOKE"", ""NObeyesdad""],
  ""methods"": [""Chi-square Independence Test"", ""Fisher Exact Test""]
}
```

FINAL ANSWER (JSON):
{
  ""columns"": [""SMOKE"", ""NObeyesdad""],
  ""methods"": [""Chi-square Independence Test"", ""Fisher Exact Test""]
}"
389,Distribution Compliance Test,Is the annual crop production in Myanmar normally distributed?,Anderson-Darling Test|Shapiro-Wilk Test of Normality|Kolmogorov-Smirnov Test for Normality,Anderson-Darling Test|Shapiro-Wilk Test of Normality|Kolmogorov-Smirnov Test for Normality|Lilliefors Test,partially_labeled,Anderson-Darling Test=include|Mode=include|Shapiro-Wilk Test of Normality=include|Kolmogorov-Smirnov Test for Normality=include|Lilliefors Test=include|Kolmogorov-Smirnov Test=include,,,"Let's follow the plan step by step to determine the appropriate columns and methods for the given statistical question.

### Step 1: Identify the variables involved.
The statistical question is asking about the annual crop production in Myanmar. The relevant column is:
- Myanmar (quantitative, num_of_rows: 4, is_normality: True)

### Step 2: Determine the statistical task type.
The task is to determine if the annual crop production in Myanmar is normally distributed. This falls under the category of Distribution Compliance Test.

### Step 3: Select the appropriate method category.
From the provided classification list, the relevant category is:
- Distribution Compliance Test

### Step 4: Evaluate each method individually.
We need to evaluate each method in the Distribution Compliance Test category to see if it is applicable given the data type, sample size, and assumptions.

- **Anderson-Darling Test**: This test is suitable for small to moderate sample sizes and can be used to test for normality. It is applicable here.
- **Shapiro-Wilk Test of Normality**: This test is suitable for small to moderate sample sizes and is commonly used to test for normality. It is applicable here.
- **Kolmogorov-Smirnov Test for Normality**: This test is less powerful than the Shapiro-Wilk test for small sample sizes but can still be used. It is applicable here.
- **Lilliefors Test**: This test is an adaptation of the Kolmogorov-Smirnov test for normality and is suitable for small to moderate sample sizes. It is applicable here.
- **Kolmogorov-Smirnov Test for Uniform distribution, Kolmogorov-Smirnov Test for Gamma distribution, Kolmogorov-Smirnov Test for Exponential distribution**: These tests are not relevant as we are specifically testing for normality.

### Step 5: Output the final answer in JSON format.
Based on the evaluation, the relevant columns and methods are:

```json
{
  ""columns"": [""Myanmar""],
  ""methods"": [""Anderson-Darling Test"", ""Shapiro-Wilk Test of Normality"", ""Kolmogorov-Smirnov Test for Normality"", ""Lilliefors Test""]
}
```"
350,Variance Test,Do the variances in annual crop production in Thailand and China demonstrate statistical similarity?,Mood Variance Test|Levene Test|Bartlett Test|F-Test for Variance,Mood Variance Test|Levene Test,narrative_only,,,,"Let's follow the plan step by step:

1. **Identify the variables involved:**
   - The variables involved are the annual crop production in Thailand and China.

2. **Determine the statistical task type:**
   - The task is to determine if the variances in annual crop production in Thailand and China are statistically similar. This falls under the category of variance testing.

3. **Select the appropriate method category:**
   - The appropriate method category is Variance Test.

4. **From the candidate methods in the provided classification list, keep only those that satisfy the data type, sample size, and assumptions. Evaluate each method individually and state whether it is included or excluded:**
   - **Mood Variance Test:** This test is used to compare the variances of two samples. It does not assume normality, which is suitable given the small sample size and the fact that we do not have information about the normality of the data beyond the provided countries. **INCLUDE.**
   - **Levene Test:** This test is also used to compare the variances of two samples and is robust to departures from normality. It is suitable for our data. **INCLUDE.**
   - **Bartlett Test:** This test assumes that the data are normally distributed, which may not be the case here given the small sample size and the lack of information about the normality of the data beyond the provided countries. **EXCLUDE.**
   - **F-Test for Variance:** This test assumes that the data are normally distributed, which may not be the case here given the small sample size and the lack of information about the normality of the data beyond the provided countries. **EXCLUDE.**

5. **Using only the methods marked INCLUDE in Step 4, output one JSON object with exactly two keys, ""columns"" and ""methods"":**

```json
{
  ""columns"": [""Thailand"", ""China""],
  ""methods"": [""Mood Variance Test"", ""Levene Test""]
}
```"
52,Distribution Compliance Test,Do household income and the number of teenagers in the customer's household follow a similar distribution curve?,Kolmogorov-Smirnov Test,Anderson-Darling Test|Kolmogorov-Smirnov Test,partially_labeled,Anderson-Darling Test=include|Kolmogorov-Smirnov Test=include|Kolmogorov-Smirnov Test for Uniform distribution=exclude|Kolmogorov-Smirnov Test for Gamma distribution=exclude|Kolmogorov-Smirnov Test for Exponential distribution=exclude,,,"1. **Identify the variables involved:**
   - Household Income (Income)
   - Number of Teenagers (Teenhome)

2. **Determine the statistical task type:**
   - The task is to compare the distribution curves of two quantitative variables, which suggests a Distribution Compliance Test or a method to compare distributions.

3. **Select the appropriate method category:**
   - Since we are comparing the distribution curves of two quantitative variables, the most appropriate category is the Distribution Compliance Test.

4. **From the candidate methods in the provided classification list, keep only those that satisfy the data type, sample size and assumptions. Evaluate each method individually and state whether it is included or excluded:**
   - **Anderson-Darling Test:** This test can be used to compare the distribution of two quantitative variables. It is suitable for this task.
   - **Shapiro-Wilk Test of Normality:** This test is used to test the normality of a single variable, not to compare two distributions.
   - **Kolmogorov-Smirnov Test for Normality:** Similar to the Shapiro-Wilk Test, this is used to test the normality of a single variable.
   - **Lilliefors Test:** This test is used to test the normality of a single variable.
   - **Kolmogorov-Smirnov Test:** This test can be used to compare the distribution of two samples, making it suitable for this task.
   - **Kolmogorov-Smirnov Test for Uniform distribution:** This test is specific to the uniform distribution and is not suitable for comparing general distributions.
   - **Kolmogorov-Smirnov Test for Gamma distribution:** This test is specific to the Gamma distribution and is not suitable for comparing general distributions.
   - **Kolmogorov-Smirnov Test for Exponential distribution:** This test is specific to the Exponential distribution and is not suitable for comparing general distributions.

5. **Final answer:**
```json
{
  ""columns"": [""Income"", ""Teenhome""],
  ""methods"": [""Anderson-Darling Test"", ""Kolmogorov-Smirnov Test""]
}
```"
332,Variance Test,Is there a similar level of variability between workday alcohol consumption (Dalc) and weekend alcohol consumption (Walc)?,Mood Variance Test|Levene Test,Mood Variance Test|Levene Test,narrative_only,,,,"Let's follow the plan step by step to solve the problem.

1. **Identify the variables involved:**
   - The variables involved are `Dalc` (workday alcohol consumption) and `Walc` (weekend alcohol consumption).

2. **Determine the statistical task type:**
   - The task is to compare the variability between two quantitative variables, `Dalc` and `Walc`.

3. **Select the appropriate method category:**
   - The appropriate method category for comparing the variability between two quantitative variables is the Variance Test.

4. **From the candidate methods in the provided classification list, keep only those that satisfy the data type, sample size and assumptions. Evaluate each method individually and state whether it is included or excluded:**
   - Mood Variance Test: This test is used to compare the variances of two or more groups. It is applicable here.
   - Levene Test: This test is also used to compare the variances of two or more groups. It is applicable here.
   - Bartlett Test: This test is used to compare the variances of two or more groups, but it assumes that the data is normally distributed. Since the data is not normal, this test is not applicable.
   - F-Test for Variance: This test is used to compare the variances of two groups, but it also assumes that the data is normally distributed. Since the data is not normal, this test is not applicable.

5. **Output the final answer in JSON format:**
   - The relevant columns are `Dalc` and `Walc`.
   - The applicable methods are `Mood Variance Test` and `Levene Test`.

```json
{
  ""columns"": [""Dalc"", ""Walc""],
  ""methods"": [""Mood Variance Test"", ""Levene Test""]
}
```"
377,Variance Test,Are the variances of the measured weight and the length of each exercise session homogeneous?,Mood Variance Test|Levene Test,Mood Variance Test|Levene Test|Bartlett Test|F-Test for Variance,narrative_only,,,,"### Step-by-Step Solution:

1. **Identify the variables involved:**
   - Measured weight: ""Actual Weight""
   - Length of each exercise session: ""Duration""

2. **Determine the statistical task type:**
   - The question is asking about the homogeneity of variances between two quantitative variables, ""Actual Weight"" and ""Duration"".

3. **Select the appropriate method category:**
   - The appropriate method category for comparing variances between two quantitative variables is the Variance Test.

4. **From the candidate methods in the provided classification list, keep only those that satisfy the data type, sample size, and assumptions:**
   - The methods in the Variance Test category are: Mood Variance Test, Levene Test, Bartlett Test, F-Test for Variance.
   - All these methods are applicable to quantitative data and can be used to compare variances between two groups.
   - Since the sample size is 3864, which is large, and there is no mention of specific assumptions being violated, all methods are potentially applicable.

5. **Final Answer (JSON):**
```json
{
  ""columns"": [""Actual Weight"", ""Duration""],
  ""methods"": [""Mood Variance Test"", ""Levene Test"", ""Bartlett Test"", ""F-Test for Variance""]
}
```"
150,Distribution Compliance Test,Does the occurrence of the attack method involving bombing or explosion align with a normal distribution?,Anderson-Darling Test|Kolmogorov-Smirnov Test for Normality|Lilliefors Test,Anderson-Darling Test|Shapiro-Wilk Test of Normality|Kolmogorov-Smirnov Test for Normality|Lilliefors Test,fully_labeled,Anderson-Darling Test=include|Shapiro-Wilk Test of Normality=include|Kolmogorov-Smirnov Test for Normality=include|Kolmogorov-Smirnov Test=include|Lilliefors Test=include,,,"### Step-by-Step Solution:

1. **Identify the variables involved:**
   - The statistical question is about the distribution of the attack method involving bombing or explosion. The relevant column is ""Attack method: Bombing/Explosion"".

2. **Determine the statistical task type:**
   - The task is to test whether the occurrence of the attack method involving bombing or explosion aligns with a normal distribution. This falls under the category of Distribution Compliance Test.

3. **Select the appropriate method category:**
   - From the provided classification list, the relevant methods are:
     - Anderson-Darling Test
     - Shapiro-Wilk Test of Normality
     - Kolmogorov-Smirnov Test for Normality
     - Lilliefors Test

4. **Evaluate each method individually:**
   - **Anderson-Darling Test:** This test is suitable for testing normality and is applicable to quantitative data. It is included.
   - **Shapiro-Wilk Test of Normality:** This test is also suitable for testing normality and is applicable to quantitative data. It is included.
   - **Kolmogorov-Smirnov Test for Normality:** This test is suitable for testing normality and is applicable to quantitative data. It is included.
   - **Lilliefors Test:** This test is suitable for testing normality and is applicable to quantitative data. It is included.

5. **Final Answer (JSON):**
```json
{
  ""columns"": [""Attack method: Bombing/Explosion""],
  ""methods"": [""Anderson-Darling Test"", ""Shapiro-Wilk Test of Normality"", ""Kolmogorov-Smirnov Test for Normality"", ""Lilliefors Test""]
}
```"
216,Variance Test,Do the fluctuations in the Research Quality Score compare to those in the Teaching Score?,Mood Variance Test|Levene Test,Mood Variance Test|Levene Test,narrative_only,,,,"Let's follow the plan step by step to address the statistical question: ""Do the fluctuations in the Research Quality Score compare to those in the Teaching Score?""

1. **Identify the variables involved:**
   - Research Quality Score (quantitative)
   - Teaching Score (quantitative)

2. **Determine the statistical task type:**
   - The question is asking about comparing the fluctuations (variance) between two quantitative variables.

3. **Select the appropriate method category:**
   - Since we are comparing the variances of two quantitative variables, the appropriate method category is Variance Test.

4. **From the candidate methods in the provided classification list, keep only those that satisfy the data type, sample size, and assumptions. Evaluate each method individually and state whether it is included or excluded:**
   - Mood Variance Test: This test is used to compare the variances of two or more groups. It is non-parametric and does not assume normality, which is suitable for our data.
   - Levene Test: This test is used to compare the variances of two or more groups. It is robust to departures from normality and is suitable for our data.
   - Bartlett Test: This test is used to compare the variances of two or more groups. However, it assumes that the data are normally distributed, which is not the case here.
   - F-Test for Variance: This test is used to compare the variances of two groups. It assumes that the data are normally distributed, which is not the case here.

   Therefore, the methods we will include are:
   - Mood Variance Test
   - Levene Test

5. **Output the final answer in JSON format:**

```json
{
  ""columns"": [""Research Quality Score"", ""Teaching Score""],
  ""methods"": [""Mood Variance Test"", ""Levene Test""]
}
```"
328,Variance Test,Do the variances of the player's overall skills and abilities and the player's weight in pounds exhibit homogeneity?,Mood Variance Test|Levene Test,Mood Variance Test|Levene Test|Bartlett Test|F-Test for Variance,narrative_only,,,,"1. **Identify the variables involved:**
   - The variables involved are 'Overall' and 'Weight'.

2. **Determine the statistical task type:**
   - The task is to determine if the variances of 'Overall' and 'Weight' are homogeneous.

3. **Select the appropriate method category:**
   - The appropriate method category is 'Variance Test'.

4. **From the candidate methods in the provided classification list, keep only those that satisfy the data type, sample size and assumptions. Evaluate each method individually and state whether it is included or excluded:**
   - Mood Variance Test: This test is used to compare the variances of two or more groups. It is applicable here.
   - Levene Test: This test is used to compare the variances of two or more groups. It is applicable here.
   - Bartlett Test: This test is used to compare the variances of two or more groups. It is applicable here.
   - F-Test for Variance: This test is used to compare the variances of two groups. It is applicable here.

5. **Output the final answer in JSON format:**
```json
{
  ""columns"": [""Overall"", ""Weight""],
  ""methods"": [""Mood Variance Test"", ""Levene Test"", ""Bartlett Test"", ""F-Test for Variance""]
}
```"
395,Distribution Compliance Test,How can I visually assess whether the annual crop production in Thailand follows a normal distribution?,Anderson-Darling Test|Shapiro-Wilk Test of Normality|Kolmogorov-Smirnov Test for Normality,Anderson-Darling Test|Shapiro-Wilk Test of Normality|Kolmogorov-Smirnov Test for Normality|Lilliefors Test,partially_labeled,Anderson-Darling Test=include|Mode=include|Shapiro-Wilk Test of Normality=include|Kolmogorov-Smirnov Test for Normality=include|Kolmogorov-Smirnov Test=include|Lilliefors Test=include,,,"1. **Identify the variables involved:**
   - The variable of interest is ""Thailand"" which is a quantitative variable.

2. **Determine the statistical task type:**
   - The task is to visually assess whether the annual crop production in Thailand follows a normal distribution. This falls under the category of assessing distribution compliance.

3. **Select the appropriate method category:**
   - The appropriate method category is ""Distribution Compliance Test"".

4. **From the candidate methods in the provided classification list, keep only those that satisfy the data type, sample size and assumptions. Evaluate each method individually and state whether it is included or excluded:**
   - **Anderson-Darling Test:** This test is suitable for small to moderate sample sizes and can be used to test for normality. It is included.
   - **Shapiro-Wilk Test of Normality:** This test is suitable for small to moderate sample sizes and is specifically designed for testing normality. It is included.
   - **Kolmogorov-Smirnov Test for Normality:** This test can be used to test for normality but is less powerful than the Shapiro-Wilk test for small sample sizes. It is included.
   - **Lilliefors Test:** This test is an adaptation of the Kolmogorov-Smirnov test for normality and is suitable for small to moderate sample sizes. It is included.
   - **Kolmogorov-Smirnov Test for Uniform distribution, Kolmogorov-Smirnov Test for Gamma distribution, Kolmogorov-Smirnov Test for Exponential distribution:** These tests are not relevant for assessing normality. They are excluded.

5. **Output the final answer in JSON format:**
```json
{
  ""columns"": [""Thailand""],
  ""methods"": [""Anderson-Darling Test"", ""Shapiro-Wilk Test of Normality"", ""Kolmogorov-Smirnov Test for Normality"", ""Lilliefors Test""]
}
```"
374,Contingency Table Test,Do specific categories of anxiety symptoms influence the distribution of lung cancer diagnoses?,Chi-square Independence Test|Fisher Exact Test,Chi-square Independence Test|Fisher Exact Test,narrative_only,,,,"### Step-by-Step Solution

1. **Identify the Variables Involved:**
   - The statistical question is about the influence of specific categories of anxiety symptoms on the distribution of lung cancer diagnoses.
   - The relevant variables are:
     - ANXIETY (categorical): Represents the categories of anxiety symptoms.
     - LUNG_CANCER (categorical): Represents the lung cancer diagnoses.

2. **Determine the Statistical Task Type:**
   - The task involves examining the relationship between two categorical variables.
   - This falls under the category of Contingency Table Test.

3. **Select the Appropriate Method Category:**
   - From the provided classification list, the relevant methods are:
     - Chi-square Independence Test
     - Fisher Exact Test
     - Mantel-Haenszel Test

4. **Evaluate Each Method Individually:**
   - **Chi-square Independence Test:**
     - This test is suitable for categorical data and can be used to determine if there is a significant association between two categorical variables.
     - It is appropriate for the sample size of 309.
     - **Include.**
   - **Fisher Exact Test:**
     - This test is also suitable for categorical data and is particularly useful for small sample sizes.
     - However, it is typically used for smaller tables (2x2 or 2x3).
     - Given the sample size of 309, it might be computationally intensive but still applicable.
     - **Include.**
   - **Mantel-Haenszel Test:**
     - This test is used to assess the association between two categorical variables while controlling for a third variable.
     - Since the question does not mention a need for controlling for a third variable, this test is not directly applicable.
     - **Exclude.**

5. **Final Answer (JSON):**
```json
{
  ""columns"": [""ANXIETY"", ""LUNG_CANCER""],
  ""methods"": [""Chi-square Independence Test"", ""Fisher Exact Test""]
}
```"
26,Contingency Table Test,"Is there a significant association between the presence of yellow fingers, indicating a smoking habit, and the presence of chest pain symptoms?",Chi-square Independence Test|Fisher Exact Test,Chi-square Independence Test|Fisher Exact Test,partially_labeled,Chi-square Independence Test=include|Fisher Exact Test=include,,,"Let's follow the plan step by step:

1. **Identify the variables involved:**
   - Variable 1: YELLOW_FINGERS (categorical)
   - Variable 2: CHEST PAIN (categorical)

2. **Determine the statistical task type:**
   - The task is to determine if there is a significant association between two categorical variables. This falls under the category of Contingency Table Test.

3. **Select the appropriate method category:**
   - Given the nature of the variables, we should use methods from the Contingency Table Test category.

4. **From the candidate methods in the provided classification list, keep only those that satisfy the data type, sample size, and assumptions. Evaluate each method individually and state whether it is included or excluded:**
   - Chi-square Independence Test: This test is suitable for categorical variables and can be used to determine if there is a significant association between two categorical variables. It does not require normality and can be applied to the given sample size.
   - Fisher Exact Test: This test is also suitable for categorical variables and is used to determine if there is a significant association between two categorical variables. It is particularly useful for small sample sizes, but it can be applied here as well.
   - Mantel-Haenszel Test: This test is used to assess the association between two categorical variables while controlling for a third variable. Since no third variable is mentioned in the question, this test is not applicable here.

5. **Output the final answer in JSON format:**

```json
{
  ""columns"": [""YELLOW_FINGERS"", ""CHEST PAIN""],
  ""methods"": [""Chi-square Independence Test"", ""Fisher Exact Test""]
}
```"
57,Variance Test,"Is the variability in the Total, which represents the sum of all base stats (Health Points, Attack, Defense, Special Attack, Special Defense, and Speed), comparable to that of Weight_kg, which represents the weight of the Pokemon in kilograms?",Mood Variance Test|Levene Test,Mood Variance Test|Levene Test,narrative_only,,,,"Let's follow the plan step by step to solve the problem.

1. **Identify the variables involved:**
   - The variables involved are 'Total' and 'Weight_kg'.

2. **Determine the statistical task type:**
   - The task is to compare the variability in two quantitative variables, 'Total' and 'Weight_kg'. This suggests a variance test.

3. **Select the appropriate method category:**
   - The appropriate method category for comparing the variability of two quantitative variables is the Variance Test.

4. **From the candidate methods in the provided classification list, keep only those that satisfy the data type, sample size, and assumptions. Evaluate each method individually and state whether it is included or excluded:**
   - **Mood Variance Test:** This test is used to compare the variances of two samples. It is applicable to quantitative data and does not assume normality. It can be used with a sample size of 721.
   - **Levene Test:** This test is also used to compare the variances of two samples. It is robust to departures from normality and can be used with a sample size of 721.
   - **Bartlett Test:** This test is used to compare the variances of two or more samples. However, it assumes that the data are normally distributed, which is not the case here.
   - **F-Test for Variance:** This test is used to compare the variances of two samples. It assumes that the data are normally distributed, which is not the case here.

   Based on the above evaluations, the methods that are applicable are:
   - Mood Variance Test
   - Levene Test

5. **Output the final answer in JSON format:**
```json
{
  ""columns"": [""Total"", ""Weight_kg""],
  ""methods"": [""Mood Variance Test"", ""Levene Test""]
}
```"
81,Contingency Table Test,Does a player's physical appearance or body type relate to whether they are accurately represented in the game?,Chi-square Independence Test,Chi-square Independence Test|Fisher Exact Test,fully_labeled,Chi-square Independence Test=include|Fisher Exact Test=include|Mantel-Haenszel Test=include,,,"Let's follow the plan step by step to address the statistical question: ""Does a player's physical appearance or body type relate to whether they are accurately represented in the game?""

1. **Identify the variables involved:**
   - Physical appearance or body type: This is a categorical variable, as it is described by categories such as ""Body Type"".
   - Accurately represented in the game: This is a binary or categorical variable, which could be inferred from a column like ""Real Face"" (assuming it indicates whether the player's face is accurately represented).

2. **Determine the statistical task type:**
   - The task involves examining the relationship between a categorical variable (Body Type) and another categorical variable (Real Face). This suggests a contingency table test.

3. **Select the appropriate method category:**
   - Given the nature of the variables, the appropriate method category is ""Contingency Table Test"".

4. **From the candidate methods in the provided classification list, keep only those that satisfy the data type, sample size, and assumptions:**
   - The candidate methods for contingency table tests are: Chi-square Independence Test, Fisher Exact Test, Mantel-Haenszel Test.
   - Chi-square Independence Test: This is suitable for large sample sizes and categorical data.
   - Fisher Exact Test: This is suitable for small sample sizes and categorical data.
   - Mantel-Haenszel Test: This is used for stratified contingency tables, which is not directly applicable here unless there is a strata variable.

5. **Evaluate each method individually and state whether it is included or excluded:**
   - Chi-square Independence Test: INCLUDE (suitable for large sample sizes and categorical data).
   - Fisher Exact Test: INCLUDE (suitable for small sample sizes and categorical data, but less likely given the large sample size).
   - Mantel-Haenszel Test: EXCLUDE (not directly applicable unless there is a strata variable).

6. **Output the final answer in JSON format:**
```json
{
  ""columns"": [""Body Type"", ""Real Face""],
  ""methods"": [""Chi-square Independence Test"", ""Fisher Exact Test""]
}
```

FINAL ANSWER (JSON):
```json
{
  ""columns"": [""Body Type"", ""Real Face""],
  ""methods"": [""Chi-square Independence Test"", ""Fisher Exact Test""]
}
```"
200,Variance Test,To what extent do the variance patterns of the player's special abilities and height exhibit parallelism?,Mood Variance Test|Levene Test,Mood Variance Test|Levene Test,narrative_only,,,,"### Step-by-Step Solution:

1. **Identify the variables involved:**
   - The variables involved are 'Special' (player's special abilities) and 'Height'.

2. **Determine the statistical task type:**
   - The task is to assess the variance patterns of two quantitative variables, 'Special' and 'Height', to see if they exhibit parallelism. This implies a comparison of variances between two groups or variables.

3. **Select the appropriate method category:**
   - The appropriate method category for comparing variances between two quantitative variables is the Variance Test.

4. **From the candidate methods in the provided classification list, keep only those that satisfy the data type, sample size and assumptions. Evaluate each method individually and state whether it is included or excluded:**
   - **Mood Variance Test:** This test is used to compare variances between two groups. It is applicable here.
   - **Levene Test:** This test is also used to compare variances between two groups. It is applicable here.
   - **Bartlett Test:** This test is used to compare variances between two or more groups, but it assumes normality of the data, which is not given. Therefore, it is not applicable here.
   - **F-Test for Variance:** This test is used to compare variances between two groups, but it also assumes normality of the data, which is not given. Therefore, it is not applicable here.

5. **Output the final answer in JSON format:**

```json
{
  ""columns"": [""Special"", ""Height""],
  ""methods"": [""Mood Variance Test"", ""Levene Test""]
}
```"
129,Distribution Compliance Test,"Are the values in the variable ""AGE"" indicative of a normal distribution?",Anderson-Darling Test|Kolmogorov-Smirnov Test for Normality|Lilliefors Test,Anderson-Darling Test|Shapiro-Wilk Test of Normality|Kolmogorov-Smirnov Test for Normality|Lilliefors Test,partially_labeled,Anderson-Darling Test=include|Shapiro-Wilk Test of Normality=include|Kolmogorov-Smirnov Test for Normality=include|Kolmogorov-Smirnov Test=include|Mode=include|Kolmogorov-Smirnov Test for Uniform distribution=exclude|Kolmogorov-Smirnov Test for Gamma distribution=exclude|Kolmogorov-Smirnov Test for Exponential distribution=exclude,,,"### Step-by-Step Solution:

1. **Identify the variables involved:**
   - The variable of interest is ""AGE"".

2. **Determine the statistical task type:**
   - The task is to determine if the values in the variable ""AGE"" are indicative of a normal distribution. This falls under the category of ""Distribution Compliance Test"".

3. **Select the appropriate method category:**
   - From the provided classification list, the relevant category is ""Distribution Compliance Test"".

4. **Evaluate each method individually:**
   - **Anderson-Darling Test:** This test is suitable for quantitative data and can be used to test for normality. It is included.
   - **Shapiro-Wilk Test of Normality:** This test is also suitable for quantitative data and is commonly used to test for normality. It is included.
   - **Kolmogorov-Smirnov Test for Normality:** This test can be used to test for normality but is less powerful than the Shapiro-Wilk test for small to moderate sample sizes. It is included.
   - **Lilliefors Test:** This test is used to test for normality when the parameters of the normal distribution are unknown. It is included.
   - **Kolmogorov-Smirnov Test:** This test is more general and can be used to test for any distribution, but it is less powerful for normality specifically. It is excluded.
   - **Kolmogorov-Smirnov Test for Uniform distribution:** This test is specific to the uniform distribution and is excluded.
   - **Kolmogorov-Smirnov Test for Gamma distribution:** This test is specific to the Gamma distribution and is excluded.
   - **Kolmogorov-Smirnov Test for Exponential distribution:** This test is specific to the Exponential distribution and is excluded.

5. **Final Answer (JSON):**
```json
{
  ""columns"": [""AGE""],
  ""methods"": [""Anderson-Darling Test"", ""Shapiro-Wilk Test of Normality"", ""Kolmogorov-Smirnov Test for Normality"", ""Lilliefors Test""]
}
```"
269,Distribution Compliance Test,What is the likelihood that the scores on the TOEFL (Test of English as a Foreign Language) exam are sampled from a normal distribution?,Anderson-Darling Test|Kolmogorov-Smirnov Test for Normality|Lilliefors Test,Anderson-Darling Test|Shapiro-Wilk Test of Normality|Kolmogorov-Smirnov Test for Normality|Lilliefors Test,partially_labeled,Anderson-Darling Test=include|Shapiro-Wilk Test of Normality=include|Kolmogorov-Smirnov Test for Normality=include|Kolmogorov-Smirnov Test=include|Mode=include|Lilliefors Test=include,,,"1. **Identify the variables involved:**
   - The variable of interest is the TOEFL Score, which is quantitative.

2. **Determine the statistical task type:**
   - The task is to test whether the TOEFL Score is sampled from a normal distribution. This falls under the category of Distribution Compliance Test.

3. **Select the appropriate method category:**
   - The appropriate category is Distribution Compliance Test.

4. **Evaluate each method individually:**
   - **Anderson-Darling Test:** This test is suitable for testing normality and can be applied to quantitative data. It is included.
   - **Shapiro-Wilk Test of Normality:** This test is specifically designed for testing normality and is suitable for quantitative data. It is included.
   - **Kolmogorov-Smirnov Test for Normality:** This test can be used to test normality but is less powerful than the Shapiro-Wilk test for small to moderate sample sizes. It is included.
   - **Lilliefors Test:** This test is an adaptation of the Kolmogorov-Smirnov test for normality and is suitable for quantitative data. It is included.
   - **Kolmogorov-Smirnov Test for Uniform distribution, Kolmogorov-Smirnov Test for Gamma distribution, Kolmogorov-Smirnov Test for Exponential distribution:** These tests are not relevant as they are for testing against specific non-normal distributions. They are excluded.

5. **Final Answer (JSON):**
```json
{
  ""columns"": [""TOEFL Score""],
  ""methods"": [""Anderson-Darling Test"", ""Shapiro-Wilk Test of Normality"", ""Kolmogorov-Smirnov Test for Normality"", ""Lilliefors Test""]
}
```"
120,Contingency Table Test,Is there variation in the association between the experience of peer pressure related to smoking and the presence of chronic disease when stratified by gender?,Mantel-Haenszel Test,Chi-square Independence Test|Fisher Exact Test|Mantel-Haenszel Test,fully_labeled,Chi-square Independence Test=include|Fisher Exact Test=include|Mantel-Haenszel Test=include,,,"### Step-by-Step Solution

1. **Identify the Variables Involved:**
   - The statistical question involves the association between ""PEER_PRESSURE"" (related to smoking) and ""CHRONIC DISEASE"", stratified by ""GENDER"".

2. **Determine the Statistical Task Type:**
   - The task involves assessing the association between two categorical variables (""PEER_PRESSURE"" and ""CHRONIC DISEASE"") while considering a stratification variable (""GENDER""). This suggests a contingency table test, specifically a stratified analysis.

3. **Select the Appropriate Method Category:**
   - Given the nature of the variables and the stratification, the appropriate method category is ""Contingency Table Test"".

4. **Evaluate Each Method Individually:**
   - **Chi-square Independence Test:** This test can be used to determine if there is a significant association between ""PEER_PRESSURE"" and ""CHRONIC DISEASE"" within each stratum of ""GENDER"". It is suitable for categorical data and can handle stratification.
   - **Fisher Exact Test:** This test is also suitable for categorical data and can handle stratification. However, it is typically used for smaller sample sizes, and while our sample size is 309, it can still be considered if the expected cell counts are small.
   - **Mantel-Haenszel Test:** This test is specifically designed for stratified contingency tables and can be used to assess the association between ""PEER_PRESSURE"" and ""CHRONIC DISEASE"" while controlling for ""GENDER"".

5. **Final Selection:**
   - **Chi-square Independence Test:** INCLUDE
   - **Fisher Exact Test:** INCLUDE
   - **Mantel-Haenszel Test:** INCLUDE

### FINAL ANSWER (JSON):
```json
{
  ""columns"": [""PEER_PRESSURE"", ""CHRONIC DISEASE"", ""GENDER""],
  ""methods"": [""Chi-square Independence Test"", ""Fisher Exact Test"", ""Mantel-Haenszel Test""]
}
```"
256,Correlation Analysis,Is there a linear correlation between the weekly study time and the first period grade?,Pearson Correlation Coefficient|Spearman Correlation Coefficient|Kendall Correlation Coefficient,Pearson Correlation Coefficient,fully_labeled,Pearson Correlation Coefficient=include|Spearman Correlation Coefficient=exclude|Kendall Correlation Coefficient=exclude|Partial Correlation Coefficient=exclude,,,"### Step-by-Step Solution:

1. **Identify the variables involved:**
   - Weekly study time: `studytime` (quantitative)
   - First period grade: `G1` (quantitative)

2. **Determine the statistical task type:**
   - The task is to determine if there is a linear correlation between two quantitative variables.

3. **Select the appropriate method category:**
   - The appropriate method category is Correlation Analysis.

4. **From the candidate methods in the provided classification list, keep only those that satisfy the data type, sample size and assumptions. Evaluate each method individually and state whether it is included or excluded:**
   - Pearson Correlation Coefficient: This method is used to measure the linear relationship between two quantitative variables. It is appropriate for the given data type and sample size.
   - Spearman Correlation Coefficient: This method is used to measure the monotonic relationship between two quantitative variables. It is appropriate for the given data type and sample size, but since the question specifically asks for a linear correlation, Pearson is more suitable.
   - Kendall Correlation Coefficient: This method is used to measure the ordinal association between two quantitative variables. It is appropriate for the given data type and sample size, but again, Pearson is more suitable for linear correlation.
   - Partial Correlation Coefficient: This method is used to measure the relationship between two quantitative variables while controlling for the effects of one or more additional variables. It is not necessary for this specific question.

   **Conclusion:**
   - Pearson Correlation Coefficient: INCLUDE
   - Spearman Correlation Coefficient: EXCLUDE (not specifically for linear correlation)
   - Kendall Correlation Coefficient: EXCLUDE (not specifically for linear correlation)
   - Partial Correlation Coefficient: EXCLUDE (not necessary for this specific question)

5. **Output the final answer in JSON format:**

```json
{
  ""columns"": [""studytime"", ""G1""],
  ""methods"": [""Pearson Correlation Coefficient""]
}
```"
334,Contingency Table Test,Does the observed frequency conform to the assumption of independence between legendary status and gender classification among the Pokémon?,Fisher Exact Test,Chi-square Independence Test,partially_labeled,Chi-square Independence Test=include|Fisher Exact Test=include,,,"Let's follow the plan step by step to solve the problem.

1. **Identify the variables involved:**
   - The statistical question involves two categorical variables: `isLegendary` (legendary status) and `hasGender` (gender classification).

2. **Determine the statistical task type:**
   - The task is to test the independence between two categorical variables, which falls under the category of Contingency Table Test.

3. **Select the appropriate method category:**
   - From the provided classification list, the appropriate method category is Contingency Table Test.

4. **From the candidate methods in the provided classification list, keep only those that satisfy the data type, sample size and assumptions. Evaluate each method individually and state whether it is included or excluded:**
   - The methods in the Contingency Table Test category are:
     - Chi-square Independence Test
     - Fisher Exact Test
     - Mantel-Haenszel Test
   - Chi-square Independence Test: This test is suitable for large sample sizes and categorical data. Given the sample size of 721, this test is appropriate.
   - Fisher Exact Test: This test is more suitable for small sample sizes. Given the sample size of 721, this test is not the best choice.
   - Mantel-Haenszel Test: This test is used for stratified contingency tables, which is not the case here. Therefore, this test is not applicable.

5. **Using only the methods marked INCLUDE in Step 4, output one JSON object with exactly two keys, ""columns"" and ""methods"":**
   - The relevant columns are `isLegendary` and `hasGender`.
   - The applicable method is the Chi-square Independence Test.

```json
{
  ""columns"": [""isLegendary"", ""hasGender""],
  ""methods"": [""Chi-square Independence Test""]
}
```"
386,Variance Test,Are the variances of average glucose level and body mass index similar?,Mood Variance Test|Levene Test,Mood Variance Test|Levene Test,narrative_only,,,,"Let's follow the plan step by step:

1. **Identify the variables involved:**
   - The variables involved are `avg_glucose_level` and `bmi`.

2. **Determine the statistical task type:**
   - The task is to compare the variances of two quantitative variables (`avg_glucose_level` and `bmi`).

3. **Select the appropriate method category:**
   - The appropriate method category for comparing variances is the Variance Test.

4. **From the candidate methods in the provided classification list, keep only those that satisfy the data type, sample size, and assumptions. Evaluate each method individually and state whether it is included or excluded:**
   - **Mood Variance Test:** This test is used to compare the variances of two samples. It does not assume normality, which is suitable given that the data is not normal. **INCLUDE.**
   - **Levene Test:** This test is also used to compare the variances of two samples and does not assume normality. **INCLUDE.**
   - **Bartlett Test:** This test assumes that the data is normally distributed, which is not the case here. **EXCLUDE.**
   - **F-Test for Variance:** This test assumes that the data is normally distributed, which is not the case here. **EXCLUDE.**

5. **Using only the methods marked INCLUDE in Step 4, output one JSON object with exactly two keys, ""columns"" and ""methods"":**

```json
{
  ""columns"": [""avg_glucose_level"", ""bmi""],
  ""methods"": [""Mood Variance Test"", ""Levene Test""]
}
```"
60,Distribution Compliance Test,Is it possible to infer whether the distribution of the budget allocated for TV advertising and the sales revenue generated are equivalent?,Kolmogorov-Smirnov Test,Kolmogorov-Smirnov Test|Anderson-Darling Test,partially_labeled,Shapiro-Wilk Test of Normality=exclude|Lilliefors Test=exclude|Kolmogorov-Smirnov Test=exclude|Kolmogorov-Smirnov Test for Uniform distribution=exclude|Kolmogorov-Smirnov Test for Gamma distribution=exclude|Kolmogorov-Smirnov Test for Exponential distribution=exclude,,,"Let's follow the plan step by step:

1. **Identify the variables involved:**
   - TV Ad Budget ($)
   - Sales ($)

2. **Determine the statistical task type:**
   - The task is to infer whether the distribution of the budget allocated for TV advertising and the sales revenue generated are equivalent. This involves comparing the distributions of two quantitative variables.

3. **Select the appropriate method category:**
   - The appropriate method category for comparing the distributions of two quantitative variables is the Distribution Compliance Test.

4. **From the candidate methods in the provided classification list, keep only those that satisfy the data type, sample size, and assumptions:**
   - The data type for both variables is quantitative.
   - The sample size is 200 for each variable.
   - The variables are not normally distributed according to the provided information.
   - The methods that can be used to compare the distributions of two quantitative variables are:
     - Kolmogorov-Smirnov Test
     - Anderson-Darling Test
     - Shapiro-Wilk Test of Normality (not suitable as the data is not normal)
     - Lilliefors Test (not suitable as the data is not normal)
     - Kolmogorov-Smirnov Test for Uniform distribution (not suitable as the data is not uniform)
     - Kolmogorov-Smirnov Test for Gamma distribution (not suitable as the data is not gamma)
     - Kolmogorov-Smirnov Test for Exponential distribution (not suitable as the data is not exponential)
   - The suitable methods are:
     - Kolmogorov-Smirnov Test
     - Anderson-Darling Test

5. **Output the final answer in JSON format:**
```json
{
  ""columns"": [""TV Ad Budget ($)"", ""Sales ($)""],
  ""methods"": [""Kolmogorov-Smirnov Test"", ""Anderson-Darling Test""]
}
```"
342,Contingency Table Test,Is there a relationship between the presence of family history with overweight and the different categories of NObeyesdad?,Chi-square Independence Test,Chi-square Independence Test,partially_labeled,Chi-square Independence Test=include|Fisher Exact Test=include,,,"Let's follow the plan step by step:

1. **Identify the variables involved:**
   - The variable ""family_history_with_overweight"" is categorical.
   - The variable ""NObeyesdad"" is categorical.

2. **Determine the statistical task type:**
   - We are looking to determine if there is a relationship between two categorical variables. This suggests a contingency table test.

3. **Select the appropriate method category:**
   - Given the nature of the variables, the appropriate method category is ""Contingency Table Test"".

4. **From the candidate methods in the provided classification list, keep only those that satisfy the data type, sample size and assumptions. Evaluate each method individually and state whether it is included or excluded:**
   - **Chi-square Independence Test:** This test is suitable for categorical variables and can be used to determine if there is a relationship between two categorical variables. It does not require normality and can handle the sample size of 2111. **INCLUDE.**
   - **Fisher Exact Test:** This test is also suitable for categorical variables and can be used to determine if there is a relationship between two categorical variables. However, it is typically used for smaller sample sizes (usually less than 1000). Given the sample size of 2111, it is less practical. **EXCLUDE.**
   - **Mantel-Haenszel Test:** This test is used to assess the association between two binary variables in the presence of a confounding variable. Since no confounding variable is mentioned, this test is not directly applicable. **EXCLUDE.**

5. **Using only the methods marked INCLUDE in Step 4, output one JSON object with exactly two keys, ""columns"" and ""methods"":**

```json
{
  ""columns"": [""family_history_with_overweight"", ""NObeyesdad""],
  ""methods"": [""Chi-square Independence Test""]
}
```"
114,Distribution Compliance Test,"Do the values in the car price variable, measured in lakhs of currency units, exhibit characteristics consistent with a normal distribution?",Anderson-Darling Test|Kolmogorov-Smirnov Test for Normality|Lilliefors Test,Anderson-Darling Test|Shapiro-Wilk Test of Normality|Kolmogorov-Smirnov Test for Normality|Lilliefors Test,partially_labeled,Anderson-Darling Test=include|Shapiro-Wilk Test of Normality=include|Kolmogorov-Smirnov Test for Normality=include|Kolmogorov-Smirnov Test=include,,,"### Step-by-Step Solution:

1. **Identify the variables involved:**
   - The variable of interest is ""price(in lakhs)"", which is quantitative.

2. **Determine the statistical task type:**
   - The task is to test whether the values in the car price variable exhibit characteristics consistent with a normal distribution. This falls under the category of Distribution Compliance Test.

3. **Select the appropriate method category:**
   - From the provided classification list, the relevant category is ""Distribution Compliance Test"".

4. **Evaluate each method individually:**
   - **Anderson-Darling Test:** This test is suitable for quantitative data and can be used to test for normality. It is included.
   - **Shapiro-Wilk Test of Normality:** This test is also suitable for quantitative data and is commonly used to test for normality. It is included.
   - **Kolmogorov-Smirnov Test for Normality:** This test can be used to test for normality in quantitative data. It is included.
   - **Lilliefors Test:** This test is used to test for normality in quantitative data, especially when the parameters of the normal distribution are unknown. It is included.
   - **Kolmogorov-Smirnov Test:** This test is more general and can be used to test for any distribution, but it is not specifically designed for normality. It is excluded.
   - **Kolmogorov-Smirnov Test for Uniform distribution:** This test is for uniform distribution, not normality. It is excluded.
   - **Kolmogorov-Smirnov Test for Gamma distribution:** This test is for Gamma distribution, not normality. It is excluded.
   - **Kolmogorov-Smirnov Test for Exponential distribution:** This test is for Exponential distribution, not normality. It is excluded.

5. **Final Answer (JSON):**
```json
{
  ""columns"": [""price(in lakhs)""],
  ""methods"": [""Anderson-Darling Test"", ""Shapiro-Wilk Test of Normality"", ""Kolmogorov-Smirnov Test for Normality"", ""Lilliefors Test""]
}
```"
30,Variance Test,Do the age and body mass index (BMI) have statistically similar dispersions?,Mood Variance Test|Levene Test,Mood Variance Test|Levene Test,partially_labeled,Mood Variance Test=include|Levene Test=include,,,"### Step-by-Step Solution:

1. **Identify the variables involved:**
   - The variables involved are 'age' and 'bmi', both of which are quantitative.

2. **Determine the statistical task type:**
   - The task is to determine if the age and BMI have statistically similar dispersions. This falls under the category of variance testing.

3. **Select the appropriate method category:**
   - From the provided classification list, the relevant category is ""Variance Test"".

4. **Evaluate each method individually:**
   - **Mood Variance Test:** This test is used to compare the variances of two samples. It does not assume normality, which is suitable given that the 'is_normality' for both 'age' and 'bmi' is False.
   - **Levene Test:** This test is also used to compare the variances of two samples and does not assume normality.
   - **Bartlett Test:** This test assumes that the data is normally distributed, which is not the case here.
   - **F-Test for Variance:** This test assumes that the data is normally distributed, which is not the case here.

   Based on the above evaluations, the methods to be included are Mood Variance Test and Levene Test.

5. **Final Answer (JSON):**
```json
{
  ""columns"": [""age"", ""bmi""],
  ""methods"": [""Mood Variance Test"", ""Levene Test""]
}
```"
115,Distribution Compliance Test,"Can I assume that the distribution of ages at death, specifically for individuals aged between 51 and 99, follows a normal distribution for statistical procedures?",Anderson-Darling Test|Kolmogorov-Smirnov Test for Normality|Lilliefors Test,Anderson-Darling Test|Shapiro-Wilk Test of Normality|Kolmogorov-Smirnov Test for Normality|Lilliefors Test,partially_labeled,Anderson-Darling Test=include|Shapiro-Wilk Test of Normality=include|Kolmogorov-Smirnov Test for Normality=include|Kolmogorov-Smirnov Test=include|Lilliefors Test=include,,,"### Step-by-Step Solution:

1. **Identify the variables involved:**
   - The variable of interest is ""Death Age: 51-99"", which is quantitative.

2. **Determine the statistical task type:**
   - The task is to test whether the distribution of ages at death for individuals aged between 51 and 99 follows a normal distribution.

3. **Select the appropriate method category:**
   - The appropriate method category is ""Distribution Compliance Test"".

4. **From the candidate methods in the provided classification list, keep only those that satisfy the data type, sample size, and assumptions. Evaluate each method individually and state whether it is included or excluded:**
   - **Anderson-Darling Test:** This test is suitable for testing normality and is appropriate for quantitative data. It is included.
   - **Shapiro-Wilk Test of Normality:** This test is also suitable for testing normality and is appropriate for quantitative data. It is included.
   - **Kolmogorov-Smirnov Test for Normality:** This test is suitable for testing normality and is appropriate for quantitative data. It is included.
   - **Lilliefors Test:** This test is suitable for testing normality and is appropriate for quantitative data. It is included.
   - **Kolmogorov-Smirnov Test:** This test is not specifically for normality but for general distribution comparison. It is excluded.
   - **Kolmogorov-Smirnov Test for Uniform distribution:** This test is for uniform distribution, not normality. It is excluded.
   - **Kolmogorov-Smirnov Test for Gamma distribution:** This test is for Gamma distribution, not normality. It is excluded.
   - **Kolmogorov-Smirnov Test for Exponential distribution:** This test is for Exponential distribution, not normality. It is excluded.

5. **Output the final answer in JSON format:**

```json
{
  ""columns"": [""Death Age: 51-99""],
  ""methods"": [""Anderson-Darling Test"", ""Shapiro-Wilk Test of Normality"", ""Kolmogorov-Smirnov Test for Normality"", ""Lilliefors Test""]
}
```"
140,Distribution Compliance Test,Does the distribution of cumulative GPAs conform to a normal distribution?,Anderson-Darling Test|Kolmogorov-Smirnov Test for Normality|Lilliefors Test,Anderson-Darling Test|Shapiro-Wilk Test of Normality|Kolmogorov-Smirnov Test for Normality|Lilliefors Test,partially_labeled,Anderson-Darling Test=include|Shapiro-Wilk Test of Normality=include|Kolmogorov-Smirnov Test for Normality=include|Kolmogorov-Smirnov Test=include|Mode=include|Lilliefors Test=include,,,"### Step-by-Step Solution:

1. **Identify the variables involved:**
   - The variable of interest is ""CGPA"" (Cumulative Grade Point Average), which is quantitative.

2. **Determine the statistical task type:**
   - The task is to test whether the distribution of CGPA conforms to a normal distribution. This falls under the category of Distribution Compliance Test.

3. **Select the appropriate method category:**
   - From the provided classification list, the relevant category is ""Distribution Compliance Test"".

4. **Evaluate each method individually:**
   - **Anderson-Darling Test:** This test is suitable for testing normality and is appropriate for quantitative data. It is included.
   - **Shapiro-Wilk Test of Normality:** This test is specifically designed for testing normality and is suitable for quantitative data. It is included.
   - **Kolmogorov-Smirnov Test for Normality:** This test can be used to test normality but is less powerful than the Shapiro-Wilk test for small to moderate sample sizes. It is included.
   - **Lilliefors Test:** This test is a modification of the Kolmogorov-Smirnov test for normality and is suitable for quantitative data. It is included.
   - **Kolmogorov-Smirnov Test for Uniform distribution, Kolmogorov-Smirnov Test for Gamma distribution, Kolmogorov-Smirnov Test for Exponential distribution:** These tests are not relevant for testing normality. They are excluded.

5. **Final Answer (JSON):**
```json
{
  ""columns"": [""CGPA""],
  ""methods"": [""Anderson-Darling Test"", ""Shapiro-Wilk Test of Normality"", ""Kolmogorov-Smirnov Test for Normality"", ""Lilliefors Test""]
}
```"
206,Variance Test,Are the levels of variability in GRE scores comparable to those in the strength of the applicant's Statement of Purpose?,Mood Variance Test|Levene Test,Mood Variance Test|Levene Test,narrative_only,,,,"### Step-by-Step Solution

1. **Identify the Variables Involved:**
   - GRE Score (quantitative)
   - SOP (Statement of Purpose) (quantitative)

2. **Determine the Statistical Task Type:**
   - The question is asking about the comparability of variability in two quantitative variables. This suggests a variance test.

3. **Select the Appropriate Method Category:**
   - From the classification list, the relevant category is ""Variance Test"".

4. **Evaluate Each Method Individually:**
   - **Mood Variance Test:** This test is used to compare the variances of two or more groups. It is applicable here.
   - **Levene Test:** This test is also used to compare the variances of two or more groups. It is applicable here.
   - **Bartlett Test:** This test is used to compare the variances of two or more groups. It assumes normality, which is not given for all variables.
   - **F-Test for Variance:** This test is used to compare the variances of two groups. It assumes normality, which is not given for all variables.

   Based on the above evaluation, the methods that are applicable are:
   - Mood Variance Test
   - Levene Test

5. **Final Answer (JSON):**
```json
{
  ""columns"": [""GRE Score"", ""SOP""],
  ""methods"": [""Mood Variance Test"", ""Levene Test""]
}
```"
14,Contingency Table Test,Is there any correlation between experiencing peer pressure related to smoking and the presence of symptoms of chest pain?,Chi-square Independence Test|Fisher Exact Test,Chi-square Independence Test,partially_labeled,Chi-square Independence Test=include,,,"Let's follow the plan step by step:

1. **Identify the variables involved:**
   - The variable ""PEER_PRESSURE"" is categorical and represents peer pressure related to smoking.
   - The variable ""CHEST PAIN"" is categorical and represents the presence of symptoms of chest pain.

2. **Determine the statistical task type:**
   - We are looking to determine if there is any correlation between two categorical variables. This suggests a contingency table test, which is used to determine if there is a significant association between two categorical variables.

3. **Select the appropriate method category:**
   - The appropriate method category for this task is ""Contingency Table Test"".

4. **From the candidate methods in the provided classification list, keep only those that satisfy the data type, sample size and assumptions. Evaluate each method individually and state whether it is included or excluded:**
   - **Chi-square Independence Test:** This test is used to determine if there is a significant association between two categorical variables. It is suitable for our data type and sample size.
   - **Fisher Exact Test:** This test is used for small sample sizes and is exact, meaning it calculates the exact probability of the observed and each of the more extreme tables. However, it is typically used for smaller tables (2x2 or 2x3). Given our sample size of 309, the Chi-square test is more appropriate.
   - **Mantel-Haenszel Test:** This test is used to assess the association between two variables in the presence of a confounding variable. Since no confounding variable is mentioned, this test is not applicable here.

5. **Output the final answer in JSON format:**
   - The relevant columns are ""PEER_PRESSURE"" and ""CHEST PAIN"".
   - The applicable method is the Chi-square Independence Test.

```json
{
  ""columns"": [""PEER_PRESSURE"", ""CHEST PAIN""],
  ""methods"": [""Chi-square Independence Test""]
}
```"
132,Variance Test,Do age and BMI exhibit similar variance characteristics?,Mood Variance Test|Levene Test,Mood Variance Test|Levene Test,narrative_only,,,,"Let's follow the plan step by step to address the statistical question: ""Do age and BMI exhibit similar variance characteristics?""

1. **Identify the variables involved:**
   - The variables involved are 'age' and 'bmi'.

2. **Determine the statistical task type:**
   - The task is to compare the variance characteristics of two quantitative variables, 'age' and 'bmi'.

3. **Select the appropriate method category:**
   - The appropriate method category for comparing variances is the Variance Test.

4. **From the candidate methods in the provided classification list, keep only those that satisfy the data type, sample size, and assumptions. Evaluate each method individually and state whether it is included or excluded:**
   - **Mood Variance Test:** This test is used to compare the variances of two or more groups. It is non-parametric and does not assume normality. It is suitable for our data type and sample size.
   - **Levene Test:** This test is used to compare the variances of two or more groups. It is robust to departures from normality and is suitable for our data type and sample size.
   - **Bartlett Test:** This test is used to compare the variances of two or more groups. However, it assumes that the data are normally distributed, which is not the case here.
   - **F-Test for Variance:** This test is used to compare the variances of two groups. It assumes that the data are normally distributed, which is not the case here.

   Based on the above evaluations, the methods that are suitable are:
   - Mood Variance Test
   - Levene Test

5. **Output the final answer in JSON format:**

```json
{
  ""columns"": [""age"", ""bmi""],
  ""methods"": [""Mood Variance Test"", ""Levene Test""]
}
```"
162,Distribution Compliance Test,Does the average self-reported happiness score (avg_satisfaction) exhibit consistency with a normal distribution?,Anderson-Darling Test|Kolmogorov-Smirnov Test for Normality|Lilliefors Test,Anderson-Darling Test|Shapiro-Wilk Test of Normality|Kolmogorov-Smirnov Test for Normality|Lilliefors Test,partially_labeled,Anderson-Darling Test=include|Shapiro-Wilk Test of Normality=include|Kolmogorov-Smirnov Test for Normality=include|Kolmogorov-Smirnov Test=include|Lilliefors Test=include|Mean=include,,,"Let's follow the plan step by step:

1. **Identify the variables involved:**
   - The variable of interest is `avg_satisfaction`, which is quantitative and has a normal distribution according to the provided information.

2. **Determine the statistical task type:**
   - The task is to determine if the average self-reported happiness score (`avg_satisfaction`) exhibits consistency with a normal distribution. This falls under the category of Distribution Compliance Test.

3. **Select the appropriate method category:**
   - The appropriate category is Distribution Compliance Test.

4. **From the candidate methods in the provided classification list, keep only those that satisfy the data type, sample size, and assumptions. Evaluate each method individually and state whether it is included or excluded:**
   - **Anderson-Darling Test:** This test is suitable for quantitative data and can be used to test for normality. It is included.
   - **Shapiro-Wilk Test of Normality:** This test is suitable for quantitative data and is commonly used to test for normality. It is included.
   - **Kolmogorov-Smirnov Test for Normality:** This test is suitable for quantitative data and can be used to test for normality. It is included.
   - **Lilliefors Test:** This test is suitable for quantitative data and is used to test for normality, especially when the mean and variance are unknown. It is included.
   - **Kolmogorov-Smirnov Test:** This test is more general and can be used to test for any distribution, but it is not specifically designed for normality. It is excluded.
   - **Kolmogorov-Smirnov Test for Uniform distribution:** This test is for uniform distribution, not normality. It is excluded.
   - **Kolmogorov-Smirnov Test for Gamma distribution:** This test is for Gamma distribution, not normality. It is excluded.
   - **Kolmogorov-Smirnov Test for Exponential distribution:** This test is for Exponential distribution, not normality. It is excluded.

5. **Output the final answer in JSON format:**
```json
{
  ""columns"": [""avg_satisfaction""],
  ""methods"": [""Anderson-Darling Test"", ""Shapiro-Wilk Test of Normality"", ""Kolmogorov-Smirnov Test for Normality"", ""Lilliefors Test""]
}
```"
248,Variance Test,"To what extent do the variance patterns of engine displacement (measured in cubic centimeters, cc) and maximum power output (measured in brake horsepower, bhp) exhibit parallelism?",Mood Variance Test|Levene Test,Mood Variance Test|Levene Test,narrative_only,,,,"Let's follow the plan step by step:

1. **Identify the variables involved:**
   - The variables involved are ""engine(cc)"" and ""max_power(bhp)"".

2. **Determine the statistical task type:**
   - The task is to assess the parallelism of variance patterns between two quantitative variables. This suggests a need to compare the variances of these two variables.

3. **Select the appropriate method category:**
   - The appropriate method category for comparing variances between two quantitative variables is the Variance Test.

4. **From the candidate methods in the provided classification list, keep only those that satisfy the data type, sample size, and assumptions. Evaluate each method individually and state whether it is included or excluded:**
   - **Mood Variance Test:** This test is used to compare the variances of two or more groups. It is non-parametric and does not assume normality. It is suitable for our data type and sample size.
   - **Levene Test:** This test is used to compare the variances of two or more groups. It is robust to departures from normality and is suitable for our data type and sample size.
   - **Bartlett Test:** This test is used to compare the variances of two or more groups. However, it assumes that the data are normally distributed, which is not the case here.
   - **F-Test for Variance:** This test is used to compare the variances of two groups. It assumes that the data are normally distributed, which is not the case here.

   Based on the above evaluation, the methods to be included are:
   - Mood Variance Test
   - Levene Test

5. **Output the final answer in JSON format:**

```json
{
  ""columns"": [""engine(cc)"", ""max_power(bhp)""],
  ""methods"": [""Mood Variance Test"", ""Levene Test""]
}
```"
51,Correlation Analysis,Do changes in base Health Points (HP) correspond to similar changes in base Special Defense (Sp_Def)?,Pearson Correlation Coefficient|Spearman Correlation Coefficient|Kendall Correlation Coefficient,Pearson Correlation Coefficient|Spearman Correlation Coefficient|Kendall Correlation Coefficient,narrative_only,,,,"Let's follow the plan step by step to address the statistical question: ""Do changes in base Health Points (HP) correspond to similar changes in base Special Defense (Sp_Def)?""

1. **Identify the variables involved:**
   - The variables involved are ""HP"" and ""Sp_Def"", both of which are quantitative.

2. **Determine the statistical task type:**
   - The question is asking about the relationship between two quantitative variables. This suggests a correlation analysis.

3. **Select the appropriate method category:**
   - Given the nature of the question, the appropriate method category is ""Correlation Analysis"".

4. **From the candidate methods in the provided classification list, keep only those that satisfy the data type, sample size, and assumptions. Evaluate each method individually and state whether it is included or excluded:**
   - Pearson Correlation Coefficient: This method measures the linear relationship between two quantitative variables. It is suitable for our data type and sample size.
   - Spearman Correlation Coefficient: This method measures the monotonic relationship between two quantitative variables. It is also suitable for our data type and sample size.
   - Kendall Correlation Coefficient: This method measures the ordinal association between two quantitative variables. It is suitable for our data type and sample size.
   - Partial Correlation Coefficient: This method measures the relationship between two quantitative variables while controlling for one or more additional variables. Since no control variables are mentioned in the question, this method is not directly applicable here.

5. **Using only the methods marked INCLUDE in Step 4, output one JSON object with exactly two keys, ""columns"" and ""methods"":**

```json
{
  ""columns"": [""HP"", ""Sp_Def""],
  ""methods"": [""Pearson Correlation Coefficient"", ""Spearman Correlation Coefficient"", ""Kendall Correlation Coefficient""]
}
```"
324,Correlation Analysis,How strong is the relationship between the number of Christmas trees purchased and their average sale price?,Kendall Correlation Coefficient,Pearson Correlation Coefficient,fully_labeled,Pearson Correlation Coefficient=include|Spearman Correlation Coefficient=exclude|Kendall Correlation Coefficient=exclude|Partial Correlation Coefficient=exclude,,,"Let's follow the plan step by step:

1. **Identify the variables involved:**
   - The statistical question is about the relationship between the number of Christmas trees purchased and their average sale price.
   - The relevant columns are ""Number of trees sold"" and ""Average Tree Price"".

2. **Determine the statistical task type:**
   - The question is asking about the strength of the relationship between two quantitative variables, which suggests a correlation analysis.

3. **Select the appropriate method category:**
   - Given the nature of the question, the appropriate method category is ""Correlation Analysis"".

4. **From the candidate methods in the provided classification list, keep only those that satisfy the data type, sample size and assumptions:**
   - The data types for both variables are quantitative.
   - The sample size is 14, which is relatively small but sufficient for correlation analysis.
   - The assumptions for correlation analysis include linearity and normality of the variables. The ""Number of trees sold"" and ""Average Tree Price"" are both normally distributed according to the column information.
   - The candidate methods in the ""Correlation Analysis"" category are:
     - Pearson Correlation Coefficient
     - Spearman Correlation Coefficient
     - Kendall Correlation Coefficient
     - Partial Correlation Coefficient
   - Since the variables are normally distributed, Pearson Correlation Coefficient is a suitable method. Spearman and Kendall correlation coefficients are non-parametric and can be used if the normality assumption is violated, but in this case, they are not necessary.
   - Partial Correlation Coefficient is not applicable here as there is no need to control for additional variables.

5. **Output the final answer in JSON format:**
```json
{
  ""columns"": [""Number of trees sold"", ""Average Tree Price""],
  ""methods"": [""Pearson Correlation Coefficient""]
}
```"
118,Distribution Compliance Test,What is the likelihood that the price at which the produce is sold at the farm follows a normal distribution?,Anderson-Darling Test|Kolmogorov-Smirnov Test for Normality|Lilliefors Test,Anderson-Darling Test|Shapiro-Wilk Test of Normality|Kolmogorov-Smirnov Test for Normality|Lilliefors Test,partially_labeled,Anderson-Darling Test=include|Shapiro-Wilk Test of Normality=include|Kolmogorov-Smirnov Test for Normality=include|Kolmogorov-Smirnov Test=include|Lilliefors Test=include,,,"1. **Identify the variables involved:**
   - The variable of interest is `farmprice`, which is quantitative.

2. **Determine the statistical task type:**
   - The task is to test whether the distribution of `farmprice` follows a normal distribution.

3. **Select the appropriate method category:**
   - The appropriate method category is ""Distribution Compliance Test"".

4. **From the candidate methods in the provided classification list, keep only those that satisfy the data type, sample size and assumptions. Evaluate each method individually and state whether it is included or excluded:**
   - **Anderson-Darling Test:** This test is suitable for quantitative data and can be used to test for normality. It is included.
   - **Shapiro-Wilk Test of Normality:** This test is suitable for quantitative data and is commonly used to test for normality, especially for smaller sample sizes. However, it can also be used for larger samples. It is included.
   - **Kolmogorov-Smirnov Test for Normality:** This test is suitable for quantitative data and can be used to test for normality. It is included.
   - **Lilliefors Test:** This test is suitable for quantitative data and is used to test for normality when the parameters of the normal distribution are unknown. It is included.
   - **Kolmogorov-Smirnov Test for Uniform distribution, Kolmogorov-Smirnov Test for Gamma distribution, Kolmogorov-Smirnov Test for Exponential distribution:** These tests are not relevant for testing normality. They are excluded.

5. **Output the final answer in JSON format:**
```json
{
  ""columns"": [""farmprice""],
  ""methods"": [""Anderson-Darling Test"", ""Shapiro-Wilk Test of Normality"", ""Kolmogorov-Smirnov Test for Normality"", ""Lilliefors Test""]
}
```"
244,Contingency Table Test,Is there a discernible association pattern between the type of chest pain and the slope of the peak exercise ST segment?,Chi-square Independence Test,Chi-square Independence Test,partially_labeled,Chi-square Independence Test=include|Fisher Exact Test=include,,,"Let's follow the plan step by step to solve the problem.

1. **Identify the variables involved:**
   - ChestPainType (categorical)
   - ST_Slope (categorical)

2. **Determine the statistical task type:**
   - The task is to determine if there is an association between two categorical variables. This falls under the category of Contingency Table Test.

3. **Select the appropriate method category:**
   - Given the nature of the variables, we should use methods from the Contingency Table Test category.

4. **From the candidate methods in the provided classification list, keep only those that satisfy the data type, sample size and assumptions. Evaluate each method individually and state whether it is included or excluded:**
   - Chi-square Independence Test: This test is suitable for categorical variables and can be used to determine if there is a significant association between two categorical variables. It is included.
   - Fisher Exact Test: This test is also suitable for categorical variables and is used when the sample size is small. However, with 918 rows, the sample size is large enough to use the Chi-square Independence Test, so we will exclude this method.
   - Mantel-Haenszel Test: This test is used to assess the association between two binary variables while controlling for a third variable. Since no control variable is mentioned in the question, we will exclude this method.

5. **Output the final answer in JSON format:**

```json
{
  ""columns"": [""ChestPainType"", ""ST_Slope""],
  ""methods"": [""Chi-square Independence Test""]
}
```"
280,Distribution Compliance Test,"Does the budget allocated for TV advertising ($), follow a distribution that is suitable for methods assuming normality?",Anderson-Darling Test|Kolmogorov-Smirnov Test for Normality|Lilliefors Test,Anderson-Darling Test|Shapiro-Wilk Test of Normality|Kolmogorov-Smirnov Test for Normality|Lilliefors Test,partially_labeled,Anderson-Darling Test=include|Shapiro-Wilk Test of Normality=include|Kolmogorov-Smirnov Test for Normality=include|Kolmogorov-Smirnov Test=include|Lilliefors Test=include,,,"1. **Identify the variables involved:**
   - The variable of interest is ""TV Ad Budget ($)"".

2. **Determine the statistical task type:**
   - The task is to test if the distribution of the ""TV Ad Budget ($)"" is suitable for methods assuming normality. This falls under the category of Distribution Compliance Test.

3. **Select the appropriate method category:**
   - The appropriate category is ""Distribution Compliance Test"".

4. **From the candidate methods in the provided classification list, keep only those that satisfy the data type, sample size and assumptions. Evaluate each method individually and state whether it is included or excluded:**
   - **Anderson-Darling Test:** Suitable for quantitative data and can be used to test for normality. INCLUDE.
   - **Shapiro-Wilk Test of Normality:** Suitable for quantitative data and is commonly used for testing normality, especially for smaller sample sizes. INCLUDE.
   - **Kolmogorov-Smirnov Test for Normality:** Suitable for quantitative data and can be used to test for normality. INCLUDE.
   - **Lilliefors Test:** Suitable for quantitative data and is used to test for normality when parameters are estimated from the data. INCLUDE.
   - **Kolmogorov-Smirnov Test for Uniform distribution, Kolmogorov-Smirnov Test for Gamma distribution, Kolmogorov-Smirnov Test for Exponential distribution:** These are not relevant as we are specifically testing for normality. EXCLUDE.

5. **Output the final answer in JSON format:**

```json
{
  ""columns"": [""TV Ad Budget ($)""],
  ""methods"": [""Anderson-Darling Test"", ""Shapiro-Wilk Test of Normality"", ""Kolmogorov-Smirnov Test for Normality"", ""Lilliefors Test""]
}
```"
264,Contingency Table Test,Is there a relationship between hypertension and smoking status?,Chi-square Independence Test,Chi-square Independence Test,fully_labeled,Fisher Exact Test=include|Mantel-Haenszel Test=include|Chi-square Independence Test=include,,,"1. **Identify the variables involved:**
   - The variables involved are ""hypertension"" and ""smoking_status"".
   - Both are categorical variables.

2. **Determine the statistical task type:**
   - The task is to determine if there is a relationship between two categorical variables.
   - This falls under the category of Contingency Table Test.

3. **Select the appropriate method category:**
   - The appropriate method category is Contingency Table Test.

4. **From the candidate methods in the provided classification list, keep only those that satisfy the data type, sample size and assumptions:**
   - The methods in the Contingency Table Test category are:
     - Chi-square Independence Test
     - Fisher Exact Test
     - Mantel-Haenszel Test
   - Chi-square Independence Test is commonly used for categorical variables and can handle larger sample sizes.
   - Fisher Exact Test is more suitable for smaller sample sizes and is exact, but it may not be practical for a sample size of 5110.
   - Mantel-Haenszel Test is used for stratified analysis and is not directly applicable here as we are not dealing with stratified data.
   - Given the sample size of 5110, the Chi-square Independence Test is the most appropriate method.

5. **Final Answer (JSON):**
```json
{
  ""columns"": [""hypertension"", ""smoking_status""],
  ""methods"": [""Chi-square Independence Test""]
}
```"
181,Distribution Compliance Test,Do the annual crop production in Nigeria and India follow similar distribution curves?,Kolmogorov-Smirnov Test,Kolmogorov-Smirnov Test|Anderson-Darling Test,fully_labeled,Shapiro-Wilk Test of Normality=exclude|Lilliefors Test=exclude|Kolmogorov-Smirnov Test=exclude|Kolmogorov-Smirnov Test for Uniform distribution=exclude|Kolmogorov-Smirnov Test for Gamma distribution=exclude|Kolmogorov-Smirnov Test for Exponential distribution=exclude|Anderson-Darling Test=include,,,"Let's follow the plan step by step to solve the problem.

1. **Identify the variables involved:**
   - The statistical question is about the annual crop production in Nigeria and India.
   - The relevant columns are ""Nigeria"" and ""India"".

2. **Determine the statistical task type:**
   - The question asks whether the annual crop production in Nigeria and India follow similar distribution curves. This implies a comparison of the distribution of two quantitative variables.

3. **Select the appropriate method category:**
   - The appropriate method category for comparing the distribution of two quantitative variables is the Distribution Compliance Test, specifically focusing on tests that can compare two distributions.

4. **From the candidate methods in the provided classification list, keep only those that satisfy the data type, sample size and assumptions:**
   - The data type for both Nigeria and India is quantitative.
   - The number of rows for both is 4.
   - The methods that can be used to compare two distributions are:
     - Kolmogorov-Smirnov Test
     - Anderson-Darling Test
     - Shapiro-Wilk Test of Normality (not suitable for comparing two distributions directly)
     - Lilliefors Test (not suitable for comparing two distributions directly)
     - Kolmogorov-Smirnov Test for Uniform distribution (not suitable for comparing two distributions directly)
     - Kolmogorov-Smirnov Test for Gamma distribution (not suitable for comparing two distributions directly)
     - Kolmogorov-Smirnov Test for Exponential distribution (not suitable for comparing two distributions directly)
   - The Kolmogorov-Smirnov Test and Anderson-Darling Test are suitable for comparing two distributions.

5. **Output the final answer in JSON format:**
```json
{
  ""columns"": [""Nigeria"", ""India""],
  ""methods"": [""Kolmogorov-Smirnov Test"", ""Anderson-Darling Test""]
}
```"
273,Variance Test,Do the average glucose level and body mass index exhibit similar patterns of variance to some extent?,Mood Variance Test|Levene Test,Mood Variance Test|Levene Test,narrative_only,,,,"Let's follow the plan step by step:

1. **Identify the variables involved:**
   - The variables involved are `avg_glucose_level` and `bmi`, both of which are quantitative.

2. **Determine the statistical task type:**
   - The question asks whether the average glucose level and body mass index exhibit similar patterns of variance. This implies a comparison of variances between two quantitative variables.

3. **Select the appropriate method category:**
   - The appropriate method category for comparing variances between two quantitative variables is the Variance Test.

4. **From the candidate methods in the provided classification list, keep only those that satisfy the data type, sample size and assumptions. Evaluate each method individually and state whether it is included or excluded:**
   - **Mood Variance Test:** This test is used to compare the variances of two samples. It does not assume normality, which is suitable given that the data is not normal. **INCLUDE.**
   - **Levene Test:** This test is also used to compare the variances of two samples and does not assume normality. **INCLUDE.**
   - **Bartlett Test:** This test assumes that the data is normally distributed, which is not the case here. **EXCLUDE.**
   - **F-Test for Variance:** This test assumes that the data is normally distributed, which is not the case here. **EXCLUDE.**

5. **Using only the methods marked INCLUDE in Step 4, output one JSON object with exactly two keys, ""columns"" and ""methods"":**

```json
{
  ""columns"": [""avg_glucose_level"", ""bmi""],
  ""methods"": [""Mood Variance Test"", ""Levene Test""]
}
```"
155,Variance Test,Is there a statistically significant difference in the variances of the property's square footage and the number of bathrooms?,Mood Variance Test|Levene Test,Mood Variance Test|Levene Test|F-Test for Variance,fully_labeled,Bartlett Test=exclude|Mood Variance Test=include|Levene Test=include|F-Test for Variance=include,,,"1. **Identify the variables involved:**
   - The variables involved are ""SquareFeet"" and ""Bathrooms"".

2. **Determine the statistical task type:**
   - The task is to determine if there is a statistically significant difference in the variances of two quantitative variables: ""SquareFeet"" and ""Bathrooms"".

3. **Select the appropriate method category:**
   - The appropriate method category for comparing variances of two quantitative variables is the Variance Test.

4. **From the candidate methods in the provided classification list, keep only those that satisfy the data type, sample size and assumptions:**
   - The methods in the Variance Test category are: Mood Variance Test, Levene Test, Bartlett Test, F-Test for Variance.
   - All these methods are applicable to quantitative data and can handle large sample sizes (50,000 rows).
   - Since the normality assumption is not met for both variables, we can exclude the Bartlett Test, which assumes normality.
   - Therefore, the methods to be included are: Mood Variance Test, Levene Test, F-Test for Variance.

5. **Output the final answer in JSON format:**
```json
{
  ""columns"": [""SquareFeet"", ""Bathrooms""],
  ""methods"": [""Mood Variance Test"", ""Levene Test"", ""F-Test for Variance""]
}
```"
363,Variance Test,Do the GRE and TOEFL scores exhibit similar levels of data dispersion?,Mood Variance Test|Levene Test,Mood Variance Test|Levene Test,partially_labeled,Mood Variance Test=include,,,"Let's follow the plan step by step to solve the problem.

### Step 1: Identify the variables involved.
The statistical question asks about the dispersion of GRE and TOEFL scores. Therefore, the relevant variables are:
- GRE Score (quantitative)
- TOEFL Score (quantitative)

### Step 2: Determine the statistical task type.
The question is about comparing the dispersion (variability) of two quantitative variables. This falls under the category of variance testing.

### Step 3: Select the appropriate method category.
From the classification list, the relevant category is ""Variance Test"".

### Step 4: Evaluate each method individually.
- **Mood Variance Test**: This test can be used to compare variances of two samples. It does not assume normality, which is suitable for our data.
- **Levene Test**: This test is also used to compare variances of two samples and does not assume normality.
- **Bartlett Test**: This test assumes normality, which is not the case for our data (GRE Score and TOEFL Score are not normal).
- **F-Test for Variance**: This test assumes normality, which is not the case for our data.

Based on the above evaluation, the methods that are suitable are:
- Mood Variance Test
- Levene Test

### Step 5: Output the final answer in JSON format.
```json
{
  ""columns"": [""GRE Score"", ""TOEFL Score""],
  ""methods"": [""Mood Variance Test"", ""Levene Test""]
}
```"
271,Distribution Compliance Test,What is the likelihood that annual crop production in Japan follows a normal distribution?,Anderson-Darling Test|Shapiro-Wilk Test of Normality|Kolmogorov-Smirnov Test for Normality,Anderson-Darling Test|Shapiro-Wilk Test of Normality|Kolmogorov-Smirnov Test for Normality|Lilliefors Test,partially_labeled,Anderson-Darling Test=include|Mode=include|Shapiro-Wilk Test of Normality=include|Kolmogorov-Smirnov Test=exclude|Kolmogorov-Smirnov Test for Uniform distribution=exclude|Kolmogorov-Smirnov Test for Gamma distribution=exclude|Kolmogorov-Smirnov Test for Exponential distribution=exclude,,,"Let's follow the plan step by step:

1. **Identify the variables involved:**
   - The variable of interest is ""Japan"", which is a quantitative variable.

2. **Determine the statistical task type:**
   - The task is to determine if the annual crop production in Japan follows a normal distribution. This is a task related to distribution compliance testing.

3. **Select the appropriate method category:**
   - The appropriate method category is ""Distribution Compliance Test"".

4. **From the candidate methods in the provided classification list, keep only those that satisfy the data type, sample size and assumptions. Evaluate each method individually and state whether it is included or excluded:**
   - **Anderson-Darling Test:** This test is suitable for small to moderate sample sizes and is sensitive to deviations from normality. It can be used here.
   - **Shapiro-Wilk Test of Normality:** This test is suitable for small to moderate sample sizes and is one of the most powerful normality tests. It can be used here.
   - **Kolmogorov-Smirnov Test for Normality:** This test is less powerful than the Shapiro-Wilk test but can still be used for normality testing. It can be used here.
   - **Lilliefors Test:** This test is an adaptation of the Kolmogorov-Smirnov test for normality when parameters are estimated from the data. It can be used here.
   - **Kolmogorov-Smirnov Test for Uniform distribution, Kolmogorov-Smirnov Test for Gamma distribution, Kolmogorov-Smirnov Test for Exponential distribution:** These tests are not relevant for testing normality, so they are excluded.

5. **Output the final answer in JSON format:**

```json
{
  ""columns"": [""Japan""],
  ""methods"": [""Anderson-Darling Test"", ""Shapiro-Wilk Test of Normality"", ""Kolmogorov-Smirnov Test for Normality"", ""Lilliefors Test""]
}
```"
28,Variance Test,Is there homogeneity of variance between the total kilometers driven by the car and the maximum power output of the car's engine in brake horsepower (bhp)?,Mood Variance Test|Levene Test,Mood Variance Test|Levene Test|Bartlett Test|F-Test for Variance,partially_labeled,Mood Variance Test=include,,,"Let's follow the plan step by step to solve the problem.

1. **Identify the variables involved:**
   - The variables involved are ""kms_driven"" (total kilometers driven by the car) and ""max_power(bhp)"" (maximum power output of the car's engine in brake horsepower).

2. **Determine the statistical task type:**
   - The task is to check for homogeneity of variance between two quantitative variables. This falls under the category of Variance Test.

3. **Select the appropriate method category:**
   - From the provided classification list, the relevant category is ""Variance Test"".

4. **Evaluate each method individually:**
   - **Mood Variance Test:** This test can be used to compare variances between two or more groups. It is applicable here.
   - **Levene Test:** This test is used to assess the equality of variances for a variable calculated for two or more groups. It is applicable here.
   - **Bartlett Test:** This test is used to test the null hypothesis that the variances of two or more groups are equal. It is applicable here.
   - **F-Test for Variance:** This test is used to compare the variances of two groups. It is applicable here.

5. **Output the final answer in JSON format:**

```json
{
  ""columns"": [""kms_driven"", ""max_power(bhp)""],
  ""methods"": [""Mood Variance Test"", ""Levene Test"", ""Bartlett Test"", ""F-Test for Variance""]
}
```"
41,Variance Test,Are the levels of data spread similar for studytime and health?,Mood Variance Test|Levene Test,Mood Variance Test|Levene Test|Bartlett Test|F-Test for Variance,narrative_only,,,,"### Step-by-Step Solution

1. **Identify the variables involved:**
   - The variables involved are 'studytime' and 'health'. Both are quantitative variables.

2. **Determine the statistical task type:**
   - The task is to compare the spread of two quantitative variables. This involves comparing the variances of the two variables.

3. **Select the appropriate method category:**
   - The appropriate method category for comparing the spread of two quantitative variables is the Variance Test.

4. **From the candidate methods in the provided classification list, keep only those that satisfy the data type, sample size and assumptions. Evaluate each method individually and state whether it is included or excluded:**
   - Mood Variance Test: This test is used to compare the variances of two samples. It is applicable here.
   - Levene Test: This test is also used to compare the variances of two samples. It is applicable here.
   - Bartlett Test: This test is used to compare the variances of two or more samples. It is applicable here.
   - F-Test for Variance: This test is used to compare the variances of two samples. It is applicable here.

5. **Output the final answer in JSON format:**

```json
{
  ""columns"": [""studytime"", ""health""],
  ""methods"": [""Mood Variance Test"", ""Levene Test"", ""Bartlett Test"", ""F-Test for Variance""]
}
```"
3,Distribution Compliance Test,Is there evidence to suggest that the variable Age does not follow a normal distribution?,Anderson-Darling Test|Kolmogorov-Smirnov Test for Normality|Lilliefors Test,Anderson-Darling Test|Shapiro-Wilk Test of Normality|Kolmogorov-Smirnov Test for Normality|Lilliefors Test,fully_labeled,Anderson-Darling Test=include|Shapiro-Wilk Test of Normality=include|Kolmogorov-Smirnov Test for Normality=include|Kolmogorov-Smirnov Test=include|Lilliefors Test=include|Kolmogorov-Smirnov Test for Uniform distribution=exclude|Kolmogorov-Smirnov Test for Gamma distribution=exclude|Kolmogorov-Smirnov Test for Exponential distribution=exclude,,,"1. **Identify the variables involved:**
   - The variable of interest is ""Age"", which is quantitative.

2. **Determine the statistical task type:**
   - The task is to test whether the variable ""Age"" does not follow a normal distribution. This falls under the category of Distribution Compliance Test.

3. **Select the appropriate method category:**
   - The appropriate method category is Distribution Compliance Test.

4. **From the candidate methods in the provided classification list, keep only those that satisfy the data type, sample size, and assumptions. Evaluate each method individually and state whether it is included or excluded:**
   - **Anderson-Darling Test:** This test is suitable for quantitative data and can be used to test for normality. It is included.
   - **Shapiro-Wilk Test of Normality:** This test is suitable for quantitative data and is commonly used to test for normality, especially for smaller sample sizes. It is included.
   - **Kolmogorov-Smirnov Test for Normality:** This test is suitable for quantitative data and can be used to test for normality. It is included.
   - **Lilliefors Test:** This test is suitable for quantitative data and is used to test for normality when the parameters of the normal distribution are unknown. It is included.
   - **Kolmogorov-Smirnov Test for Uniform distribution, Kolmogorov-Smirnov Test for Gamma distribution, Kolmogorov-Smirnov Test for Exponential distribution:** These tests are not relevant for testing normality, so they are excluded.

5. **Output the final answer in JSON format:**
```json
{
  ""columns"": [""Age""],
  ""methods"": [""Anderson-Darling Test"", ""Shapiro-Wilk Test of Normality"", ""Kolmogorov-Smirnov Test for Normality"", ""Lilliefors Test""]
}
```"
22,Variance Test,Is there a significant difference in the variances of annual crop production between the Philippines and Bangladesh?,Mood Variance Test|Levene Test|Bartlett Test|F-Test for Variance,Mood Variance Test|Levene Test|Bartlett Test|F-Test for Variance,partially_labeled,Bartlett Test=include,,,"Let's follow the plan step by step to solve the problem.

1. **Identify the variables involved:**
   - The variables involved are the annual crop production data for the Philippines and Bangladesh.

2. **Determine the statistical task type:**
   - The task is to determine if there is a significant difference in the variances of annual crop production between the Philippines and Bangladesh. This falls under the category of variance testing.

3. **Select the appropriate method category:**
   - The appropriate method category for variance testing is ""Variance Test"".

4. **From the candidate methods in the provided classification list, keep only those that satisfy the data type, sample size and assumptions. Evaluate each method individually and state whether it is included or excluded:**
   - The data type for both the Philippines and Bangladesh is quantitative.
   - The number of rows for both countries is 4.
   - The methods available for variance testing are: Mood Variance Test, Levene Test, Bartlett Test, F-Test for Variance.
   - All these methods can be used to compare the variances of two groups, and they do not have strict normality assumptions for small sample sizes (though normality is preferred for some methods like Bartlett Test).

5. **Output the final answer in JSON format:**
   - The relevant columns are ""Philippines"" and ""Bangladesh"".
   - The applicable methods are Mood Variance Test, Levene Test, Bartlett Test, and F-Test for Variance.

```json
{
  ""columns"": [""Philippines"", ""Bangladesh""],
  ""methods"": [""Mood Variance Test"", ""Levene Test"", ""Bartlett Test"", ""F-Test for Variance""]
}
```"
188,Contingency Table Test,Is there evidence in the data to indicate a relationship between the experience of peer pressure related to smoking and the presence of chronic disease?,Chi-square Independence Test|Fisher Exact Test,Chi-square Independence Test,partially_labeled,Chi-square Independence Test=include|Fisher Exact Test=include,,,"Let's follow the plan step by step:

1. **Identify the variables involved:**
   - PEER_PRESSURE (categorical)
   - CHRONIC DISEASE (categorical)

2. **Determine the statistical task type:**
   - The task is to determine if there is a relationship between two categorical variables. This suggests a contingency table test.

3. **Select the appropriate method category:**
   - Contingency Table Test

4. **From the candidate methods in the provided classification list, keep only those that satisfy the data type, sample size, and assumptions. Evaluate each method individually and state whether it is included or excluded:**
   - Chi-square Independence Test: This test is suitable for categorical data and can be used to determine if there is a significant association between two categorical variables. It does not require normality and can be applied to the given sample size.
   - Fisher Exact Test: This test is also suitable for categorical data and is used for small sample sizes or when expected cell counts are low. However, given the sample size of 309, the Chi-square test is more appropriate.
   - Mantel-Haenszel Test: This test is used to assess the association between two variables in the presence of a confounding variable. Since no confounding variable is mentioned, this test is not applicable here.

5. **Output the final answer in JSON format:**

```json
{
  ""columns"": [""PEER_PRESSURE"", ""CHRONIC DISEASE""],
  ""methods"": [""Chi-square Independence Test""]
}
```"
79,Distribution Compliance Test,Do the distributions of the number of teenagers in the customer's household and the number of purchases made directly in stores exhibit a close alignment?,Kolmogorov-Smirnov Test,Pearson Correlation Coefficient|Spearman Correlation Coefficient|Kendall Correlation Coefficient,partially_labeled,Spearman Correlation Coefficient=include|Kendall Correlation Coefficient=include,,,"1. **Identify the variables involved:**
   - The number of teenagers in the customer's household (Teenhome)
   - The number of purchases made directly in stores (NumStorePurchases)

2. **Determine the statistical task type:**
   - The question asks about the alignment or similarity of the distributions of two quantitative variables. This suggests a comparison of distributions or a test for correlation.

3. **Select the appropriate method category:**
   - Given the nature of the question, we should consider methods that can assess the relationship or similarity between two quantitative variables. This includes correlation analysis and possibly distribution compliance tests if we want to check the normality of each variable first.

4. **From the candidate methods in the provided classification list, keep only those that satisfy the data type, sample size, and assumptions:**
   - **Correlation Analysis:**
     - Pearson Correlation Coefficient: This method assumes that both variables are normally distributed. Since the normality of the data is not specified as true, we cannot assume normality. However, it is still a valid method to assess the linear relationship between two quantitative variables.
     - Spearman Correlation Coefficient: This method does not assume normality and can be used to assess the monotonic relationship between two quantitative variables.
     - Kendall Correlation Coefficient: This method also does not assume normality and can be used to assess the ordinal relationship between two quantitative variables.
     - Partial Correlation Coefficient: This method is used to assess the relationship between two quantitative variables while controlling for the effect of one or more additional variables. It is not directly applicable here as no additional variables are mentioned.
   - **Distribution Compliance Test:**
     - These tests are used to check if a single variable follows a specific distribution. Since the question is about the relationship between two variables, these tests are not directly applicable here.

5. **Final Answer (JSON):**
```json
{
  ""columns"": [""Teenhome"", ""NumStorePurchases""],
  ""methods"": [""Pearson Correlation Coefficient"", ""Spearman Correlation Coefficient"", ""Kendall Correlation Coefficient""]
}
```"
207,Variance Test,Do Heart Rate and BMI exhibit similar levels of variability in the data?,Mood Variance Test|Levene Test,Mood Variance Test|Levene Test,partially_labeled,Mood Variance Test=include|Levene Test=include,,,"Let's follow the plan step by step to solve the problem.

1. **Identify the variables involved:**
   - The variables involved are Heart Rate and BMI, both of which are quantitative.

2. **Determine the statistical task type:**
   - The task is to compare the variability of two quantitative variables, Heart Rate and BMI. This falls under the category of Variance Test.

3. **Select the appropriate method category:**
   - From the provided classification list, the relevant category is ""Variance Test"".

4. **From the candidate methods in the provided classification list, keep only those that satisfy the data type, sample size and assumptions. Evaluate each method individually and state whether it is included or excluded:**
   - Mood Variance Test: This test can be used to compare the variances of two samples. It does not assume normality, which is suitable given that the data is not normal.
   - Levene Test: This test is also used to compare the variances of two samples and does not assume normality.
   - Bartlett Test: This test assumes that the data is normally distributed, which is not the case here.
   - F-Test for Variance: This test assumes that the data is normally distributed, which is not the case here.

   Therefore, the methods to be included are Mood Variance Test and Levene Test.

5. **Output the final answer in JSON format:**
```json
{
  ""columns"": [""Heart Rate"", ""BMI""],
  ""methods"": [""Mood Variance Test"", ""Levene Test""]
}
```"
