dataset,refined_question,relevant_column,task,difficulty,results,prompt,model_answer,ground_truth,extracted_answer,methods_comparison_result,columns_comparison_result,methods_score,columns_score,selection_overall,invalid_answer,column_error,statistical_confusion,applicability_error
Used Car Dataset,"How probable is it that the price of the car, measured in lakhs of currency units, is drawn from a normal distribution?","[{""column_header"": ""price(in lakhs)"", ""is_strata"": false, ""is_control"": false}]",Distribution Compliance Test,hard,"[{""method"": ""Anderson-Darling Test"", ""result"": ""{\""AD results\"": \""{\\\""stat\\\"": 593.06201, \\\""crit\\\"": 0.575}\""}"", ""conclusion"": ""Non-normally distributed""}, {""method"": ""Kolmogorov-Smirnov Test for Normality"", ""result"": ""{\""p value\"": 0.0}"", ""conclusion"": ""Non-normally distributed""}, {""method"": ""Lilliefors Test"", ""result"": ""{\""p value\"": 0.001}"", ""conclusion"": ""Non-normally distributed""}]","### Task Description: You need to select relevant columns and all applicable methods from provided list for the given statistical question.
### Instruction: You should only reply with one answer in JSON format containing two keys: 'columns' and 'methods'. The value of 'columns' is a list of columns' headers relevant to the given statistical question, and the value of 'methods' is a list containing all methods you think applicable. For example: {""columns"": [""c1"", ""c2"", ""...""], ""methods"": [""m1"", ""m2"", ""...""]}. If you think there is a strata or control variable involved, put its column header in the last item of the columns list. Ensure your methods selection is only limited to the classification list provided.
### Classification List: 
Correlation Analysis: Pearson Correlation Coefficient, Spearman Correlation Coefficient, Kendall Correlation Coefficient, Partial Correlation Coefficient;
Distribution Compliance Test: Anderson-Darling Test, Shapiro-Wilk Test of Normality, Kolmogorov-Smirnov Test for Normality, Lilliefors Test, Kolmogorov-Smirnov Test, Kolmogorov-Smirnov Test for Uniform distribution, Kolmogorov-Smirnov Test for Gamma distribution, Kolmogorov-Smirnov Test for Exponential distribution;
Contingency Table Test: Chi-square Independence Test, Fisher Exact Test, Mantel-Haenszel Test;
Descriptive Statistics: Mean, Median, Mode, Range, Quartile, Standard Deviation, Skewness, Kurtosis;
Variance Test: Mood Variance Test, Levene Test, Bartlett Test, F-Test for Variance.
### Column Information: 
column_header: Unnamed: 0; data_type: id; num_of_rows: 1553; is_normality: False.
column_header: car_name; data_type: other; num_of_rows: 1553; is_normality: False.
column_header: registration_year; data_type: other; num_of_rows: 1553; is_normality: False.
column_header: insurance_validity; data_type: categorical; num_of_rows: 1553; is_normality: False.
column_header: fuel_type; data_type: categorical; num_of_rows: 1553; is_normality: False.
column_header: seats; data_type: categorical; num_of_rows: 1553; is_normality: False.
column_header: kms_driven; data_type: quantitative; num_of_rows: 1553; is_normality: False.
column_header: ownsership; data_type: categorical; num_of_rows: 1553; is_normality: False.
column_header: transmission; data_type: categorical; num_of_rows: 1553; is_normality: False.
column_header: manufacturing_year; data_type: categorical; num_of_rows: 1553; is_normality: False.
column_header: mileage(kmpl); data_type: quantitative; num_of_rows: 1553; is_normality: False.
column_header: engine(cc); data_type: quantitative; num_of_rows: 1553; is_normality: False.
column_header: max_power(bhp); data_type: quantitative; num_of_rows: 1553; is_normality: False.
column_header: torque(Nm); data_type: quantitative; num_of_rows: 1553; is_normality: False.
column_header: price(in lakhs); data_type: quantitative; num_of_rows: 1553; is_normality: False.
### Statistical Question: How probable is it that the price of the car, measured in lakhs of currency units, is drawn from a normal distribution?
### Response: Let's work this out in a step-by-step way to be sure we have the right answer. The answer of relevant columns and applicable methods in JSON format and reason is:","### Response:
```json
{
  ""columns"": [""price(in lakhs)""],
  ""methods"": [""Shapiro-Wilk Test of Normality"", ""Anderson-Darling Test"", ""Kolmogorov-Smirnov Test for Normality"", ""Lilliefors Test""]
}
```

### Reason:
The statistical question is asking about the probability that the price of the car, measured in lakhs of currency units, is drawn from a normal distribution. Therefore, we need to focus on the 'price(in lakhs)' column, which is quantitative. The relevant methods for testing if a variable is normally distributed are the Shapiro-Wilk Test of Normality, Anderson-Darling Test, Kolmogorov-Smirnov Test for Normality, and Lilliefors Test. These methods are all part of the Distribution Compliance Test classification.","{""columns"": [""price(in lakhs)""], ""methods"": [""Anderson-Darling Test"", ""Kolmogorov-Smirnov Test for Normality"", ""Lilliefors Test""]}","{
  ""columns"": [""price(in lakhs)""],
  ""methods"": [""Shapiro-Wilk Test of Normality"", ""Anderson-Darling Test"", ""Kolmogorov-Smirnov Test for Normality"", ""Lilliefors Test""]
}","{""Correct"": 3, ""Wrong"": 1, ""Missed"": 0}","{""Correct"": 1, ""Wrong"": 0, ""Missed"": 0}",0,1,0,False,False,False,True
Income and Happiness Score Dataset,Is there uniformity in the variance between average income and overall happiness score?,"[{""column_header"": ""avg_income"", ""is_strata"": false, ""is_control"": false}, {""column_header"": ""happyScore"", ""is_strata"": false, ""is_control"": false}]",Variance Test,hard,"[{""method"": ""Mood Variance Test"", ""result"": ""{\""stat\"": 0.0, \""p value\"": 1.0}"", ""conclusion"": ""Variance not significantly difference between them""}, {""method"": ""Levene Test"", ""result"": ""{\""stat\"": 86.81442, \""p value\"": 0.0}"", ""conclusion"": ""Variance significantly difference between them""}]","### Task Description: You need to select relevant columns and all applicable methods from provided list for the given statistical question.
### Instruction: You should only reply with one answer in JSON format containing two keys: 'columns' and 'methods'. The value of 'columns' is a list of columns' headers relevant to the given statistical question, and the value of 'methods' is a list containing all methods you think applicable. For example: {""columns"": [""c1"", ""c2"", ""...""], ""methods"": [""m1"", ""m2"", ""...""]}. If you think there is a strata or control variable involved, put its column header in the last item of the columns list. Ensure your methods selection is only limited to the classification list provided.
### Classification List: 
Correlation Analysis: Pearson Correlation Coefficient, Spearman Correlation Coefficient, Kendall Correlation Coefficient, Partial Correlation Coefficient;
Distribution Compliance Test: Anderson-Darling Test, Shapiro-Wilk Test of Normality, Kolmogorov-Smirnov Test for Normality, Lilliefors Test, Kolmogorov-Smirnov Test, Kolmogorov-Smirnov Test for Uniform distribution, Kolmogorov-Smirnov Test for Gamma distribution, Kolmogorov-Smirnov Test for Exponential distribution;
Contingency Table Test: Chi-square Independence Test, Fisher Exact Test, Mantel-Haenszel Test;
Descriptive Statistics: Mean, Median, Mode, Range, Quartile, Standard Deviation, Skewness, Kurtosis;
Variance Test: Mood Variance Test, Levene Test, Bartlett Test, F-Test for Variance.
### Column Information: 
column_header: country; data_type: other; num_of_rows: 111; is_normality: False.
column_header: adjusted_satisfaction; data_type: quantitative; num_of_rows: 111; is_normality: True.
column_header: avg_satisfaction; data_type: quantitative; num_of_rows: 111; is_normality: True.
column_header: std_satisfaction; data_type: quantitative; num_of_rows: 111; is_normality: True.
column_header: avg_income; data_type: quantitative; num_of_rows: 111; is_normality: False.
column_header: median_income; data_type: quantitative; num_of_rows: 111; is_normality: False.
column_header: income_inequality; data_type: quantitative; num_of_rows: 111; is_normality: False.
column_header: region; data_type: categorical; num_of_rows: 111; is_normality: False.
column_header: happyScore; data_type: quantitative; num_of_rows: 111; is_normality: False.
column_header: GDP; data_type: quantitative; num_of_rows: 111; is_normality: False.
column_header: country.1; data_type: other; num_of_rows: 111; is_normality: False.
### Statistical Question: Is there uniformity in the variance between average income and overall happiness score?
### Response: Let's work this out in a step-by-step way to be sure we have the right answer. The answer of relevant columns and applicable methods in JSON format and reason is:","### Response:
Let's break down the statistical question and identify the relevant columns and methods:

1. **Statistical Question**: Is there uniformity in the variance between average income and overall happiness score?
2. **Relevant Columns**:
   - `avg_income`: This is the average income of the individuals or regions.
   - `happyScore`: This is the overall happiness score.
3. **Applicable Methods**:
   - **Variance Test**: Since the question is about uniformity in variance between two quantitative variables, we need to use a variance test. The methods available in the classification list for variance tests are:
     - Mood Variance Test
     - Levene Test
     - Bartlett Test
     - F-Test for Variance

Given the above analysis, the relevant columns are `avg_income` and `happyScore`. The applicable methods are the variance tests listed above.

### JSON Format Response:
```json
{
  ""columns"": [""avg_income"", ""happyScore""],
  ""methods"": [""Mood Variance Test"", ""Levene Test"", ""Bartlett Test"", ""F-Test for Variance""]
}
```","{""columns"": [""avg_income"", ""happyScore""], ""methods"": [""Mood Variance Test"", ""Levene Test""]}","{
  ""columns"": [""avg_income"", ""happyScore""],
  ""methods"": [""Mood Variance Test"", ""Levene Test"", ""Bartlett Test"", ""F-Test for Variance""]
}","{""Correct"": 2, ""Wrong"": 2, ""Missed"": 0}","{""Correct"": 2, ""Wrong"": 0, ""Missed"": 0}",0,1,0,False,False,False,True
Students Math-Reading-Writing Performance Dataset,How does the distribution of the students' math scores compare to a theoretical normal distribution?,"[{""column_header"": ""math score"", ""is_strata"": false, ""is_control"": false}]",Distribution Compliance Test,hard,"[{""method"": ""Anderson-Darling Test"", ""result"": ""{\""AD results\"": \""{\\\""stat\\\"": 0.65721, \\\""crit\\\"": 0.574}\""}"", ""conclusion"": ""Non-normally distributed""}, {""method"": ""Kolmogorov-Smirnov Test for Normality"", ""result"": ""{\""p value\"": 0.29427}"", ""conclusion"": ""Normally distributed""}, {""method"": ""Lilliefors Test"", ""result"": ""{\""p value\"": 0.03567}"", ""conclusion"": ""Non-normally distributed""}]","### Task Description: You need to select relevant columns and all applicable methods from provided list for the given statistical question.
### Instruction: You should only reply with one answer in JSON format containing two keys: 'columns' and 'methods'. The value of 'columns' is a list of columns' headers relevant to the given statistical question, and the value of 'methods' is a list containing all methods you think applicable. For example: {""columns"": [""c1"", ""c2"", ""...""], ""methods"": [""m1"", ""m2"", ""...""]}. If you think there is a strata or control variable involved, put its column header in the last item of the columns list. Ensure your methods selection is only limited to the classification list provided.
### Classification List: 
Correlation Analysis: Pearson Correlation Coefficient, Spearman Correlation Coefficient, Kendall Correlation Coefficient, Partial Correlation Coefficient;
Distribution Compliance Test: Anderson-Darling Test, Shapiro-Wilk Test of Normality, Kolmogorov-Smirnov Test for Normality, Lilliefors Test, Kolmogorov-Smirnov Test, Kolmogorov-Smirnov Test for Uniform distribution, Kolmogorov-Smirnov Test for Gamma distribution, Kolmogorov-Smirnov Test for Exponential distribution;
Contingency Table Test: Chi-square Independence Test, Fisher Exact Test, Mantel-Haenszel Test;
Descriptive Statistics: Mean, Median, Mode, Range, Quartile, Standard Deviation, Skewness, Kurtosis;
Variance Test: Mood Variance Test, Levene Test, Bartlett Test, F-Test for Variance.
### Column Information: 
column_header: gender; data_type: categorical; num_of_rows: 1000; is_normality: False.
column_header: race/ethnicity; data_type: categorical; num_of_rows: 1000; is_normality: False.
column_header: parental level of education; data_type: categorical; num_of_rows: 1000; is_normality: False.
column_header: lunch; data_type: categorical; num_of_rows: 1000; is_normality: False.
column_header: test preparation course; data_type: categorical; num_of_rows: 1000; is_normality: False.
column_header: math score; data_type: quantitative; num_of_rows: 1000; is_normality: True.
column_header: reading score; data_type: quantitative; num_of_rows: 1000; is_normality: False.
column_header: writing score; data_type: quantitative; num_of_rows: 1000; is_normality: False.
### Statistical Question: How does the distribution of the students' math scores compare to a theoretical normal distribution?
### Response: Let's work this out in a step-by-step way to be sure we have the right answer. The answer of relevant columns and applicable methods in JSON format and reason is:","### Response:
Let's break down the statistical question and identify the relevant columns and methods:

1. **Statistical Question**: How does the distribution of the students' math scores compare to a theoretical normal distribution?
2. **Relevant Columns**:
   - `math score`: This is the quantitative variable we are interested in comparing to a normal distribution.
3. **Applicable Methods**:
   - **Distribution Compliance Test**: We need to test if the distribution of `math score` is normal. The methods available for this are:
     - Anderson-Darling Test
     - Shapiro-Wilk Test of Normality
     - Kolmogorov-Smirnov Test for Normality
     - Lilliefors Test

Based on the above analysis, the relevant columns and applicable methods are:

```json
{
  ""columns"": [""math score""],
  ""methods"": [""Anderson-Darling Test"", ""Shapiro-Wilk Test of Normality"", ""Kolmogorov-Smirnov Test for Normality"", ""Lilliefors Test""]
}
```","{""columns"": [""math score""], ""methods"": [""Anderson-Darling Test"", ""Kolmogorov-Smirnov Test for Normality"", ""Lilliefors Test""]}","{
  ""columns"": [""math score""],
  ""methods"": [""Anderson-Darling Test"", ""Shapiro-Wilk Test of Normality"", ""Kolmogorov-Smirnov Test for Normality"", ""Lilliefors Test""]
}","{""Correct"": 3, ""Wrong"": 1, ""Missed"": 0}","{""Correct"": 1, ""Wrong"": 0, ""Missed"": 0}",0,1,0,False,False,False,True
Dataset for Admission in the University,Could I assume that the distribution of scores for Letter of Recommendation (LOR) follows a normal distribution for the purpose of conducting statistical procedures?,"[{""column_header"": ""LOR "", ""is_strata"": false, ""is_control"": false}]",Distribution Compliance Test,hard,"[{""method"": ""Anderson-Darling Test"", ""result"": ""{\""AD results\"": \""{\\\""stat\\\"": 5.94161, \\\""crit\\\"": 0.57}\""}"", ""conclusion"": ""Non-normally distributed""}, {""method"": ""Kolmogorov-Smirnov Test for Normality"", ""result"": ""{\""p value\"": 1e-05}"", ""conclusion"": ""Non-normally distributed""}, {""method"": ""Lilliefors Test"", ""result"": ""{\""p value\"": 0.001}"", ""conclusion"": ""Non-normally distributed""}]","### Task Description: You need to select relevant columns and all applicable methods from provided list for the given statistical question.
### Instruction: You should only reply with one answer in JSON format containing two keys: 'columns' and 'methods'. The value of 'columns' is a list of columns' headers relevant to the given statistical question, and the value of 'methods' is a list containing all methods you think applicable. For example: {""columns"": [""c1"", ""c2"", ""...""], ""methods"": [""m1"", ""m2"", ""...""]}. If you think there is a strata or control variable involved, put its column header in the last item of the columns list. Ensure your methods selection is only limited to the classification list provided.
### Classification List: 
Correlation Analysis: Pearson Correlation Coefficient, Spearman Correlation Coefficient, Kendall Correlation Coefficient, Partial Correlation Coefficient;
Distribution Compliance Test: Anderson-Darling Test, Shapiro-Wilk Test of Normality, Kolmogorov-Smirnov Test for Normality, Lilliefors Test, Kolmogorov-Smirnov Test, Kolmogorov-Smirnov Test for Uniform distribution, Kolmogorov-Smirnov Test for Gamma distribution, Kolmogorov-Smirnov Test for Exponential distribution;
Contingency Table Test: Chi-square Independence Test, Fisher Exact Test, Mantel-Haenszel Test;
Descriptive Statistics: Mean, Median, Mode, Range, Quartile, Standard Deviation, Skewness, Kurtosis;
Variance Test: Mood Variance Test, Levene Test, Bartlett Test, F-Test for Variance.
### Column Information: 
column_header: Serial No.; data_type: id; num_of_rows: 400; is_normality: False.
column_header: GRE Score; data_type: quantitative; num_of_rows: 400; is_normality: False.
column_header: TOEFL Score; data_type: quantitative; num_of_rows: 400; is_normality: False.
column_header: University Rating; data_type: categorical; num_of_rows: 400; is_normality: False.
column_header: SOP; data_type: quantitative; num_of_rows: 400; is_normality: False.
column_header: LOR ; data_type: quantitative; num_of_rows: 400; is_normality: False.
column_header: CGPA; data_type: quantitative; num_of_rows: 400; is_normality: True.
column_header: Research; data_type: categorical; num_of_rows: 400; is_normality: False.
column_header: Chance of Admit ; data_type: quantitative; num_of_rows: 400; is_normality: False.
### Statistical Question: Could I assume that the distribution of scores for Letter of Recommendation (LOR) follows a normal distribution for the purpose of conducting statistical procedures?
### Response: Let's work this out in a step-by-step way to be sure we have the right answer. The answer of relevant columns and applicable methods in JSON format and reason is:","### Response:
Let's break down the problem step-by-step:

1. **Statistical Question**: The question is about the distribution of scores for the Letter of Recommendation (LOR) and whether it follows a normal distribution.
2. **Relevant Columns**: The column of interest is ""LOR"" since the question is specifically about the distribution of scores for LOR.
3. **Applicable Methods**: To test if the distribution of LOR scores follows a normal distribution, we can use the following methods from the provided list:
   - **Anderson-Darling Test**
   - **Shapiro-Wilk Test of Normality**
   - **Kolmogorov-Smirnov Test for Normality**
   - **Lilliefors Test**

Based on the above reasoning, the relevant columns and applicable methods are:

```json
{
  ""columns"": [""LOR""],
  ""methods"": [""Anderson-Darling Test"", ""Shapiro-Wilk Test of Normality"", ""Kolmogorov-Smirnov Test for Normality"", ""Lilliefors Test""]
}
```","{""columns"": [""LOR ""], ""methods"": [""Anderson-Darling Test"", ""Kolmogorov-Smirnov Test for Normality"", ""Lilliefors Test""]}","{
  ""columns"": [""LOR""],
  ""methods"": [""Anderson-Darling Test"", ""Shapiro-Wilk Test of Normality"", ""Kolmogorov-Smirnov Test for Normality"", ""Lilliefors Test""]
}","{""Correct"": 3, ""Wrong"": 1, ""Missed"": 0}","{""Correct"": 1, ""Wrong"": 0, ""Missed"": 0}",0,1,0,False,False,False,True
Fruits and Vegetables Prices Dataset,Is the distribution of retail prices in Los Angeles sufficiently close to a normal distribution for practical purposes?,"[{""column_header"": ""losangelesretail"", ""is_strata"": false, ""is_control"": false}]",Distribution Compliance Test,hard,"[{""method"": ""Anderson-Darling Test"", ""result"": ""{\""AD results\"": \""{\\\""stat\\\"": 509.68271, \\\""crit\\\"": 0.576}\""}"", ""conclusion"": ""Non-normally distributed""}, {""method"": ""Kolmogorov-Smirnov Test for Normality"", ""result"": ""{\""p value\"": 0.0}"", ""conclusion"": ""Non-normally distributed""}, {""method"": ""Lilliefors Test"", ""result"": ""{\""p value\"": 0.001}"", ""conclusion"": ""Non-normally distributed""}]","### Task Description: You need to select relevant columns and all applicable methods from provided list for the given statistical question.
### Instruction: You should only reply with one answer in JSON format containing two keys: 'columns' and 'methods'. The value of 'columns' is a list of columns' headers relevant to the given statistical question, and the value of 'methods' is a list containing all methods you think applicable. For example: {""columns"": [""c1"", ""c2"", ""...""], ""methods"": [""m1"", ""m2"", ""...""]}. If you think there is a strata or control variable involved, put its column header in the last item of the columns list. Ensure your methods selection is only limited to the classification list provided.
### Classification List: 
Correlation Analysis: Pearson Correlation Coefficient, Spearman Correlation Coefficient, Kendall Correlation Coefficient, Partial Correlation Coefficient;
Distribution Compliance Test: Anderson-Darling Test, Shapiro-Wilk Test of Normality, Kolmogorov-Smirnov Test for Normality, Lilliefors Test, Kolmogorov-Smirnov Test, Kolmogorov-Smirnov Test for Uniform distribution, Kolmogorov-Smirnov Test for Gamma distribution, Kolmogorov-Smirnov Test for Exponential distribution;
Contingency Table Test: Chi-square Independence Test, Fisher Exact Test, Mantel-Haenszel Test;
Descriptive Statistics: Mean, Median, Mode, Range, Quartile, Standard Deviation, Skewness, Kurtosis;
Variance Test: Mood Variance Test, Levene Test, Bartlett Test, F-Test for Variance.
### Column Information: 
column_header: productname; data_type: other; num_of_rows: 15766; is_normality: False.
column_header: date; data_type: other; num_of_rows: 15766; is_normality: False.
column_header: farmprice; data_type: quantitative; num_of_rows: 15766; is_normality: False.
column_header: atlantaretail; data_type: quantitative; num_of_rows: 15766; is_normality: False.
column_header: chicagoretail; data_type: quantitative; num_of_rows: 15766; is_normality: False.
column_header: losangelesretail; data_type: quantitative; num_of_rows: 15766; is_normality: False.
column_header: newyorkretail; data_type: quantitative; num_of_rows: 15766; is_normality: False.
column_header: averagespread; data_type: quantitative; num_of_rows: 15766; is_normality: False.
### Statistical Question: Is the distribution of retail prices in Los Angeles sufficiently close to a normal distribution for practical purposes?
### Response: Let's work this out in a step-by-step way to be sure we have the right answer. The answer of relevant columns and applicable methods in JSON format and reason is:","### Response:
Let's break down the statistical question and determine the appropriate columns and methods.

**Statistical Question:** Is the distribution of retail prices in Los Angeles sufficiently close to a normal distribution for practical purposes?

1. **Relevant Columns:**
   - The question specifically mentions the retail prices in Los Angeles, so the relevant column is `losangelesretail`.

2. **Applicable Methods:**
   - To test if the distribution of retail prices in Los Angeles is close to a normal distribution, we can use distribution compliance tests that check for normality. The relevant methods from the provided list are:
     - Shapiro-Wilk Test of Normality
     - Anderson-Darling Test
     - Kolmogorov-Smirnov Test for Normality
     - Lilliefors Test

Based on the above reasoning, the answer in JSON format is:

```json
{
  ""columns"": [""losangelesretail""],
  ""methods"": [""Shapiro-Wilk Test of Normality"", ""Anderson-Darling Test"", ""Kolmogorov-Smirnov Test for Normality"", ""Lilliefors Test""]
}
```","{""columns"": [""losangelesretail""], ""methods"": [""Anderson-Darling Test"", ""Kolmogorov-Smirnov Test for Normality"", ""Lilliefors Test""]}","{
  ""columns"": [""losangelesretail""],
  ""methods"": [""Shapiro-Wilk Test of Normality"", ""Anderson-Darling Test"", ""Kolmogorov-Smirnov Test for Normality"", ""Lilliefors Test""]
}","{""Correct"": 3, ""Wrong"": 1, ""Missed"": 0}","{""Correct"": 1, ""Wrong"": 0, ""Missed"": 0}",0,1,0,False,False,False,True
2023 Netflix Engagement Dataset,Is there a statistically significant similarity in the dispersions between the count of ratings received by the title and the average rating of the title?,"[{""column_header"": ""Number of Ratings"", ""is_strata"": false, ""is_control"": false}, {""column_header"": ""Rating"", ""is_strata"": false, ""is_control"": false}]",Variance Test,hard,"[{""method"": ""Mood Variance Test"", ""result"": ""{\""stat\"": 1.94733, \""p value\"": 0.0515}"", ""conclusion"": ""Variance not significantly difference between them""}, {""method"": ""Levene Test"", ""result"": ""{\""stat\"": 990.30471, \""p value\"": 0.0}"", ""conclusion"": ""Variance significantly difference between them""}]","### Task Description: You need to select relevant columns and all applicable methods from provided list for the given statistical question.
### Instruction: You should only reply with one answer in JSON format containing two keys: 'columns' and 'methods'. The value of 'columns' is a list of columns' headers relevant to the given statistical question, and the value of 'methods' is a list containing all methods you think applicable. For example: {""columns"": [""c1"", ""c2"", ""...""], ""methods"": [""m1"", ""m2"", ""...""]}. If you think there is a strata or control variable involved, put its column header in the last item of the columns list. Ensure your methods selection is only limited to the classification list provided.
### Classification List: 
Correlation Analysis: Pearson Correlation Coefficient, Spearman Correlation Coefficient, Kendall Correlation Coefficient, Partial Correlation Coefficient;
Distribution Compliance Test: Anderson-Darling Test, Shapiro-Wilk Test of Normality, Kolmogorov-Smirnov Test for Normality, Lilliefors Test, Kolmogorov-Smirnov Test, Kolmogorov-Smirnov Test for Uniform distribution, Kolmogorov-Smirnov Test for Gamma distribution, Kolmogorov-Smirnov Test for Exponential distribution;
Contingency Table Test: Chi-square Independence Test, Fisher Exact Test, Mantel-Haenszel Test;
Descriptive Statistics: Mean, Median, Mode, Range, Quartile, Standard Deviation, Skewness, Kurtosis;
Variance Test: Mood Variance Test, Levene Test, Bartlett Test, F-Test for Variance.
### Column Information: 
column_header: Title; data_type: other; num_of_rows: 16677; is_normality: False.
column_header: Available Globally?; data_type: categorical; num_of_rows: 16677; is_normality: False.
column_header: Release Date; data_type: other; num_of_rows: 16677; is_normality: False.
column_header: Hours Viewed; data_type: quantitative; num_of_rows: 16677; is_normality: False.
column_header: Number of Ratings; data_type: quantitative; num_of_rows: 16677; is_normality: False.
column_header: Rating; data_type: quantitative; num_of_rows: 16677; is_normality: False.
column_header: Genre; data_type: other; num_of_rows: 16677; is_normality: False.
column_header: Key Words; data_type: other; num_of_rows: 16677; is_normality: False.
column_header: Description; data_type: other; num_of_rows: 16677; is_normality: False.
### Statistical Question: Is there a statistically significant similarity in the dispersions between the count of ratings received by the title and the average rating of the title?
### Response: Let's work this out in a step-by-step way to be sure we have the right answer. The answer of relevant columns and applicable methods in JSON format and reason is:","### Step-by-Step Analysis:

1. **Statistical Question**: The question asks about the similarity in dispersions (variances) between the count of ratings received by a title and the average rating of the title.
2. **Relevant Columns**:
   - `Number of Ratings`: This column represents the count of ratings received by each title.
   - `Rating`: This column represents the average rating of each title.
3. **Applicable Methods**:
   - **Variance Test**: Since the question is about comparing the dispersions (variances) between two quantitative variables, the appropriate method would be a variance test. The options available in the classification list are Mood Variance Test, Levene Test, Bartlett Test, and F-Test for Variance.

### Response:

```json
{
  ""columns"": [""Number of Ratings"", ""Rating""],
  ""methods"": [""Mood Variance Test"", ""Levene Test"", ""Bartlett Test"", ""F-Test for Variance""]
}
```","{""columns"": [""Number of Ratings"", ""Rating""], ""methods"": [""Mood Variance Test"", ""Levene Test""]}","{
  ""columns"": [""Number of Ratings"", ""Rating""],
  ""methods"": [""Mood Variance Test"", ""Levene Test"", ""Bartlett Test"", ""F-Test for Variance""]
}","{""Correct"": 2, ""Wrong"": 2, ""Missed"": 0}","{""Correct"": 2, ""Wrong"": 0, ""Missed"": 0}",0,1,0,False,False,False,True
Income and Happiness Score Dataset,What are the implications of non-normal distribution for the variable representing adjusted self-reported happiness scores?,"[{""column_header"": ""adjusted_satisfaction"", ""is_strata"": false, ""is_control"": false}]",Distribution Compliance Test,hard,"[{""method"": ""Anderson-Darling Test"", ""result"": ""{\""AD results\"": \""{\\\""stat\\\"": 0.28015, \\\""crit\\\"": 0.557}\""}"", ""conclusion"": ""Normally distributed""}, {""method"": ""Kolmogorov-Smirnov Test for Normality"", ""result"": ""{\""p value\"": 0.86937}"", ""conclusion"": ""Normally distributed""}, {""method"": ""Lilliefors Test"", ""result"": ""{\""p value\"": 0.5926}"", ""conclusion"": ""Normally distributed""}]","### Task Description: You need to select relevant columns and all applicable methods from provided list for the given statistical question.
### Instruction: You should only reply with one answer in JSON format containing two keys: 'columns' and 'methods'. The value of 'columns' is a list of columns' headers relevant to the given statistical question, and the value of 'methods' is a list containing all methods you think applicable. For example: {""columns"": [""c1"", ""c2"", ""...""], ""methods"": [""m1"", ""m2"", ""...""]}. If you think there is a strata or control variable involved, put its column header in the last item of the columns list. Ensure your methods selection is only limited to the classification list provided.
### Classification List: 
Correlation Analysis: Pearson Correlation Coefficient, Spearman Correlation Coefficient, Kendall Correlation Coefficient, Partial Correlation Coefficient;
Distribution Compliance Test: Anderson-Darling Test, Shapiro-Wilk Test of Normality, Kolmogorov-Smirnov Test for Normality, Lilliefors Test, Kolmogorov-Smirnov Test, Kolmogorov-Smirnov Test for Uniform distribution, Kolmogorov-Smirnov Test for Gamma distribution, Kolmogorov-Smirnov Test for Exponential distribution;
Contingency Table Test: Chi-square Independence Test, Fisher Exact Test, Mantel-Haenszel Test;
Descriptive Statistics: Mean, Median, Mode, Range, Quartile, Standard Deviation, Skewness, Kurtosis;
Variance Test: Mood Variance Test, Levene Test, Bartlett Test, F-Test for Variance.
### Column Information: 
column_header: country; data_type: other; num_of_rows: 111; is_normality: False.
column_header: adjusted_satisfaction; data_type: quantitative; num_of_rows: 111; is_normality: True.
column_header: avg_satisfaction; data_type: quantitative; num_of_rows: 111; is_normality: True.
column_header: std_satisfaction; data_type: quantitative; num_of_rows: 111; is_normality: True.
column_header: avg_income; data_type: quantitative; num_of_rows: 111; is_normality: False.
column_header: median_income; data_type: quantitative; num_of_rows: 111; is_normality: False.
column_header: income_inequality; data_type: quantitative; num_of_rows: 111; is_normality: False.
column_header: region; data_type: categorical; num_of_rows: 111; is_normality: False.
column_header: happyScore; data_type: quantitative; num_of_rows: 111; is_normality: False.
column_header: GDP; data_type: quantitative; num_of_rows: 111; is_normality: False.
column_header: country.1; data_type: other; num_of_rows: 111; is_normality: False.
### Statistical Question: What are the implications of non-normal distribution for the variable representing adjusted self-reported happiness scores?
### Response: Let's work this out in a step-by-step way to be sure we have the right answer. The answer of relevant columns and applicable methods in JSON format and reason is:","### Step-by-Step Analysis:

1. **Identify the Variable of Interest:**
   - The variable representing adjusted self-reported happiness scores is `adjusted_satisfaction`.

2. **Determine Relevant Columns:**
   - Since we are focusing on the implications of non-normal distribution for `adjusted_satisfaction`, we need to include this column.
   - We should also consider if there are any strata or control variables that might influence the analysis. Given the context, `region` could be a potential control variable.

3. **Select Applicable Methods:**
   - Since the distribution of `adjusted_satisfaction` is non-normal, we need methods that can handle non-normal distributions.
   - We can use descriptive statistics to understand the distribution better.
   - We can also use distribution compliance tests to further investigate the nature of the distribution.

### Relevant Columns and Methods:

- **Columns:**
  - `adjusted_satisfaction`
  - `region` (as a potential control variable)

- **Methods:**
  - Descriptive Statistics (Mean, Median, Mode, Range, Quartile, Standard Deviation, Skewness, Kurtosis)
  - Distribution Compliance Tests (Anderson-Darling Test, Shapiro-Wilk Test of Normality, Kolmogorov-Smirnov Test for Normality, Lilliefors Test)

### JSON Response:

```json
{
  ""columns"": [""adjusted_satisfaction"", ""region""],
  ""methods"": [""Mean"", ""Median"", ""Mode"", ""Range"", ""Quartile"", ""Standard Deviation"", ""Skewness"", ""Kurtosis"", ""Anderson-Darling Test"", ""Shapiro-Wilk Test of Normality"", ""Kolmogorov-Smirnov Test for Normality"", ""Lilliefors Test""]
}
```","{""columns"": [""adjusted_satisfaction""], ""methods"": [""Anderson-Darling Test"", ""Kolmogorov-Smirnov Test for Normality"", ""Lilliefors Test""]}","{
  ""columns"": [""adjusted_satisfaction"", ""region""],
  ""methods"": [""Mean"", ""Median"", ""Mode"", ""Range"", ""Quartile"", ""Standard Deviation"", ""Skewness"", ""Kurtosis"", ""Anderson-Darling Test"", ""Shapiro-Wilk Test of Normality"", ""Kolmogorov-Smirnov Test for Normality"", ""Lilliefors Test""]
}","{""Correct"": 3, ""Wrong"": 9, ""Missed"": 0}","{""Correct"": 1, ""Wrong"": 1, ""Missed"": 0}",0,0,0,False,True,False,True
Student Performance Prediction Dataset,Can we assume that there are no major differences in the variances of study time and health status?,"[{""column_header"": ""studytime"", ""is_strata"": false, ""is_control"": false}, {""column_header"": ""health"", ""is_strata"": false, ""is_control"": false}]",Variance Test,hard,"[{""method"": ""Mood Variance Test"", ""result"": ""{\""stat\"": -9.73165, \""p value\"": 0.0}"", ""conclusion"": ""Variance significantly difference between them""}, {""method"": ""Levene Test"", ""result"": ""{\""stat\"": 238.33166, \""p value\"": 0.0}"", ""conclusion"": ""Variance significantly difference between them""}]","### Task Description: You need to select relevant columns and all applicable methods from provided list for the given statistical question.
### Instruction: You should only reply with one answer in JSON format containing two keys: 'columns' and 'methods'. The value of 'columns' is a list of columns' headers relevant to the given statistical question, and the value of 'methods' is a list containing all methods you think applicable. For example: {""columns"": [""c1"", ""c2"", ""...""], ""methods"": [""m1"", ""m2"", ""...""]}. If you think there is a strata or control variable involved, put its column header in the last item of the columns list. Ensure your methods selection is only limited to the classification list provided.
### Classification List: 
Correlation Analysis: Pearson Correlation Coefficient, Spearman Correlation Coefficient, Kendall Correlation Coefficient, Partial Correlation Coefficient;
Distribution Compliance Test: Anderson-Darling Test, Shapiro-Wilk Test of Normality, Kolmogorov-Smirnov Test for Normality, Lilliefors Test, Kolmogorov-Smirnov Test, Kolmogorov-Smirnov Test for Uniform distribution, Kolmogorov-Smirnov Test for Gamma distribution, Kolmogorov-Smirnov Test for Exponential distribution;
Contingency Table Test: Chi-square Independence Test, Fisher Exact Test, Mantel-Haenszel Test;
Descriptive Statistics: Mean, Median, Mode, Range, Quartile, Standard Deviation, Skewness, Kurtosis;
Variance Test: Mood Variance Test, Levene Test, Bartlett Test, F-Test for Variance.
### Column Information: 
column_header: Unnamed: 0; data_type: id; num_of_rows: 649; is_normality: False.
column_header: school; data_type: categorical; num_of_rows: 649; is_normality: False.
column_header: sex; data_type: categorical; num_of_rows: 649; is_normality: False.
column_header: age; data_type: quantitative; num_of_rows: 649; is_normality: False.
column_header: address; data_type: categorical; num_of_rows: 649; is_normality: False.
column_header: famsize; data_type: categorical; num_of_rows: 649; is_normality: False.
column_header: Pstatus; data_type: categorical; num_of_rows: 649; is_normality: False.
column_header: Medu; data_type: quantitative; num_of_rows: 649; is_normality: False.
column_header: Fedu; data_type: quantitative; num_of_rows: 649; is_normality: False.
column_header: Mjob; data_type: categorical; num_of_rows: 649; is_normality: False.
column_header: Fjob; data_type: categorical; num_of_rows: 649; is_normality: False.
column_header: reason; data_type: categorical; num_of_rows: 649; is_normality: False.
column_header: guardian; data_type: categorical; num_of_rows: 649; is_normality: False.
column_header: traveltime; data_type: quantitative; num_of_rows: 649; is_normality: False.
column_header: studytime; data_type: quantitative; num_of_rows: 649; is_normality: False.
column_header: failures; data_type: quantitative; num_of_rows: 649; is_normality: False.
column_header: schoolsup; data_type: categorical; num_of_rows: 649; is_normality: False.
column_header: famsup; data_type: categorical; num_of_rows: 649; is_normality: False.
column_header: paid; data_type: categorical; num_of_rows: 649; is_normality: False.
column_header: activities; data_type: categorical; num_of_rows: 649; is_normality: False.
column_header: nursery; data_type: categorical; num_of_rows: 649; is_normality: False.
column_header: higher; data_type: categorical; num_of_rows: 649; is_normality: False.
column_header: internet; data_type: categorical; num_of_rows: 649; is_normality: False.
column_header: romantic; data_type: categorical; num_of_rows: 649; is_normality: False.
column_header: famrel; data_type: quantitative; num_of_rows: 649; is_normality: False.
column_header: freetime; data_type: quantitative; num_of_rows: 649; is_normality: False.
column_header: goout; data_type: quantitative; num_of_rows: 649; is_normality: False.
column_header: Dalc; data_type: quantitative; num_of_rows: 649; is_normality: False.
column_header: Walc; data_type: quantitative; num_of_rows: 649; is_normality: False.
column_header: health; data_type: quantitative; num_of_rows: 649; is_normality: False.
column_header: absences; data_type: quantitative; num_of_rows: 649; is_normality: False.
column_header: G1; data_type: quantitative; num_of_rows: 649; is_normality: False.
column_header: G2; data_type: quantitative; num_of_rows: 649; is_normality: False.
column_header: G3; data_type: quantitative; num_of_rows: 649; is_normality: False.
### Statistical Question: Can we assume that there are no major differences in the variances of study time and health status?
### Response: Let's work this out in a step-by-step way to be sure we have the right answer. The answer of relevant columns and applicable methods in JSON format and reason is:","### Response:
```json
{
  ""columns"": [""studytime"", ""health""],
  ""methods"": [""Levene Test"", ""Bartlett Test"", ""F-Test for Variance""]
}
```

### Reason:
- **Columns**: The statistical question is about comparing the variances of ""studytime"" and ""health"". Therefore, the relevant columns are ""studytime"" and ""health"".
- **Methods**: To test for differences in variances between two quantitative variables, we can use variance tests such as the Levene Test, Bartlett Test, and F-Test for Variance. These methods are suitable for assessing whether the variances of the two variables are significantly different.","{""columns"": [""studytime"", ""health""], ""methods"": [""Mood Variance Test"", ""Levene Test""]}","{
  ""columns"": [""studytime"", ""health""],
  ""methods"": [""Levene Test"", ""Bartlett Test"", ""F-Test for Variance""]
}","{""Correct"": 1, ""Wrong"": 2, ""Missed"": 1}","{""Correct"": 2, ""Wrong"": 0, ""Missed"": 0}",0,1,0,False,False,False,True
Customer Personality Analysis Dataset,Is there a significant difference in the distribution profiles of the amount spent on wine in the last 2 years and the revenue?,"[{""column_header"": ""MntWines"", ""is_strata"": false, ""is_control"": false}, {""column_header"": ""Z_Revenue"", ""is_strata"": false, ""is_control"": false}]",Distribution Compliance Test,easy,"[{""method"": ""Kolmogorov-Smirnov Test"", ""result"": ""{\""p value\"": 0.0}"", ""conclusion"": ""Distribution significantly different""}]","### Task Description: You need to select relevant columns and all applicable methods from provided list for the given statistical question.
### Instruction: You should only reply with one answer in JSON format containing two keys: 'columns' and 'methods'. The value of 'columns' is a list of columns' headers relevant to the given statistical question, and the value of 'methods' is a list containing all methods you think applicable. For example: {""columns"": [""c1"", ""c2"", ""...""], ""methods"": [""m1"", ""m2"", ""...""]}. If you think there is a strata or control variable involved, put its column header in the last item of the columns list. Ensure your methods selection is only limited to the classification list provided.
### Classification List: 
Correlation Analysis: Pearson Correlation Coefficient, Spearman Correlation Coefficient, Kendall Correlation Coefficient, Partial Correlation Coefficient;
Distribution Compliance Test: Anderson-Darling Test, Shapiro-Wilk Test of Normality, Kolmogorov-Smirnov Test for Normality, Lilliefors Test, Kolmogorov-Smirnov Test, Kolmogorov-Smirnov Test for Uniform distribution, Kolmogorov-Smirnov Test for Gamma distribution, Kolmogorov-Smirnov Test for Exponential distribution;
Contingency Table Test: Chi-square Independence Test, Fisher Exact Test, Mantel-Haenszel Test;
Descriptive Statistics: Mean, Median, Mode, Range, Quartile, Standard Deviation, Skewness, Kurtosis;
Variance Test: Mood Variance Test, Levene Test, Bartlett Test, F-Test for Variance.
### Column Information: 
column_header: ID; data_type: id; num_of_rows: 2240; is_normality: False.
column_header: Year_Birth; data_type: other; num_of_rows: 2240; is_normality: False.
column_header: Education; data_type: categorical; num_of_rows: 2240; is_normality: False.
column_header: Marital_Status; data_type: categorical; num_of_rows: 2240; is_normality: False.
column_header: Income; data_type: quantitative; num_of_rows: 2240; is_normality: False.
column_header: Kidhome; data_type: quantitative; num_of_rows: 2240; is_normality: False.
column_header: Teenhome; data_type: quantitative; num_of_rows: 2240; is_normality: False.
column_header: Dt_Customer; data_type: other; num_of_rows: 2240; is_normality: False.
column_header: Recency; data_type: quantitative; num_of_rows: 2240; is_normality: False.
column_header: MntWines; data_type: quantitative; num_of_rows: 2240; is_normality: False.
column_header: MntFruits; data_type: quantitative; num_of_rows: 2240; is_normality: False.
column_header: MntMeatProducts; data_type: quantitative; num_of_rows: 2240; is_normality: False.
column_header: MntFishProducts; data_type: quantitative; num_of_rows: 2240; is_normality: False.
column_header: MntSweetProducts; data_type: quantitative; num_of_rows: 2240; is_normality: False.
column_header: MntGoldProds; data_type: quantitative; num_of_rows: 2240; is_normality: False.
column_header: NumDealsPurchases; data_type: quantitative; num_of_rows: 2240; is_normality: False.
column_header: NumWebPurchases; data_type: quantitative; num_of_rows: 2240; is_normality: False.
column_header: NumCatalogPurchases; data_type: quantitative; num_of_rows: 2240; is_normality: False.
column_header: NumStorePurchases; data_type: quantitative; num_of_rows: 2240; is_normality: False.
column_header: NumWebVisitsMonth; data_type: quantitative; num_of_rows: 2240; is_normality: False.
column_header: AcceptedCmp3; data_type: categorical; num_of_rows: 2240; is_normality: False.
column_header: AcceptedCmp4; data_type: categorical; num_of_rows: 2240; is_normality: False.
column_header: AcceptedCmp5; data_type: categorical; num_of_rows: 2240; is_normality: False.
column_header: AcceptedCmp1; data_type: categorical; num_of_rows: 2240; is_normality: False.
column_header: AcceptedCmp2; data_type: categorical; num_of_rows: 2240; is_normality: False.
column_header: Complain; data_type: categorical; num_of_rows: 2240; is_normality: False.
column_header: Z_CostContact; data_type: quantitative; num_of_rows: 2240; is_normality: False.
column_header: Z_Revenue; data_type: quantitative; num_of_rows: 2240; is_normality: False.
column_header: Response; data_type: categorical; num_of_rows: 2240; is_normality: False.
### Statistical Question: Is there a significant difference in the distribution profiles of the amount spent on wine in the last 2 years and the revenue?
### Response: Let's work this out in a step-by-step way to be sure we have the right answer. The answer of relevant columns and applicable methods in JSON format and reason is:","### Response:
```json
{
  ""columns"": [""MntWines"", ""Z_Revenue""],
  ""methods"": [""Kolmogorov-Smirnov Test"", ""Anderson-Darling Test"", ""Shapiro-Wilk Test of Normality"", ""Lilliefors Test""]
}
```

### Reason:
- **Columns**: The statistical question is about comparing the distribution profiles of the amount spent on wine (`MntWines`) and the revenue (`Z_Revenue`). Therefore, these two columns are relevant.
- **Methods**: To determine if there is a significant difference in the distribution profiles, we can use distribution compliance tests such as the Kolmogorov-Smirnov Test, Anderson-Darling Test, Shapiro-Wilk Test of Normality, and Lilliefors Test. These tests can help us understand if the distributions of `MntWines` and `Z_Revenue` are significantly different.","{""columns"": [""MntWines"", ""Z_Revenue""], ""methods"": [""Kolmogorov-Smirnov Test""]}","{
  ""columns"": [""MntWines"", ""Z_Revenue""],
  ""methods"": [""Kolmogorov-Smirnov Test"", ""Anderson-Darling Test"", ""Shapiro-Wilk Test of Normality"", ""Lilliefors Test""]
}","{""Correct"": 1, ""Wrong"": 3, ""Missed"": 0}","{""Correct"": 2, ""Wrong"": 0, ""Missed"": 0}",0,1,0,False,False,False,True
Stroke Prediction Dataset,Is the age distribution approximately normal for practical purposes?,"[{""column_header"": ""age"", ""is_strata"": false, ""is_control"": false}]",Distribution Compliance Test,hard,"[{""method"": ""Anderson-Darling Test"", ""result"": ""{\""AD results\"": \""{\\\""stat\\\"": 33.85644, \\\""crit\\\"": 0.576}\""}"", ""conclusion"": ""Non-normally distributed""}, {""method"": ""Kolmogorov-Smirnov Test for Normality"", ""result"": ""{\""p value\"": 0.0}"", ""conclusion"": ""Non-normally distributed""}, {""method"": ""Lilliefors Test"", ""result"": ""{\""p value\"": 0.001}"", ""conclusion"": ""Non-normally distributed""}]","### Task Description: You need to select relevant columns and all applicable methods from provided list for the given statistical question.
### Instruction: You should only reply with one answer in JSON format containing two keys: 'columns' and 'methods'. The value of 'columns' is a list of columns' headers relevant to the given statistical question, and the value of 'methods' is a list containing all methods you think applicable. For example: {""columns"": [""c1"", ""c2"", ""...""], ""methods"": [""m1"", ""m2"", ""...""]}. If you think there is a strata or control variable involved, put its column header in the last item of the columns list. Ensure your methods selection is only limited to the classification list provided.
### Classification List: 
Correlation Analysis: Pearson Correlation Coefficient, Spearman Correlation Coefficient, Kendall Correlation Coefficient, Partial Correlation Coefficient;
Distribution Compliance Test: Anderson-Darling Test, Shapiro-Wilk Test of Normality, Kolmogorov-Smirnov Test for Normality, Lilliefors Test, Kolmogorov-Smirnov Test, Kolmogorov-Smirnov Test for Uniform distribution, Kolmogorov-Smirnov Test for Gamma distribution, Kolmogorov-Smirnov Test for Exponential distribution;
Contingency Table Test: Chi-square Independence Test, Fisher Exact Test, Mantel-Haenszel Test;
Descriptive Statistics: Mean, Median, Mode, Range, Quartile, Standard Deviation, Skewness, Kurtosis;
Variance Test: Mood Variance Test, Levene Test, Bartlett Test, F-Test for Variance.
### Column Information: 
column_header: id; data_type: id; num_of_rows: 5110; is_normality: False.
column_header: gender; data_type: categorical; num_of_rows: 5110; is_normality: False.
column_header: age; data_type: quantitative; num_of_rows: 5110; is_normality: False.
column_header: hypertension; data_type: categorical; num_of_rows: 5110; is_normality: False.
column_header: heart_disease; data_type: categorical; num_of_rows: 5110; is_normality: False.
column_header: ever_married; data_type: categorical; num_of_rows: 5110; is_normality: False.
column_header: work_type; data_type: categorical; num_of_rows: 5110; is_normality: False.
column_header: Residence_type; data_type: categorical; num_of_rows: 5110; is_normality: False.
column_header: avg_glucose_level; data_type: quantitative; num_of_rows: 5110; is_normality: False.
column_header: bmi; data_type: quantitative; num_of_rows: 5110; is_normality: False.
column_header: smoking_status; data_type: categorical; num_of_rows: 5110; is_normality: False.
column_header: stroke; data_type: categorical; num_of_rows: 5110; is_normality: False.
### Statistical Question: Is the age distribution approximately normal for practical purposes?
### Response: Let's work this out in a step-by-step way to be sure we have the right answer. The answer of relevant columns and applicable methods in JSON format and reason is:","### Response:
```json
{
  ""columns"": [""age""],
  ""methods"": [""Shapiro-Wilk Test of Normality"", ""Anderson-Darling Test"", ""Kolmogorov-Smirnov Test for Normality"", ""Lilliefors Test""]
}
```

### Reason:
- **Columns**: The statistical question is about the distribution of age, so the relevant column is ""age"".
- **Methods**: To determine if the age distribution is approximately normal, we can use several normality tests:
  - **Shapiro-Wilk Test of Normality**: A common test for normality, especially for smaller sample sizes.
  - **Anderson-Darling Test**: Another test for normality that is sensitive to the tails of the distribution.
  - **Kolmogorov-Smirnov Test for Normality**: A general test for normality that can be used for larger sample sizes.
  - **Lilliefors Test**: A modified Kolmogorov-Smirnov test that accounts for the estimation of the mean and variance from the data, making it more appropriate for practical purposes.

These methods will help determine if the age distribution is approximately normal for practical purposes.","{""columns"": [""age""], ""methods"": [""Anderson-Darling Test"", ""Kolmogorov-Smirnov Test for Normality"", ""Lilliefors Test""]}","{
  ""columns"": [""age""],
  ""methods"": [""Shapiro-Wilk Test of Normality"", ""Anderson-Darling Test"", ""Kolmogorov-Smirnov Test for Normality"", ""Lilliefors Test""]
}","{""Correct"": 3, ""Wrong"": 1, ""Missed"": 0}","{""Correct"": 1, ""Wrong"": 0, ""Missed"": 0}",0,1,0,False,False,False,True
Pokedex Dataset,Do Total and Height_m exhibit similar variance patterns to some extent?,"[{""column_header"": ""Total"", ""is_strata"": false, ""is_control"": false}, {""column_header"": ""Height_m"", ""is_strata"": false, ""is_control"": false}]",Variance Test,hard,"[{""method"": ""Mood Variance Test"", ""result"": ""{\""stat\"": 0.0, \""p value\"": 1.0}"", ""conclusion"": ""Variance not significantly difference between them""}, {""method"": ""Levene Test"", ""result"": ""{\""stat\"": 1798.18664, \""p value\"": 0.0}"", ""conclusion"": ""Variance significantly difference between them""}]","### Task Description: You need to select relevant columns and all applicable methods from provided list for the given statistical question.
### Instruction: You should only reply with one answer in JSON format containing two keys: 'columns' and 'methods'. The value of 'columns' is a list of columns' headers relevant to the given statistical question, and the value of 'methods' is a list containing all methods you think applicable. For example: {""columns"": [""c1"", ""c2"", ""...""], ""methods"": [""m1"", ""m2"", ""...""]}. If you think there is a strata or control variable involved, put its column header in the last item of the columns list. Ensure your methods selection is only limited to the classification list provided.
### Classification List: 
Correlation Analysis: Pearson Correlation Coefficient, Spearman Correlation Coefficient, Kendall Correlation Coefficient, Partial Correlation Coefficient;
Distribution Compliance Test: Anderson-Darling Test, Shapiro-Wilk Test of Normality, Kolmogorov-Smirnov Test for Normality, Lilliefors Test, Kolmogorov-Smirnov Test, Kolmogorov-Smirnov Test for Uniform distribution, Kolmogorov-Smirnov Test for Gamma distribution, Kolmogorov-Smirnov Test for Exponential distribution;
Contingency Table Test: Chi-square Independence Test, Fisher Exact Test, Mantel-Haenszel Test;
Descriptive Statistics: Mean, Median, Mode, Range, Quartile, Standard Deviation, Skewness, Kurtosis;
Variance Test: Mood Variance Test, Levene Test, Bartlett Test, F-Test for Variance.
### Column Information: 
column_header: Number; data_type: id; num_of_rows: 721; is_normality: False.
column_header: Name; data_type: other; num_of_rows: 721; is_normality: False.
column_header: Type_1; data_type: categorical; num_of_rows: 721; is_normality: False.
column_header: Type_2; data_type: categorical; num_of_rows: 721; is_normality: False.
column_header: Total; data_type: quantitative; num_of_rows: 721; is_normality: False.
column_header: HP; data_type: quantitative; num_of_rows: 721; is_normality: False.
column_header: Attack; data_type: quantitative; num_of_rows: 721; is_normality: False.
column_header: Defense; data_type: quantitative; num_of_rows: 721; is_normality: False.
column_header: Sp_Atk; data_type: quantitative; num_of_rows: 721; is_normality: False.
column_header: Sp_Def; data_type: quantitative; num_of_rows: 721; is_normality: False.
column_header: Speed; data_type: quantitative; num_of_rows: 721; is_normality: False.
column_header: Generation; data_type: categorical; num_of_rows: 721; is_normality: False.
column_header: isLegendary; data_type: categorical; num_of_rows: 721; is_normality: False.
column_header: Color; data_type: categorical; num_of_rows: 721; is_normality: False.
column_header: hasGender; data_type: categorical; num_of_rows: 721; is_normality: False.
column_header: Pr_Male; data_type: quantitative; num_of_rows: 721; is_normality: False.
column_header: Egg_Group_1; data_type: categorical; num_of_rows: 721; is_normality: False.
column_header: Egg_Group_2; data_type: categorical; num_of_rows: 721; is_normality: False.
column_header: hasMegaEvolution; data_type: categorical; num_of_rows: 721; is_normality: False.
column_header: Height_m; data_type: quantitative; num_of_rows: 721; is_normality: False.
column_header: Weight_kg; data_type: quantitative; num_of_rows: 721; is_normality: False.
column_header: Catch_Rate; data_type: quantitative; num_of_rows: 721; is_normality: False.
column_header: Body_Style; data_type: categorical; num_of_rows: 721; is_normality: False.
### Statistical Question: Do Total and Height_m exhibit similar variance patterns to some extent?
### Response: Let's work this out in a step-by-step way to be sure we have the right answer. The answer of relevant columns and applicable methods in JSON format and reason is:","### Response:
```json
{
  ""columns"": [""Total"", ""Height_m""],
  ""methods"": [""Levene Test"", ""Bartlett Test"", ""F-Test for Variance""]
}
```

### Reason:
- **Columns**: The statistical question is about comparing the variance patterns of `Total` and `Height_m`. Therefore, these two columns are the only ones needed.
- **Methods**: To determine if `Total` and `Height_m` exhibit similar variance patterns, we can use variance tests such as the Levene Test, Bartlett Test, and F-Test for Variance. These tests are designed to compare the variances of two or more groups.","{""columns"": [""Total"", ""Height_m""], ""methods"": [""Mood Variance Test"", ""Levene Test""]}","{
  ""columns"": [""Total"", ""Height_m""],
  ""methods"": [""Levene Test"", ""Bartlett Test"", ""F-Test for Variance""]
}","{""Correct"": 1, ""Wrong"": 2, ""Missed"": 1}","{""Correct"": 2, ""Wrong"": 0, ""Missed"": 0}",0,1,0,False,False,False,True
Terrorist Attacks Dataset,Is there evidence to suggest that the number of deaths of individuals aged 100 or above does not follow a normal distribution?,"[{""column_header"": ""Death Age 100+"", ""is_strata"": false, ""is_control"": false}]",Distribution Compliance Test,hard,"[{""method"": ""Anderson-Darling Test"", ""result"": ""{\""AD results\"": \""{\\\""stat\\\"": 3727.21048, \\\""crit\\\"": 0.576}\""}"", ""conclusion"": ""Non-normally distributed""}, {""method"": ""Kolmogorov-Smirnov Test for Normality"", ""result"": ""{\""p value\"": 0.0}"", ""conclusion"": ""Non-normally distributed""}, {""method"": ""Lilliefors Test"", ""result"": ""{\""p value\"": 0.001}"", ""conclusion"": ""Non-normally distributed""}]","### Task Description: You need to select relevant columns and all applicable methods from provided list for the given statistical question.
### Instruction: You should only reply with one answer in JSON format containing two keys: 'columns' and 'methods'. The value of 'columns' is a list of columns' headers relevant to the given statistical question, and the value of 'methods' is a list containing all methods you think applicable. For example: {""columns"": [""c1"", ""c2"", ""...""], ""methods"": [""m1"", ""m2"", ""...""]}. If you think there is a strata or control variable involved, put its column header in the last item of the columns list. Ensure your methods selection is only limited to the classification list provided.
### Classification List: 
Correlation Analysis: Pearson Correlation Coefficient, Spearman Correlation Coefficient, Kendall Correlation Coefficient, Partial Correlation Coefficient;
Distribution Compliance Test: Anderson-Darling Test, Shapiro-Wilk Test of Normality, Kolmogorov-Smirnov Test for Normality, Lilliefors Test, Kolmogorov-Smirnov Test, Kolmogorov-Smirnov Test for Uniform distribution, Kolmogorov-Smirnov Test for Gamma distribution, Kolmogorov-Smirnov Test for Exponential distribution;
Contingency Table Test: Chi-square Independence Test, Fisher Exact Test, Mantel-Haenszel Test;
Descriptive Statistics: Mean, Median, Mode, Range, Quartile, Standard Deviation, Skewness, Kurtosis;
Variance Test: Mood Variance Test, Levene Test, Bartlett Test, F-Test for Variance.
### Column Information: 
column_header: Entity; data_type: other; num_of_rows: 10517; is_normality: False.
column_header: Code; data_type: other; num_of_rows: 10517; is_normality: False.
column_header: Year; data_type: other; num_of_rows: 10517; is_normality: False.
column_header: Terrorist attacks; data_type: quantitative; num_of_rows: 10517; is_normality: False.
column_header: Terrorism deaths; data_type: quantitative; num_of_rows: 10517; is_normality: False.
column_header: Attack method: Hijacking; data_type: quantitative; num_of_rows: 10517; is_normality: False.
column_header: Attack method: Hostage Taking (Barricade Incident); data_type: quantitative; num_of_rows: 10517; is_normality: False.
column_header: Attack method: Unarmed Assault; data_type: quantitative; num_of_rows: 10517; is_normality: False.
column_header: Attack method: Facility/Infrastructure Attack; data_type: quantitative; num_of_rows: 10517; is_normality: False.
column_header: Attack method: Hostage Taking (Kidnapping); data_type: quantitative; num_of_rows: 10517; is_normality: False.
column_header: Attack method: Assassination; data_type: quantitative; num_of_rows: 10517; is_normality: False.
column_header: Attack method: Armed Assault; data_type: quantitative; num_of_rows: 10517; is_normality: False.
column_header: Attack method: Bombing/Explosion; data_type: quantitative; num_of_rows: 10517; is_normality: False.
column_header: Death Age 100+; data_type: quantitative; num_of_rows: 10517; is_normality: False.
column_header: Death Age: 51-99 ; data_type: quantitative; num_of_rows: 10517; is_normality: False.
column_header: Death Age : 21-50 ; data_type: quantitative; num_of_rows: 10517; is_normality: False.
column_header: Death Age : 11-20 ; data_type: quantitative; num_of_rows: 10517; is_normality: False.
column_header: Death Age : 6-10 ; data_type: quantitative; num_of_rows: 10517; is_normality: False.
column_header: Death Age :  1-5; data_type: quantitative; num_of_rows: 10517; is_normality: False.
column_header: Terrorist Death Type : Suicide; data_type: quantitative; num_of_rows: 10517; is_normality: False.
column_header: Terrorist Death Type : Killed; data_type: quantitative; num_of_rows: 10517; is_normality: False.
### Statistical Question: Is there evidence to suggest that the number of deaths of individuals aged 100 or above does not follow a normal distribution?
### Response: Let's work this out in a step-by-step way to be sure we have the right answer. The answer of relevant columns and applicable methods in JSON format and reason is:","### Response:
```json
{
  ""columns"": [""Death Age 100+""],
  ""methods"": [""Anderson-Darling Test"", ""Shapiro-Wilk Test of Normality"", ""Kolmogorov-Smirnov Test for Normality"", ""Lilliefors Test""]
}
```

### Reason:
The statistical question is asking whether the number of deaths of individuals aged 100 or above does not follow a normal distribution. Therefore, the relevant column is ""Death Age 100+"". To test for normality, we can use the following methods from the provided list:
- Anderson-Darling Test
- Shapiro-Wilk Test of Normality
- Kolmogorov-Smirnov Test for Normality
- Lilliefors Test

These methods are all designed to test whether a given dataset follows a normal distribution.","{""columns"": [""Death Age 100+""], ""methods"": [""Anderson-Darling Test"", ""Kolmogorov-Smirnov Test for Normality"", ""Lilliefors Test""]}","{
  ""columns"": [""Death Age 100+""],
  ""methods"": [""Anderson-Darling Test"", ""Shapiro-Wilk Test of Normality"", ""Kolmogorov-Smirnov Test for Normality"", ""Lilliefors Test""]
}","{""Correct"": 3, ""Wrong"": 1, ""Missed"": 0}","{""Correct"": 1, ""Wrong"": 0, ""Missed"": 0}",0,1,0,False,False,False,True
Customer Personality Analysis Dataset,"Is there evidence to suggest that the distribution of the amount spent on fish in the last two years, MntFishProducts, deviates from normality?","[{""column_header"": ""MntFishProducts"", ""is_strata"": false, ""is_control"": false}]",Distribution Compliance Test,hard,"[{""method"": ""Anderson-Darling Test"", ""result"": ""{\""AD results\"": \""{\\\""stat\\\"": 240.83195, \\\""crit\\\"": 0.575}\""}"", ""conclusion"": ""Non-normally distributed""}, {""method"": ""Kolmogorov-Smirnov Test for Normality"", ""result"": ""{\""p value\"": 0.0}"", ""conclusion"": ""Non-normally distributed""}, {""method"": ""Lilliefors Test"", ""result"": ""{\""p value\"": 0.001}"", ""conclusion"": ""Non-normally distributed""}]","### Task Description: You need to select relevant columns and all applicable methods from provided list for the given statistical question.
### Instruction: You should only reply with one answer in JSON format containing two keys: 'columns' and 'methods'. The value of 'columns' is a list of columns' headers relevant to the given statistical question, and the value of 'methods' is a list containing all methods you think applicable. For example: {""columns"": [""c1"", ""c2"", ""...""], ""methods"": [""m1"", ""m2"", ""...""]}. If you think there is a strata or control variable involved, put its column header in the last item of the columns list. Ensure your methods selection is only limited to the classification list provided.
### Classification List: 
Correlation Analysis: Pearson Correlation Coefficient, Spearman Correlation Coefficient, Kendall Correlation Coefficient, Partial Correlation Coefficient;
Distribution Compliance Test: Anderson-Darling Test, Shapiro-Wilk Test of Normality, Kolmogorov-Smirnov Test for Normality, Lilliefors Test, Kolmogorov-Smirnov Test, Kolmogorov-Smirnov Test for Uniform distribution, Kolmogorov-Smirnov Test for Gamma distribution, Kolmogorov-Smirnov Test for Exponential distribution;
Contingency Table Test: Chi-square Independence Test, Fisher Exact Test, Mantel-Haenszel Test;
Descriptive Statistics: Mean, Median, Mode, Range, Quartile, Standard Deviation, Skewness, Kurtosis;
Variance Test: Mood Variance Test, Levene Test, Bartlett Test, F-Test for Variance.
### Column Information: 
column_header: ID; data_type: id; num_of_rows: 2240; is_normality: False.
column_header: Year_Birth; data_type: other; num_of_rows: 2240; is_normality: False.
column_header: Education; data_type: categorical; num_of_rows: 2240; is_normality: False.
column_header: Marital_Status; data_type: categorical; num_of_rows: 2240; is_normality: False.
column_header: Income; data_type: quantitative; num_of_rows: 2240; is_normality: False.
column_header: Kidhome; data_type: quantitative; num_of_rows: 2240; is_normality: False.
column_header: Teenhome; data_type: quantitative; num_of_rows: 2240; is_normality: False.
column_header: Dt_Customer; data_type: other; num_of_rows: 2240; is_normality: False.
column_header: Recency; data_type: quantitative; num_of_rows: 2240; is_normality: False.
column_header: MntWines; data_type: quantitative; num_of_rows: 2240; is_normality: False.
column_header: MntFruits; data_type: quantitative; num_of_rows: 2240; is_normality: False.
column_header: MntMeatProducts; data_type: quantitative; num_of_rows: 2240; is_normality: False.
column_header: MntFishProducts; data_type: quantitative; num_of_rows: 2240; is_normality: False.
column_header: MntSweetProducts; data_type: quantitative; num_of_rows: 2240; is_normality: False.
column_header: MntGoldProds; data_type: quantitative; num_of_rows: 2240; is_normality: False.
column_header: NumDealsPurchases; data_type: quantitative; num_of_rows: 2240; is_normality: False.
column_header: NumWebPurchases; data_type: quantitative; num_of_rows: 2240; is_normality: False.
column_header: NumCatalogPurchases; data_type: quantitative; num_of_rows: 2240; is_normality: False.
column_header: NumStorePurchases; data_type: quantitative; num_of_rows: 2240; is_normality: False.
column_header: NumWebVisitsMonth; data_type: quantitative; num_of_rows: 2240; is_normality: False.
column_header: AcceptedCmp3; data_type: categorical; num_of_rows: 2240; is_normality: False.
column_header: AcceptedCmp4; data_type: categorical; num_of_rows: 2240; is_normality: False.
column_header: AcceptedCmp5; data_type: categorical; num_of_rows: 2240; is_normality: False.
column_header: AcceptedCmp1; data_type: categorical; num_of_rows: 2240; is_normality: False.
column_header: AcceptedCmp2; data_type: categorical; num_of_rows: 2240; is_normality: False.
column_header: Complain; data_type: categorical; num_of_rows: 2240; is_normality: False.
column_header: Z_CostContact; data_type: quantitative; num_of_rows: 2240; is_normality: False.
column_header: Z_Revenue; data_type: quantitative; num_of_rows: 2240; is_normality: False.
column_header: Response; data_type: categorical; num_of_rows: 2240; is_normality: False.
### Statistical Question: Is there evidence to suggest that the distribution of the amount spent on fish in the last two years, MntFishProducts, deviates from normality?
### Response: Let's work this out in a step-by-step way to be sure we have the right answer. The answer of relevant columns and applicable methods in JSON format and reason is:","### Response:
```json
{
  ""columns"": [""MntFishProducts""],
  ""methods"": [""Shapiro-Wilk Test of Normality"", ""Anderson-Darling Test"", ""Kolmogorov-Smirnov Test for Normality"", ""Lilliefors Test""]
}
```

### Reason:
The statistical question is asking whether the distribution of the amount spent on fish products, `MntFishProducts`, deviates from normality. Therefore, the relevant column is `MntFishProducts`. The applicable methods are the various normality tests provided in the classification list, such as the Shapiro-Wilk Test of Normality, Anderson-Darling Test, Kolmogorov-Smirnov Test for Normality, and Lilliefors Test. These tests are designed to determine if a dataset is normally distributed.","{""columns"": [""MntFishProducts""], ""methods"": [""Anderson-Darling Test"", ""Kolmogorov-Smirnov Test for Normality"", ""Lilliefors Test""]}","{
  ""columns"": [""MntFishProducts""],
  ""methods"": [""Shapiro-Wilk Test of Normality"", ""Anderson-Darling Test"", ""Kolmogorov-Smirnov Test for Normality"", ""Lilliefors Test""]
}","{""Correct"": 3, ""Wrong"": 1, ""Missed"": 0}","{""Correct"": 1, ""Wrong"": 0, ""Missed"": 0}",0,1,0,False,False,False,True
Lung Cancer Survey Dataset,Do changes in the frequency of wheezing symptoms correspond to changes in the frequency of coughing symptoms?,"[{""column_header"": ""WHEEZING"", ""is_strata"": false, ""is_control"": false}, {""column_header"": ""COUGHING"", ""is_strata"": false, ""is_control"": false}]",Contingency Table Test,easy,"[{""method"": ""Chi-square Independence Test"", ""result"": ""{\""p value\"": 0.0}"", ""conclusion"": ""Not independent""}, {""method"": ""Fisher Exact Test"", ""result"": ""{\""p value\"": 0.0}"", ""conclusion"": ""Not independent""}]","### Task Description: You need to select relevant columns and all applicable methods from provided list for the given statistical question.
### Instruction: You should only reply with one answer in JSON format containing two keys: 'columns' and 'methods'. The value of 'columns' is a list of columns' headers relevant to the given statistical question, and the value of 'methods' is a list containing all methods you think applicable. For example: {""columns"": [""c1"", ""c2"", ""...""], ""methods"": [""m1"", ""m2"", ""...""]}. If you think there is a strata or control variable involved, put its column header in the last item of the columns list. Ensure your methods selection is only limited to the classification list provided.
### Classification List: 
Correlation Analysis: Pearson Correlation Coefficient, Spearman Correlation Coefficient, Kendall Correlation Coefficient, Partial Correlation Coefficient;
Distribution Compliance Test: Anderson-Darling Test, Shapiro-Wilk Test of Normality, Kolmogorov-Smirnov Test for Normality, Lilliefors Test, Kolmogorov-Smirnov Test, Kolmogorov-Smirnov Test for Uniform distribution, Kolmogorov-Smirnov Test for Gamma distribution, Kolmogorov-Smirnov Test for Exponential distribution;
Contingency Table Test: Chi-square Independence Test, Fisher Exact Test, Mantel-Haenszel Test;
Descriptive Statistics: Mean, Median, Mode, Range, Quartile, Standard Deviation, Skewness, Kurtosis;
Variance Test: Mood Variance Test, Levene Test, Bartlett Test, F-Test for Variance.
### Column Information: 
column_header: GENDER; data_type: categorical; num_of_rows: 309; is_normality: False.
column_header: AGE; data_type: quantitative; num_of_rows: 309; is_normality: False.
column_header: SMOKING; data_type: categorical; num_of_rows: 309; is_normality: False.
column_header: YELLOW_FINGERS; data_type: categorical; num_of_rows: 309; is_normality: False.
column_header: ANXIETY; data_type: categorical; num_of_rows: 309; is_normality: False.
column_header: PEER_PRESSURE; data_type: categorical; num_of_rows: 309; is_normality: False.
column_header: CHRONIC DISEASE; data_type: categorical; num_of_rows: 309; is_normality: False.
column_header: FATIGUE ; data_type: categorical; num_of_rows: 309; is_normality: False.
column_header: ALLERGY ; data_type: categorical; num_of_rows: 309; is_normality: False.
column_header: WHEEZING; data_type: categorical; num_of_rows: 309; is_normality: False.
column_header: ALCOHOL CONSUMING; data_type: categorical; num_of_rows: 309; is_normality: False.
column_header: COUGHING; data_type: categorical; num_of_rows: 309; is_normality: False.
column_header: SHORTNESS OF BREATH; data_type: categorical; num_of_rows: 309; is_normality: False.
column_header: SWALLOWING DIFFICULTY; data_type: categorical; num_of_rows: 309; is_normality: False.
column_header: CHEST PAIN; data_type: categorical; num_of_rows: 309; is_normality: False.
column_header: LUNG_CANCER; data_type: categorical; num_of_rows: 309; is_normality: False.
### Statistical Question: Do changes in the frequency of wheezing symptoms correspond to changes in the frequency of coughing symptoms?
### Response: Let's work this out in a step-by-step way to be sure we have the right answer. The answer of relevant columns and applicable methods in JSON format and reason is:","### Response:
Let's break down the statistical question: ""Do changes in the frequency of wheezing symptoms correspond to changes in the frequency of coughing symptoms?""

1. **Identify Relevant Columns:**
   - The question is about the relationship between wheezing and coughing symptoms.
   - Therefore, the relevant columns are:
     - `WHEEZING`
     - `COUGHING`

2. **Determine Applicable Methods:**
   - Since both `WHEEZING` and `COUGHING` are categorical variables, we need a method that can assess the relationship between two categorical variables.
   - The appropriate method for this scenario is the **Chi-square Independence Test** (which falls under the Contingency Table Test category).

Given the above reasoning, the relevant columns and applicable methods are:

```json
{
  ""columns"": [""WHEEZING"", ""COUGHING""],
  ""methods"": [""Chi-square Independence Test""]
}
```","{""columns"": [""WHEEZING"", ""COUGHING""], ""methods"": [""Chi-square Independence Test"", ""Fisher Exact Test""]}","{
  ""columns"": [""WHEEZING"", ""COUGHING""],
  ""methods"": [""Chi-square Independence Test""]
}","{""Correct"": 1, ""Wrong"": 0, ""Missed"": 1}","{""Correct"": 2, ""Wrong"": 0, ""Missed"": 0}",0,1,0,False,False,False,True
Students New MRW Score Dataset,Are the scores on the standardized mathematics test normally distributed?,"[{""column_header"": ""math score"", ""is_strata"": false, ""is_control"": false}]",Distribution Compliance Test,hard,"[{""method"": ""Anderson-Darling Test"", ""result"": ""{\""AD results\"": \""{\\\""stat\\\"": 0.51972, \\\""crit\\\"": 0.574}\""}"", ""conclusion"": ""Normally distributed""}, {""method"": ""Kolmogorov-Smirnov Test for Normality"", ""result"": ""{\""p value\"": 0.69358}"", ""conclusion"": ""Normally distributed""}, {""method"": ""Lilliefors Test"", ""result"": ""{\""p value\"": 0.33638}"", ""conclusion"": ""Normally distributed""}]","### Task Description: You need to select relevant columns and all applicable methods from provided list for the given statistical question.
### Instruction: You should only reply with one answer in JSON format containing two keys: 'columns' and 'methods'. The value of 'columns' is a list of columns' headers relevant to the given statistical question, and the value of 'methods' is a list containing all methods you think applicable. For example: {""columns"": [""c1"", ""c2"", ""...""], ""methods"": [""m1"", ""m2"", ""...""]}. If you think there is a strata or control variable involved, put its column header in the last item of the columns list. Ensure your methods selection is only limited to the classification list provided.
### Classification List: 
Correlation Analysis: Pearson Correlation Coefficient, Spearman Correlation Coefficient, Kendall Correlation Coefficient, Partial Correlation Coefficient;
Distribution Compliance Test: Anderson-Darling Test, Shapiro-Wilk Test of Normality, Kolmogorov-Smirnov Test for Normality, Lilliefors Test, Kolmogorov-Smirnov Test, Kolmogorov-Smirnov Test for Uniform distribution, Kolmogorov-Smirnov Test for Gamma distribution, Kolmogorov-Smirnov Test for Exponential distribution;
Contingency Table Test: Chi-square Independence Test, Fisher Exact Test, Mantel-Haenszel Test;
Descriptive Statistics: Mean, Median, Mode, Range, Quartile, Standard Deviation, Skewness, Kurtosis;
Variance Test: Mood Variance Test, Levene Test, Bartlett Test, F-Test for Variance.
### Column Information: 
column_header: gender; data_type: categorical; num_of_rows: 1000; is_normality: False.
column_header: race/ethnicity; data_type: categorical; num_of_rows: 1000; is_normality: False.
column_header: parental level of education; data_type: categorical; num_of_rows: 1000; is_normality: False.
column_header: lunch; data_type: categorical; num_of_rows: 1000; is_normality: False.
column_header: test preparation course; data_type: categorical; num_of_rows: 1000; is_normality: False.
column_header: math score; data_type: quantitative; num_of_rows: 1000; is_normality: True.
column_header: reading score; data_type: quantitative; num_of_rows: 1000; is_normality: True.
column_header: writing score; data_type: quantitative; num_of_rows: 1000; is_normality: True.
### Statistical Question: Are the scores on the standardized mathematics test normally distributed?
### Response: Let's work this out in a step-by-step way to be sure we have the right answer. The answer of relevant columns and applicable methods in JSON format and reason is:","### Response:
Let's break down the statistical question and determine the appropriate columns and methods.

**Statistical Question:** Are the scores on the standardized mathematics test normally distributed?

1. **Relevant Columns:**
   - The question specifically asks about the distribution of the mathematics test scores.
   - The relevant column is `math score`.

2. **Applicable Methods:**
   - To test if the `math score` is normally distributed, we need to use a normality test.
   - From the provided list, the applicable methods are:
     - Shapiro-Wilk Test of Normality
     - Anderson-Darling Test
     - Kolmogorov-Smirnov Test for Normality
     - Lilliefors Test

Based on the above reasoning, the answer in JSON format is:

```json
{
  ""columns"": [""math score""],
  ""methods"": [""Shapiro-Wilk Test of Normality"", ""Anderson-Darling Test"", ""Kolmogorov-Smirnov Test for Normality"", ""Lilliefors Test""]
}
```","{""columns"": [""math score""], ""methods"": [""Anderson-Darling Test"", ""Kolmogorov-Smirnov Test for Normality"", ""Lilliefors Test""]}","{
  ""columns"": [""math score""],
  ""methods"": [""Shapiro-Wilk Test of Normality"", ""Anderson-Darling Test"", ""Kolmogorov-Smirnov Test for Normality"", ""Lilliefors Test""]
}","{""Correct"": 3, ""Wrong"": 1, ""Missed"": 0}","{""Correct"": 1, ""Wrong"": 0, ""Missed"": 0}",0,1,0,False,False,False,True
Lung Cancer Survey Dataset,Is there any evidence of a relationship between the presence of allergy symptoms and the presence of shortness of breath symptoms?,"[{""column_header"": ""ALLERGY "", ""is_strata"": false, ""is_control"": false}, {""column_header"": ""SHORTNESS OF BREATH"", ""is_strata"": false, ""is_control"": false}]",Contingency Table Test,easy,"[{""method"": ""Chi-square Independence Test"", ""result"": ""{\""p value\"": 0.68254}"", ""conclusion"": ""Independent""}, {""method"": ""Fisher Exact Test"", ""result"": ""{\""p value\"": 0.63408}"", ""conclusion"": ""Independent""}]","### Task Description: You need to select relevant columns and all applicable methods from provided list for the given statistical question.
### Instruction: You should only reply with one answer in JSON format containing two keys: 'columns' and 'methods'. The value of 'columns' is a list of columns' headers relevant to the given statistical question, and the value of 'methods' is a list containing all methods you think applicable. For example: {""columns"": [""c1"", ""c2"", ""...""], ""methods"": [""m1"", ""m2"", ""...""]}. If you think there is a strata or control variable involved, put its column header in the last item of the columns list. Ensure your methods selection is only limited to the classification list provided.
### Classification List: 
Correlation Analysis: Pearson Correlation Coefficient, Spearman Correlation Coefficient, Kendall Correlation Coefficient, Partial Correlation Coefficient;
Distribution Compliance Test: Anderson-Darling Test, Shapiro-Wilk Test of Normality, Kolmogorov-Smirnov Test for Normality, Lilliefors Test, Kolmogorov-Smirnov Test, Kolmogorov-Smirnov Test for Uniform distribution, Kolmogorov-Smirnov Test for Gamma distribution, Kolmogorov-Smirnov Test for Exponential distribution;
Contingency Table Test: Chi-square Independence Test, Fisher Exact Test, Mantel-Haenszel Test;
Descriptive Statistics: Mean, Median, Mode, Range, Quartile, Standard Deviation, Skewness, Kurtosis;
Variance Test: Mood Variance Test, Levene Test, Bartlett Test, F-Test for Variance.
### Column Information: 
column_header: GENDER; data_type: categorical; num_of_rows: 309; is_normality: False.
column_header: AGE; data_type: quantitative; num_of_rows: 309; is_normality: False.
column_header: SMOKING; data_type: categorical; num_of_rows: 309; is_normality: False.
column_header: YELLOW_FINGERS; data_type: categorical; num_of_rows: 309; is_normality: False.
column_header: ANXIETY; data_type: categorical; num_of_rows: 309; is_normality: False.
column_header: PEER_PRESSURE; data_type: categorical; num_of_rows: 309; is_normality: False.
column_header: CHRONIC DISEASE; data_type: categorical; num_of_rows: 309; is_normality: False.
column_header: FATIGUE ; data_type: categorical; num_of_rows: 309; is_normality: False.
column_header: ALLERGY ; data_type: categorical; num_of_rows: 309; is_normality: False.
column_header: WHEEZING; data_type: categorical; num_of_rows: 309; is_normality: False.
column_header: ALCOHOL CONSUMING; data_type: categorical; num_of_rows: 309; is_normality: False.
column_header: COUGHING; data_type: categorical; num_of_rows: 309; is_normality: False.
column_header: SHORTNESS OF BREATH; data_type: categorical; num_of_rows: 309; is_normality: False.
column_header: SWALLOWING DIFFICULTY; data_type: categorical; num_of_rows: 309; is_normality: False.
column_header: CHEST PAIN; data_type: categorical; num_of_rows: 309; is_normality: False.
column_header: LUNG_CANCER; data_type: categorical; num_of_rows: 309; is_normality: False.
### Statistical Question: Is there any evidence of a relationship between the presence of allergy symptoms and the presence of shortness of breath symptoms?
### Response: Let's work this out in a step-by-step way to be sure we have the right answer. The answer of relevant columns and applicable methods in JSON format and reason is:","### Step-by-Step Analysis:

1. **Identify Relevant Columns:**
   - The statistical question is about the relationship between the presence of allergy symptoms and the presence of shortness of breath symptoms.
   - The relevant columns are:
     - `ALLERGY`: Indicates the presence of allergy symptoms.
     - `SHORTNESS OF BREATH`: Indicates the presence of shortness of breath symptoms.

2. **Determine Applicable Methods:**
   - Since both `ALLERGY` and `SHORTNESS OF BREATH` are categorical variables, we need a method to test the relationship between two categorical variables.
   - The appropriate method for this scenario is the Chi-square Independence Test, which is used to determine if there is a significant association between two categorical variables.

### Response:

```json
{
  ""columns"": [""ALLERGY"", ""SHORTNESS OF BREATH""],
  ""methods"": [""Chi-square Independence Test""]
}
```","{""columns"": [""ALLERGY "", ""SHORTNESS OF BREATH""], ""methods"": [""Chi-square Independence Test"", ""Fisher Exact Test""]}","{
  ""columns"": [""ALLERGY"", ""SHORTNESS OF BREATH""],
  ""methods"": [""Chi-square Independence Test""]
}","{""Correct"": 1, ""Wrong"": 0, ""Missed"": 1}","{""Correct"": 2, ""Wrong"": 0, ""Missed"": 0}",0,1,0,False,False,False,True
FIFA Official Dataset 2023,May I assume that the distribution of player weights in pounds is approximately normal for the purposes of statistical analysis?,"[{""column_header"": ""Weight"", ""is_strata"": false, ""is_control"": false}]",Distribution Compliance Test,hard,"[{""method"": ""Anderson-Darling Test"", ""result"": ""{\""AD results\"": \""{\\\""stat\\\"": 33.35124, \\\""crit\\\"": 0.576}\""}"", ""conclusion"": ""Non-normally distributed""}, {""method"": ""Kolmogorov-Smirnov Test for Normality"", ""result"": ""{\""p value\"": 0.0}"", ""conclusion"": ""Non-normally distributed""}, {""method"": ""Lilliefors Test"", ""result"": ""{\""p value\"": 0.001}"", ""conclusion"": ""Non-normally distributed""}]","### Task Description: You need to select relevant columns and all applicable methods from provided list for the given statistical question.
### Instruction: You should only reply with one answer in JSON format containing two keys: 'columns' and 'methods'. The value of 'columns' is a list of columns' headers relevant to the given statistical question, and the value of 'methods' is a list containing all methods you think applicable. For example: {""columns"": [""c1"", ""c2"", ""...""], ""methods"": [""m1"", ""m2"", ""...""]}. If you think there is a strata or control variable involved, put its column header in the last item of the columns list. Ensure your methods selection is only limited to the classification list provided.
### Classification List: 
Correlation Analysis: Pearson Correlation Coefficient, Spearman Correlation Coefficient, Kendall Correlation Coefficient, Partial Correlation Coefficient;
Distribution Compliance Test: Anderson-Darling Test, Shapiro-Wilk Test of Normality, Kolmogorov-Smirnov Test for Normality, Lilliefors Test, Kolmogorov-Smirnov Test, Kolmogorov-Smirnov Test for Uniform distribution, Kolmogorov-Smirnov Test for Gamma distribution, Kolmogorov-Smirnov Test for Exponential distribution;
Contingency Table Test: Chi-square Independence Test, Fisher Exact Test, Mantel-Haenszel Test;
Descriptive Statistics: Mean, Median, Mode, Range, Quartile, Standard Deviation, Skewness, Kurtosis;
Variance Test: Mood Variance Test, Levene Test, Bartlett Test, F-Test for Variance.
### Column Information: 
column_header: ID; data_type: id; num_of_rows: 17660; is_normality: False.
column_header: Name; data_type: other; num_of_rows: 17660; is_normality: False.
column_header: Age; data_type: quantitative; num_of_rows: 17660; is_normality: False.
column_header: Photo; data_type: other; num_of_rows: 17660; is_normality: False.
column_header: Nationality; data_type: categorical; num_of_rows: 17660; is_normality: False.
column_header: Flag; data_type: other; num_of_rows: 17660; is_normality: False.
column_header: Overall; data_type: quantitative; num_of_rows: 17660; is_normality: False.
column_header: Potential; data_type: quantitative; num_of_rows: 17660; is_normality: False.
column_header: Club; data_type: categorical; num_of_rows: 17660; is_normality: False.
column_header: Club Logo; data_type: other; num_of_rows: 17660; is_normality: False.
column_header: Value; data_type: quantitative; num_of_rows: 17660; is_normality: False.
column_header: Wage; data_type: quantitative; num_of_rows: 17660; is_normality: False.
column_header: Special; data_type: quantitative; num_of_rows: 17660; is_normality: False.
column_header: Preferred Foot; data_type: categorical; num_of_rows: 17660; is_normality: False.
column_header: International Reputation; data_type: categorical; num_of_rows: 17660; is_normality: False.
column_header: Weak Foot; data_type: categorical; num_of_rows: 17660; is_normality: False.
column_header: Skill Moves; data_type: categorical; num_of_rows: 17660; is_normality: False.
column_header: Work Rate; data_type: categorical; num_of_rows: 17660; is_normality: False.
column_header: Body Type; data_type: categorical; num_of_rows: 17660; is_normality: False.
column_header: Real Face; data_type: categorical; num_of_rows: 17660; is_normality: False.
column_header: Position; data_type: categorical; num_of_rows: 17660; is_normality: False.
column_header: Joined; data_type: other; num_of_rows: 17660; is_normality: False.
column_header: Loaned From; data_type: other; num_of_rows: 17660; is_normality: False.
column_header: Contract Valid Until; data_type: categorical; num_of_rows: 17660; is_normality: False.
column_header: Height; data_type: quantitative; num_of_rows: 17660; is_normality: False.
column_header: Weight; data_type: quantitative; num_of_rows: 17660; is_normality: False.
column_header: Release Clause; data_type: quantitative; num_of_rows: 17660; is_normality: False.
column_header: Kit Number; data_type: categorical; num_of_rows: 17660; is_normality: False.
column_header: Best Overall Rating; data_type: other; num_of_rows: 17660; is_normality: False.
### Statistical Question: May I assume that the distribution of player weights in pounds is approximately normal for the purposes of statistical analysis?
### Response: Let's work this out in a step-by-step way to be sure we have the right answer. The answer of relevant columns and applicable methods in JSON format and reason is:","### Response:
```json
{
  ""columns"": [""Weight""],
  ""methods"": [""Shapiro-Wilk Test of Normality"", ""Anderson-Darling Test"", ""Kolmogorov-Smirnov Test for Normality"", ""Lilliefors Test""]
}
```

### Reason:
To determine if the distribution of player weights in pounds is approximately normal, we need to perform normality tests on the 'Weight' column. The relevant methods for testing normality include the Shapiro-Wilk Test, Anderson-Darling Test, Kolmogorov-Smirnov Test for Normality, and Lilliefors Test. These tests will help us assess whether the data follows a normal distribution.","{""columns"": [""Weight""], ""methods"": [""Anderson-Darling Test"", ""Kolmogorov-Smirnov Test for Normality"", ""Lilliefors Test""]}","{
  ""columns"": [""Weight""],
  ""methods"": [""Shapiro-Wilk Test of Normality"", ""Anderson-Darling Test"", ""Kolmogorov-Smirnov Test for Normality"", ""Lilliefors Test""]
}","{""Correct"": 3, ""Wrong"": 1, ""Missed"": 0}","{""Correct"": 1, ""Wrong"": 0, ""Missed"": 0}",0,1,0,False,False,False,True
Student Performance Prediction Dataset,Are the frequencies observed in schools in line with the differences in Mjob?,"[{""column_header"": ""school"", ""is_strata"": false, ""is_control"": false}, {""column_header"": ""Mjob"", ""is_strata"": false, ""is_control"": false}]",Contingency Table Test,hard,"[{""method"": ""Chi-square Independence Test"", ""result"": ""{\""p value\"": 0.0}"", ""conclusion"": ""Not independent""}]","### Task Description: You need to select relevant columns and all applicable methods from provided list for the given statistical question.
### Instruction: You should only reply with one answer in JSON format containing two keys: 'columns' and 'methods'. The value of 'columns' is a list of columns' headers relevant to the given statistical question, and the value of 'methods' is a list containing all methods you think applicable. For example: {""columns"": [""c1"", ""c2"", ""...""], ""methods"": [""m1"", ""m2"", ""...""]}. If you think there is a strata or control variable involved, put its column header in the last item of the columns list. Ensure your methods selection is only limited to the classification list provided.
### Classification List: 
Correlation Analysis: Pearson Correlation Coefficient, Spearman Correlation Coefficient, Kendall Correlation Coefficient, Partial Correlation Coefficient;
Distribution Compliance Test: Anderson-Darling Test, Shapiro-Wilk Test of Normality, Kolmogorov-Smirnov Test for Normality, Lilliefors Test, Kolmogorov-Smirnov Test, Kolmogorov-Smirnov Test for Uniform distribution, Kolmogorov-Smirnov Test for Gamma distribution, Kolmogorov-Smirnov Test for Exponential distribution;
Contingency Table Test: Chi-square Independence Test, Fisher Exact Test, Mantel-Haenszel Test;
Descriptive Statistics: Mean, Median, Mode, Range, Quartile, Standard Deviation, Skewness, Kurtosis;
Variance Test: Mood Variance Test, Levene Test, Bartlett Test, F-Test for Variance.
### Column Information: 
column_header: Unnamed: 0; data_type: id; num_of_rows: 649; is_normality: False.
column_header: school; data_type: categorical; num_of_rows: 649; is_normality: False.
column_header: sex; data_type: categorical; num_of_rows: 649; is_normality: False.
column_header: age; data_type: quantitative; num_of_rows: 649; is_normality: False.
column_header: address; data_type: categorical; num_of_rows: 649; is_normality: False.
column_header: famsize; data_type: categorical; num_of_rows: 649; is_normality: False.
column_header: Pstatus; data_type: categorical; num_of_rows: 649; is_normality: False.
column_header: Medu; data_type: quantitative; num_of_rows: 649; is_normality: False.
column_header: Fedu; data_type: quantitative; num_of_rows: 649; is_normality: False.
column_header: Mjob; data_type: categorical; num_of_rows: 649; is_normality: False.
column_header: Fjob; data_type: categorical; num_of_rows: 649; is_normality: False.
column_header: reason; data_type: categorical; num_of_rows: 649; is_normality: False.
column_header: guardian; data_type: categorical; num_of_rows: 649; is_normality: False.
column_header: traveltime; data_type: quantitative; num_of_rows: 649; is_normality: False.
column_header: studytime; data_type: quantitative; num_of_rows: 649; is_normality: False.
column_header: failures; data_type: quantitative; num_of_rows: 649; is_normality: False.
column_header: schoolsup; data_type: categorical; num_of_rows: 649; is_normality: False.
column_header: famsup; data_type: categorical; num_of_rows: 649; is_normality: False.
column_header: paid; data_type: categorical; num_of_rows: 649; is_normality: False.
column_header: activities; data_type: categorical; num_of_rows: 649; is_normality: False.
column_header: nursery; data_type: categorical; num_of_rows: 649; is_normality: False.
column_header: higher; data_type: categorical; num_of_rows: 649; is_normality: False.
column_header: internet; data_type: categorical; num_of_rows: 649; is_normality: False.
column_header: romantic; data_type: categorical; num_of_rows: 649; is_normality: False.
column_header: famrel; data_type: quantitative; num_of_rows: 649; is_normality: False.
column_header: freetime; data_type: quantitative; num_of_rows: 649; is_normality: False.
column_header: goout; data_type: quantitative; num_of_rows: 649; is_normality: False.
column_header: Dalc; data_type: quantitative; num_of_rows: 649; is_normality: False.
column_header: Walc; data_type: quantitative; num_of_rows: 649; is_normality: False.
column_header: health; data_type: quantitative; num_of_rows: 649; is_normality: False.
column_header: absences; data_type: quantitative; num_of_rows: 649; is_normality: False.
column_header: G1; data_type: quantitative; num_of_rows: 649; is_normality: False.
column_header: G2; data_type: quantitative; num_of_rows: 649; is_normality: False.
column_header: G3; data_type: quantitative; num_of_rows: 649; is_normality: False.
### Statistical Question: Are the frequencies observed in schools in line with the differences in Mjob?
### Response: Let's work this out in a step-by-step way to be sure we have the right answer. The answer of relevant columns and applicable methods in JSON format and reason is:","### Response:
```json
{
  ""columns"": [""school"", ""Mjob""],
  ""methods"": [""Chi-square Independence Test"", ""Fisher Exact Test""]
}
```

### Reason:
- **Columns**: The statistical question asks about the relationship between the frequencies observed in schools and the differences in Mjob (Mother's job). Therefore, the relevant columns are ""school"" and ""Mjob"".
- **Methods**: To determine if there is a significant association between these two categorical variables, we can use Contingency Table Tests such as the Chi-square Independence Test and Fisher Exact Test. These tests are suitable for categorical data and can help us understand if there is a significant relationship between the school and Mjob variables.","{""columns"": [""school"", ""Mjob""], ""methods"": [""Chi-square Independence Test""]}","{
  ""columns"": [""school"", ""Mjob""],
  ""methods"": [""Chi-square Independence Test"", ""Fisher Exact Test""]
}","{""Correct"": 1, ""Wrong"": 1, ""Missed"": 0}","{""Correct"": 2, ""Wrong"": 0, ""Missed"": 0}",0,1,0,False,False,False,True
Student Performance Prediction Dataset,"Does the data provide evidence to establish a connection between the choice of this school (classified as proximity to home, school reputation, course preference, or other) and access to the internet at home?","[{""column_header"": ""reason"", ""is_strata"": false, ""is_control"": false}, {""column_header"": ""internet"", ""is_strata"": false, ""is_control"": false}]",Contingency Table Test,hard,"[{""method"": ""Chi-square Independence Test"", ""result"": ""{\""p value\"": 0.00247}"", ""conclusion"": ""Not independent""}]","### Task Description: You need to select relevant columns and all applicable methods from provided list for the given statistical question.
### Instruction: You should only reply with one answer in JSON format containing two keys: 'columns' and 'methods'. The value of 'columns' is a list of columns' headers relevant to the given statistical question, and the value of 'methods' is a list containing all methods you think applicable. For example: {""columns"": [""c1"", ""c2"", ""...""], ""methods"": [""m1"", ""m2"", ""...""]}. If you think there is a strata or control variable involved, put its column header in the last item of the columns list. Ensure your methods selection is only limited to the classification list provided.
### Classification List: 
Correlation Analysis: Pearson Correlation Coefficient, Spearman Correlation Coefficient, Kendall Correlation Coefficient, Partial Correlation Coefficient;
Distribution Compliance Test: Anderson-Darling Test, Shapiro-Wilk Test of Normality, Kolmogorov-Smirnov Test for Normality, Lilliefors Test, Kolmogorov-Smirnov Test, Kolmogorov-Smirnov Test for Uniform distribution, Kolmogorov-Smirnov Test for Gamma distribution, Kolmogorov-Smirnov Test for Exponential distribution;
Contingency Table Test: Chi-square Independence Test, Fisher Exact Test, Mantel-Haenszel Test;
Descriptive Statistics: Mean, Median, Mode, Range, Quartile, Standard Deviation, Skewness, Kurtosis;
Variance Test: Mood Variance Test, Levene Test, Bartlett Test, F-Test for Variance.
### Column Information: 
column_header: Unnamed: 0; data_type: id; num_of_rows: 649; is_normality: False.
column_header: school; data_type: categorical; num_of_rows: 649; is_normality: False.
column_header: sex; data_type: categorical; num_of_rows: 649; is_normality: False.
column_header: age; data_type: quantitative; num_of_rows: 649; is_normality: False.
column_header: address; data_type: categorical; num_of_rows: 649; is_normality: False.
column_header: famsize; data_type: categorical; num_of_rows: 649; is_normality: False.
column_header: Pstatus; data_type: categorical; num_of_rows: 649; is_normality: False.
column_header: Medu; data_type: quantitative; num_of_rows: 649; is_normality: False.
column_header: Fedu; data_type: quantitative; num_of_rows: 649; is_normality: False.
column_header: Mjob; data_type: categorical; num_of_rows: 649; is_normality: False.
column_header: Fjob; data_type: categorical; num_of_rows: 649; is_normality: False.
column_header: reason; data_type: categorical; num_of_rows: 649; is_normality: False.
column_header: guardian; data_type: categorical; num_of_rows: 649; is_normality: False.
column_header: traveltime; data_type: quantitative; num_of_rows: 649; is_normality: False.
column_header: studytime; data_type: quantitative; num_of_rows: 649; is_normality: False.
column_header: failures; data_type: quantitative; num_of_rows: 649; is_normality: False.
column_header: schoolsup; data_type: categorical; num_of_rows: 649; is_normality: False.
column_header: famsup; data_type: categorical; num_of_rows: 649; is_normality: False.
column_header: paid; data_type: categorical; num_of_rows: 649; is_normality: False.
column_header: activities; data_type: categorical; num_of_rows: 649; is_normality: False.
column_header: nursery; data_type: categorical; num_of_rows: 649; is_normality: False.
column_header: higher; data_type: categorical; num_of_rows: 649; is_normality: False.
column_header: internet; data_type: categorical; num_of_rows: 649; is_normality: False.
column_header: romantic; data_type: categorical; num_of_rows: 649; is_normality: False.
column_header: famrel; data_type: quantitative; num_of_rows: 649; is_normality: False.
column_header: freetime; data_type: quantitative; num_of_rows: 649; is_normality: False.
column_header: goout; data_type: quantitative; num_of_rows: 649; is_normality: False.
column_header: Dalc; data_type: quantitative; num_of_rows: 649; is_normality: False.
column_header: Walc; data_type: quantitative; num_of_rows: 649; is_normality: False.
column_header: health; data_type: quantitative; num_of_rows: 649; is_normality: False.
column_header: absences; data_type: quantitative; num_of_rows: 649; is_normality: False.
column_header: G1; data_type: quantitative; num_of_rows: 649; is_normality: False.
column_header: G2; data_type: quantitative; num_of_rows: 649; is_normality: False.
column_header: G3; data_type: quantitative; num_of_rows: 649; is_normality: False.
### Statistical Question: Does the data provide evidence to establish a connection between the choice of this school (classified as proximity to home, school reputation, course preference, or other) and access to the internet at home?
### Response: Let's work this out in a step-by-step way to be sure we have the right answer. The answer of relevant columns and applicable methods in JSON format and reason is:","### Response:
Let's break down the statistical question and identify the relevant columns and methods.

**Statistical Question:** Does the data provide evidence to establish a connection between the choice of this school (classified as proximity to home, school reputation, course preference, or other) and access to the internet at home?

1. **Relevant Columns:**
   - `reason`: This column represents the reason for choosing the school, which is classified into categories such as proximity to home, school reputation, course preference, or other.
   - `internet`: This column represents whether the student has access to the internet at home, which is a categorical variable.

2. **Applicable Methods:**
   - **Contingency Table Test:** Since we are dealing with two categorical variables (`reason` and `internet`), we can use a Chi-square Independence Test or Fisher Exact Test to determine if there is a significant association between the choice of school and access to the internet at home.

Based on the above analysis, the relevant columns and applicable methods are:

```json
{
  ""columns"": [""reason"", ""internet""],
  ""methods"": [""Chi-square Independence Test"", ""Fisher Exact Test""]
}
```","{""columns"": [""reason"", ""internet""], ""methods"": [""Chi-square Independence Test""]}","{
  ""columns"": [""reason"", ""internet""],
  ""methods"": [""Chi-square Independence Test"", ""Fisher Exact Test""]
}","{""Correct"": 1, ""Wrong"": 1, ""Missed"": 0}","{""Correct"": 2, ""Wrong"": 0, ""Missed"": 0}",0,1,0,False,False,False,True
Income and Happiness Score Dataset,Can we assume that there is no significant difference in the variances between the average self-reported happiness scores and the median income of individuals in the country?,"[{""column_header"": ""avg_satisfaction"", ""is_strata"": false, ""is_control"": false}, {""column_header"": ""median_income"", ""is_strata"": false, ""is_control"": false}]",Variance Test,hard,"[{""method"": ""Mood Variance Test"", ""result"": ""{\""stat\"": 0.0, \""p value\"": 1.0}"", ""conclusion"": ""Variance not significantly difference between them""}, {""method"": ""Levene Test"", ""result"": ""{\""stat\"": 73.41181, \""p value\"": 0.0}"", ""conclusion"": ""Variance significantly difference between them""}]","### Task Description: You need to select relevant columns and all applicable methods from provided list for the given statistical question.
### Instruction: You should only reply with one answer in JSON format containing two keys: 'columns' and 'methods'. The value of 'columns' is a list of columns' headers relevant to the given statistical question, and the value of 'methods' is a list containing all methods you think applicable. For example: {""columns"": [""c1"", ""c2"", ""...""], ""methods"": [""m1"", ""m2"", ""...""]}. If you think there is a strata or control variable involved, put its column header in the last item of the columns list. Ensure your methods selection is only limited to the classification list provided.
### Classification List: 
Correlation Analysis: Pearson Correlation Coefficient, Spearman Correlation Coefficient, Kendall Correlation Coefficient, Partial Correlation Coefficient;
Distribution Compliance Test: Anderson-Darling Test, Shapiro-Wilk Test of Normality, Kolmogorov-Smirnov Test for Normality, Lilliefors Test, Kolmogorov-Smirnov Test, Kolmogorov-Smirnov Test for Uniform distribution, Kolmogorov-Smirnov Test for Gamma distribution, Kolmogorov-Smirnov Test for Exponential distribution;
Contingency Table Test: Chi-square Independence Test, Fisher Exact Test, Mantel-Haenszel Test;
Descriptive Statistics: Mean, Median, Mode, Range, Quartile, Standard Deviation, Skewness, Kurtosis;
Variance Test: Mood Variance Test, Levene Test, Bartlett Test, F-Test for Variance.
### Column Information: 
column_header: country; data_type: other; num_of_rows: 111; is_normality: False.
column_header: adjusted_satisfaction; data_type: quantitative; num_of_rows: 111; is_normality: True.
column_header: avg_satisfaction; data_type: quantitative; num_of_rows: 111; is_normality: True.
column_header: std_satisfaction; data_type: quantitative; num_of_rows: 111; is_normality: True.
column_header: avg_income; data_type: quantitative; num_of_rows: 111; is_normality: False.
column_header: median_income; data_type: quantitative; num_of_rows: 111; is_normality: False.
column_header: income_inequality; data_type: quantitative; num_of_rows: 111; is_normality: False.
column_header: region; data_type: categorical; num_of_rows: 111; is_normality: False.
column_header: happyScore; data_type: quantitative; num_of_rows: 111; is_normality: False.
column_header: GDP; data_type: quantitative; num_of_rows: 111; is_normality: False.
column_header: country.1; data_type: other; num_of_rows: 111; is_normality: False.
### Statistical Question: Can we assume that there is no significant difference in the variances between the average self-reported happiness scores and the median income of individuals in the country?
### Response: Let's work this out in a step-by-step way to be sure we have the right answer. The answer of relevant columns and applicable methods in JSON format and reason is:","### Response:
Let's break down the statistical question and identify the relevant columns and methods:

1. **Statistical Question**: ""Can we assume that there is no significant difference in the variances between the average self-reported happiness scores and the median income of individuals in the country?""

2. **Relevant Columns**:
   - `happyScore`: This is the average self-reported happiness score.
   - `median_income`: This is the median income of individuals in the country.

3. **Applicable Methods**:
   - **Variance Test**: Since the question is about the difference in variances between two quantitative variables (`happyScore` and `median_income`), the appropriate methods would be those that test for variance equality. The methods available in the classification list that fit this requirement are:
     - Mood Variance Test
     - Levene Test
     - Bartlett Test
     - F-Test for Variance

4. **JSON Format**:
   - The relevant columns are `happyScore` and `median_income`.
   - The applicable methods are Mood Variance Test, Levene Test, Bartlett Test, and F-Test for Variance.

```json
{
  ""columns"": [""happyScore"", ""median_income""],
  ""methods"": [""Mood Variance Test"", ""Levene Test"", ""Bartlett Test"", ""F-Test for Variance""]
}
```","{""columns"": [""avg_satisfaction"", ""median_income""], ""methods"": [""Mood Variance Test"", ""Levene Test""]}","{
  ""columns"": [""happyScore"", ""median_income""],
  ""methods"": [""Mood Variance Test"", ""Levene Test"", ""Bartlett Test"", ""F-Test for Variance""]
}","{""Correct"": 2, ""Wrong"": 2, ""Missed"": 0}","{""Correct"": 1, ""Wrong"": 1, ""Missed"": 1}",0,0,0,False,True,False,True
Los Angeles Library Monthly Statistics,What is the strength of the correlation between the total number of library visitors and the number of homeless individuals served at The Source?,"[{""column_header"": ""Total Library Visitors"", ""is_strata"": false, ""is_control"": false}, {""column_header"": ""# of Homeless Individuals Served at The Source"", ""is_strata"": false, ""is_control"": false}]",Correlation Analysis,easy,"[{""method"": ""Pearson Correlation Coefficient"", ""result"": ""{\""coefficient\"": -0.68409}"", ""conclusion"": ""Strongly correlated""}, {""method"": ""Spearman Correlation Coefficient"", ""result"": ""{\""coefficient\"": -0.62567}"", ""conclusion"": ""Strongly correlated""}, {""method"": ""Kendall Correlation Coefficient"", ""result"": ""{\""coefficient\"": -0.47348}"", ""conclusion"": ""Not strongly correlated""}]","### Task Description: You need to select relevant columns and all applicable methods from provided list for the given statistical question.
### Instruction: You should only reply with one answer in JSON format containing two keys: 'columns' and 'methods'. The value of 'columns' is a list of columns' headers relevant to the given statistical question, and the value of 'methods' is a list containing all methods you think applicable. For example: {""columns"": [""c1"", ""c2"", ""...""], ""methods"": [""m1"", ""m2"", ""...""]}. If you think there is a strata or control variable involved, put its column header in the last item of the columns list. Ensure your methods selection is only limited to the classification list provided.
### Classification List: 
Correlation Analysis: Pearson Correlation Coefficient, Spearman Correlation Coefficient, Kendall Correlation Coefficient, Partial Correlation Coefficient;
Distribution Compliance Test: Anderson-Darling Test, Shapiro-Wilk Test of Normality, Kolmogorov-Smirnov Test for Normality, Lilliefors Test, Kolmogorov-Smirnov Test, Kolmogorov-Smirnov Test for Uniform distribution, Kolmogorov-Smirnov Test for Gamma distribution, Kolmogorov-Smirnov Test for Exponential distribution;
Contingency Table Test: Chi-square Independence Test, Fisher Exact Test, Mantel-Haenszel Test;
Descriptive Statistics: Mean, Median, Mode, Range, Quartile, Standard Deviation, Skewness, Kurtosis;
Variance Test: Mood Variance Test, Levene Test, Bartlett Test, F-Test for Variance.
### Column Information: 
column_header: Date; data_type: other; num_of_rows: 72; is_normality: False.
column_header: Total Library Visitors; data_type: quantitative; num_of_rows: 72; is_normality: True.
column_header: Total Program Attendees; data_type: quantitative; num_of_rows: 72; is_normality: False.
column_header: Total eMedia Circulation; data_type: quantitative; num_of_rows: 72; is_normality: True.
column_header: Total Cardholders; data_type: quantitative; num_of_rows: 72; is_normality: False.
column_header: Total Computer Usage (Wireless + PC Sessions); data_type: quantitative; num_of_rows: 72; is_normality: False.
column_header: New Cardholders; data_type: quantitative; num_of_rows: 72; is_normality: False.
column_header: # of Individuals Assisted in Pursuing Citizenship; data_type: quantitative; num_of_rows: 72; is_normality: False.
column_header: # of Homeless Individuals Served at The Source; data_type: quantitative; num_of_rows: 72; is_normality: False.
column_header: # of Attendees at Children's and Teen Programming; data_type: quantitative; num_of_rows: 72; is_normality: False.
### Statistical Question: What is the strength of the correlation between the total number of library visitors and the number of homeless individuals served at The Source?
### Response: Let's work this out in a step-by-step way to be sure we have the right answer. The answer of relevant columns and applicable methods in JSON format and reason is:","### Response:
Let's break down the statistical question and identify the relevant columns and methods:

1. **Statistical Question**: What is the strength of the correlation between the total number of library visitors and the number of homeless individuals served at The Source?
2. **Relevant Columns**:
   - `Total Library Visitors`
   - `# of Homeless Individuals Served at The Source`
3. **Applicable Methods**:
   - Since we are interested in the strength of the correlation between two quantitative variables, we should use correlation analysis methods.
   - The Pearson Correlation Coefficient is a common method to measure the linear relationship between two quantitative variables.

Based on the above reasoning, the relevant columns and applicable methods are:

```json
{
  ""columns"": [""Total Library Visitors"", ""# of Homeless Individuals Served at The Source""],
  ""methods"": [""Pearson Correlation Coefficient""]
}
```","{""columns"": [""Total Library Visitors"", ""# of Homeless Individuals Served at The Source""], ""methods"": [""Pearson Correlation Coefficient"", ""Spearman Correlation Coefficient"", ""Kendall Correlation Coefficient""]}","{
  ""columns"": [""Total Library Visitors"", ""# of Homeless Individuals Served at The Source""],
  ""methods"": [""Pearson Correlation Coefficient""]
}","{""Correct"": 1, ""Wrong"": 0, ""Missed"": 2}","{""Correct"": 2, ""Wrong"": 0, ""Missed"": 0}",0,1,0,False,False,False,True
Student Performance Prediction Dataset,How can I visually determine if the distribution of weekend alcohol consumption (Walc) follows a normal distribution?,"[{""column_header"": ""Walc"", ""is_strata"": false, ""is_control"": false}]",Distribution Compliance Test,hard,"[{""method"": ""Anderson-Darling Test"", ""result"": ""{\""AD results\"": \""{\\\""stat\\\"": 36.42752, \\\""crit\\\"": 0.573}\""}"", ""conclusion"": ""Non-normally distributed""}, {""method"": ""Kolmogorov-Smirnov Test for Normality"", ""result"": ""{\""p value\"": 0.0}"", ""conclusion"": ""Non-normally distributed""}, {""method"": ""Lilliefors Test"", ""result"": ""{\""p value\"": 0.001}"", ""conclusion"": ""Non-normally distributed""}]","### Task Description: You need to select relevant columns and all applicable methods from provided list for the given statistical question.
### Instruction: You should only reply with one answer in JSON format containing two keys: 'columns' and 'methods'. The value of 'columns' is a list of columns' headers relevant to the given statistical question, and the value of 'methods' is a list containing all methods you think applicable. For example: {""columns"": [""c1"", ""c2"", ""...""], ""methods"": [""m1"", ""m2"", ""...""]}. If you think there is a strata or control variable involved, put its column header in the last item of the columns list. Ensure your methods selection is only limited to the classification list provided.
### Classification List: 
Correlation Analysis: Pearson Correlation Coefficient, Spearman Correlation Coefficient, Kendall Correlation Coefficient, Partial Correlation Coefficient;
Distribution Compliance Test: Anderson-Darling Test, Shapiro-Wilk Test of Normality, Kolmogorov-Smirnov Test for Normality, Lilliefors Test, Kolmogorov-Smirnov Test, Kolmogorov-Smirnov Test for Uniform distribution, Kolmogorov-Smirnov Test for Gamma distribution, Kolmogorov-Smirnov Test for Exponential distribution;
Contingency Table Test: Chi-square Independence Test, Fisher Exact Test, Mantel-Haenszel Test;
Descriptive Statistics: Mean, Median, Mode, Range, Quartile, Standard Deviation, Skewness, Kurtosis;
Variance Test: Mood Variance Test, Levene Test, Bartlett Test, F-Test for Variance.
### Column Information: 
column_header: Unnamed: 0; data_type: id; num_of_rows: 649; is_normality: False.
column_header: school; data_type: categorical; num_of_rows: 649; is_normality: False.
column_header: sex; data_type: categorical; num_of_rows: 649; is_normality: False.
column_header: age; data_type: quantitative; num_of_rows: 649; is_normality: False.
column_header: address; data_type: categorical; num_of_rows: 649; is_normality: False.
column_header: famsize; data_type: categorical; num_of_rows: 649; is_normality: False.
column_header: Pstatus; data_type: categorical; num_of_rows: 649; is_normality: False.
column_header: Medu; data_type: quantitative; num_of_rows: 649; is_normality: False.
column_header: Fedu; data_type: quantitative; num_of_rows: 649; is_normality: False.
column_header: Mjob; data_type: categorical; num_of_rows: 649; is_normality: False.
column_header: Fjob; data_type: categorical; num_of_rows: 649; is_normality: False.
column_header: reason; data_type: categorical; num_of_rows: 649; is_normality: False.
column_header: guardian; data_type: categorical; num_of_rows: 649; is_normality: False.
column_header: traveltime; data_type: quantitative; num_of_rows: 649; is_normality: False.
column_header: studytime; data_type: quantitative; num_of_rows: 649; is_normality: False.
column_header: failures; data_type: quantitative; num_of_rows: 649; is_normality: False.
column_header: schoolsup; data_type: categorical; num_of_rows: 649; is_normality: False.
column_header: famsup; data_type: categorical; num_of_rows: 649; is_normality: False.
column_header: paid; data_type: categorical; num_of_rows: 649; is_normality: False.
column_header: activities; data_type: categorical; num_of_rows: 649; is_normality: False.
column_header: nursery; data_type: categorical; num_of_rows: 649; is_normality: False.
column_header: higher; data_type: categorical; num_of_rows: 649; is_normality: False.
column_header: internet; data_type: categorical; num_of_rows: 649; is_normality: False.
column_header: romantic; data_type: categorical; num_of_rows: 649; is_normality: False.
column_header: famrel; data_type: quantitative; num_of_rows: 649; is_normality: False.
column_header: freetime; data_type: quantitative; num_of_rows: 649; is_normality: False.
column_header: goout; data_type: quantitative; num_of_rows: 649; is_normality: False.
column_header: Dalc; data_type: quantitative; num_of_rows: 649; is_normality: False.
column_header: Walc; data_type: quantitative; num_of_rows: 649; is_normality: False.
column_header: health; data_type: quantitative; num_of_rows: 649; is_normality: False.
column_header: absences; data_type: quantitative; num_of_rows: 649; is_normality: False.
column_header: G1; data_type: quantitative; num_of_rows: 649; is_normality: False.
column_header: G2; data_type: quantitative; num_of_rows: 649; is_normality: False.
column_header: G3; data_type: quantitative; num_of_rows: 649; is_normality: False.
### Statistical Question: How can I visually determine if the distribution of weekend alcohol consumption (Walc) follows a normal distribution?
### Response: Let's work this out in a step-by-step way to be sure we have the right answer. The answer of relevant columns and applicable methods in JSON format and reason is:","### Response:
```json
{
  ""columns"": [""Walc""],
  ""methods"": [""Anderson-Darling Test"", ""Shapiro-Wilk Test of Normality"", ""Kolmogorov-Smirnov Test for Normality"", ""Lilliefors Test""]
}
```

### Reason:
- **Columns**: The statistical question is focused on the distribution of weekend alcohol consumption (Walc). Therefore, the relevant column is ""Walc"".
- **Methods**: To visually determine if the distribution of Walc follows a normal distribution, we can use various normality tests. The provided classification list includes several tests that can be used for this purpose:
  - **Anderson-Darling Test**: This test is sensitive to deviations from normality and is often used for assessing normality.
  - **Shapiro-Wilk Test of Normality**: This is a powerful test for normality, especially for smaller sample sizes.
  - **Kolmogorov-Smirnov Test for Normality**: This test compares the empirical distribution function of the sample with the cumulative distribution function of a reference distribution (in this case, the normal distribution).
  - **Lilliefors Test**: This is an adaptation of the Kolmogorov-Smirnov test for normality when the mean and variance are unknown and estimated from the data.

These methods will help in determining whether the distribution of Walc is normal or not.","{""columns"": [""Walc""], ""methods"": [""Anderson-Darling Test"", ""Kolmogorov-Smirnov Test for Normality"", ""Lilliefors Test""]}","{
  ""columns"": [""Walc""],
  ""methods"": [""Anderson-Darling Test"", ""Shapiro-Wilk Test of Normality"", ""Kolmogorov-Smirnov Test for Normality"", ""Lilliefors Test""]
}","{""Correct"": 3, ""Wrong"": 1, ""Missed"": 0}","{""Correct"": 1, ""Wrong"": 0, ""Missed"": 0}",0,1,0,False,False,False,True
Bank Customer Churn Prediction Dataset,Are the values of the estimated salaries of bank customers consistent with a normal distribution?,"[{""column_header"": ""EstimatedSalary"", ""is_strata"": false, ""is_control"": false}]",Distribution Compliance Test,hard,"[{""method"": ""Anderson-Darling Test"", ""result"": ""{\""AD results\"": \""{\\\""stat\\\"": 104.39617, \\\""crit\\\"": 0.576}\""}"", ""conclusion"": ""Non-normally distributed""}, {""method"": ""Kolmogorov-Smirnov Test for Normality"", ""result"": ""{\""p value\"": 0.0}"", ""conclusion"": ""Non-normally distributed""}, {""method"": ""Lilliefors Test"", ""result"": ""{\""p value\"": 0.001}"", ""conclusion"": ""Non-normally distributed""}]","### Task Description: You need to select relevant columns and all applicable methods from provided list for the given statistical question.
### Instruction: You should only reply with one answer in JSON format containing two keys: 'columns' and 'methods'. The value of 'columns' is a list of columns' headers relevant to the given statistical question, and the value of 'methods' is a list containing all methods you think applicable. For example: {""columns"": [""c1"", ""c2"", ""...""], ""methods"": [""m1"", ""m2"", ""...""]}. If you think there is a strata or control variable involved, put its column header in the last item of the columns list. Ensure your methods selection is only limited to the classification list provided.
### Classification List: 
Correlation Analysis: Pearson Correlation Coefficient, Spearman Correlation Coefficient, Kendall Correlation Coefficient, Partial Correlation Coefficient;
Distribution Compliance Test: Anderson-Darling Test, Shapiro-Wilk Test of Normality, Kolmogorov-Smirnov Test for Normality, Lilliefors Test, Kolmogorov-Smirnov Test, Kolmogorov-Smirnov Test for Uniform distribution, Kolmogorov-Smirnov Test for Gamma distribution, Kolmogorov-Smirnov Test for Exponential distribution;
Contingency Table Test: Chi-square Independence Test, Fisher Exact Test, Mantel-Haenszel Test;
Descriptive Statistics: Mean, Median, Mode, Range, Quartile, Standard Deviation, Skewness, Kurtosis;
Variance Test: Mood Variance Test, Levene Test, Bartlett Test, F-Test for Variance.
### Column Information: 
column_header: RowNumber; data_type: id; num_of_rows: 10002; is_normality: False.
column_header: CustomerId; data_type: id; num_of_rows: 10002; is_normality: False.
column_header: Surname; data_type: other; num_of_rows: 10002; is_normality: False.
column_header: CreditScore; data_type: quantitative; num_of_rows: 10002; is_normality: False.
column_header: Geography; data_type: categorical; num_of_rows: 10002; is_normality: False.
column_header: Gender; data_type: categorical; num_of_rows: 10002; is_normality: False.
column_header: Age; data_type: quantitative; num_of_rows: 10002; is_normality: False.
column_header: Tenure; data_type: quantitative; num_of_rows: 10002; is_normality: False.
column_header: Balance; data_type: quantitative; num_of_rows: 10002; is_normality: False.
column_header: NumOfProducts; data_type: quantitative; num_of_rows: 10002; is_normality: False.
column_header: HasCrCard; data_type: categorical; num_of_rows: 10002; is_normality: False.
column_header: IsActiveMember; data_type: categorical; num_of_rows: 10002; is_normality: False.
column_header: EstimatedSalary; data_type: quantitative; num_of_rows: 10002; is_normality: False.
column_header: Exited; data_type: categorical; num_of_rows: 10002; is_normality: False.
### Statistical Question: Are the values of the estimated salaries of bank customers consistent with a normal distribution?
### Response: Let's work this out in a step-by-step way to be sure we have the right answer. The answer of relevant columns and applicable methods in JSON format and reason is:","### Response:
```json
{
  ""columns"": [""EstimatedSalary""],
  ""methods"": [""Shapiro-Wilk Test of Normality"", ""Anderson-Darling Test"", ""Kolmogorov-Smirnov Test for Normality"", ""Lilliefors Test""]
}
```

### Reason:
The statistical question is asking whether the values of the estimated salaries of bank customers are consistent with a normal distribution. Therefore, we need to focus on the `EstimatedSalary` column. The relevant methods for testing distribution compliance are the Shapiro-Wilk Test of Normality, Anderson-Darling Test, Kolmogorov-Smirnov Test for Normality, and Lilliefors Test. These methods are specifically designed to test if a dataset follows a normal distribution.","{""columns"": [""EstimatedSalary""], ""methods"": [""Anderson-Darling Test"", ""Kolmogorov-Smirnov Test for Normality"", ""Lilliefors Test""]}","{
  ""columns"": [""EstimatedSalary""],
  ""methods"": [""Shapiro-Wilk Test of Normality"", ""Anderson-Darling Test"", ""Kolmogorov-Smirnov Test for Normality"", ""Lilliefors Test""]
}","{""Correct"": 3, ""Wrong"": 1, ""Missed"": 0}","{""Correct"": 1, ""Wrong"": 0, ""Missed"": 0}",0,1,0,False,False,False,True
University Rank Dataset,Do the fluctuations in the Research Quality Score compare to those in the Teaching Score?,"[{""column_header"": ""Research Quality Score"", ""is_strata"": false, ""is_control"": false}, {""column_header"": ""Teaching Score"", ""is_strata"": false, ""is_control"": false}]",Variance Test,hard,"[{""method"": ""Mood Variance Test"", ""result"": ""{\""stat\"": -2.45461, \""p value\"": 0.0141}"", ""conclusion"": ""Variance significantly difference between them""}, {""method"": ""Levene Test"", ""result"": ""{\""stat\"": 112.05843, \""p value\"": 0.0}"", ""conclusion"": ""Variance significantly difference between them""}]","### Task Description: You need to select relevant columns and all applicable methods from provided list for the given statistical question.
### Instruction: You should only reply with one answer in JSON format containing two keys: 'columns' and 'methods'. The value of 'columns' is a list of columns' headers relevant to the given statistical question, and the value of 'methods' is a list containing all methods you think applicable. For example: {""columns"": [""c1"", ""c2"", ""...""], ""methods"": [""m1"", ""m2"", ""...""]}. If you think there is a strata or control variable involved, put its column header in the last item of the columns list. Ensure your methods selection is only limited to the classification list provided.
### Classification List: 
Correlation Analysis: Pearson Correlation Coefficient, Spearman Correlation Coefficient, Kendall Correlation Coefficient, Partial Correlation Coefficient;
Distribution Compliance Test: Anderson-Darling Test, Shapiro-Wilk Test of Normality, Kolmogorov-Smirnov Test for Normality, Lilliefors Test, Kolmogorov-Smirnov Test, Kolmogorov-Smirnov Test for Uniform distribution, Kolmogorov-Smirnov Test for Gamma distribution, Kolmogorov-Smirnov Test for Exponential distribution;
Contingency Table Test: Chi-square Independence Test, Fisher Exact Test, Mantel-Haenszel Test;
Descriptive Statistics: Mean, Median, Mode, Range, Quartile, Standard Deviation, Skewness, Kurtosis;
Variance Test: Mood Variance Test, Levene Test, Bartlett Test, F-Test for Variance.
### Column Information: 
column_header: rank; data_type: id; num_of_rows: 910; is_normality: False.
column_header: ranking-institution-title; data_type: other; num_of_rows: 910; is_normality: False.
column_header: location; data_type: other; num_of_rows: 910; is_normality: False.
column_header: Overall scores; data_type: categorical; num_of_rows: 910; is_normality: False.
column_header: Research Quality Score; data_type: quantitative; num_of_rows: 910; is_normality: False.
column_header: Industry Score; data_type: quantitative; num_of_rows: 910; is_normality: False.
column_header: International Outlook; data_type: quantitative; num_of_rows: 910; is_normality: False.
column_header: Research Environment Score; data_type: quantitative; num_of_rows: 910; is_normality: False.
column_header: Teaching Score; data_type: quantitative; num_of_rows: 910; is_normality: False.
### Statistical Question: Do the fluctuations in the Research Quality Score compare to those in the Teaching Score?
### Response: Let's work this out in a step-by-step way to be sure we have the right answer. The answer of relevant columns and applicable methods in JSON format and reason is:","### Response:
Let's break down the statistical question and determine the appropriate columns and methods.

**Statistical Question:** Do the fluctuations in the Research Quality Score compare to those in the Teaching Score?

1. **Identify Relevant Columns:**
   - The question is about comparing the fluctuations (variance) in two quantitative scores: Research Quality Score and Teaching Score.
   - Therefore, the relevant columns are:
     - Research Quality Score
     - Teaching Score

2. **Determine Applicable Methods:**
   - The question is about comparing the fluctuations (variance) in two quantitative scores.
   - The appropriate methods for comparing variances are:
     - Mood Variance Test
     - Levene Test
     - Bartlett Test
     - F-Test for Variance

### JSON Response:
```json
{
  ""columns"": [""Research Quality Score"", ""Teaching Score""],
  ""methods"": [""Mood Variance Test"", ""Levene Test"", ""Bartlett Test"", ""F-Test for Variance""]
}
```","{""columns"": [""Research Quality Score"", ""Teaching Score""], ""methods"": [""Mood Variance Test"", ""Levene Test""]}","{
  ""columns"": [""Research Quality Score"", ""Teaching Score""],
  ""methods"": [""Mood Variance Test"", ""Levene Test"", ""Bartlett Test"", ""F-Test for Variance""]
}","{""Correct"": 2, ""Wrong"": 2, ""Missed"": 0}","{""Correct"": 2, ""Wrong"": 0, ""Missed"": 0}",0,1,0,False,False,False,True
Customer Personality Analysis Dataset,Do household income and the number of teenagers in the customer's household follow a similar distribution curve?,"[{""column_header"": ""Income"", ""is_strata"": false, ""is_control"": false}, {""column_header"": ""Teenhome"", ""is_strata"": false, ""is_control"": false}]",Distribution Compliance Test,easy,"[{""method"": ""Kolmogorov-Smirnov Test"", ""result"": ""{\""p value\"": 0.0}"", ""conclusion"": ""Distribution significantly different""}]","### Task Description: You need to select relevant columns and all applicable methods from provided list for the given statistical question.
### Instruction: You should only reply with one answer in JSON format containing two keys: 'columns' and 'methods'. The value of 'columns' is a list of columns' headers relevant to the given statistical question, and the value of 'methods' is a list containing all methods you think applicable. For example: {""columns"": [""c1"", ""c2"", ""...""], ""methods"": [""m1"", ""m2"", ""...""]}. If you think there is a strata or control variable involved, put its column header in the last item of the columns list. Ensure your methods selection is only limited to the classification list provided.
### Classification List: 
Correlation Analysis: Pearson Correlation Coefficient, Spearman Correlation Coefficient, Kendall Correlation Coefficient, Partial Correlation Coefficient;
Distribution Compliance Test: Anderson-Darling Test, Shapiro-Wilk Test of Normality, Kolmogorov-Smirnov Test for Normality, Lilliefors Test, Kolmogorov-Smirnov Test, Kolmogorov-Smirnov Test for Uniform distribution, Kolmogorov-Smirnov Test for Gamma distribution, Kolmogorov-Smirnov Test for Exponential distribution;
Contingency Table Test: Chi-square Independence Test, Fisher Exact Test, Mantel-Haenszel Test;
Descriptive Statistics: Mean, Median, Mode, Range, Quartile, Standard Deviation, Skewness, Kurtosis;
Variance Test: Mood Variance Test, Levene Test, Bartlett Test, F-Test for Variance.
### Column Information: 
column_header: ID; data_type: id; num_of_rows: 2240; is_normality: False.
column_header: Year_Birth; data_type: other; num_of_rows: 2240; is_normality: False.
column_header: Education; data_type: categorical; num_of_rows: 2240; is_normality: False.
column_header: Marital_Status; data_type: categorical; num_of_rows: 2240; is_normality: False.
column_header: Income; data_type: quantitative; num_of_rows: 2240; is_normality: False.
column_header: Kidhome; data_type: quantitative; num_of_rows: 2240; is_normality: False.
column_header: Teenhome; data_type: quantitative; num_of_rows: 2240; is_normality: False.
column_header: Dt_Customer; data_type: other; num_of_rows: 2240; is_normality: False.
column_header: Recency; data_type: quantitative; num_of_rows: 2240; is_normality: False.
column_header: MntWines; data_type: quantitative; num_of_rows: 2240; is_normality: False.
column_header: MntFruits; data_type: quantitative; num_of_rows: 2240; is_normality: False.
column_header: MntMeatProducts; data_type: quantitative; num_of_rows: 2240; is_normality: False.
column_header: MntFishProducts; data_type: quantitative; num_of_rows: 2240; is_normality: False.
column_header: MntSweetProducts; data_type: quantitative; num_of_rows: 2240; is_normality: False.
column_header: MntGoldProds; data_type: quantitative; num_of_rows: 2240; is_normality: False.
column_header: NumDealsPurchases; data_type: quantitative; num_of_rows: 2240; is_normality: False.
column_header: NumWebPurchases; data_type: quantitative; num_of_rows: 2240; is_normality: False.
column_header: NumCatalogPurchases; data_type: quantitative; num_of_rows: 2240; is_normality: False.
column_header: NumStorePurchases; data_type: quantitative; num_of_rows: 2240; is_normality: False.
column_header: NumWebVisitsMonth; data_type: quantitative; num_of_rows: 2240; is_normality: False.
column_header: AcceptedCmp3; data_type: categorical; num_of_rows: 2240; is_normality: False.
column_header: AcceptedCmp4; data_type: categorical; num_of_rows: 2240; is_normality: False.
column_header: AcceptedCmp5; data_type: categorical; num_of_rows: 2240; is_normality: False.
column_header: AcceptedCmp1; data_type: categorical; num_of_rows: 2240; is_normality: False.
column_header: AcceptedCmp2; data_type: categorical; num_of_rows: 2240; is_normality: False.
column_header: Complain; data_type: categorical; num_of_rows: 2240; is_normality: False.
column_header: Z_CostContact; data_type: quantitative; num_of_rows: 2240; is_normality: False.
column_header: Z_Revenue; data_type: quantitative; num_of_rows: 2240; is_normality: False.
column_header: Response; data_type: categorical; num_of_rows: 2240; is_normality: False.
### Statistical Question: Do household income and the number of teenagers in the customer's household follow a similar distribution curve?
### Response: Let's work this out in a step-by-step way to be sure we have the right answer. The answer of relevant columns and applicable methods in JSON format and reason is:","### Step-by-Step Analysis:
1. **Identify Relevant Columns:**
   - The statistical question is about comparing the distribution curves of household income and the number of teenagers in the customer's household.
   - The relevant columns are:
     - `Income` (quantitative)
     - `Teenhome` (quantitative)

2. **Identify Applicable Methods:**
   - The question is about comparing the distribution curves of two quantitative variables.
   - The applicable methods for comparing distributions are:
     - **Kolmogorov-Smirnov Test**: This test can be used to compare the distribution of two samples.
     - **Anderson-Darling Test**: This test is also used to compare the distribution of two samples.
     - **Shapiro-Wilk Test of Normality**: Although this test is typically used to test for normality, it can be applied to each variable separately to check if they follow a similar distribution.

### Final Answer:
```json
{
  ""columns"": [""Income"", ""Teenhome""],
  ""methods"": [""Kolmogorov-Smirnov Test"", ""Anderson-Darling Test"", ""Shapiro-Wilk Test of Normality""]
}
```","{""columns"": [""Income"", ""Teenhome""], ""methods"": [""Kolmogorov-Smirnov Test""]}","{
  ""columns"": [""Income"", ""Teenhome""],
  ""methods"": [""Kolmogorov-Smirnov Test"", ""Anderson-Darling Test"", ""Shapiro-Wilk Test of Normality""]
}","{""Correct"": 1, ""Wrong"": 2, ""Missed"": 0}","{""Correct"": 2, ""Wrong"": 0, ""Missed"": 0}",0,1,0,False,False,False,True
Pokedex Dataset,Does the observed frequency conform to the assumption of independence between legendary status and gender classification among the Pokémon?,"[{""column_header"": ""isLegendary"", ""is_strata"": false, ""is_control"": false}, {""column_header"": ""hasGender"", ""is_strata"": false, ""is_control"": false}]",Contingency Table Test,hard,"[{""method"": ""Fisher Exact Test"", ""result"": ""{\""p value\"": 0.0}"", ""conclusion"": ""Not independent""}]","### Task Description: You need to select relevant columns and all applicable methods from provided list for the given statistical question.
### Instruction: You should only reply with one answer in JSON format containing two keys: 'columns' and 'methods'. The value of 'columns' is a list of columns' headers relevant to the given statistical question, and the value of 'methods' is a list containing all methods you think applicable. For example: {""columns"": [""c1"", ""c2"", ""...""], ""methods"": [""m1"", ""m2"", ""...""]}. If you think there is a strata or control variable involved, put its column header in the last item of the columns list. Ensure your methods selection is only limited to the classification list provided.
### Classification List: 
Correlation Analysis: Pearson Correlation Coefficient, Spearman Correlation Coefficient, Kendall Correlation Coefficient, Partial Correlation Coefficient;
Distribution Compliance Test: Anderson-Darling Test, Shapiro-Wilk Test of Normality, Kolmogorov-Smirnov Test for Normality, Lilliefors Test, Kolmogorov-Smirnov Test, Kolmogorov-Smirnov Test for Uniform distribution, Kolmogorov-Smirnov Test for Gamma distribution, Kolmogorov-Smirnov Test for Exponential distribution;
Contingency Table Test: Chi-square Independence Test, Fisher Exact Test, Mantel-Haenszel Test;
Descriptive Statistics: Mean, Median, Mode, Range, Quartile, Standard Deviation, Skewness, Kurtosis;
Variance Test: Mood Variance Test, Levene Test, Bartlett Test, F-Test for Variance.
### Column Information: 
column_header: Number; data_type: id; num_of_rows: 721; is_normality: False.
column_header: Name; data_type: other; num_of_rows: 721; is_normality: False.
column_header: Type_1; data_type: categorical; num_of_rows: 721; is_normality: False.
column_header: Type_2; data_type: categorical; num_of_rows: 721; is_normality: False.
column_header: Total; data_type: quantitative; num_of_rows: 721; is_normality: False.
column_header: HP; data_type: quantitative; num_of_rows: 721; is_normality: False.
column_header: Attack; data_type: quantitative; num_of_rows: 721; is_normality: False.
column_header: Defense; data_type: quantitative; num_of_rows: 721; is_normality: False.
column_header: Sp_Atk; data_type: quantitative; num_of_rows: 721; is_normality: False.
column_header: Sp_Def; data_type: quantitative; num_of_rows: 721; is_normality: False.
column_header: Speed; data_type: quantitative; num_of_rows: 721; is_normality: False.
column_header: Generation; data_type: categorical; num_of_rows: 721; is_normality: False.
column_header: isLegendary; data_type: categorical; num_of_rows: 721; is_normality: False.
column_header: Color; data_type: categorical; num_of_rows: 721; is_normality: False.
column_header: hasGender; data_type: categorical; num_of_rows: 721; is_normality: False.
column_header: Pr_Male; data_type: quantitative; num_of_rows: 721; is_normality: False.
column_header: Egg_Group_1; data_type: categorical; num_of_rows: 721; is_normality: False.
column_header: Egg_Group_2; data_type: categorical; num_of_rows: 721; is_normality: False.
column_header: hasMegaEvolution; data_type: categorical; num_of_rows: 721; is_normality: False.
column_header: Height_m; data_type: quantitative; num_of_rows: 721; is_normality: False.
column_header: Weight_kg; data_type: quantitative; num_of_rows: 721; is_normality: False.
column_header: Catch_Rate; data_type: quantitative; num_of_rows: 721; is_normality: False.
column_header: Body_Style; data_type: categorical; num_of_rows: 721; is_normality: False.
### Statistical Question: Does the observed frequency conform to the assumption of independence between legendary status and gender classification among the Pokémon?
### Response: Let's work this out in a step-by-step way to be sure we have the right answer. The answer of relevant columns and applicable methods in JSON format and reason is:","### Response:
```json
{
  ""columns"": [""isLegendary"", ""hasGender""],
  ""methods"": [""Chi-square Independence Test"", ""Fisher Exact Test""]
}
```

### Reason:
- **Columns**: The statistical question is about the independence between legendary status (`isLegendary`) and gender classification (`hasGender`). These are the two categorical variables that need to be analyzed.
- **Methods**: To test the independence between these two categorical variables, we can use the Chi-square Independence Test and Fisher Exact Test, both of which are suitable for contingency table analysis.","{""columns"": [""isLegendary"", ""hasGender""], ""methods"": [""Fisher Exact Test""]}","{
  ""columns"": [""isLegendary"", ""hasGender""],
  ""methods"": [""Chi-square Independence Test"", ""Fisher Exact Test""]
}","{""Correct"": 1, ""Wrong"": 1, ""Missed"": 0}","{""Correct"": 2, ""Wrong"": 0, ""Missed"": 0}",0,1,0,False,False,False,True
Pokedex Dataset,Is there uniformity in the variance of height among Pokémon compared to their weight?,"[{""column_header"": ""Height_m"", ""is_strata"": false, ""is_control"": false}, {""column_header"": ""Weight_kg"", ""is_strata"": false, ""is_control"": false}]",Variance Test,hard,"[{""method"": ""Mood Variance Test"", ""result"": ""{\""stat\"": -2.22679, \""p value\"": 0.02596}"", ""conclusion"": ""Variance significantly difference between them""}, {""method"": ""Levene Test"", ""result"": ""{\""stat\"": 220.01537, \""p value\"": 0.0}"", ""conclusion"": ""Variance significantly difference between them""}]","### Task Description: You need to select relevant columns and all applicable methods from provided list for the given statistical question.
### Instruction: You should only reply with one answer in JSON format containing two keys: 'columns' and 'methods'. The value of 'columns' is a list of columns' headers relevant to the given statistical question, and the value of 'methods' is a list containing all methods you think applicable. For example: {""columns"": [""c1"", ""c2"", ""...""], ""methods"": [""m1"", ""m2"", ""...""]}. If you think there is a strata or control variable involved, put its column header in the last item of the columns list. Ensure your methods selection is only limited to the classification list provided.
### Classification List: 
Correlation Analysis: Pearson Correlation Coefficient, Spearman Correlation Coefficient, Kendall Correlation Coefficient, Partial Correlation Coefficient;
Distribution Compliance Test: Anderson-Darling Test, Shapiro-Wilk Test of Normality, Kolmogorov-Smirnov Test for Normality, Lilliefors Test, Kolmogorov-Smirnov Test, Kolmogorov-Smirnov Test for Uniform distribution, Kolmogorov-Smirnov Test for Gamma distribution, Kolmogorov-Smirnov Test for Exponential distribution;
Contingency Table Test: Chi-square Independence Test, Fisher Exact Test, Mantel-Haenszel Test;
Descriptive Statistics: Mean, Median, Mode, Range, Quartile, Standard Deviation, Skewness, Kurtosis;
Variance Test: Mood Variance Test, Levene Test, Bartlett Test, F-Test for Variance.
### Column Information: 
column_header: Number; data_type: id; num_of_rows: 721; is_normality: False.
column_header: Name; data_type: other; num_of_rows: 721; is_normality: False.
column_header: Type_1; data_type: categorical; num_of_rows: 721; is_normality: False.
column_header: Type_2; data_type: categorical; num_of_rows: 721; is_normality: False.
column_header: Total; data_type: quantitative; num_of_rows: 721; is_normality: False.
column_header: HP; data_type: quantitative; num_of_rows: 721; is_normality: False.
column_header: Attack; data_type: quantitative; num_of_rows: 721; is_normality: False.
column_header: Defense; data_type: quantitative; num_of_rows: 721; is_normality: False.
column_header: Sp_Atk; data_type: quantitative; num_of_rows: 721; is_normality: False.
column_header: Sp_Def; data_type: quantitative; num_of_rows: 721; is_normality: False.
column_header: Speed; data_type: quantitative; num_of_rows: 721; is_normality: False.
column_header: Generation; data_type: categorical; num_of_rows: 721; is_normality: False.
column_header: isLegendary; data_type: categorical; num_of_rows: 721; is_normality: False.
column_header: Color; data_type: categorical; num_of_rows: 721; is_normality: False.
column_header: hasGender; data_type: categorical; num_of_rows: 721; is_normality: False.
column_header: Pr_Male; data_type: quantitative; num_of_rows: 721; is_normality: False.
column_header: Egg_Group_1; data_type: categorical; num_of_rows: 721; is_normality: False.
column_header: Egg_Group_2; data_type: categorical; num_of_rows: 721; is_normality: False.
column_header: hasMegaEvolution; data_type: categorical; num_of_rows: 721; is_normality: False.
column_header: Height_m; data_type: quantitative; num_of_rows: 721; is_normality: False.
column_header: Weight_kg; data_type: quantitative; num_of_rows: 721; is_normality: False.
column_header: Catch_Rate; data_type: quantitative; num_of_rows: 721; is_normality: False.
column_header: Body_Style; data_type: categorical; num_of_rows: 721; is_normality: False.
### Statistical Question: Is there uniformity in the variance of height among Pokémon compared to their weight?
### Response: Let's work this out in a step-by-step way to be sure we have the right answer. The answer of relevant columns and applicable methods in JSON format and reason is:","### Response:
```json
{
  ""columns"": [""Height_m"", ""Weight_kg""],
  ""methods"": [""Levene Test"", ""Bartlett Test"", ""F-Test for Variance""]
}
```

### Reason:
- **Columns**: The statistical question is about the uniformity of variance in height (`Height_m`) compared to weight (`Weight_kg`). Therefore, the relevant columns are `Height_m` and `Weight_kg`.
- **Methods**: To test for uniformity in variance between two quantitative variables, we can use variance tests such as the Levene Test, Bartlett Test, and F-Test for Variance. These methods are designed to determine if the variances of two or more groups are equal.","{""columns"": [""Height_m"", ""Weight_kg""], ""methods"": [""Mood Variance Test"", ""Levene Test""]}","{
  ""columns"": [""Height_m"", ""Weight_kg""],
  ""methods"": [""Levene Test"", ""Bartlett Test"", ""F-Test for Variance""]
}","{""Correct"": 1, ""Wrong"": 2, ""Missed"": 1}","{""Correct"": 2, ""Wrong"": 0, ""Missed"": 0}",0,1,0,False,False,False,True
Advertising Budget and Sales Dataset,"Does the budget allocated for TV advertising ($), follow a distribution that is suitable for methods assuming normality?","[{""column_header"": ""TV Ad Budget ($)"", ""is_strata"": false, ""is_control"": false}]",Distribution Compliance Test,hard,"[{""method"": ""Anderson-Darling Test"", ""result"": ""{\""AD results\"": \""{\\\""stat\\\"": 2.79201, \\\""crit\\\"": 0.565}\""}"", ""conclusion"": ""Non-normally distributed""}, {""method"": ""Kolmogorov-Smirnov Test for Normality"", ""result"": ""{\""p value\"": 0.08792}"", ""conclusion"": ""Normally distributed""}, {""method"": ""Lilliefors Test"", ""result"": ""{\""p value\"": 0.001}"", ""conclusion"": ""Non-normally distributed""}]","### Task Description: You need to select relevant columns and all applicable methods from provided list for the given statistical question.
### Instruction: You should only reply with one answer in JSON format containing two keys: 'columns' and 'methods'. The value of 'columns' is a list of columns' headers relevant to the given statistical question, and the value of 'methods' is a list containing all methods you think applicable. For example: {""columns"": [""c1"", ""c2"", ""...""], ""methods"": [""m1"", ""m2"", ""...""]}. If you think there is a strata or control variable involved, put its column header in the last item of the columns list. Ensure your methods selection is only limited to the classification list provided.
### Classification List: 
Correlation Analysis: Pearson Correlation Coefficient, Spearman Correlation Coefficient, Kendall Correlation Coefficient, Partial Correlation Coefficient;
Distribution Compliance Test: Anderson-Darling Test, Shapiro-Wilk Test of Normality, Kolmogorov-Smirnov Test for Normality, Lilliefors Test, Kolmogorov-Smirnov Test, Kolmogorov-Smirnov Test for Uniform distribution, Kolmogorov-Smirnov Test for Gamma distribution, Kolmogorov-Smirnov Test for Exponential distribution;
Contingency Table Test: Chi-square Independence Test, Fisher Exact Test, Mantel-Haenszel Test;
Descriptive Statistics: Mean, Median, Mode, Range, Quartile, Standard Deviation, Skewness, Kurtosis;
Variance Test: Mood Variance Test, Levene Test, Bartlett Test, F-Test for Variance.
### Column Information: 
column_header: Unnamed: 0; data_type: id; num_of_rows: 200; is_normality: False.
column_header: TV Ad Budget ($); data_type: quantitative; num_of_rows: 200; is_normality: False.
column_header: Radio Ad Budget ($); data_type: quantitative; num_of_rows: 200; is_normality: False.
column_header: Newspaper Ad Budget ($); data_type: quantitative; num_of_rows: 200; is_normality: False.
column_header: Sales ($); data_type: quantitative; num_of_rows: 200; is_normality: False.
### Statistical Question: Does the budget allocated for TV advertising ($), follow a distribution that is suitable for methods assuming normality?
### Response: Let's work this out in a step-by-step way to be sure we have the right answer. The answer of relevant columns and applicable methods in JSON format and reason is:","### Response:
Let's break down the statistical question and determine the relevant columns and methods.

**Statistical Question:** Does the budget allocated for TV advertising ($), follow a distribution that is suitable for methods assuming normality?

1. **Relevant Columns:**
   - The question specifically asks about the TV Ad Budget ($).

2. **Applicable Methods:**
   - To determine if the TV Ad Budget ($) follows a distribution suitable for methods assuming normality, we need to perform a normality test. The relevant methods from the provided list are:
     - Shapiro-Wilk Test of Normality
     - Anderson-Darling Test
     - Kolmogorov-Smirnov Test for Normality
     - Lilliefors Test

Based on the above analysis, the relevant columns and applicable methods are:

```json
{
  ""columns"": [""TV Ad Budget ($)""],
  ""methods"": [""Shapiro-Wilk Test of Normality"", ""Anderson-Darling Test"", ""Kolmogorov-Smirnov Test for Normality"", ""Lilliefors Test""]
}
```","{""columns"": [""TV Ad Budget ($)""], ""methods"": [""Anderson-Darling Test"", ""Kolmogorov-Smirnov Test for Normality"", ""Lilliefors Test""]}","{
  ""columns"": [""TV Ad Budget ($)""],
  ""methods"": [""Shapiro-Wilk Test of Normality"", ""Anderson-Darling Test"", ""Kolmogorov-Smirnov Test for Normality"", ""Lilliefors Test""]
}","{""Correct"": 3, ""Wrong"": 1, ""Missed"": 0}","{""Correct"": 1, ""Wrong"": 0, ""Missed"": 0}",0,1,0,False,False,False,True
Students Math-Reading-Writing Performance Dataset,Are the distributions of the scores on the standardized mathematics test and the standardized writing test closely aligned?,"[{""column_header"": ""math score"", ""is_strata"": false, ""is_control"": false}, {""column_header"": ""writing score"", ""is_strata"": false, ""is_control"": false}]",Distribution Compliance Test,easy,"[{""method"": ""Kolmogorov-Smirnov Test"", ""result"": ""{\""p value\"": 0.00331}"", ""conclusion"": ""Distribution significantly different""}]","### Task Description: You need to select relevant columns and all applicable methods from provided list for the given statistical question.
### Instruction: You should only reply with one answer in JSON format containing two keys: 'columns' and 'methods'. The value of 'columns' is a list of columns' headers relevant to the given statistical question, and the value of 'methods' is a list containing all methods you think applicable. For example: {""columns"": [""c1"", ""c2"", ""...""], ""methods"": [""m1"", ""m2"", ""...""]}. If you think there is a strata or control variable involved, put its column header in the last item of the columns list. Ensure your methods selection is only limited to the classification list provided.
### Classification List: 
Correlation Analysis: Pearson Correlation Coefficient, Spearman Correlation Coefficient, Kendall Correlation Coefficient, Partial Correlation Coefficient;
Distribution Compliance Test: Anderson-Darling Test, Shapiro-Wilk Test of Normality, Kolmogorov-Smirnov Test for Normality, Lilliefors Test, Kolmogorov-Smirnov Test, Kolmogorov-Smirnov Test for Uniform distribution, Kolmogorov-Smirnov Test for Gamma distribution, Kolmogorov-Smirnov Test for Exponential distribution;
Contingency Table Test: Chi-square Independence Test, Fisher Exact Test, Mantel-Haenszel Test;
Descriptive Statistics: Mean, Median, Mode, Range, Quartile, Standard Deviation, Skewness, Kurtosis;
Variance Test: Mood Variance Test, Levene Test, Bartlett Test, F-Test for Variance.
### Column Information: 
column_header: gender; data_type: categorical; num_of_rows: 1000; is_normality: False.
column_header: race/ethnicity; data_type: categorical; num_of_rows: 1000; is_normality: False.
column_header: parental level of education; data_type: categorical; num_of_rows: 1000; is_normality: False.
column_header: lunch; data_type: categorical; num_of_rows: 1000; is_normality: False.
column_header: test preparation course; data_type: categorical; num_of_rows: 1000; is_normality: False.
column_header: math score; data_type: quantitative; num_of_rows: 1000; is_normality: True.
column_header: reading score; data_type: quantitative; num_of_rows: 1000; is_normality: False.
column_header: writing score; data_type: quantitative; num_of_rows: 1000; is_normality: False.
### Statistical Question: Are the distributions of the scores on the standardized mathematics test and the standardized writing test closely aligned?
### Response: Let's work this out in a step-by-step way to be sure we have the right answer. The answer of relevant columns and applicable methods in JSON format and reason is:","### Response:
Let's break down the statistical question and determine the relevant columns and methods:

**Statistical Question:** Are the distributions of the scores on the standardized mathematics test and the standardized writing test closely aligned?

1. **Relevant Columns:**
   - `math score`: This is the quantitative score for the mathematics test.
   - `writing score`: This is the quantitative score for the writing test.

2. **Applicable Methods:**
   - **Kolmogorov-Smirnov Test:** This test can be used to compare the distributions of two samples to determine if they are from the same distribution.
   - **Anderson-Darling Test:** This test is also used to compare the distributions of two samples, providing a more sensitive test for differences in the tails of the distributions.

Given the above considerations, the relevant columns and methods are:

```json
{
  ""columns"": [""math score"", ""writing score""],
  ""methods"": [""Kolmogorov-Smirnov Test"", ""Anderson-Darling Test""]
}
```

This JSON format specifies the relevant columns and the methods that can be used to answer the statistical question.","{""columns"": [""math score"", ""writing score""], ""methods"": [""Kolmogorov-Smirnov Test""]}","{
  ""columns"": [""math score"", ""writing score""],
  ""methods"": [""Kolmogorov-Smirnov Test"", ""Anderson-Darling Test""]
}","{""Correct"": 1, ""Wrong"": 1, ""Missed"": 0}","{""Correct"": 2, ""Wrong"": 0, ""Missed"": 0}",0,1,0,False,False,False,True
Lung Cancer Survey Dataset,Is there a significant variation in the impact of SHORTNESS OF BREATH on LUNG_CANCER when controlling for the presence of ALLERGY?,"[{""column_header"": ""SHORTNESS OF BREATH"", ""is_strata"": false, ""is_control"": false}, {""column_header"": ""LUNG_CANCER"", ""is_strata"": false, ""is_control"": false}, {""column_header"": ""ALLERGY "", ""is_strata"": true, ""is_control"": false}]",Contingency Table Test,easy,"[{""method"": ""Mantel-Haenszel Test"", ""result"": ""{\""p value\"": 0.18723}"", ""conclusion"": ""Independent""}]","### Task Description: You need to select relevant columns and all applicable methods from provided list for the given statistical question.
### Instruction: You should only reply with one answer in JSON format containing two keys: 'columns' and 'methods'. The value of 'columns' is a list of columns' headers relevant to the given statistical question, and the value of 'methods' is a list containing all methods you think applicable. For example: {""columns"": [""c1"", ""c2"", ""...""], ""methods"": [""m1"", ""m2"", ""...""]}. If you think there is a strata or control variable involved, put its column header in the last item of the columns list. Ensure your methods selection is only limited to the classification list provided.
### Classification List: 
Correlation Analysis: Pearson Correlation Coefficient, Spearman Correlation Coefficient, Kendall Correlation Coefficient, Partial Correlation Coefficient;
Distribution Compliance Test: Anderson-Darling Test, Shapiro-Wilk Test of Normality, Kolmogorov-Smirnov Test for Normality, Lilliefors Test, Kolmogorov-Smirnov Test, Kolmogorov-Smirnov Test for Uniform distribution, Kolmogorov-Smirnov Test for Gamma distribution, Kolmogorov-Smirnov Test for Exponential distribution;
Contingency Table Test: Chi-square Independence Test, Fisher Exact Test, Mantel-Haenszel Test;
Descriptive Statistics: Mean, Median, Mode, Range, Quartile, Standard Deviation, Skewness, Kurtosis;
Variance Test: Mood Variance Test, Levene Test, Bartlett Test, F-Test for Variance.
### Column Information: 
column_header: GENDER; data_type: categorical; num_of_rows: 309; is_normality: False.
column_header: AGE; data_type: quantitative; num_of_rows: 309; is_normality: False.
column_header: SMOKING; data_type: categorical; num_of_rows: 309; is_normality: False.
column_header: YELLOW_FINGERS; data_type: categorical; num_of_rows: 309; is_normality: False.
column_header: ANXIETY; data_type: categorical; num_of_rows: 309; is_normality: False.
column_header: PEER_PRESSURE; data_type: categorical; num_of_rows: 309; is_normality: False.
column_header: CHRONIC DISEASE; data_type: categorical; num_of_rows: 309; is_normality: False.
column_header: FATIGUE ; data_type: categorical; num_of_rows: 309; is_normality: False.
column_header: ALLERGY ; data_type: categorical; num_of_rows: 309; is_normality: False.
column_header: WHEEZING; data_type: categorical; num_of_rows: 309; is_normality: False.
column_header: ALCOHOL CONSUMING; data_type: categorical; num_of_rows: 309; is_normality: False.
column_header: COUGHING; data_type: categorical; num_of_rows: 309; is_normality: False.
column_header: SHORTNESS OF BREATH; data_type: categorical; num_of_rows: 309; is_normality: False.
column_header: SWALLOWING DIFFICULTY; data_type: categorical; num_of_rows: 309; is_normality: False.
column_header: CHEST PAIN; data_type: categorical; num_of_rows: 309; is_normality: False.
column_header: LUNG_CANCER; data_type: categorical; num_of_rows: 309; is_normality: False.
### Statistical Question: Is there a significant variation in the impact of SHORTNESS OF BREATH on LUNG_CANCER when controlling for the presence of ALLERGY?
### Response: Let's work this out in a step-by-step way to be sure we have the right answer. The answer of relevant columns and applicable methods in JSON format and reason is:","### Response:
Let's break down the statistical question and identify the relevant columns and methods:

1. **Statistical Question**: Is there a significant variation in the impact of SHORTNESS OF BREATH on LUNG_CANCER when controlling for the presence of ALLERGY?

2. **Relevant Columns**:
   - **SHORTNESS OF BREATH**: This is the independent variable of interest.
   - **LUNG_CANCER**: This is the dependent variable.
   - **ALLERGY**: This is the control variable.

3. **Applicable Methods**:
   - **Contingency Table Test**: Since both SHORTNESS OF BREATH and LUNG_CANCER are categorical variables, we can use a Chi-square Independence Test to assess the relationship between them while controlling for ALLERGY. The Mantel-Haenszel Test can also be used to assess the relationship between SHORTNESS OF BREATH and LUNG_CANCER while controlling for ALLERGY.

Based on the above reasoning, the relevant columns and applicable methods are:

```json
{
  ""columns"": [""SHORTNESS OF BREATH"", ""LUNG_CANCER"", ""ALLERGY""],
  ""methods"": [""Chi-square Independence Test"", ""Mantel-Haenszel Test""]
}
```","{""columns"": [""SHORTNESS OF BREATH"", ""LUNG_CANCER"", ""ALLERGY ""], ""methods"": [""Mantel-Haenszel Test""]}","{
  ""columns"": [""SHORTNESS OF BREATH"", ""LUNG_CANCER"", ""ALLERGY""],
  ""methods"": [""Chi-square Independence Test"", ""Mantel-Haenszel Test""]
}","{""Correct"": 1, ""Wrong"": 1, ""Missed"": 0}","{""Correct"": 3, ""Wrong"": 0, ""Missed"": 0}",0,1,0,False,False,False,True
Obesity or CVD Risk Dataset,"Is there a relationship between the consumption of food between meals (CAEC) and the classification of weight status (NObeyesdad), which includes categories for underweight, normal, overweight, and various levels of obesity?","[{""column_header"": ""CAEC"", ""is_strata"": false, ""is_control"": false}, {""column_header"": ""NObeyesdad"", ""is_strata"": false, ""is_control"": false}]",Contingency Table Test,hard,"[{""method"": ""Chi-square Independence Test"", ""result"": ""{\""p value\"": 0.0}"", ""conclusion"": ""Not independent""}]","### Task Description: You need to select relevant columns and all applicable methods from provided list for the given statistical question.
### Instruction: You should only reply with one answer in JSON format containing two keys: 'columns' and 'methods'. The value of 'columns' is a list of columns' headers relevant to the given statistical question, and the value of 'methods' is a list containing all methods you think applicable. For example: {""columns"": [""c1"", ""c2"", ""...""], ""methods"": [""m1"", ""m2"", ""...""]}. If you think there is a strata or control variable involved, put its column header in the last item of the columns list. Ensure your methods selection is only limited to the classification list provided.
### Classification List: 
Correlation Analysis: Pearson Correlation Coefficient, Spearman Correlation Coefficient, Kendall Correlation Coefficient, Partial Correlation Coefficient;
Distribution Compliance Test: Anderson-Darling Test, Shapiro-Wilk Test of Normality, Kolmogorov-Smirnov Test for Normality, Lilliefors Test, Kolmogorov-Smirnov Test, Kolmogorov-Smirnov Test for Uniform distribution, Kolmogorov-Smirnov Test for Gamma distribution, Kolmogorov-Smirnov Test for Exponential distribution;
Contingency Table Test: Chi-square Independence Test, Fisher Exact Test, Mantel-Haenszel Test;
Descriptive Statistics: Mean, Median, Mode, Range, Quartile, Standard Deviation, Skewness, Kurtosis;
Variance Test: Mood Variance Test, Levene Test, Bartlett Test, F-Test for Variance.
### Column Information: 
column_header: Gender; data_type: categorical; num_of_rows: 2111; is_normality: False.
column_header: Age; data_type: quantitative; num_of_rows: 2111; is_normality: False.
column_header: Height; data_type: quantitative; num_of_rows: 2111; is_normality: False.
column_header: Weight; data_type: quantitative; num_of_rows: 2111; is_normality: False.
column_header: family_history_with_overweight; data_type: categorical; num_of_rows: 2111; is_normality: False.
column_header: FAVC; data_type: categorical; num_of_rows: 2111; is_normality: False.
column_header: FCVC; data_type: quantitative; num_of_rows: 2111; is_normality: False.
column_header: NCP; data_type: quantitative; num_of_rows: 2111; is_normality: False.
column_header: CAEC; data_type: categorical; num_of_rows: 2111; is_normality: False.
column_header: SMOKE; data_type: categorical; num_of_rows: 2111; is_normality: False.
column_header: CH2O; data_type: quantitative; num_of_rows: 2111; is_normality: False.
column_header: SCC; data_type: categorical; num_of_rows: 2111; is_normality: False.
column_header: FAF; data_type: quantitative; num_of_rows: 2111; is_normality: False.
column_header: TUE; data_type: quantitative; num_of_rows: 2111; is_normality: False.
column_header: CALC; data_type: categorical; num_of_rows: 2111; is_normality: False.
column_header: MTRANS; data_type: categorical; num_of_rows: 2111; is_normality: False.
column_header: NObeyesdad; data_type: categorical; num_of_rows: 2111; is_normality: False.
### Statistical Question: Is there a relationship between the consumption of food between meals (CAEC) and the classification of weight status (NObeyesdad), which includes categories for underweight, normal, overweight, and various levels of obesity?
### Response: Let's work this out in a step-by-step way to be sure we have the right answer. The answer of relevant columns and applicable methods in JSON format and reason is:","### Response:
Let's break down the statistical question and identify the relevant columns and methods:

1. **Statistical Question**: Is there a relationship between the consumption of food between meals (CAEC) and the classification of weight status (NObeyesdad)?

2. **Relevant Columns**:
   - `CAEC`: Consumption of food between meals (categorical).
   - `NObeyesdad`: Classification of weight status (categorical).

3. **Applicable Methods**:
   - Since both `CAEC` and `NObeyesdad` are categorical variables, we should use a contingency table test to determine if there is a relationship between them.
   - The appropriate methods from the provided list are:
     - Chi-square Independence Test
     - Fisher Exact Test

Given this analysis, the JSON response is:

```json
{
  ""columns"": [""CAEC"", ""NObeyesdad""],
  ""methods"": [""Chi-square Independence Test"", ""Fisher Exact Test""]
}
```","{""columns"": [""CAEC"", ""NObeyesdad""], ""methods"": [""Chi-square Independence Test""]}","{
  ""columns"": [""CAEC"", ""NObeyesdad""],
  ""methods"": [""Chi-square Independence Test"", ""Fisher Exact Test""]
}","{""Correct"": 1, ""Wrong"": 1, ""Missed"": 0}","{""Correct"": 2, ""Wrong"": 0, ""Missed"": 0}",0,1,0,False,False,False,True
Dataset for Admission in the University,Are the variations in TOEFL scores comparable to those in Letters of Recommendation?,"[{""column_header"": ""TOEFL Score"", ""is_strata"": false, ""is_control"": false}, {""column_header"": ""LOR "", ""is_strata"": false, ""is_control"": false}]",Variance Test,hard,"[{""method"": ""Mood Variance Test"", ""result"": ""{\""stat\"": 0.0, \""p value\"": 1.0}"", ""conclusion"": ""Variance not significantly difference between them""}, {""method"": ""Levene Test"", ""result"": ""{\""stat\"": 574.87401, \""p value\"": 0.0}"", ""conclusion"": ""Variance significantly difference between them""}]","### Task Description: You need to select relevant columns and all applicable methods from provided list for the given statistical question.
### Instruction: You should only reply with one answer in JSON format containing two keys: 'columns' and 'methods'. The value of 'columns' is a list of columns' headers relevant to the given statistical question, and the value of 'methods' is a list containing all methods you think applicable. For example: {""columns"": [""c1"", ""c2"", ""...""], ""methods"": [""m1"", ""m2"", ""...""]}. If you think there is a strata or control variable involved, put its column header in the last item of the columns list. Ensure your methods selection is only limited to the classification list provided.
### Classification List: 
Correlation Analysis: Pearson Correlation Coefficient, Spearman Correlation Coefficient, Kendall Correlation Coefficient, Partial Correlation Coefficient;
Distribution Compliance Test: Anderson-Darling Test, Shapiro-Wilk Test of Normality, Kolmogorov-Smirnov Test for Normality, Lilliefors Test, Kolmogorov-Smirnov Test, Kolmogorov-Smirnov Test for Uniform distribution, Kolmogorov-Smirnov Test for Gamma distribution, Kolmogorov-Smirnov Test for Exponential distribution;
Contingency Table Test: Chi-square Independence Test, Fisher Exact Test, Mantel-Haenszel Test;
Descriptive Statistics: Mean, Median, Mode, Range, Quartile, Standard Deviation, Skewness, Kurtosis;
Variance Test: Mood Variance Test, Levene Test, Bartlett Test, F-Test for Variance.
### Column Information: 
column_header: Serial No.; data_type: id; num_of_rows: 400; is_normality: False.
column_header: GRE Score; data_type: quantitative; num_of_rows: 400; is_normality: False.
column_header: TOEFL Score; data_type: quantitative; num_of_rows: 400; is_normality: False.
column_header: University Rating; data_type: categorical; num_of_rows: 400; is_normality: False.
column_header: SOP; data_type: quantitative; num_of_rows: 400; is_normality: False.
column_header: LOR ; data_type: quantitative; num_of_rows: 400; is_normality: False.
column_header: CGPA; data_type: quantitative; num_of_rows: 400; is_normality: True.
column_header: Research; data_type: categorical; num_of_rows: 400; is_normality: False.
column_header: Chance of Admit ; data_type: quantitative; num_of_rows: 400; is_normality: False.
### Statistical Question: Are the variations in TOEFL scores comparable to those in Letters of Recommendation?
### Response: Let's work this out in a step-by-step way to be sure we have the right answer. The answer of relevant columns and applicable methods in JSON format and reason is:","To address the statistical question ""Are the variations in TOEFL scores comparable to those in Letters of Recommendation?"", we need to focus on the relevant columns and the appropriate methods to test the variance comparability.

### Step-by-Step Analysis:

1. **Identify Relevant Columns:**
   - **TOEFL Score:** This is a quantitative variable.
   - **LOR (Letters of Recommendation):** This is also a quantitative variable.

2. **Select Applicable Methods:**
   - The question is about comparing the variations in two quantitative variables. Therefore, we need to use a variance test.
   - The appropriate methods for comparing variances are:
     - Mood Variance Test
     - Levene Test
     - Bartlett Test
     - F-Test for Variance

### JSON Response:

```json
{
  ""columns"": [""TOEFL Score"", ""LOR ""],
  ""methods"": [""Mood Variance Test"", ""Levene Test"", ""Bartlett Test"", ""F-Test for Variance""]
}
```

This response includes the relevant columns and the appropriate methods to test the variance comparability between TOEFL scores and Letters of Recommendation.","{""columns"": [""TOEFL Score"", ""LOR ""], ""methods"": [""Mood Variance Test"", ""Levene Test""]}","{
  ""columns"": [""TOEFL Score"", ""LOR ""],
  ""methods"": [""Mood Variance Test"", ""Levene Test"", ""Bartlett Test"", ""F-Test for Variance""]
}","{""Correct"": 2, ""Wrong"": 2, ""Missed"": 0}","{""Correct"": 2, ""Wrong"": 0, ""Missed"": 0}",0,1,0,False,False,False,True
Crop Production Dataset,Are the differences in yearly crop yields in Nigeria and Myanmar significantly distinct?,"[{""column_header"": ""Nigeria"", ""is_strata"": false, ""is_control"": false}, {""column_header"": ""Myanmar"", ""is_strata"": false, ""is_control"": false}]",Variance Test,easy,"[{""method"": ""Mood Variance Test"", ""result"": ""{\""stat\"": 0.0, \""p value\"": 1.0}"", ""conclusion"": ""Variance not significantly difference between them""}, {""method"": ""Levene Test"", ""result"": ""{\""stat\"": 3.01313, \""p value\"": 0.13328}"", ""conclusion"": ""Variance not significantly difference between them""}, {""method"": ""Bartlett Test"", ""result"": ""{\""stat\"": 2.63432, \""p value\"": 0.10458}"", ""conclusion"": ""Variance not significantly difference between them""}, {""method"": ""F-Test for Variance"", ""result"": ""{\""stat\"": 21.29768, \""p value\"": 0.00363}"", ""conclusion"": ""Variance significantly difference between them""}]","### Task Description: You need to select relevant columns and all applicable methods from provided list for the given statistical question.
### Instruction: You should only reply with one answer in JSON format containing two keys: 'columns' and 'methods'. The value of 'columns' is a list of columns' headers relevant to the given statistical question, and the value of 'methods' is a list containing all methods you think applicable. For example: {""columns"": [""c1"", ""c2"", ""...""], ""methods"": [""m1"", ""m2"", ""...""]}. If you think there is a strata or control variable involved, put its column header in the last item of the columns list. Ensure your methods selection is only limited to the classification list provided.
### Classification List: 
Correlation Analysis: Pearson Correlation Coefficient, Spearman Correlation Coefficient, Kendall Correlation Coefficient, Partial Correlation Coefficient;
Distribution Compliance Test: Anderson-Darling Test, Shapiro-Wilk Test of Normality, Kolmogorov-Smirnov Test for Normality, Lilliefors Test, Kolmogorov-Smirnov Test, Kolmogorov-Smirnov Test for Uniform distribution, Kolmogorov-Smirnov Test for Gamma distribution, Kolmogorov-Smirnov Test for Exponential distribution;
Contingency Table Test: Chi-square Independence Test, Fisher Exact Test, Mantel-Haenszel Test;
Descriptive Statistics: Mean, Median, Mode, Range, Quartile, Standard Deviation, Skewness, Kurtosis;
Variance Test: Mood Variance Test, Levene Test, Bartlett Test, F-Test for Variance.
### Column Information: 
column_header: Year; data_type: Other; num_of_rows: 4; is_normality: False.
column_header: Nigeria; data_type: quantitative; num_of_rows: 4; is_normality: True.
column_header: Pakistan; data_type: quantitative; num_of_rows: 4; is_normality: True.
column_header: Japan; data_type: quantitative; num_of_rows: 4; is_normality: True.
column_header: United States; data_type: quantitative; num_of_rows: 4; is_normality: True.
column_header: Brazil; data_type: quantitative; num_of_rows: 4; is_normality: True.
column_header: Philippines; data_type: quantitative; num_of_rows: 4; is_normality: True.
column_header: Myanmar; data_type: quantitative; num_of_rows: 4; is_normality: True.
column_header: Thailand; data_type: quantitative; num_of_rows: 4; is_normality: True.
column_header: Vietnam; data_type: quantitative; num_of_rows: 4; is_normality: True.
column_header: Indonesia; data_type: quantitative; num_of_rows: 4; is_normality: True.
column_header: Bangladesh; data_type: quantitative; num_of_rows: 4; is_normality: True.
column_header: India; data_type: quantitative; num_of_rows: 4; is_normality: True.
column_header: China; data_type: quantitative; num_of_rows: 4; is_normality: True.
### Statistical Question: Are the differences in yearly crop yields in Nigeria and Myanmar significantly distinct?
### Response: Let's work this out in a step-by-step way to be sure we have the right answer. The answer of relevant columns and applicable methods in JSON format and reason is:","### Response:
Let's break down the statistical question and determine the appropriate columns and methods.

**Statistical Question:** Are the differences in yearly crop yields in Nigeria and Myanmar significantly distinct?

1. **Relevant Columns:**
   - Nigeria (quantitative)
   - Myanmar (quantitative)

2. **Applicable Methods:**
   - Since we are comparing the differences in yearly crop yields between two countries (Nigeria and Myanmar), we need to use a method that can test for significant differences between two groups. The most appropriate method here is the **Variance Test** (specifically, Levene Test, Bartlett Test, or F-Test for Variance) to check if the variances are equal, followed by a **t-test** (which is not in the provided list, but the closest method in the list would be a Variance Test).

Given the provided classification list, the closest method to a t-test is a Variance Test.

### JSON Response:
```json
{
  ""columns"": [""Nigeria"", ""Myanmar""],
  ""methods"": [""Levene Test"", ""Bartlett Test"", ""F-Test for Variance""]
}
```

This response includes the relevant columns and the applicable methods from the provided list.","{""columns"": [""Nigeria"", ""Myanmar""], ""methods"": [""Mood Variance Test"", ""Levene Test"", ""Bartlett Test"", ""F-Test for Variance""]}","{
  ""columns"": [""Nigeria"", ""Myanmar""],
  ""methods"": [""Levene Test"", ""Bartlett Test"", ""F-Test for Variance""]
}","{""Correct"": 3, ""Wrong"": 0, ""Missed"": 1}","{""Correct"": 2, ""Wrong"": 0, ""Missed"": 0}",0,1,0,False,False,False,True
Crop Production Dataset,Do the annual crop production variances in Pakistan and Myanmar show statistical similarity?,"[{""column_header"": ""Pakistan"", ""is_strata"": false, ""is_control"": false}, {""column_header"": ""Myanmar"", ""is_strata"": false, ""is_control"": false}]",Variance Test,easy,"[{""method"": ""Mood Variance Test"", ""result"": ""{\""stat\"": 0.0, \""p value\"": 1.0}"", ""conclusion"": ""Variance not significantly difference between them""}, {""method"": ""Levene Test"", ""result"": ""{\""stat\"": 4.97968, \""p value\"": 0.06713}"", ""conclusion"": ""Variance not significantly difference between them""}, {""method"": ""Bartlett Test"", ""result"": ""{\""stat\"": 5.07889, \""p value\"": 0.02422}"", ""conclusion"": ""Variance significantly difference between them""}, {""method"": ""F-Test for Variance"", ""result"": ""{\""stat\"": 17.46659, \""p value\"": 0.00582}"", ""conclusion"": ""Variance significantly difference between them""}]","### Task Description: You need to select relevant columns and all applicable methods from provided list for the given statistical question.
### Instruction: You should only reply with one answer in JSON format containing two keys: 'columns' and 'methods'. The value of 'columns' is a list of columns' headers relevant to the given statistical question, and the value of 'methods' is a list containing all methods you think applicable. For example: {""columns"": [""c1"", ""c2"", ""...""], ""methods"": [""m1"", ""m2"", ""...""]}. If you think there is a strata or control variable involved, put its column header in the last item of the columns list. Ensure your methods selection is only limited to the classification list provided.
### Classification List: 
Correlation Analysis: Pearson Correlation Coefficient, Spearman Correlation Coefficient, Kendall Correlation Coefficient, Partial Correlation Coefficient;
Distribution Compliance Test: Anderson-Darling Test, Shapiro-Wilk Test of Normality, Kolmogorov-Smirnov Test for Normality, Lilliefors Test, Kolmogorov-Smirnov Test, Kolmogorov-Smirnov Test for Uniform distribution, Kolmogorov-Smirnov Test for Gamma distribution, Kolmogorov-Smirnov Test for Exponential distribution;
Contingency Table Test: Chi-square Independence Test, Fisher Exact Test, Mantel-Haenszel Test;
Descriptive Statistics: Mean, Median, Mode, Range, Quartile, Standard Deviation, Skewness, Kurtosis;
Variance Test: Mood Variance Test, Levene Test, Bartlett Test, F-Test for Variance.
### Column Information: 
column_header: Year; data_type: Other; num_of_rows: 4; is_normality: False.
column_header: Nigeria; data_type: quantitative; num_of_rows: 4; is_normality: True.
column_header: Pakistan; data_type: quantitative; num_of_rows: 4; is_normality: True.
column_header: Japan; data_type: quantitative; num_of_rows: 4; is_normality: True.
column_header: United States; data_type: quantitative; num_of_rows: 4; is_normality: True.
column_header: Brazil; data_type: quantitative; num_of_rows: 4; is_normality: True.
column_header: Philippines; data_type: quantitative; num_of_rows: 4; is_normality: True.
column_header: Myanmar; data_type: quantitative; num_of_rows: 4; is_normality: True.
column_header: Thailand; data_type: quantitative; num_of_rows: 4; is_normality: True.
column_header: Vietnam; data_type: quantitative; num_of_rows: 4; is_normality: True.
column_header: Indonesia; data_type: quantitative; num_of_rows: 4; is_normality: True.
column_header: Bangladesh; data_type: quantitative; num_of_rows: 4; is_normality: True.
column_header: India; data_type: quantitative; num_of_rows: 4; is_normality: True.
column_header: China; data_type: quantitative; num_of_rows: 4; is_normality: True.
### Statistical Question: Do the annual crop production variances in Pakistan and Myanmar show statistical similarity?
### Response: Let's work this out in a step-by-step way to be sure we have the right answer. The answer of relevant columns and applicable methods in JSON format and reason is:","### Response:
Let's break down the statistical question and determine the appropriate columns and methods.

**Statistical Question:** Do the annual crop production variances in Pakistan and Myanmar show statistical similarity?

1. **Relevant Columns:**
   - We need the columns for Pakistan and Myanmar since we are comparing their annual crop production variances.
   - Therefore, the relevant columns are: `Pakistan`, `Myanmar`.

2. **Applicable Methods:**
   - We need to test if the variances of the annual crop production in Pakistan and Myanmar are statistically similar.
   - The appropriate test for comparing variances is the **F-Test for Variance** or **Levene Test**.

Based on the above reasoning, the JSON response should be:

```json
{
  ""columns"": [""Pakistan"", ""Myanmar""],
  ""methods"": [""F-Test for Variance"", ""Levene Test""]
}
```","{""columns"": [""Pakistan"", ""Myanmar""], ""methods"": [""Mood Variance Test"", ""Levene Test"", ""Bartlett Test"", ""F-Test for Variance""]}","{
  ""columns"": [""Pakistan"", ""Myanmar""],
  ""methods"": [""F-Test for Variance"", ""Levene Test""]
}","{""Correct"": 2, ""Wrong"": 0, ""Missed"": 2}","{""Correct"": 2, ""Wrong"": 0, ""Missed"": 0}",0,1,0,False,False,False,True
Dataset for Admission in the University,Do changes in the Strength of the applicant's Statement of Purpose (SOP) correspond to similar changes in the Grade Point Average (GPA) of the applicant during their undergraduate studies?,"[{""column_header"": ""SOP"", ""is_strata"": false, ""is_control"": false}, {""column_header"": ""CGPA"", ""is_strata"": false, ""is_control"": false}]",Correlation Analysis,easy,"[{""method"": ""Pearson Correlation Coefficient"", ""result"": ""{\""coefficient\"": 0.71814}"", ""conclusion"": ""Strongly correlated""}, {""method"": ""Spearman Correlation Coefficient"", ""result"": ""{\""coefficient\"": 0.72435}"", ""conclusion"": ""Strongly correlated""}, {""method"": ""Kendall Correlation Coefficient"", ""result"": ""{\""coefficient\"": 0.56525}"", ""conclusion"": ""Strongly correlated""}]","### Task Description: You need to select relevant columns and all applicable methods from provided list for the given statistical question.
### Instruction: You should only reply with one answer in JSON format containing two keys: 'columns' and 'methods'. The value of 'columns' is a list of columns' headers relevant to the given statistical question, and the value of 'methods' is a list containing all methods you think applicable. For example: {""columns"": [""c1"", ""c2"", ""...""], ""methods"": [""m1"", ""m2"", ""...""]}. If you think there is a strata or control variable involved, put its column header in the last item of the columns list. Ensure your methods selection is only limited to the classification list provided.
### Classification List: 
Correlation Analysis: Pearson Correlation Coefficient, Spearman Correlation Coefficient, Kendall Correlation Coefficient, Partial Correlation Coefficient;
Distribution Compliance Test: Anderson-Darling Test, Shapiro-Wilk Test of Normality, Kolmogorov-Smirnov Test for Normality, Lilliefors Test, Kolmogorov-Smirnov Test, Kolmogorov-Smirnov Test for Uniform distribution, Kolmogorov-Smirnov Test for Gamma distribution, Kolmogorov-Smirnov Test for Exponential distribution;
Contingency Table Test: Chi-square Independence Test, Fisher Exact Test, Mantel-Haenszel Test;
Descriptive Statistics: Mean, Median, Mode, Range, Quartile, Standard Deviation, Skewness, Kurtosis;
Variance Test: Mood Variance Test, Levene Test, Bartlett Test, F-Test for Variance.
### Column Information: 
column_header: Serial No.; data_type: id; num_of_rows: 400; is_normality: False.
column_header: GRE Score; data_type: quantitative; num_of_rows: 400; is_normality: False.
column_header: TOEFL Score; data_type: quantitative; num_of_rows: 400; is_normality: False.
column_header: University Rating; data_type: categorical; num_of_rows: 400; is_normality: False.
column_header: SOP; data_type: quantitative; num_of_rows: 400; is_normality: False.
column_header: LOR ; data_type: quantitative; num_of_rows: 400; is_normality: False.
column_header: CGPA; data_type: quantitative; num_of_rows: 400; is_normality: True.
column_header: Research; data_type: categorical; num_of_rows: 400; is_normality: False.
column_header: Chance of Admit ; data_type: quantitative; num_of_rows: 400; is_normality: False.
### Statistical Question: Do changes in the Strength of the applicant's Statement of Purpose (SOP) correspond to similar changes in the Grade Point Average (GPA) of the applicant during their undergraduate studies?
### Response: Let's work this out in a step-by-step way to be sure we have the right answer. The answer of relevant columns and applicable methods in JSON format and reason is:","### Step-by-Step Analysis:

1. **Identify Relevant Columns:**
   - The statistical question is about the relationship between the Strength of the applicant's Statement of Purpose (SOP) and the Grade Point Average (CGPA).
   - Therefore, the relevant columns are:
     - SOP (quantitative)
     - CGPA (quantitative)

2. **Identify Applicable Methods:**
   - The question is asking about the relationship between two quantitative variables (SOP and CGPA).
   - The appropriate methods to analyze the relationship between two quantitative variables are correlation analysis methods.
   - The relevant methods from the provided list are:
     - Pearson Correlation Coefficient
     - Spearman Correlation Coefficient
     - Kendall Correlation Coefficient
     - Partial Correlation Coefficient

### Response:

```json
{
  ""columns"": [""SOP"", ""CGPA""],
  ""methods"": [""Pearson Correlation Coefficient"", ""Spearman Correlation Coefficient"", ""Kendall Correlation Coefficient"", ""Partial Correlation Coefficient""]
}
```","{""columns"": [""SOP"", ""CGPA""], ""methods"": [""Pearson Correlation Coefficient"", ""Spearman Correlation Coefficient"", ""Kendall Correlation Coefficient""]}","{
  ""columns"": [""SOP"", ""CGPA""],
  ""methods"": [""Pearson Correlation Coefficient"", ""Spearman Correlation Coefficient"", ""Kendall Correlation Coefficient"", ""Partial Correlation Coefficient""]
}","{""Correct"": 3, ""Wrong"": 1, ""Missed"": 0}","{""Correct"": 2, ""Wrong"": 0, ""Missed"": 0}",0,1,0,False,False,False,True
Lung Cancer Survey Dataset,Does there appear to be an interaction between gender and the experience of peer pressure related to smoking?,"[{""column_header"": ""GENDER"", ""is_strata"": false, ""is_control"": false}, {""column_header"": ""PEER_PRESSURE"", ""is_strata"": false, ""is_control"": false}]",Contingency Table Test,easy,"[{""method"": ""Chi-square Independence Test"", ""result"": ""{\""p value\"": 0.0}"", ""conclusion"": ""Not independent""}, {""method"": ""Fisher Exact Test"", ""result"": ""{\""p value\"": 0.0}"", ""conclusion"": ""Not independent""}]","### Task Description: You need to select relevant columns and all applicable methods from provided list for the given statistical question.
### Instruction: You should only reply with one answer in JSON format containing two keys: 'columns' and 'methods'. The value of 'columns' is a list of columns' headers relevant to the given statistical question, and the value of 'methods' is a list containing all methods you think applicable. For example: {""columns"": [""c1"", ""c2"", ""...""], ""methods"": [""m1"", ""m2"", ""...""]}. If you think there is a strata or control variable involved, put its column header in the last item of the columns list. Ensure your methods selection is only limited to the classification list provided.
### Classification List: 
Correlation Analysis: Pearson Correlation Coefficient, Spearman Correlation Coefficient, Kendall Correlation Coefficient, Partial Correlation Coefficient;
Distribution Compliance Test: Anderson-Darling Test, Shapiro-Wilk Test of Normality, Kolmogorov-Smirnov Test for Normality, Lilliefors Test, Kolmogorov-Smirnov Test, Kolmogorov-Smirnov Test for Uniform distribution, Kolmogorov-Smirnov Test for Gamma distribution, Kolmogorov-Smirnov Test for Exponential distribution;
Contingency Table Test: Chi-square Independence Test, Fisher Exact Test, Mantel-Haenszel Test;
Descriptive Statistics: Mean, Median, Mode, Range, Quartile, Standard Deviation, Skewness, Kurtosis;
Variance Test: Mood Variance Test, Levene Test, Bartlett Test, F-Test for Variance.
### Column Information: 
column_header: GENDER; data_type: categorical; num_of_rows: 309; is_normality: False.
column_header: AGE; data_type: quantitative; num_of_rows: 309; is_normality: False.
column_header: SMOKING; data_type: categorical; num_of_rows: 309; is_normality: False.
column_header: YELLOW_FINGERS; data_type: categorical; num_of_rows: 309; is_normality: False.
column_header: ANXIETY; data_type: categorical; num_of_rows: 309; is_normality: False.
column_header: PEER_PRESSURE; data_type: categorical; num_of_rows: 309; is_normality: False.
column_header: CHRONIC DISEASE; data_type: categorical; num_of_rows: 309; is_normality: False.
column_header: FATIGUE ; data_type: categorical; num_of_rows: 309; is_normality: False.
column_header: ALLERGY ; data_type: categorical; num_of_rows: 309; is_normality: False.
column_header: WHEEZING; data_type: categorical; num_of_rows: 309; is_normality: False.
column_header: ALCOHOL CONSUMING; data_type: categorical; num_of_rows: 309; is_normality: False.
column_header: COUGHING; data_type: categorical; num_of_rows: 309; is_normality: False.
column_header: SHORTNESS OF BREATH; data_type: categorical; num_of_rows: 309; is_normality: False.
column_header: SWALLOWING DIFFICULTY; data_type: categorical; num_of_rows: 309; is_normality: False.
column_header: CHEST PAIN; data_type: categorical; num_of_rows: 309; is_normality: False.
column_header: LUNG_CANCER; data_type: categorical; num_of_rows: 309; is_normality: False.
### Statistical Question: Does there appear to be an interaction between gender and the experience of peer pressure related to smoking?
### Response: Let's work this out in a step-by-step way to be sure we have the right answer. The answer of relevant columns and applicable methods in JSON format and reason is:","### Step-by-Step Analysis:

1. **Identify Relevant Columns:**
   - The statistical question asks about the interaction between gender and peer pressure related to smoking.
   - The relevant columns are:
     - `GENDER`: This is the categorical variable representing gender.
     - `PEER_PRESSURE`: This is the categorical variable representing peer pressure related to smoking.

2. **Identify Applicable Methods:**
   - The question is about interaction between two categorical variables, which can be analyzed using a contingency table test.
   - The appropriate method from the provided list is:
     - Chi-square Independence Test: This test can be used to determine if there is a significant association between two categorical variables.

### Response:
```json
{
  ""columns"": [""GENDER"", ""PEER_PRESSURE""],
  ""methods"": [""Chi-square Independence Test""]
}
```","{""columns"": [""GENDER"", ""PEER_PRESSURE""], ""methods"": [""Chi-square Independence Test"", ""Fisher Exact Test""]}","{
  ""columns"": [""GENDER"", ""PEER_PRESSURE""],
  ""methods"": [""Chi-square Independence Test""]
}","{""Correct"": 1, ""Wrong"": 0, ""Missed"": 1}","{""Correct"": 2, ""Wrong"": 0, ""Missed"": 0}",0,1,0,False,False,False,True
Dataset for Admission in the University,Are the levels of variability in GRE scores comparable to those in the strength of the applicant's Statement of Purpose?,"[{""column_header"": ""GRE Score"", ""is_strata"": false, ""is_control"": false}, {""column_header"": ""SOP"", ""is_strata"": false, ""is_control"": false}]",Variance Test,hard,"[{""method"": ""Mood Variance Test"", ""result"": ""{\""stat\"": 0.0, \""p value\"": 1.0}"", ""conclusion"": ""Variance not significantly difference between them""}, {""method"": ""Levene Test"", ""result"": ""{\""stat\"": 719.36642, \""p value\"": 0.0}"", ""conclusion"": ""Variance significantly difference between them""}]","### Task Description: You need to select relevant columns and all applicable methods from provided list for the given statistical question.
### Instruction: You should only reply with one answer in JSON format containing two keys: 'columns' and 'methods'. The value of 'columns' is a list of columns' headers relevant to the given statistical question, and the value of 'methods' is a list containing all methods you think applicable. For example: {""columns"": [""c1"", ""c2"", ""...""], ""methods"": [""m1"", ""m2"", ""...""]}. If you think there is a strata or control variable involved, put its column header in the last item of the columns list. Ensure your methods selection is only limited to the classification list provided.
### Classification List: 
Correlation Analysis: Pearson Correlation Coefficient, Spearman Correlation Coefficient, Kendall Correlation Coefficient, Partial Correlation Coefficient;
Distribution Compliance Test: Anderson-Darling Test, Shapiro-Wilk Test of Normality, Kolmogorov-Smirnov Test for Normality, Lilliefors Test, Kolmogorov-Smirnov Test, Kolmogorov-Smirnov Test for Uniform distribution, Kolmogorov-Smirnov Test for Gamma distribution, Kolmogorov-Smirnov Test for Exponential distribution;
Contingency Table Test: Chi-square Independence Test, Fisher Exact Test, Mantel-Haenszel Test;
Descriptive Statistics: Mean, Median, Mode, Range, Quartile, Standard Deviation, Skewness, Kurtosis;
Variance Test: Mood Variance Test, Levene Test, Bartlett Test, F-Test for Variance.
### Column Information: 
column_header: Serial No.; data_type: id; num_of_rows: 400; is_normality: False.
column_header: GRE Score; data_type: quantitative; num_of_rows: 400; is_normality: False.
column_header: TOEFL Score; data_type: quantitative; num_of_rows: 400; is_normality: False.
column_header: University Rating; data_type: categorical; num_of_rows: 400; is_normality: False.
column_header: SOP; data_type: quantitative; num_of_rows: 400; is_normality: False.
column_header: LOR ; data_type: quantitative; num_of_rows: 400; is_normality: False.
column_header: CGPA; data_type: quantitative; num_of_rows: 400; is_normality: True.
column_header: Research; data_type: categorical; num_of_rows: 400; is_normality: False.
column_header: Chance of Admit ; data_type: quantitative; num_of_rows: 400; is_normality: False.
### Statistical Question: Are the levels of variability in GRE scores comparable to those in the strength of the applicant's Statement of Purpose?
### Response: Let's work this out in a step-by-step way to be sure we have the right answer. The answer of relevant columns and applicable methods in JSON format and reason is:","To address the statistical question ""Are the levels of variability in GRE scores comparable to those in the strength of the applicant's Statement of Purpose?"", we need to focus on the variability (variance) of the two quantitative variables: GRE Score and SOP (Statement of Purpose).

### Step-by-Step Reasoning:
1. **Identify Relevant Columns:**
   - **GRE Score:** This is a quantitative variable that we need to compare the variability of.
   - **SOP:** This is also a quantitative variable that we need to compare the variability of.

2. **Identify Applicable Methods:**
   - **Variance Test:** Since the question is about comparing the levels of variability (variance) between two quantitative variables, we need to use a variance test. The appropriate methods from the provided list are:
     - Mood Variance Test
     - Levene Test
     - Bartlett Test
     - F-Test for Variance

### JSON Response:
```json
{
  ""columns"": [""GRE Score"", ""SOP""],
  ""methods"": [""Mood Variance Test"", ""Levene Test"", ""Bartlett Test"", ""F-Test for Variance""]
}
```

This response includes the relevant columns and the appropriate methods to test the hypothesis about the comparability of the levels of variability in GRE scores and the strength of the applicant's Statement of Purpose.","{""columns"": [""GRE Score"", ""SOP""], ""methods"": [""Mood Variance Test"", ""Levene Test""]}","{
  ""columns"": [""GRE Score"", ""SOP""],
  ""methods"": [""Mood Variance Test"", ""Levene Test"", ""Bartlett Test"", ""F-Test for Variance""]
}","{""Correct"": 2, ""Wrong"": 2, ""Missed"": 0}","{""Correct"": 2, ""Wrong"": 0, ""Missed"": 0}",0,1,0,False,False,False,True
Los Angeles Library Monthly Statistics,What are the implications if the number of homeless individuals served at The Source does not follow a normal distribution?,"[{""column_header"": ""# of Homeless Individuals Served at The Source"", ""is_strata"": false, ""is_control"": false}]",Distribution Compliance Test,hard,"[{""method"": ""Anderson-Darling Test"", ""result"": ""{\""AD results\"": \""{\\\""stat\\\"": 0.62, \\\""crit\\\"": 0.524}\""}"", ""conclusion"": ""Non-normally distributed""}, {""method"": ""Shapiro-Wilk Test of Normality"", ""result"": ""{\""p value\"": 0.09236}"", ""conclusion"": ""Normally distributed""}, {""method"": ""Kolmogorov-Smirnov Test for Normality"", ""result"": ""{\""p value\"": 0.54899}"", ""conclusion"": ""Normally distributed""}]","### Task Description: You need to select relevant columns and all applicable methods from provided list for the given statistical question.
### Instruction: You should only reply with one answer in JSON format containing two keys: 'columns' and 'methods'. The value of 'columns' is a list of columns' headers relevant to the given statistical question, and the value of 'methods' is a list containing all methods you think applicable. For example: {""columns"": [""c1"", ""c2"", ""...""], ""methods"": [""m1"", ""m2"", ""...""]}. If you think there is a strata or control variable involved, put its column header in the last item of the columns list. Ensure your methods selection is only limited to the classification list provided.
### Classification List: 
Correlation Analysis: Pearson Correlation Coefficient, Spearman Correlation Coefficient, Kendall Correlation Coefficient, Partial Correlation Coefficient;
Distribution Compliance Test: Anderson-Darling Test, Shapiro-Wilk Test of Normality, Kolmogorov-Smirnov Test for Normality, Lilliefors Test, Kolmogorov-Smirnov Test, Kolmogorov-Smirnov Test for Uniform distribution, Kolmogorov-Smirnov Test for Gamma distribution, Kolmogorov-Smirnov Test for Exponential distribution;
Contingency Table Test: Chi-square Independence Test, Fisher Exact Test, Mantel-Haenszel Test;
Descriptive Statistics: Mean, Median, Mode, Range, Quartile, Standard Deviation, Skewness, Kurtosis;
Variance Test: Mood Variance Test, Levene Test, Bartlett Test, F-Test for Variance.
### Column Information: 
column_header: Date; data_type: other; num_of_rows: 72; is_normality: False.
column_header: Total Library Visitors; data_type: quantitative; num_of_rows: 72; is_normality: True.
column_header: Total Program Attendees; data_type: quantitative; num_of_rows: 72; is_normality: False.
column_header: Total eMedia Circulation; data_type: quantitative; num_of_rows: 72; is_normality: True.
column_header: Total Cardholders; data_type: quantitative; num_of_rows: 72; is_normality: False.
column_header: Total Computer Usage (Wireless + PC Sessions); data_type: quantitative; num_of_rows: 72; is_normality: False.
column_header: New Cardholders; data_type: quantitative; num_of_rows: 72; is_normality: False.
column_header: # of Individuals Assisted in Pursuing Citizenship; data_type: quantitative; num_of_rows: 72; is_normality: False.
column_header: # of Homeless Individuals Served at The Source; data_type: quantitative; num_of_rows: 72; is_normality: False.
column_header: # of Attendees at Children's and Teen Programming; data_type: quantitative; num_of_rows: 72; is_normality: False.
### Statistical Question: What are the implications if the number of homeless individuals served at The Source does not follow a normal distribution?
### Response: Let's work this out in a step-by-step way to be sure we have the right answer. The answer of relevant columns and applicable methods in JSON format and reason is:","### Response:
Let's break down the problem step-by-step:

1. **Identify the Relevant Column:**
   - The statistical question is about the number of homeless individuals served at The Source, which corresponds to the column `# of Homeless Individuals Served at The Source`.

2. **Determine the Applicable Methods:**
   - The question asks about the implications if the number of homeless individuals served does not follow a normal distribution. This implies we need to test for normality and understand the implications of non-normality.
   - From the provided classification list, the relevant methods for testing normality are:
     - Shapiro-Wilk Test of Normality
     - Anderson-Darling Test
     - Kolmogorov-Smirnov Test for Normality
     - Lilliefors Test

3. **Formulate the JSON Response:**
   - The relevant column is `# of Homeless Individuals Served at The Source`.
   - The applicable methods are the normality tests listed above.

Here is the JSON response:

```json
{
  ""columns"": [""# of Homeless Individuals Served at The Source""],
  ""methods"": [""Shapiro-Wilk Test of Normality"", ""Anderson-Darling Test"", ""Kolmogorov-Smirnov Test for Normality"", ""Lilliefors Test""]
}
```

This response captures the relevant column and the appropriate methods to address the statistical question.","{""columns"": [""# of Homeless Individuals Served at The Source""], ""methods"": [""Anderson-Darling Test"", ""Shapiro-Wilk Test of Normality"", ""Kolmogorov-Smirnov Test for Normality""]}","{
  ""columns"": [""# of Homeless Individuals Served at The Source""],
  ""methods"": [""Shapiro-Wilk Test of Normality"", ""Anderson-Darling Test"", ""Kolmogorov-Smirnov Test for Normality"", ""Lilliefors Test""]
}","{""Correct"": 3, ""Wrong"": 1, ""Missed"": 0}","{""Correct"": 1, ""Wrong"": 0, ""Missed"": 0}",0,1,0,False,False,False,True
Exercise and Fitness Metrics Dataset,What are the implications of non-normal distribution of age?,"[{""column_header"": ""Age"", ""is_strata"": false, ""is_control"": false}]",Distribution Compliance Test,hard,"[{""method"": ""Anderson-Darling Test"", ""result"": ""{\""AD results\"": \""{\\\""stat\\\"": 47.09029, \\\""crit\\\"": 0.575}\""}"", ""conclusion"": ""Non-normally distributed""}, {""method"": ""Kolmogorov-Smirnov Test for Normality"", ""result"": ""{\""p value\"": 0.0}"", ""conclusion"": ""Non-normally distributed""}, {""method"": ""Lilliefors Test"", ""result"": ""{\""p value\"": 0.001}"", ""conclusion"": ""Non-normally distributed""}]","### Task Description: You need to select relevant columns and all applicable methods from provided list for the given statistical question.
### Instruction: You should only reply with one answer in JSON format containing two keys: 'columns' and 'methods'. The value of 'columns' is a list of columns' headers relevant to the given statistical question, and the value of 'methods' is a list containing all methods you think applicable. For example: {""columns"": [""c1"", ""c2"", ""...""], ""methods"": [""m1"", ""m2"", ""...""]}. If you think there is a strata or control variable involved, put its column header in the last item of the columns list. Ensure your methods selection is only limited to the classification list provided.
### Classification List: 
Correlation Analysis: Pearson Correlation Coefficient, Spearman Correlation Coefficient, Kendall Correlation Coefficient, Partial Correlation Coefficient;
Distribution Compliance Test: Anderson-Darling Test, Shapiro-Wilk Test of Normality, Kolmogorov-Smirnov Test for Normality, Lilliefors Test, Kolmogorov-Smirnov Test, Kolmogorov-Smirnov Test for Uniform distribution, Kolmogorov-Smirnov Test for Gamma distribution, Kolmogorov-Smirnov Test for Exponential distribution;
Contingency Table Test: Chi-square Independence Test, Fisher Exact Test, Mantel-Haenszel Test;
Descriptive Statistics: Mean, Median, Mode, Range, Quartile, Standard Deviation, Skewness, Kurtosis;
Variance Test: Mood Variance Test, Levene Test, Bartlett Test, F-Test for Variance.
### Column Information: 
column_header: ID; data_type: id; num_of_rows: 3864; is_normality: False.
column_header: Exercise; data_type: categorical; num_of_rows: 3864; is_normality: False.
column_header: Calories Burn; data_type: quantitative; num_of_rows: 3864; is_normality: False.
column_header: Dream Weight; data_type: quantitative; num_of_rows: 3864; is_normality: False.
column_header: Actual Weight; data_type: quantitative; num_of_rows: 3864; is_normality: False.
column_header: Age; data_type: quantitative; num_of_rows: 3864; is_normality: False.
column_header: Gender; data_type: categorical; num_of_rows: 3864; is_normality: False.
column_header: Duration; data_type: quantitative; num_of_rows: 3864; is_normality: False.
column_header: Heart Rate; data_type: quantitative; num_of_rows: 3864; is_normality: False.
column_header: BMI; data_type: quantitative; num_of_rows: 3864; is_normality: False.
column_header: Weather Conditions; data_type: categorical; num_of_rows: 3864; is_normality: False.
column_header: Exercise Intensity; data_type: categorical; num_of_rows: 3864; is_normality: False.
### Statistical Question: What are the implications of non-normal distribution of age?
### Response: Let's work this out in a step-by-step way to be sure we have the right answer. The answer of relevant columns and applicable methods in JSON format and reason is:","### Response:
Let's break down the statistical question and determine the appropriate columns and methods.

**Statistical Question:** What are the implications of the non-normal distribution of age?

1. **Relevant Columns:**
   - The primary column of interest is `Age` since the question is about the non-normal distribution of age.
   - No other columns are directly relevant to the question, but if we want to explore the implications further, we might consider other quantitative variables to see if they are also non-normally distributed.

2. **Applicable Methods:**
   - Since the question is about the implications of a non-normal distribution, we need to first confirm that the distribution of age is indeed non-normal. We can use distribution compliance tests to check this.
   - We can then use descriptive statistics to understand the characteristics of the non-normal distribution.

Given this reasoning, the relevant columns and methods are:

```json
{
  ""columns"": [""Age""],
  ""methods"": [
    ""Shapiro-Wilk Test of Normality"",
    ""Kolmogorov-Smirnov Test for Normality"",
    ""Mean"",
    ""Median"",
    ""Standard Deviation"",
    ""Skewness"",
    ""Kurtosis""
  ]
}
```

This JSON format includes the relevant column `Age` and the methods to test for normality and describe the distribution.","{""columns"": [""Age""], ""methods"": [""Anderson-Darling Test"", ""Kolmogorov-Smirnov Test for Normality"", ""Lilliefors Test""]}","{
  ""columns"": [""Age""],
  ""methods"": [
    ""Shapiro-Wilk Test of Normality"",
    ""Kolmogorov-Smirnov Test for Normality"",
    ""Mean"",
    ""Median"",
    ""Standard Deviation"",
    ""Skewness"",
    ""Kurtosis""
  ]
}","{""Correct"": 1, ""Wrong"": 6, ""Missed"": 2}","{""Correct"": 1, ""Wrong"": 0, ""Missed"": 0}",0,1,0,False,False,False,True
Terrorist Attacks Dataset,"Does the variable ""Attack method: Facility/Infrastructure Attack"" follow a normal distribution?","[{""column_header"": ""Attack method: Facility/Infrastructure Attack"", ""is_strata"": false, ""is_control"": false}]",Distribution Compliance Test,hard,"[{""method"": ""Anderson-Darling Test"", ""result"": ""{\""AD results\"": \""{\\\""stat\\\"": 3239.66426, \\\""crit\\\"": 0.576}\""}"", ""conclusion"": ""Non-normally distributed""}, {""method"": ""Kolmogorov-Smirnov Test for Normality"", ""result"": ""{\""p value\"": 0.0}"", ""conclusion"": ""Non-normally distributed""}, {""method"": ""Lilliefors Test"", ""result"": ""{\""p value\"": 0.001}"", ""conclusion"": ""Non-normally distributed""}]","### Task Description: You need to select relevant columns and all applicable methods from provided list for the given statistical question.
### Instruction: You should only reply with one answer in JSON format containing two keys: 'columns' and 'methods'. The value of 'columns' is a list of columns' headers relevant to the given statistical question, and the value of 'methods' is a list containing all methods you think applicable. For example: {""columns"": [""c1"", ""c2"", ""...""], ""methods"": [""m1"", ""m2"", ""...""]}. If you think there is a strata or control variable involved, put its column header in the last item of the columns list. Ensure your methods selection is only limited to the classification list provided.
### Classification List: 
Correlation Analysis: Pearson Correlation Coefficient, Spearman Correlation Coefficient, Kendall Correlation Coefficient, Partial Correlation Coefficient;
Distribution Compliance Test: Anderson-Darling Test, Shapiro-Wilk Test of Normality, Kolmogorov-Smirnov Test for Normality, Lilliefors Test, Kolmogorov-Smirnov Test, Kolmogorov-Smirnov Test for Uniform distribution, Kolmogorov-Smirnov Test for Gamma distribution, Kolmogorov-Smirnov Test for Exponential distribution;
Contingency Table Test: Chi-square Independence Test, Fisher Exact Test, Mantel-Haenszel Test;
Descriptive Statistics: Mean, Median, Mode, Range, Quartile, Standard Deviation, Skewness, Kurtosis;
Variance Test: Mood Variance Test, Levene Test, Bartlett Test, F-Test for Variance.
### Column Information: 
column_header: Entity; data_type: other; num_of_rows: 10517; is_normality: False.
column_header: Code; data_type: other; num_of_rows: 10517; is_normality: False.
column_header: Year; data_type: other; num_of_rows: 10517; is_normality: False.
column_header: Terrorist attacks; data_type: quantitative; num_of_rows: 10517; is_normality: False.
column_header: Terrorism deaths; data_type: quantitative; num_of_rows: 10517; is_normality: False.
column_header: Attack method: Hijacking; data_type: quantitative; num_of_rows: 10517; is_normality: False.
column_header: Attack method: Hostage Taking (Barricade Incident); data_type: quantitative; num_of_rows: 10517; is_normality: False.
column_header: Attack method: Unarmed Assault; data_type: quantitative; num_of_rows: 10517; is_normality: False.
column_header: Attack method: Facility/Infrastructure Attack; data_type: quantitative; num_of_rows: 10517; is_normality: False.
column_header: Attack method: Hostage Taking (Kidnapping); data_type: quantitative; num_of_rows: 10517; is_normality: False.
column_header: Attack method: Assassination; data_type: quantitative; num_of_rows: 10517; is_normality: False.
column_header: Attack method: Armed Assault; data_type: quantitative; num_of_rows: 10517; is_normality: False.
column_header: Attack method: Bombing/Explosion; data_type: quantitative; num_of_rows: 10517; is_normality: False.
column_header: Death Age 100+; data_type: quantitative; num_of_rows: 10517; is_normality: False.
column_header: Death Age: 51-99 ; data_type: quantitative; num_of_rows: 10517; is_normality: False.
column_header: Death Age : 21-50 ; data_type: quantitative; num_of_rows: 10517; is_normality: False.
column_header: Death Age : 11-20 ; data_type: quantitative; num_of_rows: 10517; is_normality: False.
column_header: Death Age : 6-10 ; data_type: quantitative; num_of_rows: 10517; is_normality: False.
column_header: Death Age :  1-5; data_type: quantitative; num_of_rows: 10517; is_normality: False.
column_header: Terrorist Death Type : Suicide; data_type: quantitative; num_of_rows: 10517; is_normality: False.
column_header: Terrorist Death Type : Killed; data_type: quantitative; num_of_rows: 10517; is_normality: False.
### Statistical Question: Does the variable ""Attack method: Facility/Infrastructure Attack"" follow a normal distribution?
### Response: Let's work this out in a step-by-step way to be sure we have the right answer. The answer of relevant columns and applicable methods in JSON format and reason is:","### Response:
```json
{
  ""columns"": [""Attack method: Facility/Infrastructure Attack""],
  ""methods"": [""Anderson-Darling Test"", ""Shapiro-Wilk Test of Normality"", ""Kolmogorov-Smirnov Test for Normality"", ""Lilliefors Test""]
}
```

### Reason:
- **Columns**: The statistical question is specifically about the variable ""Attack method: Facility/Infrastructure Attack"". Therefore, the relevant column is only this one.
- **Methods**: To determine if a variable follows a normal distribution, we can use several normality tests:
  - **Anderson-Darling Test**: A statistical test to assess if a sample comes from a population with a specific distribution.
  - **Shapiro-Wilk Test of Normality**: A common test for normality, especially for smaller sample sizes.
  - **Kolmogorov-Smirnov Test for Normality**: A test that compares the empirical distribution function of a sample with a specified theoretical distribution.
  - **Lilliefors Test**: An adaptation of the Kolmogorov-Smirnov test for normality when the mean and variance are unknown and estimated from the data.

These methods are appropriate for testing the normality of the specified variable.","{""columns"": [""Attack method: Facility/Infrastructure Attack""], ""methods"": [""Anderson-Darling Test"", ""Kolmogorov-Smirnov Test for Normality"", ""Lilliefors Test""]}","{
  ""columns"": [""Attack method: Facility/Infrastructure Attack""],
  ""methods"": [""Anderson-Darling Test"", ""Shapiro-Wilk Test of Normality"", ""Kolmogorov-Smirnov Test for Normality"", ""Lilliefors Test""]
}","{""Correct"": 3, ""Wrong"": 1, ""Missed"": 0}","{""Correct"": 1, ""Wrong"": 0, ""Missed"": 0}",0,1,0,False,False,False,True
Crop Production Dataset,Is there a statistically significant difference in the variances of annual crop production between Vietnam and China?,"[{""column_header"": ""Vietnam"", ""is_strata"": false, ""is_control"": false}, {""column_header"": ""China"", ""is_strata"": false, ""is_control"": false}]",Variance Test,easy,"[{""method"": ""Mood Variance Test"", ""result"": ""{\""stat\"": 0.0, \""p value\"": 1.0}"", ""conclusion"": ""Variance not significantly difference between them""}, {""method"": ""Levene Test"", ""result"": ""{\""stat\"": 0.00089, \""p value\"": 0.97721}"", ""conclusion"": ""Variance not significantly difference between them""}, {""method"": ""Bartlett Test"", ""result"": ""{\""stat\"": 0.00445, \""p value\"": 0.94684}"", ""conclusion"": ""Variance not significantly difference between them""}, {""method"": ""F-Test for Variance"", ""result"": ""{\""stat\"": 454.98106, \""p value\"": 0.0}"", ""conclusion"": ""Variance significantly difference between them""}]","### Task Description: You need to select relevant columns and all applicable methods from provided list for the given statistical question.
### Instruction: You should only reply with one answer in JSON format containing two keys: 'columns' and 'methods'. The value of 'columns' is a list of columns' headers relevant to the given statistical question, and the value of 'methods' is a list containing all methods you think applicable. For example: {""columns"": [""c1"", ""c2"", ""...""], ""methods"": [""m1"", ""m2"", ""...""]}. If you think there is a strata or control variable involved, put its column header in the last item of the columns list. Ensure your methods selection is only limited to the classification list provided.
### Classification List: 
Correlation Analysis: Pearson Correlation Coefficient, Spearman Correlation Coefficient, Kendall Correlation Coefficient, Partial Correlation Coefficient;
Distribution Compliance Test: Anderson-Darling Test, Shapiro-Wilk Test of Normality, Kolmogorov-Smirnov Test for Normality, Lilliefors Test, Kolmogorov-Smirnov Test, Kolmogorov-Smirnov Test for Uniform distribution, Kolmogorov-Smirnov Test for Gamma distribution, Kolmogorov-Smirnov Test for Exponential distribution;
Contingency Table Test: Chi-square Independence Test, Fisher Exact Test, Mantel-Haenszel Test;
Descriptive Statistics: Mean, Median, Mode, Range, Quartile, Standard Deviation, Skewness, Kurtosis;
Variance Test: Mood Variance Test, Levene Test, Bartlett Test, F-Test for Variance.
### Column Information: 
column_header: Year; data_type: Other; num_of_rows: 4; is_normality: False.
column_header: Nigeria; data_type: quantitative; num_of_rows: 4; is_normality: True.
column_header: Pakistan; data_type: quantitative; num_of_rows: 4; is_normality: True.
column_header: Japan; data_type: quantitative; num_of_rows: 4; is_normality: True.
column_header: United States; data_type: quantitative; num_of_rows: 4; is_normality: True.
column_header: Brazil; data_type: quantitative; num_of_rows: 4; is_normality: True.
column_header: Philippines; data_type: quantitative; num_of_rows: 4; is_normality: True.
column_header: Myanmar; data_type: quantitative; num_of_rows: 4; is_normality: True.
column_header: Thailand; data_type: quantitative; num_of_rows: 4; is_normality: True.
column_header: Vietnam; data_type: quantitative; num_of_rows: 4; is_normality: True.
column_header: Indonesia; data_type: quantitative; num_of_rows: 4; is_normality: True.
column_header: Bangladesh; data_type: quantitative; num_of_rows: 4; is_normality: True.
column_header: India; data_type: quantitative; num_of_rows: 4; is_normality: True.
column_header: China; data_type: quantitative; num_of_rows: 4; is_normality: True.
### Statistical Question: Is there a statistically significant difference in the variances of annual crop production between Vietnam and China?
### Response: Let's work this out in a step-by-step way to be sure we have the right answer. The answer of relevant columns and applicable methods in JSON format and reason is:","### Response:
```json
{
  ""columns"": [""Vietnam"", ""China""],
  ""methods"": [""Levene Test"", ""Bartlett Test"", ""F-Test for Variance""]
}
```

### Reason:
- **Columns**: The statistical question is specifically about the variances of annual crop production between Vietnam and China. Therefore, the relevant columns are ""Vietnam"" and ""China"".
- **Methods**: Since the question is about the difference in variances between two groups (Vietnam and China), the appropriate methods are variance tests. The options available in the classification list for variance tests are Levene Test, Bartlett Test, and F-Test for Variance. All three methods are suitable for comparing variances between two groups.","{""columns"": [""Vietnam"", ""China""], ""methods"": [""Mood Variance Test"", ""Levene Test"", ""Bartlett Test"", ""F-Test for Variance""]}","{
  ""columns"": [""Vietnam"", ""China""],
  ""methods"": [""Levene Test"", ""Bartlett Test"", ""F-Test for Variance""]
}","{""Correct"": 3, ""Wrong"": 0, ""Missed"": 1}","{""Correct"": 2, ""Wrong"": 0, ""Missed"": 0}",0,1,0,False,False,False,True
Bank Customer Churn Prediction Dataset,Is there a statistically significant association between the age of the bank customer and their bank account balance?,"[{""column_header"": ""Age"", ""is_strata"": false, ""is_control"": false}, {""column_header"": ""Balance"", ""is_strata"": false, ""is_control"": false}]",Correlation Analysis,easy,"[{""method"": ""Pearson Correlation Coefficient"", ""result"": ""{\""coefficient\"": 0.02832}"", ""conclusion"": ""Not strongly correlated""}, {""method"": ""Spearman Correlation Coefficient"", ""result"": ""{\""coefficient\"": 0.03331}"", ""conclusion"": ""Not strongly correlated""}, {""method"": ""Kendall Correlation Coefficient"", ""result"": ""{\""coefficient\"": 0.02361}"", ""conclusion"": ""Not strongly correlated""}]","### Task Description: You need to select relevant columns and all applicable methods from provided list for the given statistical question.
### Instruction: You should only reply with one answer in JSON format containing two keys: 'columns' and 'methods'. The value of 'columns' is a list of columns' headers relevant to the given statistical question, and the value of 'methods' is a list containing all methods you think applicable. For example: {""columns"": [""c1"", ""c2"", ""...""], ""methods"": [""m1"", ""m2"", ""...""]}. If you think there is a strata or control variable involved, put its column header in the last item of the columns list. Ensure your methods selection is only limited to the classification list provided.
### Classification List: 
Correlation Analysis: Pearson Correlation Coefficient, Spearman Correlation Coefficient, Kendall Correlation Coefficient, Partial Correlation Coefficient;
Distribution Compliance Test: Anderson-Darling Test, Shapiro-Wilk Test of Normality, Kolmogorov-Smirnov Test for Normality, Lilliefors Test, Kolmogorov-Smirnov Test, Kolmogorov-Smirnov Test for Uniform distribution, Kolmogorov-Smirnov Test for Gamma distribution, Kolmogorov-Smirnov Test for Exponential distribution;
Contingency Table Test: Chi-square Independence Test, Fisher Exact Test, Mantel-Haenszel Test;
Descriptive Statistics: Mean, Median, Mode, Range, Quartile, Standard Deviation, Skewness, Kurtosis;
Variance Test: Mood Variance Test, Levene Test, Bartlett Test, F-Test for Variance.
### Column Information: 
column_header: RowNumber; data_type: id; num_of_rows: 10002; is_normality: False.
column_header: CustomerId; data_type: id; num_of_rows: 10002; is_normality: False.
column_header: Surname; data_type: other; num_of_rows: 10002; is_normality: False.
column_header: CreditScore; data_type: quantitative; num_of_rows: 10002; is_normality: False.
column_header: Geography; data_type: categorical; num_of_rows: 10002; is_normality: False.
column_header: Gender; data_type: categorical; num_of_rows: 10002; is_normality: False.
column_header: Age; data_type: quantitative; num_of_rows: 10002; is_normality: False.
column_header: Tenure; data_type: quantitative; num_of_rows: 10002; is_normality: False.
column_header: Balance; data_type: quantitative; num_of_rows: 10002; is_normality: False.
column_header: NumOfProducts; data_type: quantitative; num_of_rows: 10002; is_normality: False.
column_header: HasCrCard; data_type: categorical; num_of_rows: 10002; is_normality: False.
column_header: IsActiveMember; data_type: categorical; num_of_rows: 10002; is_normality: False.
column_header: EstimatedSalary; data_type: quantitative; num_of_rows: 10002; is_normality: False.
column_header: Exited; data_type: categorical; num_of_rows: 10002; is_normality: False.
### Statistical Question: Is there a statistically significant association between the age of the bank customer and their bank account balance?
### Response: Let's work this out in a step-by-step way to be sure we have the right answer. The answer of relevant columns and applicable methods in JSON format and reason is:","### Response:
Let's break down the statistical question and determine the appropriate columns and methods.

**Statistical Question:** Is there a statistically significant association between the age of the bank customer and their bank account balance?

1. **Relevant Columns:**
   - `Age`: This is the quantitative variable representing the age of the bank customer.
   - `Balance`: This is the quantitative variable representing the bank account balance.

2. **Applicable Methods:**
   - **Correlation Analysis:** Since both `Age` and `Balance` are quantitative variables, we can use correlation analysis to determine if there is a statistically significant association between them. The Pearson Correlation Coefficient is a common method for measuring the linear relationship between two quantitative variables.

Based on the above reasoning, the relevant columns and applicable methods are:

```json
{
  ""columns"": [""Age"", ""Balance""],
  ""methods"": [""Pearson Correlation Coefficient""]
}
```","{""columns"": [""Age"", ""Balance""], ""methods"": [""Pearson Correlation Coefficient"", ""Spearman Correlation Coefficient"", ""Kendall Correlation Coefficient""]}","{
  ""columns"": [""Age"", ""Balance""],
  ""methods"": [""Pearson Correlation Coefficient""]
}","{""Correct"": 1, ""Wrong"": 0, ""Missed"": 2}","{""Correct"": 2, ""Wrong"": 0, ""Missed"": 0}",0,1,0,False,False,False,True
Los Angeles Library Monthly Statistics,Is there evidence to suggest that the distribution of the number of homeless individuals served at The Source deviates from a normal distribution?,"[{""column_header"": ""# of Homeless Individuals Served at The Source"", ""is_strata"": false, ""is_control"": false}]",Distribution Compliance Test,hard,"[{""method"": ""Anderson-Darling Test"", ""result"": ""{\""AD results\"": \""{\\\""stat\\\"": 0.62, \\\""crit\\\"": 0.524}\""}"", ""conclusion"": ""Non-normally distributed""}, {""method"": ""Shapiro-Wilk Test of Normality"", ""result"": ""{\""p value\"": 0.09236}"", ""conclusion"": ""Normally distributed""}, {""method"": ""Kolmogorov-Smirnov Test for Normality"", ""result"": ""{\""p value\"": 0.54899}"", ""conclusion"": ""Normally distributed""}]","### Task Description: You need to select relevant columns and all applicable methods from provided list for the given statistical question.
### Instruction: You should only reply with one answer in JSON format containing two keys: 'columns' and 'methods'. The value of 'columns' is a list of columns' headers relevant to the given statistical question, and the value of 'methods' is a list containing all methods you think applicable. For example: {""columns"": [""c1"", ""c2"", ""...""], ""methods"": [""m1"", ""m2"", ""...""]}. If you think there is a strata or control variable involved, put its column header in the last item of the columns list. Ensure your methods selection is only limited to the classification list provided.
### Classification List: 
Correlation Analysis: Pearson Correlation Coefficient, Spearman Correlation Coefficient, Kendall Correlation Coefficient, Partial Correlation Coefficient;
Distribution Compliance Test: Anderson-Darling Test, Shapiro-Wilk Test of Normality, Kolmogorov-Smirnov Test for Normality, Lilliefors Test, Kolmogorov-Smirnov Test, Kolmogorov-Smirnov Test for Uniform distribution, Kolmogorov-Smirnov Test for Gamma distribution, Kolmogorov-Smirnov Test for Exponential distribution;
Contingency Table Test: Chi-square Independence Test, Fisher Exact Test, Mantel-Haenszel Test;
Descriptive Statistics: Mean, Median, Mode, Range, Quartile, Standard Deviation, Skewness, Kurtosis;
Variance Test: Mood Variance Test, Levene Test, Bartlett Test, F-Test for Variance.
### Column Information: 
column_header: Date; data_type: other; num_of_rows: 72; is_normality: False.
column_header: Total Library Visitors; data_type: quantitative; num_of_rows: 72; is_normality: True.
column_header: Total Program Attendees; data_type: quantitative; num_of_rows: 72; is_normality: False.
column_header: Total eMedia Circulation; data_type: quantitative; num_of_rows: 72; is_normality: True.
column_header: Total Cardholders; data_type: quantitative; num_of_rows: 72; is_normality: False.
column_header: Total Computer Usage (Wireless + PC Sessions); data_type: quantitative; num_of_rows: 72; is_normality: False.
column_header: New Cardholders; data_type: quantitative; num_of_rows: 72; is_normality: False.
column_header: # of Individuals Assisted in Pursuing Citizenship; data_type: quantitative; num_of_rows: 72; is_normality: False.
column_header: # of Homeless Individuals Served at The Source; data_type: quantitative; num_of_rows: 72; is_normality: False.
column_header: # of Attendees at Children's and Teen Programming; data_type: quantitative; num_of_rows: 72; is_normality: False.
### Statistical Question: Is there evidence to suggest that the distribution of the number of homeless individuals served at The Source deviates from a normal distribution?
### Response: Let's work this out in a step-by-step way to be sure we have the right answer. The answer of relevant columns and applicable methods in JSON format and reason is:","### Response:
Let's break down the statistical question and identify the relevant columns and methods:

1. **Statistical Question**: Is there evidence to suggest that the distribution of the number of homeless individuals served at The Source deviates from a normal distribution?
2. **Relevant Column**: The column that contains the number of homeless individuals served at The Source is `# of Homeless Individuals Served at The Source`.
3. **Applicable Methods**: To test if the distribution deviates from a normal distribution, we can use distribution compliance tests such as the Anderson-Darling Test, Shapiro-Wilk Test of Normality, Kolmogorov-Smirnov Test for Normality, Lilliefors Test, etc.

Based on the above analysis, the relevant column and applicable methods are:

```json
{
  ""columns"": [""# of Homeless Individuals Served at The Source""],
  ""methods"": [
    ""Anderson-Darling Test"",
    ""Shapiro-Wilk Test of Normality"",
    ""Kolmogorov-Smirnov Test for Normality"",
    ""Lilliefors Test""
  ]
}
```","{""columns"": [""# of Homeless Individuals Served at The Source""], ""methods"": [""Anderson-Darling Test"", ""Shapiro-Wilk Test of Normality"", ""Kolmogorov-Smirnov Test for Normality""]}","{
  ""columns"": [""# of Homeless Individuals Served at The Source""],
  ""methods"": [
    ""Anderson-Darling Test"",
    ""Shapiro-Wilk Test of Normality"",
    ""Kolmogorov-Smirnov Test for Normality"",
    ""Lilliefors Test""
  ]
}","{""Correct"": 3, ""Wrong"": 1, ""Missed"": 0}","{""Correct"": 1, ""Wrong"": 0, ""Missed"": 0}",0,1,0,False,False,False,True
Bank Customer Churn Prediction Dataset,To what extent do CreditScore and EstimatedSalary exhibit similar variance patterns?,"[{""column_header"": ""CreditScore"", ""is_strata"": false, ""is_control"": false}, {""column_header"": ""EstimatedSalary"", ""is_strata"": false, ""is_control"": false}]",Variance Test,hard,"[{""method"": ""Mood Variance Test"", ""result"": ""{\""stat\"": -1.3844, \""p value\"": 0.16624}"", ""conclusion"": ""Variance not significantly difference between them""}, {""method"": ""Levene Test"", ""result"": ""{\""stat\"": 29305.00654, \""p value\"": 0.0}"", ""conclusion"": ""Variance significantly difference between them""}]","### Task Description: You need to select relevant columns and all applicable methods from provided list for the given statistical question.
### Instruction: You should only reply with one answer in JSON format containing two keys: 'columns' and 'methods'. The value of 'columns' is a list of columns' headers relevant to the given statistical question, and the value of 'methods' is a list containing all methods you think applicable. For example: {""columns"": [""c1"", ""c2"", ""...""], ""methods"": [""m1"", ""m2"", ""...""]}. If you think there is a strata or control variable involved, put its column header in the last item of the columns list. Ensure your methods selection is only limited to the classification list provided.
### Classification List: 
Correlation Analysis: Pearson Correlation Coefficient, Spearman Correlation Coefficient, Kendall Correlation Coefficient, Partial Correlation Coefficient;
Distribution Compliance Test: Anderson-Darling Test, Shapiro-Wilk Test of Normality, Kolmogorov-Smirnov Test for Normality, Lilliefors Test, Kolmogorov-Smirnov Test, Kolmogorov-Smirnov Test for Uniform distribution, Kolmogorov-Smirnov Test for Gamma distribution, Kolmogorov-Smirnov Test for Exponential distribution;
Contingency Table Test: Chi-square Independence Test, Fisher Exact Test, Mantel-Haenszel Test;
Descriptive Statistics: Mean, Median, Mode, Range, Quartile, Standard Deviation, Skewness, Kurtosis;
Variance Test: Mood Variance Test, Levene Test, Bartlett Test, F-Test for Variance.
### Column Information: 
column_header: RowNumber; data_type: id; num_of_rows: 10002; is_normality: False.
column_header: CustomerId; data_type: id; num_of_rows: 10002; is_normality: False.
column_header: Surname; data_type: other; num_of_rows: 10002; is_normality: False.
column_header: CreditScore; data_type: quantitative; num_of_rows: 10002; is_normality: False.
column_header: Geography; data_type: categorical; num_of_rows: 10002; is_normality: False.
column_header: Gender; data_type: categorical; num_of_rows: 10002; is_normality: False.
column_header: Age; data_type: quantitative; num_of_rows: 10002; is_normality: False.
column_header: Tenure; data_type: quantitative; num_of_rows: 10002; is_normality: False.
column_header: Balance; data_type: quantitative; num_of_rows: 10002; is_normality: False.
column_header: NumOfProducts; data_type: quantitative; num_of_rows: 10002; is_normality: False.
column_header: HasCrCard; data_type: categorical; num_of_rows: 10002; is_normality: False.
column_header: IsActiveMember; data_type: categorical; num_of_rows: 10002; is_normality: False.
column_header: EstimatedSalary; data_type: quantitative; num_of_rows: 10002; is_normality: False.
column_header: Exited; data_type: categorical; num_of_rows: 10002; is_normality: False.
### Statistical Question: To what extent do CreditScore and EstimatedSalary exhibit similar variance patterns?
### Response: Let's work this out in a step-by-step way to be sure we have the right answer. The answer of relevant columns and applicable methods in JSON format and reason is:","### Response:
```json
{
  ""columns"": [""CreditScore"", ""EstimatedSalary""],
  ""methods"": [""Levene Test"", ""Bartlett Test"", ""F-Test for Variance""]
}
```

### Reason:
- **Columns**: The statistical question is about comparing the variance patterns of `CreditScore` and `EstimatedSalary`. Therefore, these two columns are relevant.
- **Methods**: To compare the variance patterns of two quantitative variables, we can use variance tests such as Levene Test, Bartlett Test, and F-Test for Variance. These methods are suitable for assessing whether the variances of the two variables are equal.","{""columns"": [""CreditScore"", ""EstimatedSalary""], ""methods"": [""Mood Variance Test"", ""Levene Test""]}","{
  ""columns"": [""CreditScore"", ""EstimatedSalary""],
  ""methods"": [""Levene Test"", ""Bartlett Test"", ""F-Test for Variance""]
}","{""Correct"": 1, ""Wrong"": 2, ""Missed"": 1}","{""Correct"": 2, ""Wrong"": 0, ""Missed"": 0}",0,1,0,False,False,False,True
Heart Failure Prediction Dataset,Is there any association between the type of chest pain and the presence of heart disease?,"[{""column_header"": ""ChestPainType"", ""is_strata"": false, ""is_control"": false}, {""column_header"": ""HeartDisease"", ""is_strata"": false, ""is_control"": false}]",Contingency Table Test,hard,"[{""method"": ""Chi-square Independence Test"", ""result"": ""{\""p value\"": 0.0}"", ""conclusion"": ""Not independent""}]","### Task Description: You need to select relevant columns and all applicable methods from provided list for the given statistical question.
### Instruction: You should only reply with one answer in JSON format containing two keys: 'columns' and 'methods'. The value of 'columns' is a list of columns' headers relevant to the given statistical question, and the value of 'methods' is a list containing all methods you think applicable. For example: {""columns"": [""c1"", ""c2"", ""...""], ""methods"": [""m1"", ""m2"", ""...""]}. If you think there is a strata or control variable involved, put its column header in the last item of the columns list. Ensure your methods selection is only limited to the classification list provided.
### Classification List: 
Correlation Analysis: Pearson Correlation Coefficient, Spearman Correlation Coefficient, Kendall Correlation Coefficient, Partial Correlation Coefficient;
Distribution Compliance Test: Anderson-Darling Test, Shapiro-Wilk Test of Normality, Kolmogorov-Smirnov Test for Normality, Lilliefors Test, Kolmogorov-Smirnov Test, Kolmogorov-Smirnov Test for Uniform distribution, Kolmogorov-Smirnov Test for Gamma distribution, Kolmogorov-Smirnov Test for Exponential distribution;
Contingency Table Test: Chi-square Independence Test, Fisher Exact Test, Mantel-Haenszel Test;
Descriptive Statistics: Mean, Median, Mode, Range, Quartile, Standard Deviation, Skewness, Kurtosis;
Variance Test: Mood Variance Test, Levene Test, Bartlett Test, F-Test for Variance.
### Column Information: 
column_header: Age; data_type: quantitative; num_of_rows: 918; is_normality: False.
column_header: Sex; data_type: categorical; num_of_rows: 918; is_normality: False.
column_header: ChestPainType; data_type: categorical; num_of_rows: 918; is_normality: False.
column_header: RestingBP; data_type: quantitative; num_of_rows: 918; is_normality: False.
column_header: Cholesterol; data_type: quantitative; num_of_rows: 918; is_normality: False.
column_header: FastingBS; data_type: categorical; num_of_rows: 918; is_normality: False.
column_header: RestingECG; data_type: categorical; num_of_rows: 918; is_normality: False.
column_header: MaxHR; data_type: quantitative; num_of_rows: 918; is_normality: False.
column_header: ExerciseAngina; data_type: categorical; num_of_rows: 918; is_normality: False.
column_header: Oldpeak; data_type: quantitative; num_of_rows: 918; is_normality: False.
column_header: ST_Slope; data_type: categorical; num_of_rows: 918; is_normality: False.
column_header: HeartDisease; data_type: categorical; num_of_rows: 918; is_normality: False.
### Statistical Question: Is there any association between the type of chest pain and the presence of heart disease?
### Response: Let's work this out in a step-by-step way to be sure we have the right answer. The answer of relevant columns and applicable methods in JSON format and reason is:","### Response:
Let's break down the statistical question and identify the relevant columns and methods:

1. **Statistical Question**: Is there any association between the type of chest pain and the presence of heart disease?
2. **Relevant Columns**:
   - `ChestPainType` (categorical)
   - `HeartDisease` (categorical)
3. **Applicable Methods**:
   - Since we are looking for an association between two categorical variables, the appropriate method is a Contingency Table Test, specifically the Chi-square Independence Test or Fisher Exact Test.

Based on the above reasoning, the answer in JSON format is:

```json
{
  ""columns"": [""ChestPainType"", ""HeartDisease""],
  ""methods"": [""Chi-square Independence Test"", ""Fisher Exact Test""]
}
```","{""columns"": [""ChestPainType"", ""HeartDisease""], ""methods"": [""Chi-square Independence Test""]}","{
  ""columns"": [""ChestPainType"", ""HeartDisease""],
  ""methods"": [""Chi-square Independence Test"", ""Fisher Exact Test""]
}","{""Correct"": 1, ""Wrong"": 1, ""Missed"": 0}","{""Correct"": 2, ""Wrong"": 0, ""Missed"": 0}",0,1,0,False,False,False,True
Student Performance Prediction Dataset,Is there a significant difference in variance between the age and health variables?,"[{""column_header"": ""age"", ""is_strata"": false, ""is_control"": false}, {""column_header"": ""health"", ""is_strata"": false, ""is_control"": false}]",Variance Test,hard,"[{""method"": ""Mood Variance Test"", ""result"": ""{\""stat\"": 0.0, \""p value\"": 1.0}"", ""conclusion"": ""Variance not significantly difference between them""}, {""method"": ""Levene Test"", ""result"": ""{\""stat\"": 29.73762, \""p value\"": 0.0}"", ""conclusion"": ""Variance significantly difference between them""}]","### Task Description: You need to select relevant columns and all applicable methods from provided list for the given statistical question.
### Instruction: You should only reply with one answer in JSON format containing two keys: 'columns' and 'methods'. The value of 'columns' is a list of columns' headers relevant to the given statistical question, and the value of 'methods' is a list containing all methods you think applicable. For example: {""columns"": [""c1"", ""c2"", ""...""], ""methods"": [""m1"", ""m2"", ""...""]}. If you think there is a strata or control variable involved, put its column header in the last item of the columns list. Ensure your methods selection is only limited to the classification list provided.
### Classification List: 
Correlation Analysis: Pearson Correlation Coefficient, Spearman Correlation Coefficient, Kendall Correlation Coefficient, Partial Correlation Coefficient;
Distribution Compliance Test: Anderson-Darling Test, Shapiro-Wilk Test of Normality, Kolmogorov-Smirnov Test for Normality, Lilliefors Test, Kolmogorov-Smirnov Test, Kolmogorov-Smirnov Test for Uniform distribution, Kolmogorov-Smirnov Test for Gamma distribution, Kolmogorov-Smirnov Test for Exponential distribution;
Contingency Table Test: Chi-square Independence Test, Fisher Exact Test, Mantel-Haenszel Test;
Descriptive Statistics: Mean, Median, Mode, Range, Quartile, Standard Deviation, Skewness, Kurtosis;
Variance Test: Mood Variance Test, Levene Test, Bartlett Test, F-Test for Variance.
### Column Information: 
column_header: Unnamed: 0; data_type: id; num_of_rows: 649; is_normality: False.
column_header: school; data_type: categorical; num_of_rows: 649; is_normality: False.
column_header: sex; data_type: categorical; num_of_rows: 649; is_normality: False.
column_header: age; data_type: quantitative; num_of_rows: 649; is_normality: False.
column_header: address; data_type: categorical; num_of_rows: 649; is_normality: False.
column_header: famsize; data_type: categorical; num_of_rows: 649; is_normality: False.
column_header: Pstatus; data_type: categorical; num_of_rows: 649; is_normality: False.
column_header: Medu; data_type: quantitative; num_of_rows: 649; is_normality: False.
column_header: Fedu; data_type: quantitative; num_of_rows: 649; is_normality: False.
column_header: Mjob; data_type: categorical; num_of_rows: 649; is_normality: False.
column_header: Fjob; data_type: categorical; num_of_rows: 649; is_normality: False.
column_header: reason; data_type: categorical; num_of_rows: 649; is_normality: False.
column_header: guardian; data_type: categorical; num_of_rows: 649; is_normality: False.
column_header: traveltime; data_type: quantitative; num_of_rows: 649; is_normality: False.
column_header: studytime; data_type: quantitative; num_of_rows: 649; is_normality: False.
column_header: failures; data_type: quantitative; num_of_rows: 649; is_normality: False.
column_header: schoolsup; data_type: categorical; num_of_rows: 649; is_normality: False.
column_header: famsup; data_type: categorical; num_of_rows: 649; is_normality: False.
column_header: paid; data_type: categorical; num_of_rows: 649; is_normality: False.
column_header: activities; data_type: categorical; num_of_rows: 649; is_normality: False.
column_header: nursery; data_type: categorical; num_of_rows: 649; is_normality: False.
column_header: higher; data_type: categorical; num_of_rows: 649; is_normality: False.
column_header: internet; data_type: categorical; num_of_rows: 649; is_normality: False.
column_header: romantic; data_type: categorical; num_of_rows: 649; is_normality: False.
column_header: famrel; data_type: quantitative; num_of_rows: 649; is_normality: False.
column_header: freetime; data_type: quantitative; num_of_rows: 649; is_normality: False.
column_header: goout; data_type: quantitative; num_of_rows: 649; is_normality: False.
column_header: Dalc; data_type: quantitative; num_of_rows: 649; is_normality: False.
column_header: Walc; data_type: quantitative; num_of_rows: 649; is_normality: False.
column_header: health; data_type: quantitative; num_of_rows: 649; is_normality: False.
column_header: absences; data_type: quantitative; num_of_rows: 649; is_normality: False.
column_header: G1; data_type: quantitative; num_of_rows: 649; is_normality: False.
column_header: G2; data_type: quantitative; num_of_rows: 649; is_normality: False.
column_header: G3; data_type: quantitative; num_of_rows: 649; is_normality: False.
### Statistical Question: Is there a significant difference in variance between the age and health variables?
### Response: Let's work this out in a step-by-step way to be sure we have the right answer. The answer of relevant columns and applicable methods in JSON format and reason is:","### Response:
```json
{
  ""columns"": [""age"", ""health""],
  ""methods"": [""Levene Test"", ""Bartlett Test"", ""Mood Variance Test"", ""F-Test for Variance""]
}
```

### Reason:
- **Columns**: The statistical question is about comparing the variance between the ""age"" and ""health"" variables. Therefore, these two columns are relevant.
- **Methods**: Since the question is about variance, the applicable methods are those that test for variance differences between groups. The methods listed under ""Variance Test"" in the classification list are suitable for this purpose.","{""columns"": [""age"", ""health""], ""methods"": [""Mood Variance Test"", ""Levene Test""]}","{
  ""columns"": [""age"", ""health""],
  ""methods"": [""Levene Test"", ""Bartlett Test"", ""Mood Variance Test"", ""F-Test for Variance""]
}","{""Correct"": 2, ""Wrong"": 2, ""Missed"": 0}","{""Correct"": 2, ""Wrong"": 0, ""Missed"": 0}",0,1,0,False,False,False,True
Obesity or CVD Risk Dataset,Can we assume that there is no significant difference in the variances of the individual's weight and the frequency of vegetable consumption (FCVC)?,"[{""column_header"": ""Weight"", ""is_strata"": false, ""is_control"": false}, {""column_header"": ""FCVC"", ""is_strata"": false, ""is_control"": false}]",Variance Test,hard,"[{""method"": ""Mood Variance Test"", ""result"": ""{\""stat\"": 0.0, \""p value\"": 1.0}"", ""conclusion"": ""Variance not significantly difference between them""}, {""method"": ""Levene Test"", ""result"": ""{\""stat\"": 4160.49034, \""p value\"": 0.0}"", ""conclusion"": ""Variance significantly difference between them""}]","### Task Description: You need to select relevant columns and all applicable methods from provided list for the given statistical question.
### Instruction: You should only reply with one answer in JSON format containing two keys: 'columns' and 'methods'. The value of 'columns' is a list of columns' headers relevant to the given statistical question, and the value of 'methods' is a list containing all methods you think applicable. For example: {""columns"": [""c1"", ""c2"", ""...""], ""methods"": [""m1"", ""m2"", ""...""]}. If you think there is a strata or control variable involved, put its column header in the last item of the columns list. Ensure your methods selection is only limited to the classification list provided.
### Classification List: 
Correlation Analysis: Pearson Correlation Coefficient, Spearman Correlation Coefficient, Kendall Correlation Coefficient, Partial Correlation Coefficient;
Distribution Compliance Test: Anderson-Darling Test, Shapiro-Wilk Test of Normality, Kolmogorov-Smirnov Test for Normality, Lilliefors Test, Kolmogorov-Smirnov Test, Kolmogorov-Smirnov Test for Uniform distribution, Kolmogorov-Smirnov Test for Gamma distribution, Kolmogorov-Smirnov Test for Exponential distribution;
Contingency Table Test: Chi-square Independence Test, Fisher Exact Test, Mantel-Haenszel Test;
Descriptive Statistics: Mean, Median, Mode, Range, Quartile, Standard Deviation, Skewness, Kurtosis;
Variance Test: Mood Variance Test, Levene Test, Bartlett Test, F-Test for Variance.
### Column Information: 
column_header: Gender; data_type: categorical; num_of_rows: 2111; is_normality: False.
column_header: Age; data_type: quantitative; num_of_rows: 2111; is_normality: False.
column_header: Height; data_type: quantitative; num_of_rows: 2111; is_normality: False.
column_header: Weight; data_type: quantitative; num_of_rows: 2111; is_normality: False.
column_header: family_history_with_overweight; data_type: categorical; num_of_rows: 2111; is_normality: False.
column_header: FAVC; data_type: categorical; num_of_rows: 2111; is_normality: False.
column_header: FCVC; data_type: quantitative; num_of_rows: 2111; is_normality: False.
column_header: NCP; data_type: quantitative; num_of_rows: 2111; is_normality: False.
column_header: CAEC; data_type: categorical; num_of_rows: 2111; is_normality: False.
column_header: SMOKE; data_type: categorical; num_of_rows: 2111; is_normality: False.
column_header: CH2O; data_type: quantitative; num_of_rows: 2111; is_normality: False.
column_header: SCC; data_type: categorical; num_of_rows: 2111; is_normality: False.
column_header: FAF; data_type: quantitative; num_of_rows: 2111; is_normality: False.
column_header: TUE; data_type: quantitative; num_of_rows: 2111; is_normality: False.
column_header: CALC; data_type: categorical; num_of_rows: 2111; is_normality: False.
column_header: MTRANS; data_type: categorical; num_of_rows: 2111; is_normality: False.
column_header: NObeyesdad; data_type: categorical; num_of_rows: 2111; is_normality: False.
### Statistical Question: Can we assume that there is no significant difference in the variances of the individual's weight and the frequency of vegetable consumption (FCVC)?
### Response: Let's work this out in a step-by-step way to be sure we have the right answer. The answer of relevant columns and applicable methods in JSON format and reason is:","### Response:
Let's break down the statistical question and identify the relevant columns and methods:

1. **Statistical Question**: Can we assume that there is no significant difference in the variances of the individual's weight and the frequency of vegetable consumption (FCVC)?
2. **Relevant Columns**:
   - Weight (quantitative)
   - FCVC (quantitative)
3. **Applicable Methods**:
   - Variance Test: Mood Variance Test, Levene Test, Bartlett Test, F-Test for Variance

Based on the provided information and the statistical question, the relevant columns are ""Weight"" and ""FCVC"". The applicable methods are those that can test for the equality of variances between two quantitative variables.

Here is the JSON format response:

```json
{
  ""columns"": [""Weight"", ""FCVC""],
  ""methods"": [""Mood Variance Test"", ""Levene Test"", ""Bartlett Test"", ""F-Test for Variance""]
}
```","{""columns"": [""Weight"", ""FCVC""], ""methods"": [""Mood Variance Test"", ""Levene Test""]}","{
  ""columns"": [""Weight"", ""FCVC""],
  ""methods"": [""Mood Variance Test"", ""Levene Test"", ""Bartlett Test"", ""F-Test for Variance""]
}","{""Correct"": 2, ""Wrong"": 2, ""Missed"": 0}","{""Correct"": 2, ""Wrong"": 0, ""Missed"": 0}",0,1,0,False,False,False,True
US Christmas Tree Sales Dataset,Does a relationship exist between the number of Christmas trees purchased and the average selling price of each tree over a period?,"[{""column_header"": ""Number of trees sold"", ""is_strata"": false, ""is_control"": false}, {""column_header"": ""Average Tree Price"", ""is_strata"": false, ""is_control"": false}]",Correlation Analysis,hard,"[{""method"": ""Kendall Correlation Coefficient"", ""result"": ""{\""coefficient\"": -0.42857}"", ""conclusion"": ""Not strongly correlated""}]","### Task Description: You need to select relevant columns and all applicable methods from provided list for the given statistical question.
### Instruction: You should only reply with one answer in JSON format containing two keys: 'columns' and 'methods'. The value of 'columns' is a list of columns' headers relevant to the given statistical question, and the value of 'methods' is a list containing all methods you think applicable. For example: {""columns"": [""c1"", ""c2"", ""...""], ""methods"": [""m1"", ""m2"", ""...""]}. If you think there is a strata or control variable involved, put its column header in the last item of the columns list. Ensure your methods selection is only limited to the classification list provided.
### Classification List: 
Correlation Analysis: Pearson Correlation Coefficient, Spearman Correlation Coefficient, Kendall Correlation Coefficient, Partial Correlation Coefficient;
Distribution Compliance Test: Anderson-Darling Test, Shapiro-Wilk Test of Normality, Kolmogorov-Smirnov Test for Normality, Lilliefors Test, Kolmogorov-Smirnov Test, Kolmogorov-Smirnov Test for Uniform distribution, Kolmogorov-Smirnov Test for Gamma distribution, Kolmogorov-Smirnov Test for Exponential distribution;
Contingency Table Test: Chi-square Independence Test, Fisher Exact Test, Mantel-Haenszel Test;
Descriptive Statistics: Mean, Median, Mode, Range, Quartile, Standard Deviation, Skewness, Kurtosis;
Variance Test: Mood Variance Test, Levene Test, Bartlett Test, F-Test for Variance.
### Column Information: 
column_header: index; data_type: id; num_of_rows: 14; is_normality: False.
column_header: Year; data_type: other; num_of_rows: 14; is_normality: False.
column_header: Type of tree; data_type: categorical; num_of_rows: 14; is_normality: False.
column_header: Number of trees sold; data_type: quantitative; num_of_rows: 14; is_normality: True.
column_header: Average Tree Price; data_type: quantitative; num_of_rows: 14; is_normality: True.
column_header: Sales; data_type: quantitative; num_of_rows: 14; is_normality: True.
### Statistical Question: Does a relationship exist between the number of Christmas trees purchased and the average selling price of each tree over a period?
### Response: Let's work this out in a step-by-step way to be sure we have the right answer. The answer of relevant columns and applicable methods in JSON format and reason is:","Let's break down the statistical question and identify the relevant columns and methods:

### Statistical Question:
Does a relationship exist between the number of Christmas trees purchased and the average selling price of each tree over a period?

### Relevant Columns:
1. **Number of trees sold**: This is the quantitative variable representing the number of trees sold.
2. **Average Tree Price**: This is the quantitative variable representing the average selling price of each tree.

### Applicable Methods:
To determine if a relationship exists between these two quantitative variables, we can use correlation analysis methods. Specifically, we can use Pearson Correlation Coefficient, Spearman Correlation Coefficient, and Kendall Correlation Coefficient to assess the strength and direction of the relationship.

### JSON Response:
```json
{
  ""columns"": [""Number of trees sold"", ""Average Tree Price""],
  ""methods"": [""Pearson Correlation Coefficient"", ""Spearman Correlation Coefficient"", ""Kendall Correlation Coefficient""]
}
```

This response captures the relevant columns and the appropriate methods to address the given statistical question.","{""columns"": [""Number of trees sold"", ""Average Tree Price""], ""methods"": [""Kendall Correlation Coefficient""]}","{
  ""columns"": [""Number of trees sold"", ""Average Tree Price""],
  ""methods"": [""Pearson Correlation Coefficient"", ""Spearman Correlation Coefficient"", ""Kendall Correlation Coefficient""]
}","{""Correct"": 1, ""Wrong"": 2, ""Missed"": 0}","{""Correct"": 2, ""Wrong"": 0, ""Missed"": 0}",0,1,0,False,False,False,True
Bank Customer Churn Prediction Dataset,Is the age of the bank customer suitable for methods that assume normality?,"[{""column_header"": ""Age"", ""is_strata"": false, ""is_control"": false}]",Distribution Compliance Test,hard,"[{""method"": ""Anderson-Darling Test"", ""result"": ""{\""AD results\"": \""{\\\""stat\\\"": 142.16798, \\\""crit\\\"": 0.576}\""}"", ""conclusion"": ""Non-normally distributed""}, {""method"": ""Kolmogorov-Smirnov Test for Normality"", ""result"": ""{\""p value\"": 0.0}"", ""conclusion"": ""Non-normally distributed""}, {""method"": ""Lilliefors Test"", ""result"": ""{\""p value\"": 0.001}"", ""conclusion"": ""Non-normally distributed""}]","### Task Description: You need to select relevant columns and all applicable methods from provided list for the given statistical question.
### Instruction: You should only reply with one answer in JSON format containing two keys: 'columns' and 'methods'. The value of 'columns' is a list of columns' headers relevant to the given statistical question, and the value of 'methods' is a list containing all methods you think applicable. For example: {""columns"": [""c1"", ""c2"", ""...""], ""methods"": [""m1"", ""m2"", ""...""]}. If you think there is a strata or control variable involved, put its column header in the last item of the columns list. Ensure your methods selection is only limited to the classification list provided.
### Classification List: 
Correlation Analysis: Pearson Correlation Coefficient, Spearman Correlation Coefficient, Kendall Correlation Coefficient, Partial Correlation Coefficient;
Distribution Compliance Test: Anderson-Darling Test, Shapiro-Wilk Test of Normality, Kolmogorov-Smirnov Test for Normality, Lilliefors Test, Kolmogorov-Smirnov Test, Kolmogorov-Smirnov Test for Uniform distribution, Kolmogorov-Smirnov Test for Gamma distribution, Kolmogorov-Smirnov Test for Exponential distribution;
Contingency Table Test: Chi-square Independence Test, Fisher Exact Test, Mantel-Haenszel Test;
Descriptive Statistics: Mean, Median, Mode, Range, Quartile, Standard Deviation, Skewness, Kurtosis;
Variance Test: Mood Variance Test, Levene Test, Bartlett Test, F-Test for Variance.
### Column Information: 
column_header: RowNumber; data_type: id; num_of_rows: 10002; is_normality: False.
column_header: CustomerId; data_type: id; num_of_rows: 10002; is_normality: False.
column_header: Surname; data_type: other; num_of_rows: 10002; is_normality: False.
column_header: CreditScore; data_type: quantitative; num_of_rows: 10002; is_normality: False.
column_header: Geography; data_type: categorical; num_of_rows: 10002; is_normality: False.
column_header: Gender; data_type: categorical; num_of_rows: 10002; is_normality: False.
column_header: Age; data_type: quantitative; num_of_rows: 10002; is_normality: False.
column_header: Tenure; data_type: quantitative; num_of_rows: 10002; is_normality: False.
column_header: Balance; data_type: quantitative; num_of_rows: 10002; is_normality: False.
column_header: NumOfProducts; data_type: quantitative; num_of_rows: 10002; is_normality: False.
column_header: HasCrCard; data_type: categorical; num_of_rows: 10002; is_normality: False.
column_header: IsActiveMember; data_type: categorical; num_of_rows: 10002; is_normality: False.
column_header: EstimatedSalary; data_type: quantitative; num_of_rows: 10002; is_normality: False.
column_header: Exited; data_type: categorical; num_of_rows: 10002; is_normality: False.
### Statistical Question: Is the age of the bank customer suitable for methods that assume normality?
### Response: Let's work this out in a step-by-step way to be sure we have the right answer. The answer of relevant columns and applicable methods in JSON format and reason is:","To determine if the age of the bank customer is suitable for methods that assume normality, we need to focus on the 'Age' column and assess its distribution.

### Step-by-Step Analysis:
1. **Relevant Columns**: The statistical question is specifically about the 'Age' of the bank customers. Therefore, the relevant column is 'Age'.
2. **Applicable Methods**: To check if the 'Age' data is suitable for methods that assume normality, we need to perform a normality test. The provided list includes several normality tests:
   - Shapiro-Wilk Test of Normality
   - Anderson-Darling Test
   - Kolmogorov-Smirnov Test for Normality
   - Lilliefors Test

### Conclusion:
- **Columns**: ['Age']
- **Methods**: ['Shapiro-Wilk Test of Normality', 'Anderson-Darling Test', 'Kolmogorov-Smirnov Test for Normality', 'Lilliefors Test']

### JSON Response:
```json
{
  ""columns"": [""Age""],
  ""methods"": [""Shapiro-Wilk Test of Normality"", ""Anderson-Darling Test"", ""Kolmogorov-Smirnov Test for Normality"", ""Lilliefors Test""]
}
```","{""columns"": [""Age""], ""methods"": [""Anderson-Darling Test"", ""Kolmogorov-Smirnov Test for Normality"", ""Lilliefors Test""]}","{
  ""columns"": [""Age""],
  ""methods"": [""Shapiro-Wilk Test of Normality"", ""Anderson-Darling Test"", ""Kolmogorov-Smirnov Test for Normality"", ""Lilliefors Test""]
}","{""Correct"": 3, ""Wrong"": 1, ""Missed"": 0}","{""Correct"": 1, ""Wrong"": 0, ""Missed"": 0}",0,1,0,False,False,False,True
Lung Cancer Survey Dataset,Is there any correlation between experiencing peer pressure related to smoking and the presence of symptoms of chest pain?,"[{""column_header"": ""PEER_PRESSURE"", ""is_strata"": false, ""is_control"": false}, {""column_header"": ""CHEST PAIN"", ""is_strata"": false, ""is_control"": false}]",Contingency Table Test,easy,"[{""method"": ""Chi-square Independence Test"", ""result"": ""{\""p value\"": 0.12056}"", ""conclusion"": ""Independent""}, {""method"": ""Fisher Exact Test"", ""result"": ""{\""p value\"": 0.10919}"", ""conclusion"": ""Independent""}]","### Task Description: You need to select relevant columns and all applicable methods from provided list for the given statistical question.
### Instruction: You should only reply with one answer in JSON format containing two keys: 'columns' and 'methods'. The value of 'columns' is a list of columns' headers relevant to the given statistical question, and the value of 'methods' is a list containing all methods you think applicable. For example: {""columns"": [""c1"", ""c2"", ""...""], ""methods"": [""m1"", ""m2"", ""...""]}. If you think there is a strata or control variable involved, put its column header in the last item of the columns list. Ensure your methods selection is only limited to the classification list provided.
### Classification List: 
Correlation Analysis: Pearson Correlation Coefficient, Spearman Correlation Coefficient, Kendall Correlation Coefficient, Partial Correlation Coefficient;
Distribution Compliance Test: Anderson-Darling Test, Shapiro-Wilk Test of Normality, Kolmogorov-Smirnov Test for Normality, Lilliefors Test, Kolmogorov-Smirnov Test, Kolmogorov-Smirnov Test for Uniform distribution, Kolmogorov-Smirnov Test for Gamma distribution, Kolmogorov-Smirnov Test for Exponential distribution;
Contingency Table Test: Chi-square Independence Test, Fisher Exact Test, Mantel-Haenszel Test;
Descriptive Statistics: Mean, Median, Mode, Range, Quartile, Standard Deviation, Skewness, Kurtosis;
Variance Test: Mood Variance Test, Levene Test, Bartlett Test, F-Test for Variance.
### Column Information: 
column_header: GENDER; data_type: categorical; num_of_rows: 309; is_normality: False.
column_header: AGE; data_type: quantitative; num_of_rows: 309; is_normality: False.
column_header: SMOKING; data_type: categorical; num_of_rows: 309; is_normality: False.
column_header: YELLOW_FINGERS; data_type: categorical; num_of_rows: 309; is_normality: False.
column_header: ANXIETY; data_type: categorical; num_of_rows: 309; is_normality: False.
column_header: PEER_PRESSURE; data_type: categorical; num_of_rows: 309; is_normality: False.
column_header: CHRONIC DISEASE; data_type: categorical; num_of_rows: 309; is_normality: False.
column_header: FATIGUE ; data_type: categorical; num_of_rows: 309; is_normality: False.
column_header: ALLERGY ; data_type: categorical; num_of_rows: 309; is_normality: False.
column_header: WHEEZING; data_type: categorical; num_of_rows: 309; is_normality: False.
column_header: ALCOHOL CONSUMING; data_type: categorical; num_of_rows: 309; is_normality: False.
column_header: COUGHING; data_type: categorical; num_of_rows: 309; is_normality: False.
column_header: SHORTNESS OF BREATH; data_type: categorical; num_of_rows: 309; is_normality: False.
column_header: SWALLOWING DIFFICULTY; data_type: categorical; num_of_rows: 309; is_normality: False.
column_header: CHEST PAIN; data_type: categorical; num_of_rows: 309; is_normality: False.
column_header: LUNG_CANCER; data_type: categorical; num_of_rows: 309; is_normality: False.
### Statistical Question: Is there any correlation between experiencing peer pressure related to smoking and the presence of symptoms of chest pain?
### Response: Let's work this out in a step-by-step way to be sure we have the right answer. The answer of relevant columns and applicable methods in JSON format and reason is:","### Response:
Let's break down the statistical question and determine the relevant columns and methods:

1. **Statistical Question**: Is there any correlation between experiencing peer pressure related to smoking and the presence of symptoms of chest pain?
2. **Relevant Columns**:
   - `PEER_PRESSURE`: This column represents whether the individual experiences peer pressure related to smoking.
   - `CHEST PAIN`: This column represents whether the individual has symptoms of chest pain.
3. **Applicable Methods**:
   - Since both `PEER_PRESSURE` and `CHEST PAIN` are categorical variables, we need to use a method that can handle categorical data to determine if there is any correlation between them. The appropriate method here is the **Chi-square Independence Test** from the Contingency Table Test classification.

Given this analysis, the relevant columns and applicable methods are:

```json
{
  ""columns"": [""PEER_PRESSURE"", ""CHEST PAIN""],
  ""methods"": [""Chi-square Independence Test""]
}
```","{""columns"": [""PEER_PRESSURE"", ""CHEST PAIN""], ""methods"": [""Chi-square Independence Test"", ""Fisher Exact Test""]}","{
  ""columns"": [""PEER_PRESSURE"", ""CHEST PAIN""],
  ""methods"": [""Chi-square Independence Test""]
}","{""Correct"": 1, ""Wrong"": 0, ""Missed"": 1}","{""Correct"": 2, ""Wrong"": 0, ""Missed"": 0}",0,1,0,False,False,False,True
